时间戳,价格(USD),开盘价,最高价,最低价,成交量,涨跌额,涨跌幅(%),数据源
2026-07-13 19:48:02,210.96,202.00,211.00,201.92,148421001,8.18,4.00,腾讯财经
2026-07-13 19:48:44,210.96,202.00,211.00,201.92,148421001,8.18,4.00,腾讯财经
2026-07-13 19:50:00,210.96,202.00,211.00,201.92,148421001,8.18,4.00,腾讯财经
2026-07-13 19:51:36,210.96,202.00,211.00,201.92,148421001,8.18,4.00,腾讯财经
2026-07-13 20:00:01,210.96,202.00,211.00,201.92,148421001,8.18,4.00,腾讯财经
2026-07-13 20:10:02,210.96,202.00,211.00,201.92,148421001,8.18,4.00,腾讯财经
2026-07-13 20:20:02,210.96,202.00,211.00,201.92,148421001,8.18,4.00,腾讯财经
2026-07-13 20:30:01,210.96,202.00,211.00,201.92,148421001,8.18,4.00,腾讯财经
2026-07-13 20:32:26,210.96,202.00,211.00,201.92,148421001,8.18,4.00,,,腾讯财经
2026-07-13 20:32:44,210.96,202.00,211.00,201.92,148421001,8.18,4.00,,,腾讯财经
2026-07-13 20:33:33,210.96,202.00,211.00,201.92,148421001,8.18,4.00,26.14,32.31,腾讯财经
2026-07-13 20:37:32,210.96,202.00,211.00,201.92,148421001,8.18,4.00,26.14,32.31,腾讯财经
2026-07-13 20:40:01,210.96,202.00,211.00,201.92,148421001,8.18,4.00,26.14,32.31,腾讯财经
2026-07-13 20:50:04,210.96,202.00,211.00,201.92,148421001,8.18,4.00,26.14,32.31,腾讯财经
2026-07-13 21:00:04,210.96,202.00,211.00,201.92,148421001,8.18,4.00,26.14,32.31,腾讯财经
2026-07-13 21:07:12,210.96,202.00,211.00,201.92,148421001,8.18,4.00,32.31,腾讯财经
2026-07-13 21:08:17,210.96,202.00,211.00,201.92,148421001,8.18,4.00,32.31,腾讯财经
2026-07-13 21:09:08,210.96,202.00,211.00,201.92,148421001,8.18,4.00,32.31,腾讯财经
2026-07-13 21:10:04,210.96,202.00,211.00,201.92,148421001,8.18,4.00,32.31,腾讯财经
2026-07-13 21:20:00,210.96,202.00,211.00,201.92,148421001,8.18,4.00,32.31,腾讯财经
2026-07-13 21:30:00,210.96,0.00,0.00,0.00,3272016,0,0,32.31,腾讯财经
2026-07-13 21:40:04,209.07,208.54,210.57,208.52,10996613,-1.89,0,32.02,腾讯财经
2026-07-13 21:50:00,208.48,208.54,210.57,207.66,15041293,-2.48,-1.00,31.93,腾讯财经
2026-07-13 22:00:00,208.57,208.54,210.57,207.02,18785753,-2.39,-1.00,31.94,腾讯财经
2026-07-13 22:10:00,209.54,208.54,210.57,207.02,22355655,-1.42,0,32.09,腾讯财经
2026-07-13 22:20:00,208.81,208.54,210.57,207.02,25118517,-2.15,-1.00,31.98,腾讯财经
2026-07-13 22:30:00,208.53,208.54,210.57,207.02,26974929,-2.43,-1.00,31.93,腾讯财经
2026-07-13 22:40:03,208.20,208.54,210.57,207.02,29117437,-2.76,-1.00,31.88,腾讯财经
2026-07-13 22:50:01,207.30,208.54,210.57,206.98,31567082,-3.66,-1.00,31.75,腾讯财经
2026-07-13 23:00:00,207.17,208.54,210.57,206.64,34214143,-3.79,-1.00,31.73,腾讯财经
2026-07-13 23:10:00,207.17,208.54,210.57,206.64,36207304,-3.79,-1.00,31.73,腾讯财经
2026-07-13 23:20:00,207.43,208.54,210.57,206.64,38323056,-3.53,-1.00,31.76,腾讯财经
2026-07-13 23:30:00,207.97,208.54,210.57,206.64,40270584,-2.99,-1.00,31.85,腾讯财经
2026-07-13 23:40:01,207.47,208.54,210.57,206.64,42061510,-3.49,-1.00,31.77,腾讯财经
2026-07-13 23:50:02,207.01,208.54,210.57,206.64,44077510,-3.95,-1.00,31.70,腾讯财经
2026-07-14 00:00:01,206.84,208.54,210.57,206.64,45825929,-4.12,-1.00,31.68,腾讯财经
2026-07-14 00:10:01,206.08,208.54,210.57,205.80,48799523,-4.88,-2.00,31.56,腾讯财经
2026-07-14 00:20:03,206.00,208.54,210.57,205.80,50565727,-4.96,-2.00,31.55,腾讯财经
2026-07-14 00:30:00,205.83,208.54,210.57,205.57,52297405,-5.13,-2.00,31.52,腾讯财经
2026-07-14 00:40:04,204.98,208.54,210.57,204.52,55498235,-5.98,-2.00,31.39,腾讯财经
2026-07-14 00:50:04,204.72,208.54,210.57,204.52,57390989,-6.24,-2.00,31.35,腾讯财经
2026-07-14 01:00:00,204.63,208.54,210.57,204.32,59313162,-6.33,-3.00,31.34,腾讯财经
2026-07-14 01:10:04,205.01,208.54,210.57,204.32,60855538,-5.95,-2.00,31.40,腾讯财经
2026-07-14 01:20:00,204.40,208.54,210.57,204.26,62555852,-6.56,-3.00,31.30,腾讯财经
2026-07-14 01:30:04,204.27,208.54,210.57,203.84,65237071,-6.69,-3.00,31.28,腾讯财经
2026-07-14 01:40:05,203.87,208.54,210.57,203.78,66844077,-7.09,-3.00,31.22,腾讯财经
2026-07-14 01:50:00,203.71,208.54,210.57,203.69,68518144,-7.25,-3.00,31.20,腾讯财经
2026-07-14 02:00:00,203.62,208.54,210.57,203.47,70255035,-7.34,-3.00,31.18,腾讯财经
2026-07-14 02:10:00,204.05,208.54,210.57,203.47,72154285,-6.91,-3.00,31.25,腾讯财经
2026-07-14 02:20:02,203.74,208.54,210.57,203.47,74053399,-7.22,-3.00,31.20,腾讯财经
2026-07-14 02:30:00,203.67,208.54,210.57,203.47,75521060,-7.29,-3.00,31.19,腾讯财经
2026-07-14 02:40:00,204.11,208.54,210.57,203.35,77342720,-6.85,-3.00,31.26,腾讯财经
2026-07-14 02:50:00,204.04,208.54,210.57,203.35,78630654,-6.92,-3.00,31.25,腾讯财经
2026-07-14 03:00:00,203.66,208.54,210.57,203.35,80134416,-7.30,-3.00,31.19,腾讯财经
2026-07-14 03:10:03,203.89,208.54,210.57,203.35,81870047,-7.07,-3.00,31.22,腾讯财经
2026-07-14 03:20:00,203.94,208.54,210.57,203.35,83568551,-7.02,-3.00,31.23,腾讯财经
2026-07-14 03:30:00,203.76,208.54,210.57,203.35,85296723,-7.20,-3.00,31.20,腾讯财经
2026-07-14 03:40:02,203.72,208.54,210.57,203.35,87610033,-7.24,-3.00,31.20,腾讯财经
2026-07-14 03:50:00,204.09,208.54,210.57,203.35,89718288,-6.87,-3.00,31.25,腾讯财经
2026-07-14 04:00:00,203.63,208.54,210.57,203.35,96077445,-7.33,-3.00,31.18,腾讯财经
2026-07-14 04:10:02,203.53,208.54,210.57,203.35,119958485,-7.43,-3.00,31.17,腾讯财经
2026-07-14 04:20:00,203.53,208.54,210.57,203.00,120282889,-7.43,-3.00,31.17,腾讯财经
2026-07-14 04:30:05,203.53,208.54,210.57,203.00,120360594,-7.43,-3.00,31.17,腾讯财经
2026-07-14 04:40:00,203.53,208.54,210.57,203.00,120446807,-7.43,-3.00,31.17,腾讯财经
2026-07-14 04:50:00,203.53,208.54,210.57,203.00,120479670,-7.43,-3.00,31.17,腾讯财经
2026-07-14 05:00:00,203.53,208.54,210.57,203.00,120528688,-7.43,-3.00,31.17,腾讯财经
2026-07-14 05:10:02,203.53,208.54,210.57,203.00,120736884,-7.43,-3.00,31.17,腾讯财经
2026-07-14 05:20:03,203.53,208.54,210.57,203.00,120762561,-7.43,-3.00,31.17,腾讯财经
2026-07-14 05:30:02,203.53,208.54,210.57,203.00,120786665,-7.43,-3.00,31.17,腾讯财经
2026-07-14 05:40:03,203.53,208.54,210.57,203.00,120803942,-7.43,-3.00,31.17,腾讯财经
2026-07-14 05:50:00,203.53,208.54,210.57,203.00,120812258,-7.43,-3.00,31.17,腾讯财经
2026-07-14 06:00:00,203.53,208.54,210.57,203.00,120875467,-7.43,-3.00,31.17,腾讯财经
2026-07-14 06:10:02,203.53,208.54,210.57,203.00,120935440,-7.43,-3.00,31.17,腾讯财经
2026-07-14 06:20:03,203.53,208.54,210.57,203.00,120965774,-7.43,-3.00,31.17,腾讯财经
2026-07-14 06:30:00,203.53,208.54,210.57,203.00,120996998,-7.43,-3.00,31.17,腾讯财经
2026-07-14 06:40:00,203.53,208.54,210.57,203.00,121019266,-7.43,-3.00,31.17,腾讯财经
2026-07-14 06:50:00,203.53,208.54,210.57,203.00,121031028,-7.43,-3.00,31.17,腾讯财经
2026-07-14 07:00:02,203.53,208.54,210.57,203.00,121081681,-7.43,-3.00,31.17,腾讯财经
2026-07-14 07:10:00,203.53,208.54,210.57,203.00,121151420,-7.43,-3.00,31.17,腾讯财经
2026-07-14 07:20:05,203.53,208.54,210.57,203.00,121182344,-7.43,-3.00,31.17,腾讯财经
2026-07-14 07:30:01,203.53,208.54,210.57,203.00,121212657,-7.43,-3.00,31.17,腾讯财经
2026-07-14 07:40:00,203.53,208.54,210.57,203.00,121251947,-7.43,-3.00,31.17,腾讯财经
2026-07-14 07:50:00,203.53,208.54,210.57,203.00,121340574,-7.43,-3.00,31.17,腾讯财经
2026-07-14 08:40:05,203.53,208.54,210.57,203.00,121411018,-7.43,-3.00,31.17,腾讯财经
2026-07-14 08:50:05,203.53,208.54,210.57,203.00,121411018,-7.43,-3.00,31.17,腾讯财经
2026-07-14 09:00:00,203.53,208.54,210.57,203.00,121411018,-7.43,-3.00,31.17,腾讯财经
2026-07-14 09:10:00,203.53,208.54,210.57,203.00,121411018,-7.43,-3.00,31.17,腾讯财经
2026-07-14 09:20:00,203.53,208.54,210.57,203.00,121411018,-7.43,-3.00,31.17,腾讯财经
2026-07-14 09:30:00,203.53,208.54,210.57,203.00,121411018,-7.43,-3.00,31.17,腾讯财经
2026-07-14 09:40:01,203.53,208.54,210.57,203.00,121411018,-7.43,-3.00,31.17,腾讯财经
2026-07-14 09:50:04,203.53,208.54,210.57,203.00,121411018,-7.43,-3.00,31.17,腾讯财经
2026-07-14 10:00:04,203.53,208.54,210.57,203.00,121411018,-7.43,-3.00,31.17,腾讯财经
2026-07-14 10:10:00,203.53,208.54,210.57,203.00,121411018,-7.43,-3.00,31.17,腾讯财经
2026-07-14 10:20:03,203.53,208.54,210.57,203.00,121411018,-7.43,-3.00,31.17,腾讯财经
2026-07-14 10:30:00,203.53,208.54,210.57,203.00,121411018,-7.43,-3.00,31.17,腾讯财经
2026-07-14 10:40:00,203.53,208.54,210.57,203.00,121411018,-7.43,-3.00,31.17,腾讯财经
2026-07-14 10:50:01,203.53,208.54,210.57,203.00,121411018,-7.43,-3.00,31.17,腾讯财经
2026-07-14 11:00:04,203.53,208.54,210.57,203.00,121411018,-7.43,-3.00,31.17,腾讯财经
2026-07-14 11:10:04,203.53,208.54,210.57,203.00,121411018,-7.43,-3.00,31.17,腾讯财经
2026-07-14 11:20:00,203.53,208.54,210.57,203.00,121411018,-7.43,-3.00,31.17,腾讯财经
2026-07-14 11:30:04,203.53,208.54,210.57,203.00,121411018,-7.43,-3.00,31.17,腾讯财经
2026-07-14 11:40:03,203.53,208.54,210.57,203.00,121411018,-7.43,-3.00,31.17,腾讯财经
2026-07-14 11:50:00,203.53,208.54,210.57,203.00,121411018,-7.43,-3.00,31.17,腾讯财经
2026-07-14 12:00:00,203.53,208.54,210.57,203.00,121411018,-7.43,-3.00,31.17,腾讯财经
2026-07-14 12:10:04,203.53,208.54,210.57,203.00,121411018,-7.43,-3.00,31.17,腾讯财经
2026-07-14 12:20:00,203.53,208.54,210.57,203.00,121411018,-7.43,-3.00,31.17,腾讯财经
2026-07-14 12:30:00,203.53,208.54,210.57,203.00,121411018,-7.43,-3.00,31.17,腾讯财经
2026-07-14 12:40:01,203.53,208.54,210.57,203.00,121411018,-7.43,-3.00,31.17,腾讯财经
2026-07-14 12:50:00,203.53,208.54,210.57,203.00,121411018,-7.43,-3.00,31.17,腾讯财经
2026-07-14 13:00:01,203.53,208.54,210.57,203.00,121411018,-7.43,-3.00,31.17,腾讯财经
2026-07-14 13:10:04,203.53,208.54,210.57,203.00,121411018,-7.43,-3.00,31.17,腾讯财经
2026-07-14 13:20:00,203.53,208.54,210.57,203.00,121411018,-7.43,-3.00,31.17,腾讯财经
2026-07-14 13:30:00,203.53,208.54,210.57,203.00,121411018,-7.43,-3.00,31.17,腾讯财经
2026-07-14 13:40:03,203.53,208.54,210.57,203.00,121411018,-7.43,-3.00,31.17,腾讯财经
2026-07-14 13:50:00,203.53,208.54,210.57,203.00,121411018,-7.43,-3.00,31.17,腾讯财经
2026-07-14 14:00:01,203.53,208.54,210.57,203.00,121411018,-7.43,-3.00,31.17,腾讯财经
2026-07-14 14:10:01,203.53,208.54,210.57,203.00,121411018,-7.43,-3.00,31.17,腾讯财经
2026-07-14 14:20:00,203.53,208.54,210.57,203.00,121411018,-7.43,-3.00,31.17,腾讯财经
2026-07-14 14:30:03,203.53,208.54,210.57,203.00,121411018,-7.43,-3.00,31.17,腾讯财经
2026-07-14 14:40:01,203.53,208.54,210.57,203.00,121411018,-7.43,-3.00,31.17,腾讯财经
2026-07-14 14:50:05,203.53,208.54,210.57,203.00,121411018,-7.43,-3.00,31.17,腾讯财经
2026-07-14 15:00:02,203.53,208.54,210.57,203.00,121411018,-7.43,-3.00,31.17,腾讯财经
2026-07-14 15:10:04,203.53,208.54,210.57,203.00,121411018,-7.43,-3.00,31.17,腾讯财经
2026-07-14 15:20:00,203.53,208.54,210.57,203.00,121411018,-7.43,-3.00,31.17,腾讯财经
2026-07-14 15:30:00,203.53,208.54,210.57,203.00,121411018,-7.43,-3.00,31.17,腾讯财经
2026-07-14 15:40:02,203.53,208.54,210.57,203.00,121411018,-7.43,-3.00,31.17,腾讯财经
2026-07-14 15:50:00,203.53,208.54,210.57,203.00,121411018,-7.43,-3.00,31.17,腾讯财经
2026-07-14 16:00:00,203.53,208.54,210.57,203.00,121411018,-7.43,-3.00,31.17,腾讯财经
2026-07-14 16:10:00,203.53,208.54,210.57,203.00,121411018,-7.43,-3.00,31.17,腾讯财经
2026-07-14 16:20:00,203.53,208.54,210.57,203.00,121411018,-7.43,-3.00,31.17,腾讯财经
2026-07-14 16:30:01,203.53,208.54,210.57,203.00,121411018,-7.43,-3.00,31.17,腾讯财经
2026-07-14 16:40:02,203.53,208.54,210.57,203.00,121411018,-7.43,-3.00,31.17,腾讯财经
2026-07-14 16:50:04,203.53,208.54,210.57,203.00,121411018,-7.43,-3.00,31.17,腾讯财经
2026-07-14 17:00:02,203.53,208.54,210.57,203.00,121411018,-7.43,-3.00,31.17,腾讯财经
2026-07-14 17:10:01,203.53,208.54,210.57,203.00,121411018,-7.43,-3.00,31.17,腾讯财经
2026-07-14 17:20:00,203.53,208.54,210.57,203.00,121411018,-7.43,-3.00,31.17,腾讯财经
2026-07-14 17:30:00,203.53,208.54,210.57,203.00,121411018,-7.43,-3.00,31.17,腾讯财经
2026-07-14 18:37:43,203.53,208.54,210.57,203.00,121411018,-7.43,-3.00,31.17,腾讯财经
2026-07-14 18:40:02,203.53,208.54,210.57,203.00,121411018,-7.43,-3.00,31.17,腾讯财经
2026-07-14 18:50:00,203.53,208.54,210.57,203.00,121411018,-7.43,-3.00,31.17,腾讯财经
2026-07-14 19:00:00,203.53,208.54,210.57,203.00,121411018,-7.43,-3.00,31.17,腾讯财经
2026-07-14 19:10:03,203.53,208.54,210.57,203.00,121411018,-7.43,-3.00,31.17,腾讯财经
2026-07-14 19:20:00,203.53,208.54,210.57,203.00,121411018,-7.43,-3.00,31.17,腾讯财经
2026-07-14 19:30:03,203.53,208.54,210.57,203.00,121411018,-7.43,-3.00,31.17,腾讯财经
2026-07-14 19:40:00,203.53,208.54,210.57,203.00,121411018,-7.43,-3.00,31.17,腾讯财经
2026-07-14 19:50:01,203.53,208.54,210.57,203.00,121411018,-7.43,-3.00,31.17,腾讯财经
2026-07-14 20:00:05,203.53,208.54,210.57,203.00,121411018,-7.43,-3.00,31.17,腾讯财经
2026-07-14 20:10:05,203.53,208.54,210.57,203.00,121411018,-7.43,-3.00,31.17,腾讯财经
2026-07-14 20:20:04,203.53,208.54,210.57,203.00,121411018,-7.43,-3.00,31.17,腾讯财经
2026-07-14 20:30:05,203.53,208.54,210.57,203.00,121411018,-7.43,-3.00,31.17,腾讯财经
2026-07-14 20:40:00,203.53,208.54,210.57,203.00,121411018,-7.43,-3.00,31.17,腾讯财经
2026-07-14 20:50:03,203.53,208.54,210.57,203.00,121411018,-7.43,-3.00,31.17,腾讯财经
2026-07-14 21:00:03,203.53,208.54,210.57,203.00,121411018,-7.43,-3.00,31.17,腾讯财经
2026-07-14 21:10:03,203.53,208.54,210.57,203.00,121411018,-7.43,-3.00,31.17,腾讯财经
2026-07-14 21:20:00,203.53,208.54,210.57,203.00,121411018,-7.43,-3.00,31.17,腾讯财经
2026-07-14 21:30:05,208.20,208.20,208.20,208.20,4009853,4.67,2.00,31.88,腾讯财经
2026-07-14 21:40:01,204.60,208.20,208.34,204.53,9983834,1.07,0,31.33,腾讯财经
2026-07-14 21:50:01,204.91,208.20,208.34,203.80,14912210,1.38,0,31.38,腾讯财经
2026-07-14 22:00:03,205.23,208.20,208.34,203.80,17610451,1.70,0,31.43,腾讯财经
2026-07-14 22:10:03,204.44,208.20,208.34,203.80,20002490,.91,0,31.31,腾讯财经
2026-07-14 22:20:00,205.42,208.20,208.34,203.80,22080431,1.89,0,31.46,腾讯财经
2026-07-14 22:30:01,205.53,208.20,208.34,203.80,25579421,2.00,0,31.48,腾讯财经
2026-07-14 22:40:00,206.65,208.20,208.34,203.80,28589955,3.12,1.00,31.65,腾讯财经
2026-07-14 22:50:00,206.46,208.20,208.34,203.80,30163696,2.93,1.00,31.62,腾讯财经
2026-07-14 23:00:01,207.57,208.20,208.34,203.80,32329144,4.04,1.00,31.79,腾讯财经
2026-07-14 23:10:02,208.15,208.20,208.34,203.80,35168998,4.62,2.00,31.88,腾讯财经
2026-07-14 23:20:00,207.94,208.20,208.34,203.80,37269110,4.41,2.00,31.84,腾讯财经
2026-07-14 23:30:00,209.11,208.20,209.14,203.80,40161533,5.58,2.00,32.02,腾讯财经
2026-07-14 23:40:00,208.96,208.20,209.18,203.80,42519239,5.43,2.00,32.00,腾讯财经
2026-07-14 23:50:03,208.93,208.20,209.32,203.80,44515649,5.40,2.00,31.99,腾讯财经
2026-07-15 00:00:00,209.05,208.20,209.32,203.80,46457706,5.52,2.00,32.01,腾讯财经
2026-07-15 00:10:01,208.77,208.20,209.32,203.80,48537035,5.24,2.00,31.97,腾讯财经
2026-07-15 00:20:00,209.12,208.20,209.32,203.80,50200912,5.59,2.00,32.02,腾讯财经
2026-07-15 00:30:01,209.55,208.20,209.57,203.80,52355238,6.02,2.00,32.09,腾讯财经
2026-07-15 00:40:00,209.69,208.20,209.90,203.80,54371195,6.16,3.00,32.11,腾讯财经
2026-07-15 00:50:00,209.88,208.20,210.26,203.80,57076132,6.35,3.00,32.14,腾讯财经
2026-07-15 01:00:00,210.85,208.20,210.89,203.80,59711796,7.32,3.00,32.29,腾讯财经
2026-07-15 01:10:00,211.19,208.20,211.50,203.80,63199405,7.66,3.00,32.34,腾讯财经
2026-07-15 01:20:03,211.14,208.20,211.52,203.80,65663493,7.61,3.00,32.33,腾讯财经
2026-07-15 01:30:04,211.10,208.20,211.52,203.80,67465478,7.57,3.00,32.33,腾讯财经
2026-07-15 01:40:00,210.78,208.20,211.52,203.80,69167293,7.25,3.00,32.28,腾讯财经
2026-07-15 01:50:03,211.02,208.20,211.52,203.80,70671809,7.49,3.00,32.32,腾讯财经
2026-07-15 02:00:01,211.36,208.20,211.52,203.80,72255187,7.83,3.00,32.37,腾讯财经
2026-07-15 02:10:00,211.59,208.20,211.59,203.80,74061072,8.06,3.00,32.40,腾讯财经
2026-07-15 02:20:00,211.98,208.20,212.08,203.80,76665483,8.45,4.00,32.46,腾讯财经
2026-07-15 02:30:00,211.77,208.20,212.10,203.80,78532329,8.24,4.00,32.43,腾讯财经
2026-07-15 02:40:00,212.23,208.20,212.54,203.80,80989841,8.70,4.00,32.50,腾讯财经
2026-07-15 02:50:00,212.13,208.20,212.54,203.80,82766489,8.60,4.00,32.49,腾讯财经
2026-07-15 03:00:00,212.35,208.20,212.54,203.80,84357854,8.82,4.00,32.52,腾讯财经
2026-07-15 03:10:01,211.75,208.20,212.54,203.80,86038697,8.22,4.00,32.43,腾讯财经
2026-07-15 03:20:02,211.92,208.20,212.54,203.80,87946764,8.39,4.00,32.45,腾讯财经
2026-07-15 03:30:04,211.30,208.20,212.54,203.80,90193450,7.77,3.00,32.36,腾讯财经
2026-07-15 03:40:00,211.12,208.20,212.54,203.80,92608935,7.59,3.00,32.33,腾讯财经
2026-07-15 03:50:05,211.88,208.20,212.54,203.80,95150876,8.35,4.00,32.45,腾讯财经
2026-07-15 04:00:04,211.79,208.20,212.54,203.80,102200720,8.26,4.00,32.43,腾讯财经
2026-07-15 04:10:00,211.80,208.20,212.54,203.80,122825878,8.27,4.00,32.43,腾讯财经
2026-07-15 04:20:00,211.80,208.20,212.55,203.80,122961683,8.27,4.00,32.43,腾讯财经
2026-07-15 04:30:02,211.80,208.20,212.55,203.80,123026713,8.27,4.00,32.43,腾讯财经
2026-07-15 04:40:02,211.80,208.20,212.55,203.80,123447872,8.27,4.00,32.43,腾讯财经
2026-07-15 04:50:00,211.80,208.20,212.55,203.80,123505945,8.27,4.00,32.43,腾讯财经
2026-07-15 05:00:00,211.80,208.20,212.55,203.80,123777689,8.27,4.00,32.43,腾讯财经
2026-07-15 05:10:01,211.80,208.20,212.55,203.80,123805308,8.27,4.00,32.43,腾讯财经
2026-07-15 05:20:00,211.80,208.20,212.55,203.80,123832505,8.27,4.00,32.43,腾讯财经
2026-07-15 05:30:00,211.80,208.20,212.55,203.80,123863084,8.27,4.00,32.43,腾讯财经
2026-07-15 05:40:00,211.80,208.20,212.55,203.80,123883229,8.27,4.00,32.43,腾讯财经
2026-07-15 05:50:00,211.80,208.20,212.55,203.80,123934961,8.27,4.00,32.43,腾讯财经
2026-07-15 06:00:03,211.80,208.20,212.55,203.80,124007118,8.27,4.00,32.43,腾讯财经
2026-07-15 06:10:02,211.80,208.20,212.55,203.80,124026339,8.27,4.00,32.43,腾讯财经
2026-07-15 06:20:00,211.80,208.20,212.55,203.80,124066593,8.27,4.00,32.43,腾讯财经
2026-07-15 06:30:00,211.80,208.20,212.55,203.80,124085474,8.27,4.00,32.43,腾讯财经
2026-07-15 06:40:02,211.80,208.20,212.55,203.80,124095553,8.27,4.00,32.43,腾讯财经
2026-07-15 06:50:00,211.80,208.20,212.55,203.80,124110482,8.27,4.00,32.43,腾讯财经
2026-07-15 07:00:00,211.80,208.20,212.55,203.80,124125834,8.27,4.00,32.43,腾讯财经
2026-07-15 07:10:00,211.80,208.20,212.55,203.80,124148356,8.27,4.00,32.43,腾讯财经
2026-07-15 07:20:01,211.80,208.20,212.55,203.80,124173882,8.27,4.00,32.43,腾讯财经
2026-07-15 07:30:00,211.80,208.20,212.55,203.80,124250134,8.27,4.00,32.43,腾讯财经
2026-07-15 07:40:01,211.80,208.20,212.55,203.80,124298757,8.27,4.00,32.43,腾讯财经
2026-07-15 07:50:01,211.80,208.20,212.55,203.80,124344700,8.27,4.00,32.43,腾讯财经
2026-07-15 08:40:03,211.80,208.20,212.55,203.80,124379646,8.27,4.00,32.43,腾讯财经
2026-07-15 08:50:01,211.80,208.20,212.55,203.80,124379646,8.27,4.00,32.43,腾讯财经
2026-07-15 09:00:05,211.80,208.20,212.55,203.80,124379646,8.27,4.00,32.43,腾讯财经
2026-07-15 09:10:00,211.80,208.20,212.55,203.80,124379646,8.27,4.00,32.43,腾讯财经
2026-07-15 09:20:00,211.80,208.20,212.55,203.80,124379646,8.27,4.00,32.43,腾讯财经
2026-07-15 09:30:00,211.80,208.20,212.55,203.80,124379646,8.27,4.00,32.43,腾讯财经
2026-07-15 09:40:00,211.80,208.20,212.55,203.80,124379646,8.27,4.00,32.43,腾讯财经
2026-07-15 09:50:00,211.80,208.20,212.55,203.80,124379646,8.27,4.00,32.43,腾讯财经
2026-07-15 10:00:02,211.80,208.20,212.55,203.80,124379646,8.27,4.00,32.43,腾讯财经
2026-07-15 10:10:00,211.80,208.20,212.55,203.80,124379646,8.27,4.00,32.43,腾讯财经
2026-07-15 10:20:00,211.80,208.20,212.55,203.80,124379646,8.27,4.00,32.43,腾讯财经
2026-07-15 10:30:00,211.80,208.20,212.55,203.80,124379646,8.27,4.00,32.43,腾讯财经
2026-07-15 10:40:02,211.80,208.20,212.55,203.80,124379646,8.27,4.00,32.43,腾讯财经
2026-07-15 10:50:01,211.80,208.20,212.55,203.80,124379646,8.27,4.00,32.43,腾讯财经
2026-07-15 11:00:00,211.80,208.20,212.55,203.80,124379646,8.27,4.00,32.43,腾讯财经
2026-07-15 11:10:02,211.80,208.20,212.55,203.80,124379646,8.27,4.00,32.43,腾讯财经
2026-07-15 11:20:03,211.80,208.20,212.55,203.80,124379646,8.27,4.00,32.43,腾讯财经
2026-07-15 11:30:00,211.80,208.20,212.55,203.80,124379646,8.27,4.00,32.43,腾讯财经
2026-07-15 11:40:01,211.80,208.20,212.55,203.80,124379646,8.27,4.00,32.43,腾讯财经
2026-07-15 11:50:01,211.80,208.20,212.55,203.80,124379646,8.27,4.00,32.43,腾讯财经
2026-07-15 12:00:00,211.80,208.20,212.55,203.80,124379646,8.27,4.00,32.43,腾讯财经
2026-07-15 12:10:00,211.80,208.20,212.55,203.80,124379646,8.27,4.00,32.43,腾讯财经
2026-07-15 12:20:00,211.80,208.20,212.55,203.80,124379646,8.27,4.00,32.43,腾讯财经
2026-07-15 12:30:01,211.80,208.20,212.55,203.80,124379646,8.27,4.00,32.43,腾讯财经
2026-07-15 12:40:00,211.80,208.20,212.55,203.80,124379646,8.27,4.00,32.43,腾讯财经
2026-07-15 12:50:03,211.80,208.20,212.55,203.80,124379646,8.27,4.00,32.43,腾讯财经
2026-07-15 13:00:01,211.80,208.20,212.55,203.80,124379646,8.27,4.00,32.43,腾讯财经
2026-07-15 13:10:04,211.80,208.20,212.55,203.80,124379646,8.27,4.00,32.43,腾讯财经
2026-07-15 13:20:00,211.80,208.20,212.55,203.80,124379646,8.27,4.00,32.43,腾讯财经
2026-07-15 13:30:05,211.80,208.20,212.55,203.80,124379646,8.27,4.00,32.43,腾讯财经
2026-07-15 13:40:01,211.80,208.20,212.55,203.80,124379646,8.27,4.00,32.43,腾讯财经
2026-07-15 13:50:01,211.80,208.20,212.55,203.80,124379646,8.27,4.00,32.43,腾讯财经
2026-07-15 14:00:05,211.80,208.20,212.55,203.80,124379646,8.27,4.00,32.43,腾讯财经
2026-07-15 14:10:05,211.80,208.20,212.55,203.80,124379646,8.27,4.00,32.43,腾讯财经
2026-07-15 14:20:04,211.80,208.20,212.55,203.80,124379646,8.27,4.00,32.43,腾讯财经
2026-07-15 14:30:05,211.80,208.20,212.55,203.80,124379646,8.27,4.00,32.43,腾讯财经
2026-07-15 14:40:04,211.80,208.20,212.55,203.80,124379646,8.27,4.00,32.43,腾讯财经
2026-07-15 14:50:05,211.80,208.20,212.55,203.80,124379646,8.27,4.00,32.43,腾讯财经
2026-07-15 15:00:02,211.80,208.20,212.55,203.80,124379646,8.27,4.00,32.43,腾讯财经
2026-07-15 15:10:04,211.80,208.20,212.55,203.80,124379646,8.27,4.00,32.43,腾讯财经
2026-07-15 15:20:04,211.80,208.20,212.55,203.80,124379646,8.27,4.00,32.43,腾讯财经
2026-07-15 15:30:05,211.80,208.20,212.55,203.80,124379646,8.27,4.00,32.43,腾讯财经
2026-07-15 15:40:05,211.80,208.20,212.55,203.80,124379646,8.27,4.00,32.43,腾讯财经
2026-07-15 15:50:05,211.80,208.20,212.55,203.80,124379646,8.27,4.00,32.43,腾讯财经
2026-07-15 16:00:05,211.80,208.20,212.55,203.80,124379646,8.27,4.00,32.43,腾讯财经
2026-07-15 16:10:00,211.80,208.20,212.55,203.80,124379646,8.27,4.00,32.43,腾讯财经
2026-07-15 16:20:03,211.80,208.20,212.55,203.80,124379646,8.27,4.00,32.43,腾讯财经
2026-07-15 16:30:05,211.80,208.20,212.55,203.80,124379646,8.27,4.00,32.43,腾讯财经
2026-07-15 16:40:05,211.80,208.20,212.55,203.80,124379646,8.27,4.00,32.43,腾讯财经
2026-07-15 16:50:05,211.80,208.20,212.55,203.80,124379646,8.27,4.00,32.43,腾讯财经
2026-07-15 17:00:01,211.80,208.20,212.55,203.80,124379646,8.27,4.00,32.43,腾讯财经
2026-07-15 17:10:02,211.80,208.20,212.55,203.80,124379646,8.27,4.00,32.43,腾讯财经
2026-07-15 17:20:01,211.80,208.20,212.55,203.80,124379646,8.27,4.00,32.43,腾讯财经
2026-07-15 17:30:02,211.80,208.20,212.55,203.80,124379646,8.27,4.00,32.43,腾讯财经
2026-07-15 18:44:39,211.80,208.20,212.55,203.80,124379646,8.27,4.00,32.43,腾讯财经
2026-07-15 18:50:05,211.80,208.20,212.55,203.80,124379646,8.27,4.00,32.43,腾讯财经
2026-07-15 19:00:00,211.80,208.20,212.55,203.80,124379646,8.27,4.00,32.43,腾讯财经
2026-07-15 19:10:05,211.80,208.20,212.55,203.80,124379646,8.27,4.00,32.43,腾讯财经
2026-07-15 19:20:05,211.80,208.20,212.55,203.80,124379646,8.27,4.00,32.43,腾讯财经
2026-07-15 19:30:03,211.80,208.20,212.55,203.80,124379646,8.27,4.00,32.43,腾讯财经
2026-07-15 19:40:03,211.80,208.20,212.55,203.80,124379646,8.27,4.00,32.43,腾讯财经
2026-07-15 19:50:02,211.80,208.20,212.55,203.80,124379646,8.27,4.00,32.43,腾讯财经
2026-07-15 20:00:00,211.80,208.20,212.55,203.80,124379646,8.27,4.00,32.43,腾讯财经
2026-07-15 20:10:05,211.80,208.20,212.55,203.80,124379646,8.27,4.00,32.43,腾讯财经
2026-07-15 20:20:01,211.80,208.20,212.55,203.80,124379646,8.27,4.00,32.43,腾讯财经
2026-07-15 20:30:04,211.80,208.20,212.55,203.80,124379646,8.27,4.00,32.43,腾讯财经
2026-07-15 20:40:00,211.80,208.20,212.55,203.80,124379646,8.27,4.00,32.43,腾讯财经
2026-07-15 20:50:05,211.80,208.20,212.55,203.80,124379646,8.27,4.00,32.43,腾讯财经
2026-07-15 21:00:00,211.80,208.20,212.55,203.80,124379646,8.27,4.00,32.43,腾讯财经
2026-07-15 21:10:05,211.80,208.20,212.55,203.80,124379646,8.27,4.00,32.43,腾讯财经
2026-07-15 21:20:00,211.80,208.20,212.55,203.80,124379646,8.27,4.00,32.43,腾讯财经
2026-07-15 21:30:00,211.80,0.00,0.00,0.00,2343731,0,0,32.43,腾讯财经
2026-07-15 21:40:00,212.10,212.01,213.81,211.16,9242432,.30,0,32.48,腾讯财经
2026-07-15 21:50:05,211.45,211.96,213.81,211.16,12776481,-.35,0,32.38,腾讯财经
2026-07-15 22:00:04,211.94,211.96,213.81,210.71,15801943,.14,0,32.46,腾讯财经
2026-07-15 22:10:01,211.29,211.96,213.81,210.28,18774424,-.51,0,32.36,腾讯财经
2026-07-15 22:20:00,211.77,211.96,213.81,210.28,21055070,-.03,0,32.43,腾讯财经
2026-07-15 22:30:00,210.57,211.96,213.81,209.36,24376592,-1.23,0,32.25,腾讯财经
2026-07-15 22:40:00,209.83,211.96,213.81,209.36,27137882,-1.97,0,32.13,腾讯财经
2026-07-15 22:50:03,210.58,211.96,213.81,209.36,29771473,-1.22,0,32.25,腾讯财经
2026-07-15 23:00:00,210.05,211.96,213.81,209.36,31934414,-1.75,0,32.17,腾讯财经
2026-07-15 23:10:00,210.10,211.96,213.81,209.36,34484617,-1.70,0,32.17,腾讯财经
2026-07-15 23:20:00,208.81,211.96,213.81,208.37,37157803,-2.99,-1.00,31.98,腾讯财经
2026-07-15 23:30:00,209.46,211.96,213.81,208.37,39051461,-2.34,-1.00,32.08,腾讯财经
2026-07-15 23:40:02,209.22,211.96,213.81,208.37,40664476,-2.58,-1.00,32.04,腾讯财经
2026-07-15 23:50:04,208.91,211.96,213.81,208.37,43478452,-2.89,-1.00,31.99,腾讯财经
2026-07-16 00:00:00,208.65,211.96,213.81,208.37,45063931,-3.15,-1.00,31.95,腾讯财经
2026-07-16 00:10:00,207.25,211.96,213.81,206.91,49533335,-4.55,-2.00,31.74,腾讯财经
2026-07-16 00:20:04,206.96,211.96,213.81,206.81,52588461,-4.84,-2.00,31.69,腾讯财经
2026-07-16 00:30:00,206.86,211.96,213.81,206.52,54440120,-4.94,-2.00,31.68,腾讯财经
2026-07-16 00:40:00,206.44,211.96,213.81,206.13,57142973,-5.36,-2.00,31.61,腾讯财经
2026-07-16 00:50:00,207.16,211.96,213.81,206.04,59962164,-4.64,-2.00,31.72,腾讯财经
2026-07-16 01:00:01,207.27,211.96,213.81,206.04,61909807,-4.53,-2.00,31.74,腾讯财经
2026-07-16 01:10:04,208.23,211.96,213.81,206.04,63999160,-3.57,-1.00,31.89,腾讯财经
2026-07-16 01:20:00,208.86,211.96,213.81,206.04,66021426,-2.94,-1.00,31.98,腾讯财经
2026-07-16 01:30:00,209.05,211.96,213.81,206.04,67804959,-2.75,-1.00,32.01,腾讯财经
2026-07-16 01:40:00,209.15,211.96,213.81,206.04,69416792,-2.65,-1.00,32.03,腾讯财经
2026-07-16 01:50:02,209.50,211.96,213.81,206.04,70883411,-2.30,-1.00,32.08,腾讯财经
2026-07-16 02:00:00,209.61,211.96,213.81,206.04,73061694,-2.19,-1.00,32.10,腾讯财经
2026-07-16 02:10:00,210.32,211.96,213.81,206.04,75185240,-1.48,0,32.21,腾讯财经
2026-07-16 02:20:01,210.19,211.96,213.81,206.04,76518051,-1.61,0,32.19,腾讯财经
2026-07-16 02:30:04,210.47,211.96,213.81,206.04,77975399,-1.33,0,32.23,腾讯财经
2026-07-16 02:40:00,210.36,211.96,213.81,206.04,79058623,-1.44,0,32.21,腾讯财经
2026-07-16 02:50:05,210.47,211.96,213.81,206.04,80662103,-1.33,0,32.23,腾讯财经
2026-07-16 03:00:02,210.31,211.96,213.81,206.04,82343242,-1.49,0,32.21,腾讯财经
2026-07-16 03:10:01,211.56,211.96,213.81,206.04,85249561,-.24,0,32.40,腾讯财经
2026-07-16 03:20:01,211.23,211.96,213.81,206.04,87663829,-.57,0,32.35,腾讯财经
2026-07-16 03:30:00,211.00,211.96,213.81,206.04,89543631,-.80,0,32.31,腾讯财经
2026-07-16 03:40:00,211.43,211.96,213.81,206.04,91348561,-.37,0,32.38,腾讯财经
2026-07-16 03:50:04,211.79,211.96,213.81,206.04,93951096,-.01,0,32.43,腾讯财经
2026-07-16 04:00:00,212.44,211.96,213.81,206.04,100471695,.64,0,32.53,腾讯财经
2026-07-16 04:10:00,212.50,211.96,213.81,206.04,122225483,.70,0,32.54,腾讯财经
2026-07-16 04:20:00,212.50,211.96,213.81,206.04,123014408,.70,0,32.54,腾讯财经
2026-07-16 04:30:00,212.50,211.96,213.81,206.04,123078114,.70,0,32.54,腾讯财经
2026-07-16 04:40:05,212.50,211.96,213.81,206.04,123954167,.70,0,32.54,腾讯财经
2026-07-16 04:50:01,212.50,211.96,213.81,206.04,124022095,.70,0,32.54,腾讯财经
2026-07-16 05:00:00,212.50,211.96,213.81,206.04,124062529,.70,0,32.54,腾讯财经
2026-07-16 05:10:00,212.50,211.96,213.81,206.04,124185461,.70,0,32.54,腾讯财经
2026-07-16 05:20:00,212.50,211.96,213.81,206.04,124226428,.70,0,32.54,腾讯财经
2026-07-16 05:30:05,212.50,211.96,213.81,206.04,124305829,.70,0,32.54,腾讯财经
2026-07-16 05:40:04,212.50,211.96,213.81,206.04,124326518,.70,0,32.54,腾讯财经
2026-07-16 05:50:02,212.50,211.96,213.81,206.04,124358255,.70,0,32.54,腾讯财经
2026-07-16 06:00:00,212.50,211.96,213.81,206.04,124382139,.70,0,32.54,腾讯财经
2026-07-16 06:10:04,212.50,211.96,213.81,206.04,124466957,.70,0,32.54,腾讯财经
2026-07-16 06:20:02,212.50,211.96,213.81,206.04,124491406,.70,0,32.54,腾讯财经
2026-07-16 06:30:04,212.50,211.96,213.81,206.04,124514525,.70,0,32.54,腾讯财经
2026-07-16 06:40:05,212.50,211.96,213.81,206.04,124504614,.70,0,32.54,腾讯财经
2026-07-16 06:50:01,212.50,211.96,213.81,206.04,124568931,.70,0,32.54,腾讯财经
2026-07-16 07:00:02,212.50,211.96,213.81,206.04,124609055,.70,0,32.54,腾讯财经
2026-07-16 07:10:00,212.50,211.96,213.81,206.04,124627807,.70,0,32.54,腾讯财经
2026-07-16 07:20:00,212.50,211.96,213.81,206.04,124658837,.70,0,32.54,腾讯财经
2026-07-16 07:30:00,212.50,211.96,213.81,206.04,124678674,.70,0,32.54,腾讯财经
2026-07-16 08:40:00,212.50,211.96,213.81,206.04,124797151,.70,0,32.54,腾讯财经
2026-07-16 08:50:00,212.50,211.96,213.81,206.04,124797151,.70,0,32.54,腾讯财经
2026-07-16 09:00:00,212.50,211.96,213.81,206.04,124797151,.70,0,32.54,腾讯财经
2026-07-16 09:10:04,212.50,211.96,213.81,206.04,124797151,.70,0,32.54,腾讯财经
2026-07-16 09:20:00,212.50,211.96,213.81,206.04,124797151,.70,0,32.54,腾讯财经
2026-07-16 09:30:05,212.50,211.96,213.81,206.04,124797151,.70,0,32.54,腾讯财经
2026-07-16 09:40:00,212.50,211.96,213.81,206.04,124797151,.70,0,32.54,腾讯财经
2026-07-16 09:50:00,212.50,211.96,213.81,206.04,124797151,.70,0,32.54,腾讯财经
2026-07-16 10:00:00,212.50,211.96,213.81,206.04,124797151,.70,0,32.54,腾讯财经
2026-07-16 10:10:01,212.50,211.96,213.81,206.04,124797151,.70,0,32.54,腾讯财经
2026-07-16 10:20:00,212.50,211.96,213.81,206.04,124797151,.70,0,32.54,腾讯财经
2026-07-16 10:30:01,212.50,211.96,213.81,206.04,124797151,.70,0,32.54,腾讯财经
2026-07-16 10:40:05,212.50,211.96,213.81,206.04,124797151,.70,0,32.54,腾讯财经
2026-07-16 10:50:03,212.50,211.96,213.81,206.04,124797151,.70,0,32.54,腾讯财经
2026-07-16 11:00:02,212.50,211.96,213.81,206.04,124797151,.70,0,32.54,腾讯财经
2026-07-16 11:10:05,212.50,211.96,213.81,206.04,124797151,.70,0,32.54,腾讯财经
2026-07-16 11:20:00,212.50,211.96,213.81,206.04,124797151,.70,0,32.54,腾讯财经
2026-07-16 11:30:00,212.50,211.96,213.81,206.04,124797151,.70,0,32.54,腾讯财经
2026-07-16 11:40:00,212.50,211.96,213.81,206.04,124797151,.70,0,32.54,腾讯财经
2026-07-16 11:50:03,212.50,211.96,213.81,206.04,124797151,.70,0,32.54,腾讯财经
2026-07-16 12:00:00,212.50,211.96,213.81,206.04,124797151,.70,0,32.54,腾讯财经
2026-07-16 12:10:00,212.50,211.96,213.81,206.04,124797151,.70,0,32.54,腾讯财经
2026-07-16 12:20:00,212.50,211.96,213.81,206.04,124797151,.70,0,32.54,腾讯财经
2026-07-16 12:30:02,212.50,211.96,213.81,206.04,124797151,.70,0,32.54,腾讯财经
2026-07-16 12:40:05,212.50,211.96,213.81,206.04,124797151,.70,0,32.54,腾讯财经
2026-07-16 12:50:00,212.50,211.96,213.81,206.04,124797151,.70,0,32.54,腾讯财经
2026-07-16 13:00:02,212.50,211.96,213.81,206.04,124797151,.70,0,32.54,腾讯财经
2026-07-16 13:10:00,212.50,211.96,213.81,206.04,124797151,.70,0,32.54,腾讯财经
2026-07-16 13:20:03,212.50,211.96,213.81,206.04,124797151,.70,0,32.54,腾讯财经
2026-07-16 13:30:04,212.50,211.96,213.81,206.04,124797151,.70,0,32.54,腾讯财经
2026-07-16 13:40:00,212.50,211.96,213.81,206.04,124797151,.70,0,32.54,腾讯财经
2026-07-16 13:50:01,212.50,211.96,213.81,206.04,124797151,.70,0,32.54,腾讯财经
2026-07-16 14:00:03,212.50,211.96,213.81,206.04,124797151,.70,0,32.54,腾讯财经
2026-07-16 14:10:02,212.50,211.96,213.81,206.04,124797151,.70,0,32.54,腾讯财经
2026-07-16 14:20:01,212.50,211.96,213.81,206.04,124797151,.70,0,32.54,腾讯财经
2026-07-16 14:30:00,212.50,211.96,213.81,206.04,124797151,.70,0,32.54,腾讯财经
2026-07-16 14:40:00,212.50,211.96,213.81,206.04,124797151,.70,0,32.54,腾讯财经
2026-07-16 14:50:03,212.50,211.96,213.81,206.04,124797151,.70,0,32.54,腾讯财经
2026-07-16 15:00:04,212.50,211.96,213.81,206.04,124797151,.70,0,32.54,腾讯财经
2026-07-16 15:10:00,212.50,211.96,213.81,206.04,124797151,.70,0,32.54,腾讯财经
2026-07-16 15:20:00,212.50,211.96,213.81,206.04,124797151,.70,0,32.54,腾讯财经
2026-07-16 15:30:04,212.50,211.96,213.81,206.04,124797151,.70,0,32.54,腾讯财经
2026-07-16 15:40:02,212.50,211.96,213.81,206.04,124797151,.70,0,32.54,腾讯财经
2026-07-16 15:50:02,212.50,211.96,213.81,206.04,124797151,.70,0,32.54,腾讯财经
2026-07-16 16:00:03,212.50,211.96,213.81,206.04,124797151,.70,0,32.54,腾讯财经
2026-07-16 16:10:00,212.50,211.96,213.81,206.04,124797151,.70,0,32.54,腾讯财经
2026-07-16 16:20:00,212.50,211.96,213.81,206.04,124797151,.70,0,32.54,腾讯财经
2026-07-16 16:30:04,212.50,211.96,213.81,206.04,124797151,.70,0,32.54,腾讯财经
2026-07-16 16:40:00,212.50,211.96,213.81,206.04,124797151,.70,0,32.54,腾讯财经
2026-07-16 16:50:00,212.50,211.96,213.81,206.04,124797151,.70,0,32.54,腾讯财经
2026-07-16 17:00:05,212.50,211.96,213.81,206.04,124797151,.70,0,32.54,腾讯财经
2026-07-16 17:10:04,212.50,211.96,213.81,206.04,124797151,.70,0,32.54,腾讯财经
2026-07-16 17:20:03,212.50,211.96,213.81,206.04,124797151,.70,0,32.54,腾讯财经
2026-07-16 17:30:01,212.50,211.96,213.81,206.04,124797151,.70,0,32.54,腾讯财经
2026-07-16 18:44:02,212.50,211.96,213.81,206.04,124797151,.70,0,32.54,腾讯财经
2026-07-16 18:50:03,212.50,211.96,213.81,206.04,124797151,.70,0,32.54,腾讯财经
2026-07-16 19:00:00,212.50,211.96,213.81,206.04,124797151,.70,0,32.54,腾讯财经
2026-07-16 19:10:00,212.50,211.96,213.81,206.04,124797151,.70,0,32.54,腾讯财经
2026-07-16 19:20:04,212.50,211.96,213.81,206.04,124797151,.70,0,32.54,腾讯财经
2026-07-16 19:30:01,212.50,211.96,213.81,206.04,124797151,.70,0,32.54,腾讯财经
2026-07-16 19:40:04,212.50,211.96,213.81,206.04,124797151,.70,0,32.54,腾讯财经
2026-07-16 19:50:00,212.50,211.96,213.81,206.04,124797151,.70,0,32.54,腾讯财经
2026-07-16 20:00:04,212.50,211.96,213.81,206.04,124797151,.70,0,32.54,腾讯财经
2026-07-16 20:10:00,212.50,211.96,213.81,206.04,124797151,.70,0,32.54,腾讯财经
2026-07-16 20:20:04,212.50,211.96,213.81,206.04,124797151,.70,0,32.54,腾讯财经
2026-07-16 20:30:04,212.50,211.96,213.81,206.04,124797151,.70,0,32.54,腾讯财经
2026-07-16 20:40:01,212.50,211.96,213.81,206.04,124797151,.70,0,32.54,腾讯财经
2026-07-16 20:50:00,212.50,211.96,213.81,206.04,124797151,.70,0,32.54,腾讯财经
2026-07-16 21:00:00,212.50,211.96,213.81,206.04,124797151,.70,0,32.54,腾讯财经
2026-07-16 21:10:02,212.50,211.96,213.81,206.04,124797151,.70,0,32.54,腾讯财经
2026-07-16 21:20:01,212.50,211.96,213.81,206.04,124797151,.70,0,32.54,腾讯财经
2026-07-16 21:30:02,212.50,0.00,0.00,0.00,2949347,0,0,32.54,腾讯财经
2026-07-16 21:40:00,208.58,210.27,211.08,208.22,8482320,-3.92,-1.00,31.94,腾讯财经
2026-07-16 21:50:00,207.47,210.17,211.08,207.18,12786241,-5.03,-2.00,31.77,腾讯财经
2026-07-16 22:00:00,207.47,210.17,211.08,207.18,16176216,-5.03,-2.00,31.77,腾讯财经
2026-07-16 22:10:00,208.31,210.17,211.08,207.18,19074404,-4.19,-1.00,31.90,腾讯财经
2026-07-16 22:20:04,208.76,210.17,211.08,207.18,22188011,-3.74,-1.00,31.97,腾讯财经
2026-07-16 22:30:00,208.84,210.17,211.08,207.18,24555086,-3.66,-1.00,31.98,腾讯财经
2026-07-16 22:40:00,208.32,210.17,211.08,207.18,26314619,-4.18,-1.00,31.90,腾讯财经
2026-07-16 22:50:02,207.55,210.17,211.08,207.18,28523708,-4.95,-2.00,31.78,腾讯财经
2026-07-16 23:00:05,206.42,210.17,211.08,206.00,32884374,-6.08,-2.00,31.61,腾讯财经
2026-07-16 23:10:00,206.32,210.17,211.08,205.85,35910638,-6.18,-2.00,31.59,腾讯财经
2026-07-16 23:20:00,206.52,210.17,211.08,205.85,38388210,-5.98,-2.00,31.63,腾讯财经
2026-07-16 23:30:01,206.96,210.17,211.08,205.85,42546517,-5.54,-2.00,31.69,腾讯财经
2026-07-16 23:40:03,207.66,210.17,211.08,205.85,44409531,-4.84,-2.00,31.80,腾讯财经
2026-07-16 23:50:02,207.54,210.17,211.08,205.85,46011251,-4.96,-2.00,31.78,腾讯财经
2026-07-17 00:00:00,207.56,210.17,211.08,205.85,47731438,-4.94,-2.00,31.78,腾讯财经
2026-07-17 00:10:03,207.05,210.17,211.08,205.85,50193052,-5.45,-2.00,31.71,腾讯财经
2026-07-17 00:20:00,207.10,210.17,211.08,205.85,51882567,-5.40,-2.00,31.72,腾讯财经
2026-07-17 00:30:00,207.21,210.17,211.08,205.85,53530156,-5.29,-2.00,31.73,腾讯财经
2026-07-17 00:40:04,207.20,210.17,211.08,205.85,55018059,-5.30,-2.00,31.73,腾讯财经
2026-07-17 00:50:00,206.91,210.17,211.08,205.85,56753452,-5.59,-2.00,31.69,腾讯财经
2026-07-17 01:00:02,207.22,210.17,211.08,205.85,58118604,-5.28,-2.00,31.73,腾讯财经
2026-07-17 01:10:00,207.43,210.17,211.08,205.85,59794257,-5.07,-2.00,31.77,腾讯财经
2026-07-17 01:20:00,207.14,210.17,211.08,205.85,61207595,-5.36,-2.00,31.72,腾讯财经
2026-07-17 01:30:00,207.30,210.17,211.08,205.85,62435230,-5.20,-2.00,31.75,腾讯财经
2026-07-17 01:40:00,206.76,210.17,211.08,205.85,63811568,-5.74,-2.00,31.66,腾讯财经
2026-07-17 01:50:00,206.54,210.17,211.08,205.85,66112749,-5.96,-2.00,31.63,腾讯财经
2026-07-17 02:00:02,206.68,210.17,211.08,205.85,67391437,-5.82,-2.00,31.65,腾讯财经
2026-07-17 02:10:00,206.81,210.17,211.08,205.85,68770436,-5.69,-2.00,31.67,腾讯财经
2026-07-17 02:20:00,207.04,210.17,211.08,205.85,70406381,-5.46,-2.00,31.71,腾讯财经
2026-07-17 02:30:00,206.88,210.17,211.08,205.85,74308610,-5.62,-2.00,31.68,腾讯财经
2026-07-17 02:40:05,206.82,210.17,211.08,205.85,75630542,-5.68,-2.00,31.67,腾讯财经
2026-07-17 02:50:04,207.23,210.17,211.08,205.85,77064343,-5.27,-2.00,31.73,腾讯财经
2026-07-17 03:00:00,207.03,210.17,211.08,205.85,78232500,-5.47,-2.00,31.70,腾讯财经
2026-07-17 03:10:01,206.96,210.17,211.08,205.85,80360381,-5.54,-2.00,31.69,腾讯财经
2026-07-17 03:20:00,206.92,210.17,211.08,205.85,82147882,-5.58,-2.00,31.69,腾讯财经
2026-07-17 03:30:00,206.39,210.17,211.08,205.85,84241000,-6.11,-2.00,31.61,腾讯财经
2026-07-17 03:40:02,206.18,210.17,211.08,205.85,86660525,-6.32,-2.00,31.57,腾讯财经
2026-07-17 03:50:02,206.08,210.17,211.08,205.85,89968767,-6.42,-3.00,31.56,腾讯财经
2026-07-17 04:00:00,207.43,210.17,211.08,205.85,97370456,-5.07,-2.00,31.76,腾讯财经
2026-07-17 04:10:05,207.40,210.17,211.08,205.85,120697744,-5.10,-2.00,31.76,腾讯财经
2026-07-17 04:20:04,207.40,210.17,211.08,205.85,120831849,-5.10,-2.00,31.76,腾讯财经
2026-07-17 04:30:00,207.40,210.17,211.08,205.85,121764790,-5.10,-2.00,31.76,腾讯财经
2026-07-17 04:40:00,207.40,210.17,211.08,205.85,121894570,-5.10,-2.00,31.76,腾讯财经
2026-07-17 04:50:00,207.40,210.17,211.08,205.85,121921953,-5.10,-2.00,31.76,腾讯财经
2026-07-17 05:00:03,207.40,210.17,211.08,205.85,122035295,-5.10,-2.00,31.76,腾讯财经
2026-07-17 05:10:00,207.40,210.17,211.08,205.85,122048948,-5.10,-2.00,31.76,腾讯财经
2026-07-17 05:20:00,207.40,210.17,211.08,205.85,122068798,-5.10,-2.00,31.76,腾讯财经
2026-07-17 05:30:05,207.40,210.17,211.08,205.85,122108567,-5.10,-2.00,31.76,腾讯财经
2026-07-17 05:40:00,207.40,210.17,211.08,205.85,122150307,-5.10,-2.00,31.76,腾讯财经
2026-07-17 05:50:00,207.40,210.17,211.08,205.85,122199356,-5.10,-2.00,31.76,腾讯财经
2026-07-17 06:00:05,207.40,210.17,211.08,205.85,122223043,-5.10,-2.00,31.76,腾讯财经
2026-07-17 06:10:01,207.40,210.17,211.08,205.85,122359432,-5.10,-2.00,31.76,腾讯财经
2026-07-17 06:20:02,207.40,210.17,211.08,205.85,122403244,-5.10,-2.00,31.76,腾讯财经
2026-07-17 06:30:00,207.40,210.17,211.08,205.85,122473966,-5.10,-2.00,31.76,腾讯财经
2026-07-17 06:40:00,207.40,210.17,211.08,205.85,122502657,-5.10,-2.00,31.76,腾讯财经
2026-07-17 06:50:00,207.40,210.17,211.08,205.85,122574041,-5.10,-2.00,31.76,腾讯财经
2026-07-17 07:00:00,207.40,210.17,211.08,205.85,122613893,-5.10,-2.00,31.76,腾讯财经
2026-07-17 07:10:04,207.40,210.17,211.08,205.85,122636427,-5.10,-2.00,31.76,腾讯财经
2026-07-17 07:20:04,207.40,210.17,211.08,205.85,122666692,-5.10,-2.00,31.76,腾讯财经
2026-07-17 07:30:00,207.40,210.17,211.08,205.85,122787091,-5.10,-2.00,31.76,腾讯财经
2026-07-17 07:40:03,207.40,210.17,211.08,205.85,122859451,-5.10,-2.00,31.76,腾讯财经
2026-07-17 07:50:01,207.40,210.17,211.08,205.85,122948549,-5.10,-2.00,31.76,腾讯财经
2026-07-17 08:36:38,207.40,210.17,211.08,205.85,122986074,-5.10,-2.00,31.76,腾讯财经
2026-07-17 08:40:05,207.40,210.17,211.08,205.85,122986074,-5.10,-2.00,31.76,腾讯财经
2026-07-17 08:50:00,207.40,210.17,211.08,205.85,122986074,-5.10,-2.00,31.76,腾讯财经
2026-07-17 09:00:05,207.40,210.17,211.08,205.85,122986074,-5.10,-2.00,31.76,腾讯财经
2026-07-17 09:10:05,207.40,210.17,211.08,205.85,122986074,-5.10,-2.00,31.76,腾讯财经
2026-07-17 09:20:05,207.40,210.17,211.08,205.85,122986074,-5.10,-2.00,31.76,腾讯财经
2026-07-17 09:30:03,207.40,210.17,211.08,205.85,122986074,-5.10,-2.00,31.76,腾讯财经
2026-07-17 09:40:00,207.40,210.17,211.08,205.85,122986074,-5.10,-2.00,31.76,腾讯财经
2026-07-17 09:50:03,207.40,210.17,211.08,205.85,122986074,-5.10,-2.00,31.76,腾讯财经
2026-07-17 10:00:01,207.40,210.17,211.08,205.85,122986074,-5.10,-2.00,31.76,腾讯财经
2026-07-17 10:10:00,207.40,210.17,211.08,205.85,122986074,-5.10,-2.00,31.76,腾讯财经
2026-07-17 10:20:01,207.40,210.17,211.08,205.85,122986074,-5.10,-2.00,31.76,腾讯财经
2026-07-17 10:30:03,207.40,210.17,211.08,205.85,122986074,-5.10,-2.00,31.76,腾讯财经
2026-07-17 10:40:01,207.40,210.17,211.08,205.85,122986074,-5.10,-2.00,31.76,腾讯财经
2026-07-17 10:50:01,207.40,210.17,211.08,205.85,122986074,-5.10,-2.00,31.76,腾讯财经
2026-07-17 11:00:00,207.40,210.17,211.08,205.85,122986074,-5.10,-2.00,31.76,腾讯财经
2026-07-17 11:10:03,207.40,210.17,211.08,205.85,122986074,-5.10,-2.00,31.76,腾讯财经
2026-07-17 11:20:00,207.40,210.17,211.08,205.85,122986074,-5.10,-2.00,31.76,腾讯财经
2026-07-17 11:30:04,207.40,210.17,211.08,205.85,122986074,-5.10,-2.00,31.76,腾讯财经
2026-07-17 11:40:05,207.40,210.17,211.08,205.85,122986074,-5.10,-2.00,31.76,腾讯财经
2026-07-17 11:50:00,207.40,210.17,211.08,205.85,122986074,-5.10,-2.00,31.76,腾讯财经
2026-07-17 12:00:00,207.40,210.17,211.08,205.85,122986074,-5.10,-2.00,31.76,腾讯财经
2026-07-17 12:10:00,207.40,210.17,211.08,205.85,122986074,-5.10,-2.00,31.76,腾讯财经
2026-07-17 12:20:00,207.40,210.17,211.08,205.85,122986074,-5.10,-2.00,31.76,腾讯财经
2026-07-17 12:30:00,207.40,210.17,211.08,205.85,122986074,-5.10,-2.00,31.76,腾讯财经
2026-07-17 12:40:03,207.40,210.17,211.08,205.85,122986074,-5.10,-2.00,31.76,腾讯财经
2026-07-17 12:50:02,207.40,210.17,211.08,205.85,122986074,-5.10,-2.00,31.76,腾讯财经
2026-07-17 13:00:00,207.40,210.17,211.08,205.85,122986074,-5.10,-2.00,31.76,腾讯财经
2026-07-17 13:10:00,207.40,210.17,211.08,205.85,122986074,-5.10,-2.00,31.76,腾讯财经
2026-07-17 13:20:02,207.40,210.17,211.08,205.85,122986074,-5.10,-2.00,31.76,腾讯财经
2026-07-17 13:30:00,207.40,210.17,211.08,205.85,122986074,-5.10,-2.00,31.76,腾讯财经
2026-07-17 13:40:00,207.40,210.17,211.08,205.85,122986074,-5.10,-2.00,31.76,腾讯财经
2026-07-17 13:50:04,207.40,210.17,211.08,205.85,122986074,-5.10,-2.00,31.76,腾讯财经
2026-07-17 14:00:00,207.40,210.17,211.08,205.85,122986074,-5.10,-2.00,31.76,腾讯财经
2026-07-17 14:10:00,207.40,210.17,211.08,205.85,122986074,-5.10,-2.00,31.76,腾讯财经
2026-07-17 14:20:00,207.40,210.17,211.08,205.85,122986074,-5.10,-2.00,31.76,腾讯财经
2026-07-17 14:30:00,207.40,210.17,211.08,205.85,122986074,-5.10,-2.00,31.76,腾讯财经
2026-07-17 14:40:00,207.40,210.17,211.08,205.85,122986074,-5.10,-2.00,31.76,腾讯财经
2026-07-17 14:50:03,207.40,210.17,211.08,205.85,122986074,-5.10,-2.00,31.76,腾讯财经
2026-07-17 15:00:00,207.40,210.17,211.08,205.85,122986074,-5.10,-2.00,31.76,腾讯财经
2026-07-17 15:10:00,207.40,210.17,211.08,205.85,122986074,-5.10,-2.00,31.76,腾讯财经
2026-07-17 15:20:00,207.40,210.17,211.08,205.85,122986074,-5.10,-2.00,31.76,腾讯财经
2026-07-17 15:30:02,207.40,210.17,211.08,205.85,122986074,-5.10,-2.00,31.76,腾讯财经
2026-07-17 15:40:02,207.40,210.17,211.08,205.85,122986074,-5.10,-2.00,31.76,腾讯财经
2026-07-17 15:50:00,207.40,210.17,211.08,205.85,122986074,-5.10,-2.00,31.76,腾讯财经
2026-07-17 16:00:03,207.40,210.17,211.08,205.85,122986074,-5.10,-2.00,31.76,腾讯财经
2026-07-17 16:10:00,207.40,210.17,211.08,205.85,122986074,-5.10,-2.00,31.76,腾讯财经
2026-07-17 16:20:00,207.40,210.17,211.08,205.85,122986074,-5.10,-2.00,31.76,腾讯财经
2026-07-17 16:30:04,207.40,210.17,211.08,205.85,122986074,-5.10,-2.00,31.76,腾讯财经
2026-07-17 16:40:00,207.40,210.17,211.08,205.85,122986074,-5.10,-2.00,31.76,腾讯财经
2026-07-17 16:50:00,207.40,210.17,211.08,205.85,122986074,-5.10,-2.00,31.76,腾讯财经
2026-07-17 17:00:00,207.40,210.17,211.08,205.85,122986074,-5.10,-2.00,31.76,腾讯财经
2026-07-17 17:10:00,207.40,210.17,211.08,205.85,122986074,-5.10,-2.00,31.76,腾讯财经
2026-07-17 17:17:57,207.40,210.17,211.08,205.85,122986074,-5.10,-2.00,31.76,腾讯财经
2026-07-17 17:20:00,207.40,210.17,211.08,205.85,122986074,-5.10,-2.00,31.76,腾讯财经
2026-07-17 17:30:00,207.40,210.17,211.08,205.85,122986074,-5.10,-2.00,31.76,腾讯财经
2026-07-17 19:23:14,207.40,210.17,211.08,205.85,122986074,-5.10,-2.00,31.76,腾讯财经
2026-07-17 19:30:02,207.40,210.17,211.08,205.85,122986074,-5.10,-2.00,31.76,腾讯财经
2026-07-17 19:40:00,207.40,210.17,211.08,205.85,122986074,-5.10,-2.00,31.76,腾讯财经
2026-07-17 19:50:03,207.40,210.17,211.08,205.85,122986074,-5.10,-2.00,31.76,腾讯财经
2026-07-17 20:00:00,207.40,210.17,211.08,205.85,122986074,-5.10,-2.00,31.76,腾讯财经
2026-07-17 20:10:04,207.40,210.17,211.08,205.85,122986074,-5.10,-2.00,31.76,腾讯财经
2026-07-17 20:20:05,207.40,210.17,211.08,205.85,122986074,-5.10,-2.00,31.76,腾讯财经
2026-07-17 20:30:04,207.40,210.17,211.08,205.85,122986074,-5.10,-2.00,31.76,腾讯财经
2026-07-17 20:40:00,207.40,210.17,211.08,205.85,122986074,-5.10,-2.00,31.76,腾讯财经
2026-07-17 20:50:03,207.40,210.17,211.08,205.85,122986074,-5.10,-2.00,31.76,腾讯财经
2026-07-17 21:00:05,207.40,210.17,211.08,205.85,122986074,-5.10,-2.00,31.76,腾讯财经
2026-07-17 21:10:04,207.40,210.17,211.08,205.85,122986074,-5.10,-2.00,31.76,腾讯财经
2026-07-17 21:20:03,207.40,210.17,211.08,205.85,122986074,-5.10,-2.00,31.76,腾讯财经
2026-07-17 21:30:00,207.40,0.00,0.00,0.00,4582624,0,0,31.76,腾讯财经
2026-07-17 21:40:02,199.62,202.40,203.47,199.41,21835091,-7.78,-3.00,30.57,腾讯财经
2026-07-17 21:50:03,199.31,202.64,203.47,197.97,29971131,-8.09,-3.00,30.52,腾讯财经
2026-07-17 22:00:05,201.67,202.64,203.47,197.97,39385156,-5.73,-2.00,30.88,腾讯财经
2026-07-17 22:10:04,204.68,202.64,204.98,197.97,45281223,-2.72,-1.00,31.34,腾讯财经
2026-07-17 22:20:03,205.06,202.64,206.20,197.97,51148166,-2.34,-1.00,31.40,腾讯财经
2026-07-17 22:30:00,203.76,202.64,206.20,197.97,54252181,-3.64,-1.00,31.20,腾讯财经
2026-07-17 22:40:04,204.32,202.64,206.20,197.97,57733592,-3.08,-1.00,31.29,腾讯财经
2026-07-17 22:50:03,204.08,202.64,206.20,197.97,61532028,-3.32,-1.00,31.25,腾讯财经
2026-07-17 23:00:00,203.15,202.64,206.20,197.97,64267914,-4.25,-2.00,31.11,腾讯财经
2026-07-17 23:10:02,203.03,202.64,206.20,197.97,67041442,-4.37,-2.00,31.09,腾讯财经
2026-07-17 23:20:03,203.70,202.64,206.20,197.97,69063264,-3.70,-1.00,31.20,腾讯财经
2026-07-17 23:30:01,204.04,202.64,206.20,197.97,71009057,-3.36,-1.00,31.25,腾讯财经
2026-07-17 23:40:00,204.77,202.64,206.20,197.97,73255919,-2.63,-1.00,31.36,腾讯财经
2026-07-17 23:50:03,204.84,202.64,206.20,197.97,75476703,-2.56,-1.00,31.37,腾讯财经
2026-07-18 00:00:02,205.20,202.64,206.20,197.97,77478391,-2.20,-1.00,31.42,腾讯财经
2026-07-18 00:10:00,204.65,202.64,206.20,197.97,79712413,-2.75,-1.00,31.34,腾讯财经
2026-07-18 00:20:03,205.18,202.64,206.20,197.97,82454726,-2.22,-1.00,31.42,腾讯财经
2026-07-18 00:30:04,204.84,202.64,206.20,197.97,84321602,-2.56,-1.00,31.37,腾讯财经
2026-07-18 00:40:00,204.96,202.64,206.20,197.97,85696218,-2.44,-1.00,31.39,腾讯财经
2026-07-18 00:50:05,205.86,202.64,206.20,197.97,87137479,-1.54,0,31.53,腾讯财经
2026-07-18 01:00:00,205.68,202.64,206.20,197.97,89468811,-1.72,0,31.50,腾讯财经
2026-07-18 01:10:03,206.50,202.64,206.64,197.97,91406188,-.90,0,31.62,腾讯财经
2026-07-18 01:20:03,205.88,202.64,206.65,197.97,92996059,-1.52,0,31.53,腾讯财经
2026-07-18 01:30:03,206.10,202.64,206.65,197.97,94633351,-1.30,0,31.56,腾讯财经
2026-07-18 01:40:01,205.40,202.64,206.65,197.97,96138831,-2.00,0,31.45,腾讯财经
2026-07-18 01:50:03,205.22,202.64,206.65,197.97,97347014,-2.18,-1.00,31.43,腾讯财经
2026-07-18 02:00:00,204.41,202.64,206.65,197.97,98858829,-2.99,-1.00,31.30,腾讯财经
2026-07-18 02:10:00,203.87,202.64,206.65,197.97,100550021,-3.53,-1.00,31.22,腾讯财经
2026-07-18 02:20:03,203.39,202.64,206.65,197.97,102333680,-4.01,-1.00,31.15,腾讯财经
2026-07-18 02:30:00,203.36,202.64,206.65,197.97,103865479,-4.04,-1.00,31.14,腾讯财经
2026-07-18 02:40:00,203.33,202.64,206.65,197.97,105728492,-4.07,-1.00,31.14,腾讯财经
2026-07-18 02:50:03,203.30,202.64,206.65,197.97,107295689,-4.10,-1.00,31.13,腾讯财经
2026-07-18 03:00:00,203.42,202.64,206.65,197.97,108943624,-3.98,-1.00,31.15,腾讯财经
2026-07-18 03:10:03,202.77,202.64,206.65,197.97,110522867,-4.63,-2.00,31.05,腾讯财经
2026-07-18 03:20:03,202.22,202.64,206.65,197.97,113641154,-5.18,-2.00,30.97,腾讯财经
2026-07-18 03:30:00,203.06,202.64,206.65,197.97,115671984,-4.34,-2.00,31.10,腾讯财经
2026-07-18 03:40:05,202.60,202.64,206.65,197.97,118504374,-4.80,-2.00,31.03,腾讯财经
2026-07-18 03:50:03,203.39,202.64,206.65,197.97,120935285,-4.01,-1.00,31.15,腾讯财经
2026-07-18 04:00:00,202.97,202.64,206.65,197.97,125748243,-4.43,-2.00,31.08,腾讯财经
2026-07-18 04:10:00,202.81,202.64,206.65,197.97,142988401,-4.59,-2.00,31.06,腾讯财经
2026-07-18 04:20:03,202.81,202.64,206.65,197.97,143471355,-4.59,-2.00,31.06,腾讯财经
2026-07-18 04:30:00,202.81,202.64,206.65,197.97,143601499,-4.59,-2.00,31.06,腾讯财经
2026-07-18 04:40:00,202.81,202.64,206.65,197.97,143659847,-4.59,-2.00,31.06,腾讯财经
2026-07-18 04:50:03,202.81,202.64,206.65,197.97,143724137,-4.59,-2.00,31.06,腾讯财经
2026-07-18 05:10:00,202.81,202.64,206.65,197.97,143900000,-4.59,-2.00,31.06,腾讯财经
2026-07-18 05:20:03,202.81,202.64,206.65,197.97,143920199,-4.59,-2.00,31.06,腾讯财经
2026-07-18 05:30:03,202.81,202.64,206.65,197.97,143930484,-4.59,-2.00,31.06,腾讯财经
2026-07-18 05:40:00,202.81,202.64,206.65,197.97,143997026,-4.59,-2.00,31.06,腾讯财经
2026-07-18 05:50:03,202.81,202.64,206.65,197.97,144021340,-4.59,-2.00,31.06,腾讯财经
2026-07-18 06:00:03,202.81,202.64,206.65,197.97,144031952,-4.59,-2.00,31.06,腾讯财经
2026-07-18 06:10:05,202.81,202.64,206.65,197.97,144043259,-4.59,-2.00,31.06,腾讯财经
2026-07-18 06:20:03,202.81,202.64,206.65,197.97,144056284,-4.59,-2.00,31.06,腾讯财经
2026-07-18 06:30:00,202.81,202.64,206.65,197.97,144065244,-4.59,-2.00,31.06,腾讯财经
2026-07-18 06:40:02,202.81,202.64,206.65,197.97,144085584,-4.59,-2.00,31.06,腾讯财经
2026-07-18 06:50:04,202.81,202.64,206.65,197.97,144103191,-4.59,-2.00,31.06,腾讯财经
2026-07-18 07:00:00,202.81,202.64,206.65,197.97,144116329,-4.59,-2.00,31.06,腾讯财经
2026-07-18 07:10:00,202.81,202.64,206.65,197.97,144151589,-4.59,-2.00,31.06,腾讯财经
2026-07-18 07:20:03,202.81,202.64,206.65,197.97,144165266,-4.59,-2.00,31.06,腾讯财经
2026-07-18 07:30:02,202.81,202.64,206.65,197.97,144196421,-4.59,-2.00,31.06,腾讯财经
2026-07-18 07:40:04,202.81,202.64,206.65,197.97,144214349,-4.59,-2.00,31.06,腾讯财经
2026-07-18 07:50:03,202.81,202.64,206.65,197.97,144232979,-4.59,-2.00,31.06,腾讯财经
2026-07-18 08:00:00,202.81,202.64,206.65,197.97,144277625,-4.59,-2.00,31.06,腾讯财经
2026-07-18 08:10:05,202.81,202.64,206.65,197.97,144281910,-4.59,-2.00,31.06,腾讯财经
2026-07-18 08:20:03,202.81,202.64,206.65,197.97,144281910,-4.59,-2.00,31.06,腾讯财经
2026-07-18 08:30:00,202.81,202.64,206.65,197.97,144281910,-4.59,-2.00,31.06,腾讯财经
2026-07-18 08:40:00,202.81,202.64,206.65,197.97,144281910,-4.59,-2.00,31.06,腾讯财经
2026-07-18 08:50:03,202.81,202.64,206.65,197.97,144281910,-4.59,-2.00,31.06,腾讯财经
2026-07-18 09:00:00,202.81,202.64,206.65,197.97,144281910,-4.59,-2.00,31.06,腾讯财经
2026-07-18 09:10:00,202.81,202.64,206.65,197.97,144281910,-4.59,-2.00,31.06,腾讯财经
2026-07-18 09:20:05,202.81,202.64,206.65,197.97,144281910,-4.59,-2.00,31.06,腾讯财经
2026-07-18 09:30:00,202.81,202.64,206.65,197.97,144281910,-4.59,-2.00,31.06,腾讯财经
2026-07-18 09:40:03,202.81,202.64,206.65,197.97,144281910,-4.59,-2.00,31.06,腾讯财经
2026-07-18 09:50:03,202.81,202.64,206.65,197.97,144281910,-4.59,-2.00,31.06,腾讯财经
2026-07-18 10:00:04,202.81,202.64,206.65,197.97,144281910,-4.59,-2.00,31.06,腾讯财经
2026-07-18 10:10:00,202.81,202.64,206.65,197.97,144281910,-4.59,-2.00,31.06,腾讯财经
2026-07-18 10:20:03,202.81,202.64,206.65,197.97,144281910,-4.59,-2.00,31.06,腾讯财经
2026-07-18 10:30:05,202.81,202.64,206.65,197.97,144281910,-4.59,-2.00,31.06,腾讯财经
2026-07-18 10:40:01,202.81,202.64,206.65,197.97,144281910,-4.59,-2.00,31.06,腾讯财经
2026-07-18 10:50:03,202.81,202.64,206.65,197.97,144281910,-4.59,-2.00,31.06,腾讯财经
2026-07-18 11:00:00,202.81,202.64,206.65,197.97,144281910,-4.59,-2.00,31.06,腾讯财经
2026-07-18 11:10:00,202.81,202.64,206.65,197.97,144281910,-4.59,-2.00,31.06,腾讯财经
2026-07-18 11:20:03,202.81,202.64,206.65,197.97,144281910,-4.59,-2.00,31.06,腾讯财经
2026-07-18 11:30:05,202.81,202.64,206.65,197.97,144281910,-4.59,-2.00,31.06,腾讯财经
2026-07-18 11:40:02,202.81,202.64,206.65,197.97,144281910,-4.59,-2.00,31.06,腾讯财经
2026-07-18 11:50:05,202.81,202.64,206.65,197.97,144281910,-4.59,-2.00,31.06,腾讯财经
2026-07-18 12:00:00,202.81,202.64,206.65,197.97,144281910,-4.59,-2.00,31.06,腾讯财经
2026-07-18 12:10:00,202.81,202.64,206.65,197.97,144281910,-4.59,-2.00,31.06,腾讯财经
2026-07-18 12:20:03,202.81,202.64,206.65,197.97,144281910,-4.59,-2.00,31.06,腾讯财经
2026-07-18 12:30:00,202.81,202.64,206.65,197.97,144281910,-4.59,-2.00,31.06,腾讯财经
2026-07-18 12:40:00,202.81,202.64,206.65,197.97,144281910,-4.59,-2.00,31.06,腾讯财经
2026-07-18 12:50:05,202.81,202.64,206.65,197.97,144281910,-4.59,-2.00,31.06,腾讯财经
2026-07-18 13:00:00,202.81,202.64,206.65,197.97,144281910,-4.59,-2.00,31.06,腾讯财经
2026-07-18 13:10:02,202.81,202.64,206.65,197.97,144281910,-4.59,-2.00,31.06,腾讯财经
2026-07-18 13:20:03,202.81,202.64,206.65,197.97,144281910,-4.59,-2.00,31.06,腾讯财经
2026-07-18 13:30:00,202.81,202.64,206.65,197.97,144281910,-4.59,-2.00,31.06,腾讯财经
2026-07-18 13:40:01,202.81,202.64,206.65,197.97,144281910,-4.59,-2.00,31.06,腾讯财经
2026-07-18 13:50:03,202.81,202.64,206.65,197.97,144281910,-4.59,-2.00,31.06,腾讯财经
2026-07-18 14:00:00,202.81,202.64,206.65,197.97,144281910,-4.59,-2.00,31.06,腾讯财经
2026-07-18 14:10:00,202.81,202.64,206.65,197.97,144281910,-4.59,-2.00,31.06,腾讯财经
2026-07-18 14:20:03,202.81,202.64,206.65,197.97,144281910,-4.59,-2.00,31.06,腾讯财经
2026-07-18 14:30:03,202.81,202.64,206.65,197.97,144281910,-4.59,-2.00,31.06,腾讯财经
2026-07-18 14:40:03,202.81,202.64,206.65,197.97,144281910,-4.59,-2.00,31.06,腾讯财经
2026-07-18 14:50:03,202.81,202.64,206.65,197.97,144281910,-4.59,-2.00,31.06,腾讯财经
2026-07-18 15:00:01,202.81,202.64,206.65,197.97,144281910,-4.59,-2.00,31.06,腾讯财经
2026-07-18 15:10:00,202.81,202.64,206.65,197.97,144281910,-4.59,-2.00,31.06,腾讯财经
2026-07-18 15:20:03,202.81,202.64,206.65,197.97,144281910,-4.59,-2.00,31.06,腾讯财经
2026-07-18 15:30:00,202.81,202.64,206.65,197.97,144281910,-4.59,-2.00,31.06,腾讯财经
2026-07-18 15:40:05,202.81,202.64,206.65,197.97,144281910,-4.59,-2.00,31.06,腾讯财经
2026-07-18 15:50:03,202.81,202.64,206.65,197.97,144281910,-4.59,-2.00,31.06,腾讯财经
2026-07-18 16:00:00,202.81,202.64,206.65,197.97,144281910,-4.59,-2.00,31.06,腾讯财经
2026-07-18 16:10:00,202.81,202.64,206.65,197.97,144281910,-4.59,-2.00,31.06,腾讯财经
2026-07-18 16:20:03,202.81,202.64,206.65,197.97,144281910,-4.59,-2.00,31.06,腾讯财经
2026-07-18 16:30:04,202.81,202.64,206.65,197.97,144281910,-4.59,-2.00,31.06,腾讯财经
2026-07-18 16:40:03,202.81,202.64,206.65,197.97,144281910,-4.59,-2.00,31.06,腾讯财经
2026-07-18 16:50:05,202.81,202.64,206.65,197.97,144281910,-4.59,-2.00,31.06,腾讯财经
2026-07-18 17:00:00,202.81,202.64,206.65,197.97,144281910,-4.59,-2.00,31.06,腾讯财经
2026-07-18 17:10:00,202.81,202.64,206.65,197.97,144281910,-4.59,-2.00,31.06,腾讯财经
2026-07-18 17:20:03,202.81,202.64,206.65,197.97,144281910,-4.59,-2.00,31.06,腾讯财经
2026-07-18 17:30:01,202.81,202.64,206.65,197.97,144281910,-4.59,-2.00,31.06,腾讯财经
2026-07-18 17:40:03,202.81,202.64,206.65,197.97,144281910,-4.59,-2.00,31.06,腾讯财经
2026-07-18 17:50:00,202.81,202.64,206.65,197.97,144281910,-4.59,-2.00,31.06,腾讯财经
2026-07-18 18:00:03,202.81,202.64,206.65,197.97,144281910,-4.59,-2.00,31.06,腾讯财经
2026-07-18 18:10:04,202.81,202.64,206.65,197.97,144281910,-4.59,-2.00,31.06,腾讯财经
2026-07-18 18:20:04,202.81,202.64,206.65,197.97,144281910,-4.59,-2.00,31.06,腾讯财经
2026-07-18 18:30:03,202.81,202.64,206.65,197.97,144281910,-4.59,-2.00,31.06,腾讯财经
2026-07-18 18:40:00,202.81,202.64,206.65,197.97,144281910,-4.59,-2.00,31.06,腾讯财经
2026-07-18 18:50:03,202.81,202.64,206.65,197.97,144281910,-4.59,-2.00,31.06,腾讯财经
2026-07-18 19:00:02,202.81,202.64,206.65,197.97,144281910,-4.59,-2.00,31.06,腾讯财经
2026-07-18 19:10:02,202.81,202.64,206.65,197.97,144281910,-4.59,-2.00,31.06,腾讯财经
2026-07-18 19:20:03,202.81,202.64,206.65,197.97,144281910,-4.59,-2.00,31.06,腾讯财经
2026-07-18 19:30:04,202.81,202.64,206.65,197.97,144281910,-4.59,-2.00,31.06,腾讯财经
2026-07-18 19:40:01,202.81,202.64,206.65,197.97,144281910,-4.59,-2.00,31.06,腾讯财经
2026-07-18 19:50:05,202.81,202.64,206.65,197.97,144281910,-4.59,-2.00,31.06,腾讯财经
2026-07-18 20:00:01,202.81,202.64,206.65,197.97,144281910,-4.59,-2.00,31.06,腾讯财经
2026-07-18 20:10:01,202.81,202.64,206.65,197.97,144281910,-4.59,-2.00,31.06,腾讯财经
2026-07-18 20:20:03,202.81,202.64,206.65,197.97,144281910,-4.59,-2.00,31.06,腾讯财经
2026-07-18 20:30:01,202.81,202.64,206.65,197.97,144281910,-4.59,-2.00,31.06,腾讯财经
2026-07-18 20:40:02,202.81,202.64,206.65,197.97,144281910,-4.59,-2.00,31.06,腾讯财经
2026-07-18 20:50:03,202.81,202.64,206.65,197.97,144281910,-4.59,-2.00,31.06,腾讯财经
2026-07-18 21:00:01,202.81,202.64,206.65,197.97,144281910,-4.59,-2.00,31.06,腾讯财经
2026-07-18 21:10:00,202.81,202.64,206.65,197.97,144281910,-4.59,-2.00,31.06,腾讯财经
2026-07-18 21:20:03,202.81,202.64,206.65,197.97,144281910,-4.59,-2.00,31.06,腾讯财经
2026-07-18 21:30:05,202.81,202.64,206.65,197.97,144281910,-4.59,-2.00,31.06,腾讯财经
2026-07-18 21:40:01,202.81,202.64,206.65,197.97,144281910,-4.59,-2.00,31.06,腾讯财经
2026-07-18 21:50:04,202.81,202.64,206.65,197.97,144281910,-4.59,-2.00,31.06,腾讯财经
2026-07-18 22:00:06,202.81,202.64,206.65,197.97,144281910,-4.59,-2.00,31.06,腾讯财经
2026-07-18 22:10:02,202.81,202.64,206.65,197.97,144281910,-4.59,-2.00,31.06,腾讯财经
2026-07-18 22:20:04,202.81,202.64,206.65,197.97,144281910,-4.59,-2.00,31.06,腾讯财经
2026-07-18 22:30:02,202.81,202.64,206.65,197.97,144281910,-4.59,-2.00,31.06,腾讯财经
2026-07-18 22:40:06,202.81,202.64,206.65,197.97,144281910,-4.59,-2.00,31.06,腾讯财经
2026-07-18 22:50:04,202.81,202.64,206.65,197.97,144281910,-4.59,-2.00,31.06,腾讯财经
2026-07-18 23:00:04,202.81,202.64,206.65,197.97,144281910,-4.59,-2.00,31.06,腾讯财经
2026-07-18 23:10:00,202.81,202.64,206.65,197.97,144281910,-4.59,-2.00,31.06,腾讯财经
2026-07-18 23:20:03,202.81,202.64,206.65,197.97,144281910,-4.59,-2.00,31.06,腾讯财经
2026-07-18 23:30:00,202.81,202.64,206.65,197.97,144281910,-4.59,-2.00,31.06,腾讯财经
2026-07-18 23:40:00,202.81,202.64,206.65,197.97,144281910,-4.59,-2.00,31.06,腾讯财经
2026-07-18 23:50:03,202.81,202.64,206.65,197.97,144281910,-4.59,-2.00,31.06,腾讯财经
2026-07-19 00:00:05,202.81,202.64,206.65,197.97,144281910,-4.59,-2.00,31.06,腾讯财经
2026-07-19 00:10:00,202.81,202.64,206.65,197.97,144281910,-4.59,-2.00,31.06,腾讯财经
2026-07-19 00:20:04,202.81,202.64,206.65,197.97,144281910,-4.59,-2.00,31.06,腾讯财经
2026-07-19 00:30:04,202.81,202.64,206.65,197.97,144281910,-4.59,-2.00,31.06,腾讯财经
2026-07-19 00:40:00,202.81,202.64,206.65,197.97,144281910,-4.59,-2.00,31.06,腾讯财经
2026-07-19 00:50:03,202.81,202.64,206.65,197.97,144281910,-4.59,-2.00,31.06,腾讯财经
2026-07-19 01:00:04,202.81,202.64,206.65,197.97,144281910,-4.59,-2.00,31.06,腾讯财经
2026-07-19 01:10:00,202.81,202.64,206.65,197.97,144281910,-4.59,-2.00,31.06,腾讯财经
2026-07-19 01:20:03,202.81,202.64,206.65,197.97,144281910,-4.59,-2.00,31.06,腾讯财经
2026-07-19 01:30:00,202.81,202.64,206.65,197.97,144281910,-4.59,-2.00,31.06,腾讯财经
2026-07-19 01:40:00,202.81,202.64,206.65,197.97,144281910,-4.59,-2.00,31.06,腾讯财经
2026-07-19 01:50:03,202.81,202.64,206.65,197.97,144281910,-4.59,-2.00,31.06,腾讯财经
2026-07-19 02:00:00,202.81,202.64,206.65,197.97,144281910,-4.59,-2.00,31.06,腾讯财经
2026-07-19 02:10:00,202.81,202.64,206.65,197.97,144281910,-4.59,-2.00,31.06,腾讯财经
2026-07-19 02:20:03,202.81,202.64,206.65,197.97,144281910,-4.59,-2.00,31.06,腾讯财经
2026-07-19 02:30:00,202.81,202.64,206.65,197.97,144281910,-4.59,-2.00,31.06,腾讯财经
2026-07-19 02:40:00,202.81,202.64,206.65,197.97,144281910,-4.59,-2.00,31.06,腾讯财经
2026-07-19 02:50:03,202.81,202.64,206.65,197.97,144281910,-4.59,-2.00,31.06,腾讯财经
2026-07-19 03:00:03,202.81,202.64,206.65,197.97,144281910,-4.59,-2.00,31.06,腾讯财经
2026-07-19 03:10:00,202.81,202.64,206.65,197.97,144281910,-4.59,-2.00,31.06,腾讯财经
2026-07-19 03:20:03,202.81,202.64,206.65,197.97,144281910,-4.59,-2.00,31.06,腾讯财经
2026-07-19 03:30:00,202.81,202.64,206.65,197.97,144281910,-4.59,-2.00,31.06,腾讯财经
2026-07-19 03:40:01,202.81,202.64,206.65,197.97,144281910,-4.59,-2.00,31.06,腾讯财经
2026-07-19 03:50:04,202.81,202.64,206.65,197.97,144281910,-4.59,-2.00,31.06,腾讯财经
2026-07-19 04:00:00,202.81,202.64,206.65,197.97,144281910,-4.59,-2.00,31.06,腾讯财经
2026-07-19 04:10:00,202.81,202.64,206.65,197.97,144281910,-4.59,-2.00,31.06,腾讯财经
2026-07-19 04:20:04,202.81,202.64,206.65,197.97,144281910,-4.59,-2.00,31.06,腾讯财经
2026-07-19 04:30:05,202.81,202.64,206.65,197.97,144281910,-4.59,-2.00,31.06,腾讯财经
2026-07-19 04:40:04,202.81,202.64,206.65,197.97,144281910,-4.59,-2.00,31.06,腾讯财经
2026-07-19 04:50:03,202.81,202.64,206.65,197.97,144281910,-4.59,-2.00,31.06,腾讯财经
2026-07-19 05:00:00,202.81,202.64,206.65,197.97,144281910,-4.59,-2.00,31.06,腾讯财经
2026-07-19 05:10:02,202.81,202.64,206.65,197.97,144281910,-4.59,-2.00,31.06,腾讯财经
2026-07-19 05:20:05,202.81,202.64,206.65,197.97,144281910,-4.59,-2.00,31.06,腾讯财经
2026-07-19 05:30:00,202.81,202.64,206.65,197.97,144281910,-4.59,-2.00,31.06,腾讯财经
2026-07-19 05:40:00,202.81,202.64,206.65,197.97,144281910,-4.59,-2.00,31.06,腾讯财经
2026-07-19 05:50:05,202.81,202.64,206.65,197.97,144281910,-4.59,-2.00,31.06,腾讯财经
2026-07-19 06:00:00,202.81,202.64,206.65,197.97,144281910,-4.59,-2.00,31.06,腾讯财经
2026-07-19 06:10:01,202.81,202.64,206.65,197.97,144281910,-4.59,-2.00,31.06,腾讯财经
2026-07-19 06:20:03,202.81,202.64,206.65,197.97,144281910,-4.59,-2.00,31.06,腾讯财经
2026-07-19 06:30:00,202.81,202.64,206.65,197.97,144281910,-4.59,-2.00,31.06,腾讯财经
2026-07-19 06:40:04,202.81,202.64,206.65,197.97,144281910,-4.59,-2.00,31.06,腾讯财经
2026-07-19 06:50:03,202.81,202.64,206.65,197.97,144281910,-4.59,-2.00,31.06,腾讯财经
2026-07-19 07:00:00,202.81,202.64,206.65,197.97,144281910,-4.59,-2.00,31.06,腾讯财经
2026-07-19 07:10:03,202.81,202.64,206.65,197.97,144281910,-4.59,-2.00,31.06,腾讯财经
2026-07-19 07:20:03,202.81,202.64,206.65,197.97,144281910,-4.59,-2.00,31.06,腾讯财经
2026-07-19 07:30:00,202.81,202.64,206.65,197.97,144281910,-4.59,-2.00,31.06,腾讯财经
2026-07-19 07:40:00,202.81,202.64,206.65,197.97,144281910,-4.59,-2.00,31.06,腾讯财经
2026-07-19 07:50:03,202.81,202.64,206.65,197.97,144281910,-4.59,-2.00,31.06,腾讯财经
2026-07-19 08:00:02,202.81,202.64,206.65,197.97,144281910,-4.59,-2.00,31.06,腾讯财经
2026-07-19 08:10:04,202.81,202.64,206.65,197.97,144281910,-4.59,-2.00,31.06,腾讯财经
2026-07-19 08:20:03,202.81,202.64,206.65,197.97,144281910,-4.59,-2.00,31.06,腾讯财经
2026-07-19 08:30:00,202.81,202.64,206.65,197.97,144281910,-4.59,-2.00,31.06,腾讯财经
2026-07-19 08:40:03,202.81,202.64,206.65,197.97,144281910,-4.59,-2.00,31.06,腾讯财经
2026-07-19 08:50:03,202.81,202.64,206.65,197.97,144281910,-4.59,-2.00,31.06,腾讯财经
2026-07-19 09:00:00,202.81,202.64,206.65,197.97,144281910,-4.59,-2.00,31.06,腾讯财经
2026-07-19 09:10:01,202.81,202.64,206.65,197.97,144281910,-4.59,-2.00,31.06,腾讯财经
2026-07-19 09:20:03,202.81,202.64,206.65,197.97,144281910,-4.59,-2.00,31.06,腾讯财经
2026-07-19 09:30:00,202.81,202.64,206.65,197.97,144281910,-4.59,-2.00,31.06,腾讯财经
2026-07-19 09:40:00,202.81,202.64,206.65,197.97,144281910,-4.59,-2.00,31.06,腾讯财经
2026-07-19 09:50:03,202.81,202.64,206.65,197.97,144281910,-4.59,-2.00,31.06,腾讯财经
2026-07-19 10:00:00,202.81,202.64,206.65,197.97,144281910,-4.59,-2.00,31.06,腾讯财经
2026-07-19 10:10:01,202.81,202.64,206.65,197.97,144281910,-4.59,-2.00,31.06,腾讯财经
2026-07-19 10:20:03,202.81,202.64,206.65,197.97,144281910,-4.59,-2.00,31.06,腾讯财经
2026-07-19 10:30:00,202.81,202.64,206.65,197.97,144281910,-4.59,-2.00,31.06,腾讯财经
2026-07-19 10:40:00,202.81,202.64,206.65,197.97,144281910,-4.59,-2.00,31.06,腾讯财经
2026-07-19 10:50:04,202.81,202.64,206.65,197.97,144281910,-4.59,-2.00,31.06,腾讯财经
2026-07-19 11:00:05,202.81,202.64,206.65,197.97,144281910,-4.59,-2.00,31.06,腾讯财经
2026-07-19 11:10:00,202.81,202.64,206.65,197.97,144281910,-4.59,-2.00,31.06,腾讯财经
2026-07-19 11:20:03,202.81,202.64,206.65,197.97,144281910,-4.59,-2.00,31.06,腾讯财经
2026-07-19 11:30:05,202.81,202.64,206.65,197.97,144281910,-4.59,-2.00,31.06,腾讯财经
2026-07-19 11:40:00,202.81,202.64,206.65,197.97,144281910,-4.59,-2.00,31.06,腾讯财经
2026-07-19 11:50:03,202.81,202.64,206.65,197.97,144281910,-4.59,-2.00,31.06,腾讯财经
2026-07-19 12:00:00,202.81,202.64,206.65,197.97,144281910,-4.59,-2.00,31.06,腾讯财经
2026-07-19 12:10:00,202.81,202.64,206.65,197.97,144281910,-4.59,-2.00,31.06,腾讯财经
2026-07-19 12:20:03,202.81,202.64,206.65,197.97,144281910,-4.59,-2.00,31.06,腾讯财经
2026-07-19 12:30:02,202.81,202.64,206.65,197.97,144281910,-4.59,-2.00,31.06,腾讯财经
2026-07-19 12:40:02,202.81,202.64,206.65,197.97,144281910,-4.59,-2.00,31.06,腾讯财经
2026-07-19 12:50:05,202.81,202.64,206.65,197.97,144281910,-4.59,-2.00,31.06,腾讯财经
2026-07-19 13:00:03,202.81,202.64,206.65,197.97,144281910,-4.59,-2.00,31.06,腾讯财经
2026-07-19 13:10:04,202.81,202.64,206.65,197.97,144281910,-4.59,-2.00,31.06,腾讯财经
2026-07-19 13:20:03,202.81,202.64,206.65,197.97,144281910,-4.59,-2.00,31.06,腾讯财经
2026-07-19 13:30:00,202.81,202.64,206.65,197.97,144281910,-4.59,-2.00,31.06,腾讯财经
2026-07-19 13:40:01,202.81,202.64,206.65,197.97,144281910,-4.59,-2.00,31.06,腾讯财经
2026-07-19 13:50:05,202.81,202.64,206.65,197.97,144281910,-4.59,-2.00,31.06,腾讯财经
2026-07-19 14:00:02,202.81,202.64,206.65,197.97,144281910,-4.59,-2.00,31.06,腾讯财经
2026-07-19 14:10:04,202.81,202.64,206.65,197.97,144281910,-4.59,-2.00,31.06,腾讯财经
2026-07-19 14:20:03,202.81,202.64,206.65,197.97,144281910,-4.59,-2.00,31.06,腾讯财经
2026-07-19 14:30:03,202.81,202.64,206.65,197.97,144281910,-4.59,-2.00,31.06,腾讯财经
2026-07-19 14:40:00,202.81,202.64,206.65,197.97,144281910,-4.59,-2.00,31.06,腾讯财经
2026-07-19 14:50:03,202.81,202.64,206.65,197.97,144281910,-4.59,-2.00,31.06,腾讯财经
2026-07-19 15:00:00,202.81,202.64,206.65,197.97,144281910,-4.59,-2.00,31.06,腾讯财经
2026-07-19 15:10:00,202.81,202.64,206.65,197.97,144281910,-4.59,-2.00,31.06,腾讯财经
2026-07-19 15:20:03,202.81,202.64,206.65,197.97,144281910,-4.59,-2.00,31.06,腾讯财经
2026-07-19 15:30:02,202.81,202.64,206.65,197.97,144281910,-4.59,-2.00,31.06,腾讯财经
2026-07-19 15:40:00,202.81,202.64,206.65,197.97,144281910,-4.59,-2.00,31.06,腾讯财经
2026-07-19 15:50:03,202.81,202.64,206.65,197.97,144281910,-4.59,-2.00,31.06,腾讯财经
2026-07-19 16:00:00,202.81,202.64,206.65,197.97,144281910,-4.59,-2.00,31.06,腾讯财经
2026-07-19 16:10:01,202.81,202.64,206.65,197.97,144281910,-4.59,-2.00,31.06,腾讯财经
2026-07-19 16:20:04,202.81,202.64,206.65,197.97,144281910,-4.59,-2.00,31.06,腾讯财经
2026-07-19 16:30:00,202.81,202.64,206.65,197.97,144281910,-4.59,-2.00,31.06,腾讯财经
2026-07-19 16:40:00,202.81,202.64,206.65,197.97,144281910,-4.59,-2.00,31.06,腾讯财经
2026-07-19 16:50:03,202.81,202.64,206.65,197.97,144281910,-4.59,-2.00,31.06,腾讯财经
2026-07-19 17:00:00,202.81,202.64,206.65,197.97,144281910,-4.59,-2.00,31.06,腾讯财经
2026-07-19 17:10:00,202.81,202.64,206.65,197.97,144281910,-4.59,-2.00,31.06,腾讯财经
2026-07-19 17:20:03,202.81,202.64,206.65,197.97,144281910,-4.59,-2.00,31.06,腾讯财经
2026-07-19 17:30:00,202.81,202.64,206.65,197.97,144281910,-4.59,-2.00,31.06,腾讯财经
2026-07-19 17:40:00,202.81,202.64,206.65,197.97,144281910,-4.59,-2.00,31.06,腾讯财经
2026-07-19 17:50:05,202.81,202.64,206.65,197.97,144281910,-4.59,-2.00,31.06,腾讯财经
2026-07-19 18:00:00,202.81,202.64,206.65,197.97,144281910,-4.59,-2.00,31.06,腾讯财经
2026-07-19 18:10:02,202.81,202.64,206.65,197.97,144281910,-4.59,-2.00,31.06,腾讯财经
2026-07-19 18:20:03,202.81,202.64,206.65,197.97,144281910,-4.59,-2.00,31.06,腾讯财经
2026-07-19 18:30:00,202.81,202.64,206.65,197.97,144281910,-4.59,-2.00,31.06,腾讯财经
2026-07-19 18:40:00,202.81,202.64,206.65,197.97,144281910,-4.59,-2.00,31.06,腾讯财经
2026-07-19 18:50:03,202.81,202.64,206.65,197.97,144281910,-4.59,-2.00,31.06,腾讯财经
2026-07-19 19:00:00,202.81,202.64,206.65,197.97,144281910,-4.59,-2.00,31.06,腾讯财经
2026-07-19 19:10:04,202.81,202.64,206.65,197.97,144281910,-4.59,-2.00,31.06,腾讯财经
2026-07-19 19:20:03,202.81,202.64,206.65,197.97,144281910,-4.59,-2.00,31.06,腾讯财经
2026-07-19 19:30:02,202.81,202.64,206.65,197.97,144281910,-4.59,-2.00,31.06,腾讯财经
2026-07-19 19:40:05,202.81,202.64,206.65,197.97,144281910,-4.59,-2.00,31.06,腾讯财经
2026-07-19 19:50:05,202.81,202.64,206.65,197.97,144281910,-4.59,-2.00,31.06,腾讯财经
2026-07-19 20:00:05,202.81,202.64,206.65,197.97,144281910,-4.59,-2.00,31.06,腾讯财经
2026-07-19 20:10:01,202.81,202.64,206.65,197.97,144281910,-4.59,-2.00,31.06,腾讯财经
2026-07-19 20:20:03,202.81,202.64,206.65,197.97,144281910,-4.59,-2.00,31.06,腾讯财经
2026-07-19 20:30:00,202.81,202.64,206.65,197.97,144281910,-4.59,-2.00,31.06,腾讯财经
2026-07-19 20:40:03,202.81,202.64,206.65,197.97,144281910,-4.59,-2.00,31.06,腾讯财经
2026-07-19 20:50:03,202.81,202.64,206.65,197.97,144281910,-4.59,-2.00,31.06,腾讯财经
2026-07-20 08:40:04,202.81,202.64,206.65,197.97,144281910,-4.59,-2.00,31.06,腾讯财经
2026-07-20 08:50:05,202.81,202.64,206.65,197.97,144281910,-4.59,-2.00,31.06,腾讯财经
2026-07-20 09:00:04,202.81,202.64,206.65,197.97,144281910,-4.59,-2.00,31.06,腾讯财经
2026-07-20 09:10:00,202.81,202.64,206.65,197.97,144281910,-4.59,-2.00,31.06,腾讯财经
2026-07-20 09:20:05,202.81,202.64,206.65,197.97,144281910,-4.59,-2.00,31.06,腾讯财经
2026-07-20 09:30:05,202.81,202.64,206.65,197.97,144281910,-4.59,-2.00,31.06,腾讯财经
2026-07-20 09:40:04,202.81,202.64,206.65,197.97,144281910,-4.59,-2.00,31.06,腾讯财经
2026-07-20 09:50:04,202.81,202.64,206.65,197.97,144281910,-4.59,-2.00,31.06,腾讯财经
2026-07-20 10:00:05,202.81,202.64,206.65,197.97,144281910,-4.59,-2.00,31.06,腾讯财经
2026-07-20 10:10:00,202.81,202.64,206.65,197.97,144281910,-4.59,-2.00,31.06,腾讯财经
2026-07-20 10:20:00,202.81,202.64,206.65,197.97,144281910,-4.59,-2.00,31.06,腾讯财经
2026-07-20 10:30:02,202.81,202.64,206.65,197.97,144281910,-4.59,-2.00,31.06,腾讯财经
2026-07-20 10:40:00,202.81,202.64,206.65,197.97,144281910,-4.59,-2.00,31.06,腾讯财经
2026-07-20 10:50:00,202.81,202.64,206.65,197.97,144281910,-4.59,-2.00,31.06,腾讯财经
2026-07-20 11:00:04,202.81,202.64,206.65,197.97,144281910,-4.59,-2.00,31.06,腾讯财经
2026-07-20 11:10:05,202.81,202.64,206.65,197.97,144281910,-4.59,-2.00,31.06,腾讯财经
2026-07-20 11:20:05,202.81,202.64,206.65,197.97,144281910,-4.59,-2.00,31.06,腾讯财经
2026-07-20 11:30:02,202.81,202.64,206.65,197.97,144281910,-4.59,-2.00,31.06,腾讯财经
2026-07-20 11:40:04,202.81,202.64,206.65,197.97,144281910,-4.59,-2.00,31.06,腾讯财经
2026-07-20 11:50:00,202.81,202.64,206.65,197.97,144281910,-4.59,-2.00,31.06,腾讯财经
2026-07-20 12:00:04,202.81,202.64,206.65,197.97,144281910,-4.59,-2.00,31.06,腾讯财经
2026-07-20 12:10:00,202.81,202.64,206.65,197.97,144281910,-4.59,-2.00,31.06,腾讯财经
2026-07-20 12:20:04,202.81,202.64,206.65,197.97,144281910,-4.59,-2.00,31.06,腾讯财经
2026-07-20 12:30:03,202.81,202.64,206.65,197.97,144281910,-4.59,-2.00,31.06,腾讯财经
2026-07-20 12:40:00,202.81,202.64,206.65,197.97,144281910,-4.59,-2.00,31.06,腾讯财经
2026-07-20 12:50:00,202.81,202.64,206.65,197.97,144281910,-4.59,-2.00,31.06,腾讯财经
2026-07-20 13:00:00,202.81,202.64,206.65,197.97,144281910,-4.59,-2.00,31.06,腾讯财经
2026-07-20 13:10:05,202.81,202.64,206.65,197.97,144281910,-4.59,-2.00,31.06,腾讯财经
2026-07-20 13:20:01,202.81,202.64,206.65,197.97,144281910,-4.59,-2.00,31.06,腾讯财经
2026-07-20 13:30:00,202.81,202.64,206.65,197.97,144281910,-4.59,-2.00,31.06,腾讯财经
2026-07-20 13:40:05,202.81,202.64,206.65,197.97,144281910,-4.59,-2.00,31.06,腾讯财经
2026-07-20 13:50:00,202.81,202.64,206.65,197.97,144281910,-4.59,-2.00,31.06,腾讯财经
2026-07-20 14:00:00,202.81,202.64,206.65,197.97,144281910,-4.59,-2.00,31.06,腾讯财经
2026-07-20 14:10:04,202.81,202.64,206.65,197.97,144281910,-4.59,-2.00,31.06,腾讯财经
2026-07-20 14:20:02,202.81,202.64,206.65,197.97,144281910,-4.59,-2.00,31.06,腾讯财经
2026-07-20 14:30:01,202.81,202.64,206.65,197.97,144281910,-4.59,-2.00,31.06,腾讯财经
2026-07-20 14:40:04,202.81,202.64,206.65,197.97,144281910,-4.59,-2.00,31.06,腾讯财经
2026-07-20 14:50:03,202.81,202.64,206.65,197.97,144281910,-4.59,-2.00,31.06,腾讯财经
2026-07-20 15:00:00,202.81,202.64,206.65,197.97,144281910,-4.59,-2.00,31.06,腾讯财经
2026-07-20 15:10:00,202.81,202.64,206.65,197.97,144281910,-4.59,-2.00,31.06,腾讯财经
2026-07-20 15:20:00,202.81,202.64,206.65,197.97,144281910,-4.59,-2.00,31.06,腾讯财经
2026-07-20 15:30:01,202.81,202.64,206.65,197.97,144281910,-4.59,-2.00,31.06,腾讯财经
2026-07-20 15:40:01,202.81,202.64,206.65,197.97,144281910,-4.59,-2.00,31.06,腾讯财经
2026-07-20 15:50:00,202.81,202.64,206.65,197.97,144281910,-4.59,-2.00,31.06,腾讯财经
2026-07-20 16:00:04,202.81,202.64,206.65,197.97,144281910,-4.59,-2.00,31.06,腾讯财经
2026-07-20 16:10:01,202.81,202.64,206.65,197.97,144281910,-4.59,-2.00,31.06,腾讯财经
2026-07-20 16:20:01,202.81,202.64,206.65,197.97,144281910,-4.59,-2.00,31.06,腾讯财经
2026-07-20 16:30:05,202.81,202.64,206.65,197.97,144281910,-4.59,-2.00,31.06,腾讯财经
2026-07-20 16:40:00,202.81,202.64,206.65,197.97,144281910,-4.59,-2.00,31.06,腾讯财经
2026-07-20 16:50:01,202.81,202.64,206.65,197.97,144281910,-4.59,-2.00,31.06,腾讯财经
2026-07-20 17:00:04,202.81,202.64,206.65,197.97,144281910,-4.59,-2.00,31.06,腾讯财经
2026-07-20 17:10:00,202.81,202.64,206.65,197.97,144281910,-4.59,-2.00,31.06,腾讯财经
2026-07-20 17:20:01,202.81,202.64,206.65,197.97,144281910,-4.59,-2.00,31.06,腾讯财经
2026-07-20 17:30:01,202.81,202.64,206.65,197.97,144281910,-4.59,-2.00,31.06,腾讯财经
2026-07-20 18:17:59,202.81,202.64,206.65,197.97,144281910,-4.59,-2.00,31.06,腾讯财经
2026-07-20 18:20:00,202.81,202.64,206.65,197.97,144281910,-4.59,-2.00,31.06,腾讯财经
2026-07-20 18:30:04,202.81,202.64,206.65,197.97,144281910,-4.59,-2.00,31.06,腾讯财经
2026-07-20 18:40:03,202.81,202.64,206.65,197.97,144281910,-4.59,-2.00,31.06,腾讯财经
2026-07-20 18:50:05,202.81,202.64,206.65,197.97,144281910,-4.59,-2.00,31.06,腾讯财经
2026-07-20 19:00:05,202.81,202.64,206.65,197.97,144281910,-4.59,-2.00,31.06,腾讯财经
2026-07-20 19:10:03,202.81,202.64,206.65,197.97,144281910,-4.59,-2.00,31.06,腾讯财经
2026-07-20 19:20:05,202.81,202.64,206.65,197.97,144281910,-4.59,-2.00,31.06,腾讯财经
2026-07-20 19:30:00,202.81,202.64,206.65,197.97,144281910,-4.59,-2.00,31.06,腾讯财经
2026-07-20 19:40:00,202.81,202.64,206.65,197.97,144281910,-4.59,-2.00,31.06,腾讯财经
2026-07-20 19:50:03,202.81,202.64,206.65,197.97,144281910,-4.59,-2.00,31.06,腾讯财经
2026-07-20 20:00:02,202.81,202.64,206.65,197.97,144281910,-4.59,-2.00,31.06,腾讯财经
2026-07-20 20:10:04,202.81,202.64,206.65,197.97,144281910,-4.59,-2.00,31.06,腾讯财经
2026-07-20 20:20:03,202.81,202.64,206.65,197.97,144281910,-4.59,-2.00,31.06,腾讯财经
2026-07-20 20:30:02,202.81,202.64,206.65,197.97,144281910,-4.59,-2.00,31.06,腾讯财经
2026-07-20 20:40:00,202.81,202.64,206.65,197.97,144281910,-4.59,-2.00,31.06,腾讯财经
2026-07-20 20:50:01,202.81,202.64,206.65,197.97,144281910,-4.59,-2.00,31.06,腾讯财经
2026-07-20 21:00:03,202.81,202.64,206.65,197.97,144281910,-4.59,-2.00,31.06,腾讯财经
2026-07-20 21:10:00,202.81,202.64,206.65,197.97,144281910,-4.59,-2.00,31.06,腾讯财经
2026-07-20 21:20:05,202.81,202.64,206.65,197.97,144281910,-4.59,-2.00,31.06,腾讯财经
2026-07-20 21:30:00,202.81,0.00,0.00,0.00,2333186,0,0,31.06,腾讯财经
2026-07-20 21:40:00,207.56,206.04,207.74,205.08,8892121,4.75,2.00,31.78,腾讯财经
2026-07-20 21:50:00,206.97,205.87,207.74,205.08,12105615,4.16,2.00,31.69,腾讯财经
2026-07-20 22:00:04,205.86,205.87,207.74,205.08,14776348,3.05,1.00,31.53,腾讯财经
2026-07-20 22:10:05,206.20,205.87,207.74,205.08,16997999,3.39,1.00,31.58,腾讯财经
2026-07-20 22:20:02,205.13,205.87,207.74,204.96,19069537,2.32,1.00,31.41,腾讯财经
2026-07-20 22:30:00,205.75,205.87,207.74,204.66,21109839,2.94,1.00,31.51,腾讯财经
2026-07-20 22:40:01,205.42,205.87,207.74,204.66,23140297,2.61,1.00,31.46,腾讯财经
2026-07-20 22:50:00,205.26,205.87,207.74,204.66,24534869,2.45,1.00,31.43,腾讯财经
2026-07-20 23:00:01,204.88,205.87,207.74,204.58,26019887,2.07,1.00,31.38,腾讯财经
2026-07-20 23:10:00,205.86,205.87,207.74,204.58,27818297,3.05,1.00,31.53,腾讯财经
2026-07-20 23:20:00,205.88,205.87,207.74,204.58,29491249,3.07,1.00,31.53,腾讯财经
2026-07-20 23:30:02,206.34,205.87,207.74,204.58,31303033,3.53,1.00,31.60,腾讯财经
2026-07-20 23:40:01,205.67,205.87,207.74,204.58,32734726,2.86,1.00,31.50,腾讯财经
2026-07-20 23:50:02,204.87,205.87,207.74,204.58,34535613,2.06,1.00,31.37,腾讯财经
2026-07-21 00:00:00,205.94,205.87,207.74,204.58,36015621,3.13,1.00,31.54,腾讯财经
2026-07-21 00:10:04,206.17,205.87,207.74,204.58,37317414,3.36,1.00,31.57,腾讯财经
2026-07-21 00:20:00,205.63,205.87,207.74,204.58,38411981,2.82,1.00,31.49,腾讯财经
2026-07-21 00:30:00,205.32,205.87,207.74,204.58,39447264,2.51,1.00,31.44,腾讯财经
2026-07-21 00:40:02,205.10,205.87,207.74,204.58,40743487,2.29,1.00,31.41,腾讯财经
2026-07-21 00:50:04,204.65,205.87,207.74,204.20,42571583,1.84,0,31.34,腾讯财经
2026-07-21 01:00:01,203.96,205.87,207.74,203.66,44079468,1.15,0,31.23,腾讯财经
2026-07-21 01:10:05,203.62,205.87,207.74,203.50,45316865,.81,0,31.18,腾讯财经
2026-07-21 01:20:00,203.57,205.87,207.74,203.04,46817202,.76,0,31.17,腾讯财经
2026-07-21 01:30:03,203.75,205.87,207.74,203.04,48143924,.94,0,31.20,腾讯财经
2026-07-21 01:40:03,204.17,205.87,207.74,203.04,49228755,1.36,0,31.27,腾讯财经
2026-07-21 01:50:05,204.28,205.87,207.74,203.04,50250874,1.47,0,31.28,腾讯财经
2026-07-21 02:00:00,204.33,205.87,207.74,203.04,51350785,1.52,0,31.29,腾讯财经
2026-07-21 02:10:00,204.69,205.87,207.74,203.04,52426277,1.88,0,31.35,腾讯财经
2026-07-21 02:20:05,204.80,205.87,207.74,203.04,53532202,1.99,0,31.36,腾讯财经
2026-07-21 02:30:00,204.34,205.87,207.74,203.04,54451662,1.53,0,31.29,腾讯财经
2026-07-21 02:40:00,203.89,205.87,207.74,203.04,55596098,1.08,0,31.22,腾讯财经
2026-07-21 02:50:02,203.51,205.87,207.74,203.04,56856979,.70,0,31.17,腾讯财经
2026-07-21 03:00:04,203.35,205.87,207.74,203.04,58075863,.54,0,31.14,腾讯财经
2026-07-21 03:10:00,202.91,205.87,207.74,202.58,60344724,.10,0,31.07,腾讯财经
2026-07-21 03:20:00,202.59,205.87,207.74,202.28,62565750,-.22,0,31.02,腾讯财经
2026-07-21 03:30:00,202.91,205.87,207.74,202.28,63955920,.10,0,31.07,腾讯财经
2026-07-21 03:40:03,203.17,205.87,207.74,202.28,65692263,.36,0,31.11,腾讯财经
2026-07-21 03:50:00,203.23,205.87,207.74,202.28,67260961,.42,0,31.12,腾讯财经
2026-07-21 04:00:00,203.29,205.87,207.74,202.28,71249728,.48,0,31.13,腾讯财经
2026-07-21 04:10:02,203.28,205.87,207.74,202.28,87465730,.47,0,31.13,腾讯财经
2026-07-21 04:20:01,203.28,205.87,207.74,202.28,87966489,.47,0,31.13,腾讯财经
2026-07-21 04:30:00,203.28,205.87,207.74,202.28,88114258,.47,0,31.13,腾讯财经
2026-07-21 04:40:03,203.28,205.87,207.74,202.28,88151680,.47,0,31.13,腾讯财经
2026-07-21 04:50:00,203.28,205.87,207.74,202.28,88209249,.47,0,31.13,腾讯财经
2026-07-21 05:00:01,203.28,205.87,207.74,202.28,88271031,.47,0,31.13,腾讯财经
2026-07-21 05:10:05,203.28,205.87,207.74,202.28,88311073,.47,0,31.13,腾讯财经
2026-07-21 05:20:01,203.28,205.87,207.74,202.28,88321923,.47,0,31.13,腾讯财经
2026-07-21 05:30:00,203.28,205.87,207.74,202.28,88343601,.47,0,31.13,腾讯财经
2026-07-21 05:40:05,203.28,205.87,207.74,202.28,88403954,.47,0,31.13,腾讯财经
2026-07-21 05:50:00,203.28,205.87,207.74,202.28,88421382,.47,0,31.13,腾讯财经
2026-07-21 06:00:00,203.28,205.87,207.74,202.28,88437154,.47,0,31.13,腾讯财经
2026-07-21 06:10:00,203.28,205.87,207.74,202.28,88477606,.47,0,31.13,腾讯财经
2026-07-21 06:20:04,203.28,205.87,207.74,202.28,88502690,.47,0,31.13,腾讯财经
2026-07-21 06:30:04,203.28,205.87,207.74,202.28,88516995,.47,0,31.13,腾讯财经
2026-07-21 06:40:01,203.28,205.87,207.74,202.28,88552114,.47,0,31.13,腾讯财经
2026-07-21 06:50:00,203.28,205.87,207.74,202.28,88570746,.47,0,31.13,腾讯财经
2026-07-21 07:00:00,203.28,205.87,207.74,202.28,88586931,.47,0,31.13,腾讯财经
2026-07-21 07:10:00,203.28,205.87,207.74,202.28,88602376,.47,0,31.13,腾讯财经
2026-07-21 07:20:01,203.28,205.87,207.74,202.28,88621462,.47,0,31.13,腾讯财经
2026-07-21 07:30:02,203.28,205.87,207.74,202.28,88645377,.47,0,31.13,腾讯财经
2026-07-21 07:40:03,203.28,205.87,207.74,202.28,88661357,.47,0,31.13,腾讯财经
2026-07-21 07:50:02,203.28,205.87,207.74,202.28,88681189,.47,0,31.13,腾讯财经
2026-07-21 08:40:05,203.28,205.87,207.74,202.28,88701540,.47,0,31.13,腾讯财经
2026-07-21 08:50:00,203.28,205.87,207.74,202.28,88701540,.47,0,31.13,腾讯财经
2026-07-21 09:00:00,203.28,205.87,207.74,202.28,88701540,.47,0,31.13,腾讯财经
2026-07-21 09:10:03,203.28,205.87,207.74,202.28,88701540,.47,0,31.13,腾讯财经
2026-07-21 09:20:04,203.28,205.87,207.74,202.28,88701540,.47,0,31.13,腾讯财经
2026-07-21 09:30:05,203.28,205.87,207.74,202.28,88701540,.47,0,31.13,腾讯财经
2026-07-21 09:40:01,203.28,205.87,207.74,202.28,88701540,.47,0,31.13,腾讯财经
2026-07-21 09:50:02,203.28,205.87,207.74,202.28,88701540,.47,0,31.13,腾讯财经
2026-07-21 10:00:02,203.28,205.87,207.74,202.28,88701540,.47,0,31.13,腾讯财经
2026-07-21 10:10:01,203.28,205.87,207.74,202.28,88701540,.47,0,31.13,腾讯财经
2026-07-21 10:20:04,203.28,205.87,207.74,202.28,88701540,.47,0,31.13,腾讯财经
2026-07-21 10:30:02,203.28,205.87,207.74,202.28,88701540,.47,0,31.13,腾讯财经
2026-07-21 10:40:04,203.28,205.87,207.74,202.28,88701540,.47,0,31.13,腾讯财经
2026-07-21 10:50:00,203.28,205.87,207.74,202.28,88701540,.47,0,31.13,腾讯财经
2026-07-21 11:00:00,203.28,205.87,207.74,202.28,88701540,.47,0,31.13,腾讯财经
2026-07-21 11:10:00,203.28,205.87,207.74,202.28,88701540,.47,0,31.13,腾讯财经
2026-07-21 11:20:00,203.28,205.87,207.74,202.28,88701540,.47,0,31.13,腾讯财经
2026-07-21 11:30:00,203.28,205.87,207.74,202.28,88701540,.47,0,31.13,腾讯财经
2026-07-21 11:40:00,203.28,205.87,207.74,202.28,88701540,.47,0,31.13,腾讯财经
2026-07-21 11:50:04,203.28,205.87,207.74,202.28,88701540,.47,0,31.13,腾讯财经
2026-07-21 12:00:04,203.28,205.87,207.74,202.28,88701540,.47,0,31.13,腾讯财经
2026-07-21 12:10:00,203.28,205.87,207.74,202.28,88701540,.47,0,31.13,腾讯财经
2026-07-21 12:20:00,203.28,205.87,207.74,202.28,88701540,.47,0,31.13,腾讯财经
2026-07-21 12:30:03,203.28,205.87,207.74,202.28,88701540,.47,0,31.13,腾讯财经
2026-07-21 12:40:04,203.28,205.87,207.74,202.28,88701540,.47,0,31.13,腾讯财经
2026-07-21 12:50:00,203.28,205.87,207.74,202.28,88701540,.47,0,31.13,腾讯财经
2026-07-21 13:00:00,203.28,205.87,207.74,202.28,88701540,.47,0,31.13,腾讯财经
2026-07-21 13:10:04,203.28,205.87,207.74,202.28,88701540,.47,0,31.13,腾讯财经
2026-07-21 13:20:01,203.28,205.87,207.74,202.28,88701540,.47,0,31.13,腾讯财经
2026-07-21 13:30:05,203.28,205.87,207.74,202.28,88701540,.47,0,31.13,腾讯财经
2026-07-21 13:40:01,203.28,205.87,207.74,202.28,88701540,.47,0,31.13,腾讯财经
2026-07-21 13:50:00,203.28,205.87,207.74,202.28,88701540,.47,0,31.13,腾讯财经
2026-07-21 14:00:01,203.28,205.87,207.74,202.28,88701540,.47,0,31.13,腾讯财经
2026-07-21 14:10:05,203.28,205.87,207.74,202.28,88701540,.47,0,31.13,腾讯财经
2026-07-21 14:20:00,203.28,205.87,207.74,202.28,88701540,.47,0,31.13,腾讯财经
2026-07-21 14:30:01,203.28,205.87,207.74,202.28,88701540,.47,0,31.13,腾讯财经
2026-07-21 14:40:00,203.28,205.87,207.74,202.28,88701540,.47,0,31.13,腾讯财经
2026-07-21 14:50:00,203.28,205.87,207.74,202.28,88701540,.47,0,31.13,腾讯财经
2026-07-21 15:00:03,203.28,205.87,207.74,202.28,88701540,.47,0,31.13,腾讯财经
2026-07-21 15:10:05,203.28,205.87,207.74,202.28,88701540,.47,0,31.13,腾讯财经
2026-07-21 15:20:01,203.28,205.87,207.74,202.28,88701540,.47,0,31.13,腾讯财经
2026-07-21 15:30:03,203.28,205.87,207.74,202.28,88701540,.47,0,31.13,腾讯财经
2026-07-21 15:40:02,203.28,205.87,207.74,202.28,88701540,.47,0,31.13,腾讯财经
2026-07-21 15:50:00,203.28,205.87,207.74,202.28,88701540,.47,0,31.13,腾讯财经
2026-07-21 16:00:00,203.28,205.87,207.74,202.28,88701540,.47,0,31.13,腾讯财经
2026-07-21 16:10:00,203.28,205.87,207.74,202.28,88701540,.47,0,31.13,腾讯财经
2026-07-21 16:20:00,203.28,205.87,207.74,202.28,88701540,.47,0,31.13,腾讯财经
2026-07-21 16:30:00,203.28,205.87,207.74,202.28,88701540,.47,0,31.13,腾讯财经
2026-07-21 16:40:00,203.28,205.87,207.74,202.28,88701540,.47,0,31.13,腾讯财经
2026-07-21 16:50:04,203.28,205.87,207.74,202.28,88701540,.47,0,31.13,腾讯财经
2026-07-21 17:00:00,203.28,205.87,207.74,202.28,88701540,.47,0,31.13,腾讯财经
2026-07-21 17:10:04,203.28,205.87,207.74,202.28,88701540,.47,0,31.13,腾讯财经
2026-07-21 17:20:01,203.28,205.87,207.74,202.28,88701540,.47,0,31.13,腾讯财经
2026-07-21 17:30:01,203.28,205.87,207.74,202.28,88701540,.47,0,31.13,腾讯财经
2026-07-21 18:32:23,203.28,205.87,207.74,202.28,88701540,.47,0,31.13,腾讯财经
2026-07-21 18:40:04,203.28,205.87,207.74,202.28,88701540,.47,0,31.13,腾讯财经
2026-07-21 18:50:04,203.28,205.87,207.74,202.28,88701540,.47,0,31.13,腾讯财经
2026-07-21 19:00:00,203.28,205.87,207.74,202.28,88701540,.47,0,31.13,腾讯财经
2026-07-21 19:10:00,203.28,205.87,207.74,202.28,88701540,.47,0,31.13,腾讯财经
2026-07-21 19:20:02,203.28,205.87,207.74,202.28,88701540,.47,0,31.13,腾讯财经
2026-07-21 19:30:04,203.28,205.87,207.74,202.28,88701540,.47,0,31.13,腾讯财经
2026-07-21 19:40:04,203.28,205.87,207.74,202.28,88701540,.47,0,31.13,腾讯财经
2026-07-21 19:50:00,203.28,205.87,207.74,202.28,88701540,.47,0,31.13,腾讯财经
2026-07-21 20:00:00,203.28,205.87,207.74,202.28,88701540,.47,0,31.13,腾讯财经
2026-07-21 20:10:04,203.28,205.87,207.74,202.28,88701540,.47,0,31.13,腾讯财经
2026-07-21 20:20:03,203.28,205.87,207.74,202.28,88701540,.47,0,31.13,腾讯财经
2026-07-21 20:30:01,203.28,205.87,207.74,202.28,88701540,.47,0,31.13,腾讯财经
2026-07-21 20:40:00,203.28,205.87,207.74,202.28,88701540,.47,0,31.13,腾讯财经
2026-07-21 20:50:00,203.28,205.87,207.74,202.28,88701540,.47,0,31.13,腾讯财经
2026-07-21 21:00:00,203.28,205.87,207.74,202.28,88701540,.47,0,31.13,腾讯财经
2026-07-21 21:10:04,203.28,205.87,207.74,202.28,88701540,.47,0,31.13,腾讯财经
2026-07-21 21:20:00,203.28,205.87,207.74,202.28,88701540,.47,0,31.13,腾讯财经
2026-07-21 21:30:03,203.28,0.00,0.00,0.00,2227956,0,0,31.13,腾讯财经
2026-07-21 21:40:04,207.08,207.54,208.65,206.26,9612863,3.80,1.00,31.71,腾讯财经
2026-07-21 21:50:00,205.90,207.54,208.65,205.79,12949838,2.62,1.00,31.53,腾讯财经
2026-07-21 22:00:00,205.39,207.54,208.65,204.82,16573503,2.11,1.00,31.45,腾讯财经
2026-07-21 22:10:04,204.20,207.54,208.65,204.02,19926068,.92,0,31.27,腾讯财经
2026-07-21 22:20:02,205.15,207.54,208.65,204.01,22417618,1.87,0,31.42,腾讯财经
2026-07-21 22:30:04,205.35,207.54,208.65,204.01,24529215,2.07,1.00,31.45,腾讯财经
2026-07-21 22:40:00,205.46,207.54,208.65,204.01,26284037,2.18,1.00,31.46,腾讯财经
2026-07-21 22:50:04,205.24,207.54,208.65,204.01,28216021,1.96,0,31.43,腾讯财经
2026-07-21 23:00:00,205.85,207.54,208.65,204.01,29735313,2.57,1.00,31.52,腾讯财经
2026-07-21 23:10:00,205.97,207.54,208.65,204.01,32509588,2.69,1.00,31.54,腾讯财经
2026-07-21 23:20:00,206.26,207.54,208.65,204.01,34324952,2.98,1.00,31.59,腾讯财经
2026-07-21 23:30:00,206.56,207.54,208.65,204.01,36362918,3.28,1.00,31.63,腾讯财经
2026-07-21 23:40:00,206.34,207.54,208.65,204.01,38369635,3.06,1.00,31.60,腾讯财经
2026-07-21 23:50:00,206.37,207.54,208.65,204.01,40586551,3.09,1.00,31.60,腾讯财经
2026-07-22 00:00:01,205.79,207.54,208.65,204.01,44897312,2.51,1.00,31.51,腾讯财经
2026-07-22 00:10:00,206.22,207.54,208.65,204.01,46514576,2.94,1.00,31.58,腾讯财经
2026-07-22 00:20:02,205.69,207.54,208.65,204.01,48273666,2.41,1.00,31.50,腾讯财经
2026-07-22 00:30:04,205.08,207.54,208.65,204.01,49790531,1.80,0,31.41,腾讯财经
2026-07-22 00:40:00,205.01,207.54,208.65,204.01,52012853,1.73,0,31.40,腾讯财经
2026-07-22 00:50:00,205.16,207.54,208.65,204.01,53908542,1.88,0,31.42,腾讯财经
2026-07-22 01:00:00,205.43,207.54,208.65,204.01,55211059,2.15,1.00,31.46,腾讯财经
2026-07-22 01:10:02,205.74,207.54,208.65,204.01,56917329,2.46,1.00,31.51,腾讯财经
2026-07-22 01:20:00,206.11,207.54,208.65,204.01,59963583,2.83,1.00,31.56,腾讯财经
2026-07-22 01:30:01,205.93,207.54,208.65,204.01,61490605,2.65,1.00,31.54,腾讯财经
2026-07-22 01:40:00,206.78,207.54,208.65,204.01,63518464,3.50,1.00,31.67,腾讯财经
2026-07-22 01:50:01,206.75,207.54,208.65,204.01,64793906,3.47,1.00,31.66,腾讯财经
2026-07-22 02:00:00,206.31,207.54,208.65,204.01,65805431,3.03,1.00,31.59,腾讯财经
2026-07-22 02:10:00,206.45,207.54,208.65,204.01,66868117,3.17,1.00,31.62,腾讯财经
2026-07-22 02:20:00,206.03,207.54,208.65,204.01,67799353,2.75,1.00,31.55,腾讯财经
2026-07-22 02:30:00,206.24,207.54,208.65,204.01,68857885,2.96,1.00,31.58,腾讯财经
2026-07-22 02:40:04,206.83,207.54,208.65,204.01,70154499,3.55,1.00,31.67,腾讯财经
2026-07-22 02:50:00,206.97,207.54,208.65,204.01,71999977,3.69,1.00,31.70,腾讯财经
2026-07-22 03:00:00,207.17,207.54,208.65,204.01,73316025,3.89,1.00,31.73,腾讯财经
2026-07-22 03:10:00,206.59,207.54,208.65,204.01,76227907,3.31,1.00,31.64,腾讯财经
2026-07-22 03:20:00,206.99,207.54,208.65,204.01,77717465,3.71,1.00,31.70,腾讯财经
2026-07-22 03:30:02,206.77,207.54,208.65,204.01,79218220,3.49,1.00,31.66,腾讯财经
2026-07-22 03:40:00,207.00,207.54,208.65,204.01,80707029,3.72,1.00,31.70,腾讯财经
2026-07-22 03:50:00,206.82,207.54,208.65,204.01,82327321,3.54,1.00,31.67,腾讯财经
2026-07-22 04:00:00,207.38,207.54,208.65,204.01,88435432,4.10,2.00,31.76,腾讯财经
2026-07-22 04:10:05,207.29,207.54,208.65,204.01,105292909,4.01,1.00,31.74,腾讯财经
2026-07-22 04:20:00,207.29,207.54,208.65,204.01,106898549,4.01,1.00,31.74,腾讯财经
2026-07-22 04:30:00,207.29,207.54,208.65,204.01,107161499,4.01,1.00,31.74,腾讯财经
2026-07-22 04:40:00,207.29,207.54,208.65,204.01,108079857,4.01,1.00,31.74,腾讯财经
2026-07-22 04:50:04,207.29,207.54,208.65,204.01,108123400,4.01,1.00,31.74,腾讯财经
2026-07-22 05:00:00,207.29,207.54,208.65,204.01,108222960,4.01,1.00,31.74,腾讯财经
2026-07-22 05:10:01,207.29,207.54,208.65,204.01,108262950,4.01,1.00,31.74,腾讯财经
2026-07-22 05:20:00,207.29,207.54,208.65,204.01,108283265,4.01,1.00,31.74,腾讯财经
2026-07-22 05:30:04,207.29,207.54,208.65,204.01,108320457,4.01,1.00,31.74,腾讯财经
2026-07-22 05:40:03,207.29,207.54,208.65,204.01,108343200,4.01,1.00,31.74,腾讯财经
2026-07-22 05:50:00,207.29,207.54,208.65,204.01,108359306,4.01,1.00,31.74,腾讯财经
2026-07-22 06:00:00,207.29,207.54,208.65,204.01,108373932,4.01,1.00,31.74,腾讯财经
2026-07-22 06:10:04,207.29,207.54,208.65,204.01,108415351,4.01,1.00,31.74,腾讯财经
2026-07-22 06:20:01,207.29,207.54,208.65,204.01,108439357,4.01,1.00,31.74,腾讯财经
2026-07-22 06:30:02,207.29,207.54,208.65,204.01,108478747,4.01,1.00,31.74,腾讯财经
2026-07-22 06:40:00,207.29,207.54,208.65,204.01,108500706,4.01,1.00,31.74,腾讯财经
2026-07-22 06:50:00,207.29,207.54,208.65,204.01,108537593,4.01,1.00,31.74,腾讯财经
2026-07-22 07:00:00,207.29,207.54,208.65,204.01,108561599,4.01,1.00,31.74,腾讯财经
2026-07-22 07:10:03,207.29,207.54,208.65,204.01,108582389,4.01,1.00,31.74,腾讯财经
2026-07-22 07:20:05,207.29,207.54,208.65,204.01,108606661,4.01,1.00,31.74,腾讯财经
2026-07-22 07:30:01,207.29,207.54,208.65,204.01,108620288,4.01,1.00,31.74,腾讯财经
2026-07-22 07:40:04,207.29,207.54,208.65,204.01,108633555,4.01,1.00,31.74,腾讯财经
2026-07-22 07:50:01,207.29,207.54,208.65,204.01,108654323,4.01,1.00,31.74,腾讯财经
2026-07-22 08:44:25,207.29,207.54,208.65,204.01,108685563,4.01,1.00,31.74,腾讯财经
2026-07-22 08:50:05,207.29,207.54,208.65,204.01,108685563,4.01,1.00,31.74,腾讯财经
2026-07-22 09:00:03,207.29,207.54,208.65,204.01,108685563,4.01,1.00,31.74,腾讯财经
2026-07-22 09:10:01,207.29,207.54,208.65,204.01,108685563,4.01,1.00,31.74,腾讯财经
2026-07-22 09:20:00,207.29,207.54,208.65,204.01,108685563,4.01,1.00,31.74,腾讯财经
2026-07-22 09:30:00,207.29,207.54,208.65,204.01,108685563,4.01,1.00,31.74,腾讯财经
2026-07-22 09:40:03,207.29,207.54,208.65,204.01,108685563,4.01,1.00,31.74,腾讯财经
2026-07-22 09:50:00,207.29,207.54,208.65,204.01,108685563,4.01,1.00,31.74,腾讯财经
2026-07-22 10:00:00,207.29,207.54,208.65,204.01,108685563,4.01,1.00,31.74,腾讯财经
2026-07-22 10:10:03,207.29,207.54,208.65,204.01,108685563,4.01,1.00,31.74,腾讯财经
2026-07-22 10:20:05,207.29,207.54,208.65,204.01,108685563,4.01,1.00,31.74,腾讯财经
2026-07-22 10:30:00,207.29,207.54,208.65,204.01,108685563,4.01,1.00,31.74,腾讯财经
2026-07-22 10:40:02,207.29,207.54,208.65,204.01,108685563,4.01,1.00,31.74,腾讯财经
2026-07-22 10:50:02,207.29,207.54,208.65,204.01,108685563,4.01,1.00,31.74,腾讯财经
2026-07-22 11:00:00,207.29,207.54,208.65,204.01,108685563,4.01,1.00,31.74,腾讯财经
2026-07-22 11:10:05,207.29,207.54,208.65,204.01,108685563,4.01,1.00,31.74,腾讯财经
2026-07-22 11:20:05,207.29,207.54,208.65,204.01,108685563,4.01,1.00,31.74,腾讯财经
2026-07-22 11:30:04,207.29,207.54,208.65,204.01,108685563,4.01,1.00,31.74,腾讯财经
2026-07-22 11:40:04,207.29,207.54,208.65,204.01,108685563,4.01,1.00,31.74,腾讯财经
2026-07-22 11:50:04,207.29,207.54,208.65,204.01,108685563,4.01,1.00,31.74,腾讯财经
2026-07-22 12:00:05,207.29,207.54,208.65,204.01,108685563,4.01,1.00,31.74,腾讯财经
2026-07-22 12:10:05,207.29,207.54,208.65,204.01,108685563,4.01,1.00,31.74,腾讯财经
2026-07-22 12:20:04,207.29,207.54,208.65,204.01,108685563,4.01,1.00,31.74,腾讯财经
2026-07-22 12:30:05,207.29,207.54,208.65,204.01,108685563,4.01,1.00,31.74,腾讯财经
2026-07-22 12:40:04,207.29,207.54,208.65,204.01,108685563,4.01,1.00,31.74,腾讯财经
2026-07-22 12:50:05,207.29,207.54,208.65,204.01,108685563,4.01,1.00,31.74,腾讯财经
2026-07-22 13:00:05,207.29,207.54,208.65,204.01,108685563,4.01,1.00,31.74,腾讯财经
2026-07-22 13:10:04,207.29,207.54,208.65,204.01,108685563,4.01,1.00,31.74,腾讯财经
2026-07-22 13:20:04,207.29,207.54,208.65,204.01,108685563,4.01,1.00,31.74,腾讯财经
2026-07-22 13:30:04,207.29,207.54,208.65,204.01,108685563,4.01,1.00,31.74,腾讯财经
2026-07-22 13:40:05,207.29,207.54,208.65,204.01,108685563,4.01,1.00,31.74,腾讯财经
2026-07-22 13:50:04,207.29,207.54,208.65,204.01,108685563,4.01,1.00,31.74,腾讯财经
2026-07-22 14:00:04,207.29,207.54,208.65,204.01,108685563,4.01,1.00,31.74,腾讯财经
2026-07-22 14:10:04,207.29,207.54,208.65,204.01,108685563,4.01,1.00,31.74,腾讯财经
2026-07-22 14:20:04,207.29,207.54,208.65,204.01,108685563,4.01,1.00,31.74,腾讯财经
2026-07-22 14:30:04,207.29,207.54,208.65,204.01,108685563,4.01,1.00,31.74,腾讯财经
2026-07-22 14:40:04,207.29,207.54,208.65,204.01,108685563,4.01,1.00,31.74,腾讯财经
2026-07-22 14:50:05,207.29,207.54,208.65,204.01,108685563,4.01,1.00,31.74,腾讯财经
2026-07-22 15:00:04,207.29,207.54,208.65,204.01,108685563,4.01,1.00,31.74,腾讯财经
2026-07-22 15:10:05,207.29,207.54,208.65,204.01,108685563,4.01,1.00,31.74,腾讯财经
2026-07-22 15:20:05,207.29,207.54,208.65,204.01,108685563,4.01,1.00,31.74,腾讯财经
2026-07-22 15:30:04,207.29,207.54,208.65,204.01,108685563,4.01,1.00,31.74,腾讯财经
2026-07-22 15:40:04,207.29,207.54,208.65,204.01,108685563,4.01,1.00,31.74,腾讯财经
2026-07-22 15:50:04,207.29,207.54,208.65,204.01,108685563,4.01,1.00,31.74,腾讯财经
2026-07-22 16:00:04,207.29,207.54,208.65,204.01,108685563,4.01,1.00,31.74,腾讯财经
2026-07-22 16:10:04,207.29,207.54,208.65,204.01,108685563,4.01,1.00,31.74,腾讯财经
2026-07-22 16:20:04,207.29,207.54,208.65,204.01,108685563,4.01,1.00,31.74,腾讯财经
2026-07-22 16:30:04,207.29,207.54,208.65,204.01,108685563,4.01,1.00,31.74,腾讯财经
2026-07-22 16:40:04,207.29,207.54,208.65,204.01,108685563,4.01,1.00,31.74,腾讯财经
2026-07-22 16:50:04,207.29,207.54,208.65,204.01,108685563,4.01,1.00,31.74,腾讯财经
2026-07-22 17:00:01,207.29,207.54,208.65,204.01,108685563,4.01,1.00,31.74,腾讯财经
2026-07-22 17:10:00,207.29,207.54,208.65,204.01,108685563,4.01,1.00,31.74,腾讯财经
2026-07-22 17:20:05,207.29,207.54,208.65,204.01,108685563,4.01,1.00,31.74,腾讯财经
2026-07-22 17:30:00,207.29,207.54,208.65,204.01,108685563,4.01,1.00,31.74,腾讯财经
2026-07-22 18:42:40,207.29,207.54,208.65,204.01,108685563,4.01,1.00,31.74,腾讯财经
2026-07-22 18:50:04,207.29,207.54,208.65,204.01,108685563,4.01,1.00,31.74,腾讯财经
2026-07-22 19:00:00,207.29,207.54,208.65,204.01,108685563,4.01,1.00,31.74,腾讯财经
2026-07-22 19:10:01,207.29,207.54,208.65,204.01,108685563,4.01,1.00,31.74,腾讯财经
2026-07-22 19:20:00,207.29,207.54,208.65,204.01,108685563,4.01,1.00,31.74,腾讯财经
2026-07-22 19:30:00,207.29,207.54,208.65,204.01,108685563,4.01,1.00,31.74,腾讯财经
2026-07-22 19:40:02,207.29,207.54,208.65,204.01,108685563,4.01,1.00,31.74,腾讯财经
2026-07-22 19:50:02,207.29,207.54,208.65,204.01,108685563,4.01,1.00,31.74,腾讯财经
2026-07-22 20:00:03,207.29,207.54,208.65,204.01,108685563,4.01,1.00,31.74,腾讯财经
2026-07-22 20:10:01,207.29,207.54,208.65,204.01,108685563,4.01,1.00,31.74,腾讯财经
2026-07-22 20:20:03,207.29,207.54,208.65,204.01,108685563,4.01,1.00,31.74,腾讯财经
2026-07-22 20:30:00,207.29,207.54,208.65,204.01,108685563,4.01,1.00,31.74,腾讯财经
2026-07-22 20:40:00,207.29,207.54,208.65,204.01,108685563,4.01,1.00,31.74,腾讯财经
2026-07-22 20:50:00,207.29,207.54,208.65,204.01,108685563,4.01,1.00,31.74,腾讯财经
2026-07-22 21:00:00,207.29,207.54,208.65,204.01,108685563,4.01,1.00,31.74,腾讯财经
2026-07-22 21:10:00,207.29,207.54,208.65,204.01,108685563,4.01,1.00,31.74,腾讯财经
2026-07-22 21:20:03,207.29,207.54,208.65,204.01,108685563,4.01,1.00,31.74,腾讯财经
2026-07-22 21:30:03,205.81,205.81,205.81,205.81,2179503,-1.48,0,31.52,腾讯财经
2026-07-22 21:40:03,206.79,205.81,207.06,204.95,6756256,-.50,0,31.67,腾讯财经
2026-07-22 21:50:00,207.09,205.81,207.54,204.95,10154916,-.20,0,31.71,腾讯财经
2026-07-22 22:00:03,207.75,205.81,208.23,204.95,13744099,.46,0,31.81,腾讯财经
2026-07-22 22:10:00,207.05,205.81,208.23,204.95,16041726,-.24,0,31.71,腾讯财经
2026-07-22 22:20:00,206.94,205.81,208.23,204.95,18228342,-.35,0,31.69,腾讯财经
2026-07-22 22:30:00,206.71,205.81,208.23,204.95,20441452,-.58,0,31.66,腾讯财经
2026-07-22 22:40:02,207.53,205.81,208.23,204.95,23207856,.24,0,31.78,腾讯财经
2026-07-22 22:50:03,207.66,205.81,208.23,204.95,25517831,.37,0,31.80,腾讯财经
2026-07-22 23:00:01,209.21,205.81,209.50,204.95,28916746,1.92,0,32.04,腾讯财经
2026-07-22 23:10:00,211.73,205.81,211.81,204.95,34384717,4.44,2.00,32.42,腾讯财经
2026-07-22 23:20:01,212.73,205.81,213.55,204.95,42999426,5.44,2.00,32.58,腾讯财经
2026-07-22 23:30:00,212.35,205.81,213.55,204.95,47216415,5.06,2.00,32.52,腾讯财经
2026-07-22 23:40:00,211.89,205.81,213.55,204.95,50315024,4.60,2.00,32.45,腾讯财经
2026-07-22 23:50:00,212.25,205.81,213.55,204.95,52638992,4.96,2.00,32.50,腾讯财经
2026-07-23 00:00:00,213.24,205.81,213.61,204.95,56568014,5.95,2.00,32.66,腾讯财经
2026-07-23 00:10:00,213.23,205.81,213.70,204.95,59927861,5.94,2.00,32.65,腾讯财经
2026-07-23 00:20:00,214.12,205.81,214.26,204.95,64350835,6.83,3.00,32.79,腾讯财经
2026-07-23 00:30:04,213.50,205.81,214.26,204.95,67182685,6.21,2.00,32.70,腾讯财经
2026-07-23 00:40:00,213.77,205.81,214.32,204.95,69674458,6.48,3.00,32.74,腾讯财经
2026-07-23 00:50:00,213.40,205.81,214.32,204.95,72462260,6.11,2.00,32.68,腾讯财经
2026-07-23 01:00:04,214.02,205.81,214.32,204.95,74489939,6.73,3.00,32.77,腾讯财经
2026-07-23 01:10:00,213.96,205.81,214.39,204.95,76416341,6.67,3.00,32.77,腾讯财经
2026-07-23 01:20:00,213.29,205.81,214.39,204.95,78419757,6.00,2.00,32.66,腾讯财经
2026-07-23 01:30:00,213.78,205.81,214.39,204.95,80300021,6.49,3.00,32.74,腾讯财经
2026-07-23 01:40:05,214.28,205.81,214.39,204.95,82638338,6.99,3.00,32.81,腾讯财经
2026-07-23 01:50:01,213.97,205.81,214.39,204.95,84285266,6.68,3.00,32.77,腾讯财经
2026-07-23 02:00:05,213.61,205.81,214.39,204.95,85852686,6.32,3.00,32.71,腾讯财经
2026-07-23 02:10:00,213.62,205.81,214.39,204.95,87250860,6.33,3.00,32.71,腾讯财经
2026-07-23 02:20:03,213.69,205.81,214.39,204.95,88872870,6.40,3.00,32.72,腾讯财经
2026-07-23 02:30:05,213.73,205.81,214.39,204.95,90284271,6.44,3.00,32.73,腾讯财经
2026-07-23 02:40:00,213.62,205.81,214.39,204.95,91821642,6.33,3.00,32.71,腾讯财经
2026-07-23 02:50:00,213.74,205.81,214.39,204.95,93335973,6.45,3.00,32.73,腾讯财经
2026-07-23 03:00:00,213.83,205.81,214.39,204.95,94827787,6.54,3.00,32.75,腾讯财经
2026-07-23 03:10:03,213.68,205.81,214.39,204.95,96893813,6.39,3.00,32.72,腾讯财经
2026-07-23 03:20:00,213.44,205.81,214.39,204.95,99627758,6.15,2.00,32.69,腾讯财经
2026-07-23 03:30:00,213.43,205.81,214.39,204.95,101820499,6.14,2.00,32.68,腾讯财经
2026-07-23 03:40:02,212.55,205.81,214.39,204.95,104821516,5.26,2.00,32.55,腾讯财经
2026-07-23 03:50:03,212.52,205.81,214.39,204.95,108141473,5.23,2.00,32.55,腾讯财经
2026-07-23 04:00:00,212.31,205.81,214.39,204.95,114427646,5.02,2.00,32.51,腾讯财经
2026-07-23 04:10:04,212.06,205.81,214.39,204.95,134989665,4.77,2.00,32.47,腾讯财经
2026-07-23 04:20:00,212.04,205.81,214.39,204.95,135208741,4.75,2.00,32.47,腾讯财经
2026-07-23 04:30:00,212.04,205.81,214.39,204.95,135423636,4.75,2.00,32.47,腾讯财经
2026-07-23 04:40:05,212.06,205.81,214.39,204.95,135505692,4.77,2.00,32.47,腾讯财经
2026-07-23 04:50:00,212.06,205.81,214.39,204.95,135637085,4.77,2.00,32.47,腾讯财经
2026-07-23 05:00:02,212.06,205.81,214.39,204.95,135736250,4.77,2.00,32.47,腾讯财经
2026-07-23 05:10:00,212.06,205.81,214.39,204.95,136015909,4.77,2.00,32.47,腾讯财经
2026-07-23 05:20:00,212.06,205.81,214.39,204.95,136398876,4.77,2.00,32.47,腾讯财经
2026-07-23 05:30:03,212.06,205.81,214.39,204.95,136512251,4.77,2.00,32.47,腾讯财经
2026-07-23 05:40:00,212.06,205.81,214.39,204.95,136741985,4.77,2.00,32.47,腾讯财经
2026-07-23 05:50:00,212.06,205.81,214.39,204.95,137007499,4.77,2.00,32.47,腾讯财经
2026-07-23 06:00:04,212.06,205.81,214.39,204.95,137108127,4.77,2.00,32.47,腾讯财经
2026-07-23 06:10:00,212.06,205.81,214.39,204.95,137190847,4.77,2.00,32.47,腾讯财经
2026-07-23 06:20:00,212.06,205.81,214.39,204.95,137259802,4.77,2.00,32.47,腾讯财经
2026-07-23 06:30:00,212.06,205.81,214.39,204.95,137294167,4.77,2.00,32.47,腾讯财经
2026-07-23 06:40:00,212.06,205.81,214.39,204.95,137346514,4.77,2.00,32.47,腾讯财经
2026-07-23 06:50:04,212.06,205.81,214.39,204.95,137398873,4.77,2.00,32.47,腾讯财经
2026-07-23 07:00:00,212.06,205.81,214.39,204.95,137419793,4.77,2.00,32.47,腾讯财经
2026-07-23 07:10:03,212.06,205.81,214.39,204.95,137461321,4.77,2.00,32.47,腾讯财经
2026-07-23 07:20:00,212.06,205.81,214.39,204.95,137482020,4.77,2.00,32.47,腾讯财经
2026-07-23 07:30:00,212.06,205.81,214.39,204.95,137501529,4.77,2.00,32.47,腾讯财经
2026-07-23 08:50:05,212.06,205.81,214.39,204.95,137645596,4.77,2.00,32.47,腾讯财经
2026-07-23 09:00:00,212.06,205.81,214.39,204.95,137645596,4.77,2.00,32.47,腾讯财经
2026-07-23 09:10:04,212.06,205.81,214.39,204.95,137645596,4.77,2.00,32.47,腾讯财经
2026-07-23 09:20:00,212.06,205.81,214.39,204.95,137645596,4.77,2.00,32.47,腾讯财经
2026-07-23 09:30:04,212.06,205.81,214.39,204.95,137645596,4.77,2.00,32.47,腾讯财经
2026-07-23 09:40:05,212.06,205.81,214.39,204.95,137645596,4.77,2.00,32.47,腾讯财经
2026-07-23 09:50:04,212.06,205.81,214.39,204.95,137645596,4.77,2.00,32.47,腾讯财经
2026-07-23 10:00:01,212.06,205.81,214.39,204.95,137645596,4.77,2.00,32.47,腾讯财经
2026-07-23 10:10:04,212.06,205.81,214.39,204.95,137645596,4.77,2.00,32.47,腾讯财经
2026-07-23 10:20:04,212.06,205.81,214.39,204.95,137645596,4.77,2.00,32.47,腾讯财经
2026-07-23 10:30:01,212.06,205.81,214.39,204.95,137645596,4.77,2.00,32.47,腾讯财经
2026-07-23 10:40:04,212.06,205.81,214.39,204.95,137645596,4.77,2.00,32.47,腾讯财经
2026-07-23 10:50:00,212.06,205.81,214.39,204.95,137645596,4.77,2.00,32.47,腾讯财经
2026-07-23 11:00:01,212.06,205.81,214.39,204.95,137645596,4.77,2.00,32.47,腾讯财经
2026-07-23 11:10:03,212.06,205.81,214.39,204.95,137645596,4.77,2.00,32.47,腾讯财经
2026-07-23 11:20:01,212.06,205.81,214.39,204.95,137645596,4.77,2.00,32.47,腾讯财经
2026-07-23 11:30:01,212.06,205.81,214.39,204.95,137645596,4.77,2.00,32.47,腾讯财经
2026-07-23 11:40:04,212.06,205.81,214.39,204.95,137645596,4.77,2.00,32.47,腾讯财经
2026-07-23 11:50:00,212.06,205.81,214.39,204.95,137645596,4.77,2.00,32.47,腾讯财经
2026-07-23 12:00:04,212.06,205.81,214.39,204.95,137645596,4.77,2.00,32.47,腾讯财经
2026-07-23 12:10:05,212.06,205.81,214.39,204.95,137645596,4.77,2.00,32.47,腾讯财经
2026-07-23 12:20:03,212.06,205.81,214.39,204.95,137645596,4.77,2.00,32.47,腾讯财经
2026-07-23 12:30:02,212.06,205.81,214.39,204.95,137645596,4.77,2.00,32.47,腾讯财经
2026-07-23 12:40:05,212.06,205.81,214.39,204.95,137645596,4.77,2.00,32.47,腾讯财经
2026-07-23 12:50:00,212.06,205.81,214.39,204.95,137645596,4.77,2.00,32.47,腾讯财经
2026-07-23 13:00:02,212.06,205.81,214.39,204.95,137645596,4.77,2.00,32.47,腾讯财经
2026-07-23 13:10:04,212.06,205.81,214.39,204.95,137645596,4.77,2.00,32.47,腾讯财经
2026-07-23 13:20:02,212.06,205.81,214.39,204.95,137645596,4.77,2.00,32.47,腾讯财经
2026-07-23 13:30:05,212.06,205.81,214.39,204.95,137645596,4.77,2.00,32.47,腾讯财经
2026-07-23 13:40:05,212.06,205.81,214.39,204.95,137645596,4.77,2.00,32.47,腾讯财经
2026-07-23 13:50:04,212.06,205.81,214.39,204.95,137645596,4.77,2.00,32.47,腾讯财经
2026-07-23 14:00:00,212.06,205.81,214.39,204.95,137645596,4.77,2.00,32.47,腾讯财经
2026-07-23 14:10:05,212.06,205.81,214.39,204.95,137645596,4.77,2.00,32.47,腾讯财经
2026-07-23 14:20:01,212.06,205.81,214.39,204.95,137645596,4.77,2.00,32.47,腾讯财经
2026-07-23 14:30:00,212.06,205.81,214.39,204.95,137645596,4.77,2.00,32.47,腾讯财经
2026-07-23 14:40:04,212.06,205.81,214.39,204.95,137645596,4.77,2.00,32.47,腾讯财经
2026-07-23 14:50:00,212.06,205.81,214.39,204.95,137645596,4.77,2.00,32.47,腾讯财经
2026-07-23 15:00:01,212.06,205.81,214.39,204.95,137645596,4.77,2.00,32.47,腾讯财经
2026-07-23 15:10:00,212.06,205.81,214.39,204.95,137645596,4.77,2.00,32.47,腾讯财经
2026-07-23 15:20:00,212.06,205.81,214.39,204.95,137645596,4.77,2.00,32.47,腾讯财经
2026-07-23 15:30:04,212.06,205.81,214.39,204.95,137645596,4.77,2.00,32.47,腾讯财经
2026-07-23 15:40:05,212.06,205.81,214.39,204.95,137645596,4.77,2.00,32.47,腾讯财经
2026-07-23 15:50:05,212.06,205.81,214.39,204.95,137645596,4.77,2.00,32.47,腾讯财经
2026-07-23 16:00:03,212.06,205.81,214.39,204.95,137645596,4.77,2.00,32.47,腾讯财经
2026-07-23 16:10:03,212.06,205.81,214.39,204.95,137645596,4.77,2.00,32.47,腾讯财经
2026-07-23 16:20:00,212.06,205.81,214.39,204.95,137645596,4.77,2.00,32.47,腾讯财经
2026-07-23 16:30:00,212.06,205.81,214.39,204.95,137645596,4.77,2.00,32.47,腾讯财经
2026-07-23 16:40:04,212.06,205.81,214.39,204.95,137645596,4.77,2.00,32.47,腾讯财经
2026-07-23 16:50:00,212.06,205.81,214.39,204.95,137645596,4.77,2.00,32.47,腾讯财经
2026-07-23 17:00:00,212.06,205.81,214.39,204.95,137645596,4.77,2.00,32.47,腾讯财经
2026-07-23 17:10:01,212.06,205.81,214.39,204.95,137645596,4.77,2.00,32.47,腾讯财经
2026-07-23 17:20:03,212.06,205.81,214.39,204.95,137645596,4.77,2.00,32.47,腾讯财经
2026-07-23 17:30:01,212.06,205.81,214.39,204.95,137645596,4.77,2.00,32.47,腾讯财经
2026-07-23 17:40:05,212.06,205.81,214.39,204.95,137645596,4.77,2.00,32.47,腾讯财经
2026-07-23 18:12:05,212.06,205.81,214.39,204.95,137645596,4.77,2.00,32.47,腾讯财经
2026-07-23 18:20:00,212.06,205.81,214.39,204.95,137645596,4.77,2.00,32.47,腾讯财经
2026-07-23 18:30:00,212.06,205.81,214.39,204.95,137645596,4.77,2.00,32.47,腾讯财经
2026-07-23 18:40:00,212.06,205.81,214.39,204.95,137645596,4.77,2.00,32.47,腾讯财经
2026-07-23 18:50:05,212.06,205.81,214.39,204.95,137645596,4.77,2.00,32.47,腾讯财经
2026-07-23 19:00:00,212.06,205.81,214.39,204.95,137645596,4.77,2.00,32.47,腾讯财经
2026-07-23 19:10:03,212.06,205.81,214.39,204.95,137645596,4.77,2.00,32.47,腾讯财经
2026-07-23 19:20:05,212.06,205.81,214.39,204.95,137645596,4.77,2.00,32.47,腾讯财经
2026-07-23 19:30:02,212.06,205.81,214.39,204.95,137645596,4.77,2.00,32.47,腾讯财经
2026-07-23 19:40:04,212.06,205.81,214.39,204.95,137645596,4.77,2.00,32.47,腾讯财经
2026-07-23 19:50:00,212.06,205.81,214.39,204.95,137645596,4.77,2.00,32.47,腾讯财经
2026-07-23 20:00:04,212.06,205.81,214.39,204.95,137645596,4.77,2.00,32.47,腾讯财经
2026-07-23 20:10:00,212.06,205.81,214.39,204.95,137645596,4.77,2.00,32.47,腾讯财经
2026-07-23 20:20:04,212.06,205.81,214.39,204.95,137645596,4.77,2.00,32.47,腾讯财经
2026-07-23 20:30:04,212.06,205.81,214.39,204.95,137645596,4.77,2.00,32.47,腾讯财经
2026-07-23 20:40:05,212.06,205.81,214.39,204.95,137645596,4.77,2.00,32.47,腾讯财经
2026-07-23 20:50:00,212.06,205.81,214.39,204.95,137645596,4.77,2.00,32.47,腾讯财经
2026-07-23 21:00:01,212.06,205.81,214.39,204.95,137645596,4.77,2.00,32.47,腾讯财经
2026-07-23 21:10:03,212.06,205.81,214.39,204.95,137645596,4.77,2.00,32.47,腾讯财经
2026-07-23 21:20:00,212.06,205.81,214.39,204.95,137645596,4.77,2.00,32.47,腾讯财经
2026-07-24 08:40:05,208.76,209.46,210.87,205.96,110505328,-3.30,-1.00,31.97,腾讯财经
2026-07-24 08:50:05,208.76,209.46,210.87,205.96,110505328,-3.30,-1.00,31.97,腾讯财经
2026-07-24 09:00:01,208.76,209.46,210.87,205.96,110505328,-3.30,-1.00,31.97,腾讯财经
2026-07-24 09:10:05,208.76,209.46,210.87,205.96,110505328,-3.30,-1.00,31.97,腾讯财经
2026-07-24 09:20:01,208.76,209.46,210.87,205.96,110505328,-3.30,-1.00,31.97,腾讯财经
2026-07-24 09:30:04,208.76,209.46,210.87,205.96,110505328,-3.30,-1.00,31.97,腾讯财经
2026-07-24 09:40:00,208.76,209.46,210.87,205.96,110505328,-3.30,-1.00,31.97,腾讯财经
2026-07-24 09:50:00,208.76,209.46,210.87,205.96,110505328,-3.30,-1.00,31.97,腾讯财经
2026-07-24 10:00:04,208.76,209.46,210.87,205.96,110505328,-3.30,-1.00,31.97,腾讯财经
2026-07-24 10:10:05,208.76,209.46,210.87,205.96,110505328,-3.30,-1.00,31.97,腾讯财经
2026-07-24 10:20:02,208.76,209.46,210.87,205.96,110505328,-3.30,-1.00,31.97,腾讯财经
2026-07-24 10:30:00,208.76,209.46,210.87,205.96,110505328,-3.30,-1.00,31.97,腾讯财经
2026-07-24 10:40:04,208.76,209.46,210.87,205.96,110505328,-3.30,-1.00,31.97,腾讯财经
2026-07-24 10:50:02,208.76,209.46,210.87,205.96,110505328,-3.30,-1.00,31.97,腾讯财经
2026-07-24 11:00:02,208.76,209.46,210.87,205.96,110505328,-3.30,-1.00,31.97,腾讯财经
2026-07-24 11:10:05,208.76,209.46,210.87,205.96,110505328,-3.30,-1.00,31.97,腾讯财经
2026-07-24 11:20:03,208.76,209.46,210.87,205.96,110505328,-3.30,-1.00,31.97,腾讯财经
2026-07-24 11:30:05,208.76,209.46,210.87,205.96,110505328,-3.30,-1.00,31.97,腾讯财经
2026-07-24 11:40:05,208.76,209.46,210.87,205.96,110505328,-3.30,-1.00,31.97,腾讯财经
2026-07-24 11:50:04,208.76,209.46,210.87,205.96,110505328,-3.30,-1.00,31.97,腾讯财经
2026-07-24 12:00:00,208.76,209.46,210.87,205.96,110505328,-3.30,-1.00,31.97,腾讯财经
2026-07-24 12:10:03,208.76,209.46,210.87,205.96,110505328,-3.30,-1.00,31.97,腾讯财经
2026-07-24 12:20:01,208.76,209.46,210.87,205.96,110505328,-3.30,-1.00,31.97,腾讯财经
2026-07-24 12:30:02,208.76,209.46,210.87,205.96,110505328,-3.30,-1.00,31.97,腾讯财经
2026-07-24 12:40:05,208.76,209.46,210.87,205.96,110505328,-3.30,-1.00,31.97,腾讯财经
2026-07-24 12:50:00,208.76,209.46,210.87,205.96,110505328,-3.30,-1.00,31.97,腾讯财经
2026-07-24 13:00:05,208.76,209.46,210.87,205.96,110505328,-3.30,-1.00,31.97,腾讯财经
2026-07-24 13:10:05,208.76,209.46,210.87,205.96,110505328,-3.30,-1.00,31.97,腾讯财经
2026-07-24 13:20:00,208.76,209.46,210.87,205.96,110505328,-3.30,-1.00,31.97,腾讯财经
2026-07-24 13:30:01,208.76,209.46,210.87,205.96,110505328,-3.30,-1.00,31.97,腾讯财经
2026-07-24 13:40:00,208.76,209.46,210.87,205.96,110505328,-3.30,-1.00,31.97,腾讯财经
2026-07-24 13:50:03,208.76,209.46,210.87,205.96,110505328,-3.30,-1.00,31.97,腾讯财经
2026-07-24 14:00:04,208.76,209.46,210.87,205.96,110505328,-3.30,-1.00,31.97,腾讯财经
2026-07-24 14:10:02,208.76,209.46,210.87,205.96,110505328,-3.30,-1.00,31.97,腾讯财经
2026-07-24 14:20:03,208.76,209.46,210.87,205.96,110505328,-3.30,-1.00,31.97,腾讯财经
2026-07-24 14:30:05,208.76,209.46,210.87,205.96,110505328,-3.30,-1.00,31.97,腾讯财经
2026-07-24 14:40:05,208.76,209.46,210.87,205.96,110505328,-3.30,-1.00,31.97,腾讯财经
2026-07-24 14:50:03,208.76,209.46,210.87,205.96,110505328,-3.30,-1.00,31.97,腾讯财经
2026-07-24 15:00:04,208.76,209.46,210.87,205.96,110505328,-3.30,-1.00,31.97,腾讯财经
2026-07-24 15:10:05,208.76,209.46,210.87,205.96,110505328,-3.30,-1.00,31.97,腾讯财经
2026-07-24 15:20:05,208.76,209.46,210.87,205.96,110505328,-3.30,-1.00,31.97,腾讯财经
2026-07-24 15:30:05,208.76,209.46,210.87,205.96,110505328,-3.30,-1.00,31.97,腾讯财经
2026-07-24 15:40:02,208.76,209.46,210.87,205.96,110505328,-3.30,-1.00,31.97,腾讯财经
2026-07-24 15:50:05,208.76,209.46,210.87,205.96,110505328,-3.30,-1.00,31.97,腾讯财经
2026-07-24 16:00:03,208.76,209.46,210.87,205.96,110505328,-3.30,-1.00,31.97,腾讯财经
2026-07-24 16:10:00,208.76,209.46,210.87,205.96,110505328,-3.30,-1.00,31.97,腾讯财经
2026-07-24 16:20:01,208.76,209.46,210.87,205.96,110505328,-3.30,-1.00,31.97,腾讯财经
2026-07-24 16:30:03,208.76,209.46,210.87,205.96,110505328,-3.30,-1.00,31.97,腾讯财经
2026-07-24 16:40:04,208.76,209.46,210.87,205.96,110505328,-3.30,-1.00,31.97,腾讯财经
2026-07-24 16:50:04,208.76,209.46,210.87,205.96,110505328,-3.30,-1.00,31.97,腾讯财经
2026-07-24 17:00:02,208.76,209.46,210.87,205.96,110505328,-3.30,-1.00,31.97,腾讯财经
2026-07-24 17:10:00,208.76,209.46,210.87,205.96,110505328,-3.30,-1.00,31.97,腾讯财经
2026-07-24 17:20:00,208.76,209.46,210.87,205.96,110505328,-3.30,-1.00,31.97,腾讯财经
2026-07-24 17:30:00,208.76,209.46,210.87,205.96,110505328,-3.30,-1.00,31.97,腾讯财经
2026-07-24 19:15:14,208.76,209.46,210.87,205.96,110505328,-3.30,-1.00,31.97,腾讯财经
2026-07-24 20:00:05,208.76,209.46,210.87,205.96,110505328,-3.30,-1.00,31.97,腾讯财经
2026-07-24 20:10:04,208.76,209.46,210.87,205.96,110505328,-3.30,-1.00,31.97,腾讯财经
2026-07-24 20:20:02,208.76,209.46,210.87,205.96,110505328,-3.30,-1.00,31.97,腾讯财经
2026-07-24 20:30:02,208.76,209.46,210.87,205.96,110505328,-3.30,-1.00,31.97,腾讯财经
2026-07-24 20:40:05,208.76,209.46,210.87,205.96,110505328,-3.30,-1.00,31.97,腾讯财经
2026-07-24 20:50:04,208.76,209.46,210.87,205.96,110505328,-3.30,-1.00,31.97,腾讯财经
2026-07-24 21:00:01,208.76,209.46,210.87,205.96,110505328,-3.30,-1.00,31.97,腾讯财经
2026-07-24 21:10:05,208.76,209.46,210.87,205.96,110505328,-3.30,-1.00,31.97,腾讯财经
2026-07-24 21:20:00,208.76,209.46,210.87,205.96,110505328,-3.30,-1.00,31.97,腾讯财经
2026-07-24 21:30:05,208.76,0.00,0.00,0.00,1196652,0,0,31.97,腾讯财经
2026-07-24 21:40:01,207.38,207.56,208.60,206.73,5265208,-1.38,0,31.76,腾讯财经
2026-07-24 21:50:01,208.37,207.45,208.60,206.73,8106635,-.39,0,31.91,腾讯财经
2026-07-24 22:00:03,206.43,207.45,208.60,205.67,12218908,-2.33,-1.00,31.61,腾讯财经
2026-07-24 22:10:00,208.11,207.45,208.60,205.67,15238464,-.65,0,31.87,腾讯财经
2026-07-24 22:20:00,206.98,207.45,208.60,205.67,17932306,-1.78,0,31.70,腾讯财经
2026-07-24 22:30:00,208.19,207.45,208.60,205.67,20242468,-.57,0,31.88,腾讯财经
2026-07-24 22:40:01,207.54,207.45,208.60,205.67,22487762,-1.22,0,31.78,腾讯财经
2026-07-24 22:50:00,208.04,207.45,208.60,205.67,25407047,-.72,0,31.86,腾讯财经
2026-07-24 23:00:00,209.53,207.45,209.58,205.67,27964366,.77,0,32.09,腾讯财经
2026-07-24 23:10:00,208.78,207.45,210.05,205.67,30861430,.02,0,31.97,腾讯财经
2026-07-24 23:20:03,209.38,207.45,210.36,205.67,33329672,.62,0,32.06,腾讯财经
2026-07-24 23:30:00,209.28,207.45,210.36,205.67,35055702,.52,0,32.05,腾讯财经
2026-07-24 23:40:02,209.57,207.45,210.36,205.67,37243623,.81,0,32.09,腾讯财经
2026-07-24 23:50:00,209.21,207.45,210.36,205.67,38777977,.45,0,32.04,腾讯财经
2026-07-25 00:00:05,210.18,207.45,210.36,205.67,40637396,1.42,0,32.19,腾讯财经
2026-07-25 00:10:01,211.52,207.45,211.54,205.67,45281277,2.76,1.00,32.39,腾讯财经
2026-07-25 00:20:00,210.80,207.45,211.91,205.67,47375929,2.04,0,32.28,腾讯财经
2026-07-25 00:30:00,210.89,207.45,211.91,205.67,49900600,2.13,1.00,32.30,腾讯财经
2026-07-25 00:40:01,210.45,207.45,211.91,205.67,51421479,1.69,0,32.23,腾讯财经
2026-07-25 00:50:02,210.04,207.45,211.91,205.67,53164251,1.28,0,32.17,腾讯财经
2026-07-25 01:00:04,210.35,207.45,211.91,205.67,54646359,1.59,0,32.21,腾讯财经
2026-07-25 01:10:01,209.85,207.45,211.91,205.67,56042598,1.09,0,32.14,腾讯财经
2026-07-25 01:20:01,210.28,207.45,211.91,205.67,57764792,1.52,0,32.20,腾讯财经
2026-07-25 01:30:01,210.25,207.45,211.91,205.67,58943942,1.49,0,32.20,腾讯财经
2026-07-25 01:40:04,210.32,207.45,211.91,205.67,60162336,1.56,0,32.21,腾讯财经
2026-07-25 01:50:00,210.12,207.45,211.91,205.67,61152139,1.36,0,32.18,腾讯财经
2026-07-25 02:00:00,209.79,207.45,211.91,205.67,62121463,1.03,0,32.13,腾讯财经
2026-07-25 02:10:00,209.64,207.45,211.91,205.67,63217648,.88,0,32.10,腾讯财经
2026-07-25 02:20:03,209.03,207.45,211.91,205.67,64663664,.27,0,32.01,腾讯财经
2026-07-25 02:30:00,207.76,207.45,211.91,205.67,66749057,-1.00,0,31.82,腾讯财经
2026-07-25 02:40:04,206.88,207.45,211.91,205.67,69632640,-1.88,0,31.68,腾讯财经
2026-07-25 02:50:05,206.61,207.45,211.91,205.67,72024249,-2.15,-1.00,31.64,腾讯财经
2026-07-25 03:00:00,206.35,207.45,211.91,205.67,75512939,-2.41,-1.00,31.60,腾讯财经
2026-07-25 03:10:02,205.03,207.45,211.91,205.01,78668988,-3.73,-1.00,31.40,腾讯财经
2026-07-25 03:20:00,205.06,207.45,211.91,204.92,81592238,-3.70,-1.00,31.40,腾讯财经
2026-07-25 03:30:05,205.68,207.45,211.91,204.81,84825557,-3.08,-1.00,31.50,腾讯财经
2026-07-25 03:40:00,205.83,207.45,211.91,204.81,87376582,-2.93,-1.00,31.52,腾讯财经
2026-07-25 03:50:02,205.78,207.45,211.91,204.81,90854227,-2.98,-1.00,31.51,腾讯财经
2026-07-25 04:00:05,206.84,207.45,211.91,204.81,98180114,-1.92,0,31.68,腾讯财经
2026-07-25 04:10:00,206.84,207.45,211.91,204.81,114087679,-1.92,0,31.68,腾讯财经
2026-07-25 04:20:01,206.84,207.45,211.91,204.81,114189935,-1.92,0,31.68,腾讯财经
2026-07-25 04:30:01,206.84,207.45,211.91,204.81,114242485,-1.92,0,31.68,腾讯财经
2026-07-25 04:40:01,206.84,207.45,211.91,204.81,114303835,-1.92,0,31.68,腾讯财经
2026-07-25 04:50:00,206.84,207.45,211.91,204.81,114351589,-1.92,0,31.68,腾讯财经
2026-07-25 05:00:00,206.84,207.45,211.91,204.81,114406711,-1.92,0,31.68,腾讯财经
2026-07-25 05:10:00,206.84,207.45,211.91,204.81,114437925,-1.92,0,31.68,腾讯财经
2026-07-25 05:20:03,206.84,207.45,211.91,204.81,114461575,-1.92,0,31.68,腾讯财经
2026-07-25 05:30:00,206.84,207.45,211.91,204.81,114480332,-1.92,0,31.68,腾讯财经
2026-07-25 05:40:00,206.84,207.45,211.91,204.81,114507036,-1.92,0,31.68,腾讯财经
2026-07-25 05:50:00,206.84,207.45,211.91,204.81,114517171,-1.92,0,31.68,腾讯财经
2026-07-25 06:00:02,206.84,207.45,211.91,204.81,114648339,-1.92,0,31.68,腾讯财经
2026-07-25 06:10:03,206.84,207.45,211.91,204.81,114669160,-1.92,0,31.68,腾讯财经
2026-07-25 06:20:04,206.84,207.45,211.91,204.81,114679403,-1.92,0,31.68,腾讯财经
2026-07-25 06:30:05,206.84,207.45,211.91,204.81,114695257,-1.92,0,31.68,腾讯财经
2026-07-25 06:40:00,206.84,207.45,211.91,204.81,114706307,-1.92,0,31.68,腾讯财经
2026-07-25 06:50:00,206.84,207.45,211.91,204.81,114720232,-1.92,0,31.68,腾讯财经
2026-07-25 07:00:01,206.84,207.45,211.91,204.81,114728521,-1.92,0,31.68,腾讯财经
2026-07-25 07:10:05,206.84,207.45,211.91,204.81,114736801,-1.92,0,31.68,腾讯财经
2026-07-25 07:20:00,206.84,207.45,211.91,204.81,114746018,-1.92,0,31.68,腾讯财经
2026-07-25 07:30:00,206.84,207.45,211.91,204.81,114755866,-1.92,0,31.68,腾讯财经
2026-07-25 07:40:01,206.84,207.45,211.91,204.81,114786397,-1.92,0,31.68,腾讯财经
2026-07-25 07:50:00,206.84,207.45,211.91,204.81,114800357,-1.92,0,31.68,腾讯财经
2026-07-25 08:00:03,206.84,207.45,211.91,204.81,114836805,-1.92,0,31.68,腾讯财经
2026-07-25 08:10:05,206.84,207.45,211.91,204.81,114836805,-1.92,0,31.68,腾讯财经
2026-07-25 08:20:00,206.84,207.45,211.91,204.81,114836805,-1.92,0,31.68,腾讯财经
2026-07-25 08:30:00,206.84,207.45,211.91,204.81,114836805,-1.92,0,31.68,腾讯财经
2026-07-25 08:40:05,206.84,207.45,211.91,204.81,114836805,-1.92,0,31.68,腾讯财经
2026-07-25 08:50:00,206.84,207.45,211.91,204.81,114836805,-1.92,0,31.68,腾讯财经
2026-07-25 09:00:00,206.84,207.45,211.91,204.81,114836805,-1.92,0,31.68,腾讯财经
2026-07-25 09:10:00,206.84,207.45,211.91,204.81,114836805,-1.92,0,31.68,腾讯财经
2026-07-25 09:20:00,206.84,207.45,211.91,204.81,114836805,-1.92,0,31.68,腾讯财经
2026-07-25 09:30:01,206.84,207.45,211.91,204.81,114836805,-1.92,0,31.68,腾讯财经
2026-07-25 09:40:02,206.84,207.45,211.91,204.81,114836805,-1.92,0,31.68,腾讯财经
2026-07-25 09:50:04,206.84,207.45,211.91,204.81,114836805,-1.92,0,31.68,腾讯财经
2026-07-25 10:00:00,206.84,207.45,211.91,204.81,114836805,-1.92,0,31.68,腾讯财经
2026-07-25 10:10:05,206.84,207.45,211.91,204.81,114836805,-1.92,0,31.68,腾讯财经
2026-07-25 10:20:04,206.84,207.45,211.91,204.81,114836805,-1.92,0,31.68,腾讯财经
2026-07-25 10:30:01,206.84,207.45,211.91,204.81,114836805,-1.92,0,31.68,腾讯财经
2026-07-25 10:40:00,206.84,207.45,211.91,204.81,114836805,-1.92,0,31.68,腾讯财经
2026-07-25 10:50:05,206.84,207.45,211.91,204.81,114836805,-1.92,0,31.68,腾讯财经
2026-07-25 11:00:00,206.84,207.45,211.91,204.81,114836805,-1.92,0,31.68,腾讯财经
2026-07-25 11:10:03,206.84,207.45,211.91,204.81,114836805,-1.92,0,31.68,腾讯财经
2026-07-25 11:20:05,206.84,207.45,211.91,204.81,114836805,-1.92,0,31.68,腾讯财经
2026-07-25 11:30:04,206.84,207.45,211.91,204.81,114836805,-1.92,0,31.68,腾讯财经
2026-07-25 11:40:00,206.84,207.45,211.91,204.81,114836805,-1.92,0,31.68,腾讯财经
2026-07-25 11:50:01,206.84,207.45,211.91,204.81,114836805,-1.92,0,31.68,腾讯财经
2026-07-25 12:00:02,206.84,207.45,211.91,204.81,114836805,-1.92,0,31.68,腾讯财经
2026-07-25 12:10:00,206.84,207.45,211.91,204.81,114836805,-1.92,0,31.68,腾讯财经
2026-07-25 12:20:02,206.84,207.45,211.91,204.81,114836805,-1.92,0,31.68,腾讯财经
2026-07-25 12:30:00,206.84,207.45,211.91,204.81,114836805,-1.92,0,31.68,腾讯财经
2026-07-25 12:40:00,206.84,207.45,211.91,204.81,114836805,-1.92,0,31.68,腾讯财经
2026-07-25 12:50:00,206.84,207.45,211.91,204.81,114836805,-1.92,0,31.68,腾讯财经
2026-07-25 13:00:00,206.84,207.45,211.91,204.81,114836805,-1.92,0,31.68,腾讯财经
2026-07-25 13:10:05,206.84,207.45,211.91,204.81,114836805,-1.92,0,31.68,腾讯财经
2026-07-25 13:20:00,206.84,207.45,211.91,204.81,114836805,-1.92,0,31.68,腾讯财经
2026-07-25 13:30:03,206.84,207.45,211.91,204.81,114836805,-1.92,0,31.68,腾讯财经
2026-07-25 13:40:00,206.84,207.45,211.91,204.81,114836805,-1.92,0,31.68,腾讯财经
2026-07-25 13:50:02,206.84,207.45,211.91,204.81,114836805,-1.92,0,31.68,腾讯财经
2026-07-25 14:00:00,206.84,207.45,211.91,204.81,114836805,-1.92,0,31.68,腾讯财经
2026-07-25 14:10:05,206.84,207.45,211.91,204.81,114836805,-1.92,0,31.68,腾讯财经
2026-07-25 14:20:04,206.84,207.45,211.91,204.81,114836805,-1.92,0,31.68,腾讯财经
2026-07-25 14:30:01,206.84,207.45,211.91,204.81,114836805,-1.92,0,31.68,腾讯财经
2026-07-25 14:40:02,206.84,207.45,211.91,204.81,114836805,-1.92,0,31.68,腾讯财经
2026-07-25 14:50:00,206.84,207.45,211.91,204.81,114836805,-1.92,0,31.68,腾讯财经
2026-07-25 15:00:00,206.84,207.45,211.91,204.81,114836805,-1.92,0,31.68,腾讯财经
2026-07-25 15:10:02,206.84,207.45,211.91,204.81,114836805,-1.92,0,31.68,腾讯财经
2026-07-25 15:20:00,206.84,207.45,211.91,204.81,114836805,-1.92,0,31.68,腾讯财经
2026-07-25 15:30:00,206.84,207.45,211.91,204.81,114836805,-1.92,0,31.68,腾讯财经
2026-07-25 15:40:02,206.84,207.45,211.91,204.81,114836805,-1.92,0,31.68,腾讯财经
2026-07-25 15:50:00,206.84,207.45,211.91,204.81,114836805,-1.92,0,31.68,腾讯财经
2026-07-25 16:00:00,206.84,207.45,211.91,204.81,114836805,-1.92,0,31.68,腾讯财经
2026-07-25 16:10:04,206.84,207.45,211.91,204.81,114836805,-1.92,0,31.68,腾讯财经
2026-07-25 16:20:02,206.84,207.45,211.91,204.81,114836805,-1.92,0,31.68,腾讯财经
2026-07-25 16:30:05,206.84,207.45,211.91,204.81,114836805,-1.92,0,31.68,腾讯财经
2026-07-25 16:40:05,206.84,207.45,211.91,204.81,114836805,-1.92,0,31.68,腾讯财经
2026-07-25 16:50:05,206.84,207.45,211.91,204.81,114836805,-1.92,0,31.68,腾讯财经
2026-07-25 17:00:00,206.84,207.45,211.91,204.81,114836805,-1.92,0,31.68,腾讯财经
2026-07-25 17:10:00,206.84,207.45,211.91,204.81,114836805,-1.92,0,31.68,腾讯财经
2026-07-25 17:20:03,206.84,207.45,211.91,204.81,114836805,-1.92,0,31.68,腾讯财经
2026-07-25 17:30:01,206.84,207.45,211.91,204.81,114836805,-1.92,0,31.68,腾讯财经
2026-07-25 17:40:00,206.84,207.45,211.91,204.81,114836805,-1.92,0,31.68,腾讯财经
2026-07-25 17:50:01,206.84,207.45,211.91,204.81,114836805,-1.92,0,31.68,腾讯财经
2026-07-25 18:00:04,206.84,207.45,211.91,204.81,114836805,-1.92,0,31.68,腾讯财经
2026-07-25 18:10:03,206.84,207.45,211.91,204.81,114836805,-1.92,0,31.68,腾讯财经
2026-07-25 18:20:00,206.84,207.45,211.91,204.81,114836805,-1.92,0,31.68,腾讯财经
2026-07-25 18:30:03,206.84,207.45,211.91,204.81,114836805,-1.92,0,31.68,腾讯财经
2026-07-25 18:40:00,206.84,207.45,211.91,204.81,114836805,-1.92,0,31.68,腾讯财经
2026-07-25 18:50:04,206.84,207.45,211.91,204.81,114836805,-1.92,0,31.68,腾讯财经
2026-07-25 19:00:04,206.84,207.45,211.91,204.81,114836805,-1.92,0,31.68,腾讯财经
2026-07-25 19:10:01,206.84,207.45,211.91,204.81,114836805,-1.92,0,31.68,腾讯财经
2026-07-25 19:20:00,206.84,207.45,211.91,204.81,114836805,-1.92,0,31.68,腾讯财经
2026-07-25 19:30:04,206.84,207.45,211.91,204.81,114836805,-1.92,0,31.68,腾讯财经
2026-07-25 19:40:00,206.84,207.45,211.91,204.81,114836805,-1.92,0,31.68,腾讯财经
2026-07-25 19:50:05,206.84,207.45,211.91,204.81,114836805,-1.92,0,31.68,腾讯财经
2026-07-25 20:00:05,206.84,207.45,211.91,204.81,114836805,-1.92,0,31.68,腾讯财经
2026-07-25 20:10:00,206.84,207.45,211.91,204.81,114836805,-1.92,0,31.68,腾讯财经
2026-07-25 20:20:03,206.84,207.45,211.91,204.81,114836805,-1.92,0,31.68,腾讯财经
2026-07-25 20:30:00,206.84,207.45,211.91,204.81,114836805,-1.92,0,31.68,腾讯财经
2026-07-25 20:40:01,206.84,207.45,211.91,204.81,114836805,-1.92,0,31.68,腾讯财经
2026-07-25 20:50:00,206.84,207.45,211.91,204.81,114836805,-1.92,0,31.68,腾讯财经
2026-07-25 21:00:02,206.84,207.45,211.91,204.81,114836805,-1.92,0,31.68,腾讯财经
2026-07-25 21:10:00,206.84,207.45,211.91,204.81,114836805,-1.92,0,31.68,腾讯财经
2026-07-25 21:20:00,206.84,207.45,211.91,204.81,114836805,-1.92,0,31.68,腾讯财经
2026-07-25 21:30:03,206.84,207.45,211.91,204.81,114836805,-1.92,0,31.68,腾讯财经
2026-07-25 21:40:00,206.84,207.45,211.91,204.81,114836805,-1.92,0,31.68,腾讯财经
2026-07-25 21:50:00,206.84,207.45,211.91,204.81,114836805,-1.92,0,31.68,腾讯财经
2026-07-25 22:00:05,206.84,207.45,211.91,204.81,114836805,-1.92,0,31.68,腾讯财经
2026-07-25 22:10:05,206.84,207.45,211.91,204.81,114836805,-1.92,0,31.68,腾讯财经
2026-07-25 22:20:05,206.84,207.45,211.91,204.81,114836805,-1.92,0,31.68,腾讯财经
2026-07-25 22:30:05,206.84,207.45,211.91,204.81,114836805,-1.92,0,31.68,腾讯财经
2026-07-25 22:40:04,206.84,207.45,211.91,204.81,114836805,-1.92,0,31.68,腾讯财经
2026-07-25 22:50:04,206.84,207.45,211.91,204.81,114836805,-1.92,0,31.68,腾讯财经
2026-07-25 23:00:02,206.84,207.45,211.91,204.81,114836805,-1.92,0,31.68,腾讯财经
2026-07-25 23:10:01,206.84,207.45,211.91,204.81,114836805,-1.92,0,31.68,腾讯财经
2026-07-25 23:20:00,206.84,207.45,211.91,204.81,114836805,-1.92,0,31.68,腾讯财经
2026-07-25 23:30:00,206.84,207.45,211.91,204.81,114836805,-1.92,0,31.68,腾讯财经
2026-07-25 23:40:04,206.84,207.45,211.91,204.81,114836805,-1.92,0,31.68,腾讯财经
2026-07-25 23:50:00,206.84,207.45,211.91,204.81,114836805,-1.92,0,31.68,腾讯财经
2026-07-26 00:00:01,206.84,207.45,211.91,204.81,114836805,-1.92,0,31.68,腾讯财经
2026-07-26 00:10:00,206.84,207.45,211.91,204.81,114836805,-1.92,0,31.68,腾讯财经
2026-07-26 00:20:04,206.84,207.45,211.91,204.81,114836805,-1.92,0,31.68,腾讯财经
2026-07-26 00:30:05,206.84,207.45,211.91,204.81,114836805,-1.92,0,31.68,腾讯财经
2026-07-26 00:40:01,206.84,207.45,211.91,204.81,114836805,-1.92,0,31.68,腾讯财经
2026-07-26 00:50:02,206.84,207.45,211.91,204.81,114836805,-1.92,0,31.68,腾讯财经
2026-07-26 01:00:03,206.84,207.45,211.91,204.81,114836805,-1.92,0,31.68,腾讯财经
2026-07-26 01:10:01,206.84,207.45,211.91,204.81,114836805,-1.92,0,31.68,腾讯财经
2026-07-26 01:20:00,206.84,207.45,211.91,204.81,114836805,-1.92,0,31.68,腾讯财经
2026-07-26 01:30:01,206.84,207.45,211.91,204.81,114836805,-1.92,0,31.68,腾讯财经
2026-07-26 01:40:00,206.84,207.45,211.91,204.81,114836805,-1.92,0,31.68,腾讯财经
2026-07-26 01:50:04,206.84,207.45,211.91,204.81,114836805,-1.92,0,31.68,腾讯财经
2026-07-26 02:00:05,206.84,207.45,211.91,204.81,114836805,-1.92,0,31.68,腾讯财经
2026-07-26 02:10:05,206.84,207.45,211.91,204.81,114836805,-1.92,0,31.68,腾讯财经
2026-07-26 02:20:00,206.84,207.45,211.91,204.81,114836805,-1.92,0,31.68,腾讯财经
2026-07-26 02:30:04,206.84,207.45,211.91,204.81,114836805,-1.92,0,31.68,腾讯财经
2026-07-26 02:40:03,206.84,207.45,211.91,204.81,114836805,-1.92,0,31.68,腾讯财经
2026-07-26 02:50:00,206.84,207.45,211.91,204.81,114836805,-1.92,0,31.68,腾讯财经
2026-07-26 03:00:01,206.84,207.45,211.91,204.81,114836805,-1.92,0,31.68,腾讯财经
2026-07-26 03:10:04,206.84,207.45,211.91,204.81,114836805,-1.92,0,31.68,腾讯财经
2026-07-26 03:20:00,206.84,207.45,211.91,204.81,114836805,-1.92,0,31.68,腾讯财经
2026-07-26 03:30:01,206.84,207.45,211.91,204.81,114836805,-1.92,0,31.68,腾讯财经
2026-07-26 03:40:00,206.84,207.45,211.91,204.81,114836805,-1.92,0,31.68,腾讯财经
2026-07-26 03:50:03,206.84,207.45,211.91,204.81,114836805,-1.92,0,31.68,腾讯财经
2026-07-26 04:00:00,206.84,207.45,211.91,204.81,114836805,-1.92,0,31.68,腾讯财经
2026-07-26 04:10:02,206.84,207.45,211.91,204.81,114836805,-1.92,0,31.68,腾讯财经
2026-07-26 04:20:00,206.84,207.45,211.91,204.81,114836805,-1.92,0,31.68,腾讯财经
2026-07-26 04:30:00,206.84,207.45,211.91,204.81,114836805,-1.92,0,31.68,腾讯财经
2026-07-26 04:40:04,206.84,207.45,211.91,204.81,114836805,-1.92,0,31.68,腾讯财经
2026-07-26 04:50:00,206.84,207.45,211.91,204.81,114836805,-1.92,0,31.68,腾讯财经
2026-07-26 05:00:01,206.84,207.45,211.91,204.81,114836805,-1.92,0,31.68,腾讯财经
2026-07-26 05:10:00,206.84,207.45,211.91,204.81,114836805,-1.92,0,31.68,腾讯财经
2026-07-26 05:20:00,206.84,207.45,211.91,204.81,114836805,-1.92,0,31.68,腾讯财经
2026-07-26 05:30:03,206.84,207.45,211.91,204.81,114836805,-1.92,0,31.68,腾讯财经
2026-07-26 05:40:00,206.84,207.45,211.91,204.81,114836805,-1.92,0,31.68,腾讯财经
2026-07-26 05:50:00,206.84,207.45,211.91,204.81,114836805,-1.92,0,31.68,腾讯财经
2026-07-26 06:00:02,206.84,207.45,211.91,204.81,114836805,-1.92,0,31.68,腾讯财经
2026-07-26 06:10:00,206.84,207.45,211.91,204.81,114836805,-1.92,0,31.68,腾讯财经
2026-07-26 06:20:01,206.84,207.45,211.91,204.81,114836805,-1.92,0,31.68,腾讯财经
2026-07-26 06:30:00,206.84,207.45,211.91,204.81,114836805,-1.92,0,31.68,腾讯财经
2026-07-26 06:40:00,206.84,207.45,211.91,204.81,114836805,-1.92,0,31.68,腾讯财经
2026-07-26 06:50:05,206.84,207.45,211.91,204.81,114836805,-1.92,0,31.68,腾讯财经
2026-07-26 07:00:01,206.84,207.45,211.91,204.81,114836805,-1.92,0,31.68,腾讯财经
2026-07-26 07:10:03,206.84,207.45,211.91,204.81,114836805,-1.92,0,31.68,腾讯财经
2026-07-26 07:20:00,206.84,207.45,211.91,204.81,114836805,-1.92,0,31.68,腾讯财经
2026-07-26 07:30:04,206.84,207.45,211.91,204.81,114836805,-1.92,0,31.68,腾讯财经
2026-07-26 07:40:00,206.84,207.45,211.91,204.81,114836805,-1.92,0,31.68,腾讯财经
2026-07-26 07:50:05,206.84,207.45,211.91,204.81,114836805,-1.92,0,31.68,腾讯财经
2026-07-26 08:00:05,206.84,207.45,211.91,204.81,114836805,-1.92,0,31.68,腾讯财经
2026-07-26 08:10:00,206.84,207.45,211.91,204.81,114836805,-1.92,0,31.68,腾讯财经
2026-07-26 08:20:00,206.84,207.45,211.91,204.81,114836805,-1.92,0,31.68,腾讯财经
2026-07-26 08:30:00,206.84,207.45,211.91,204.81,114836805,-1.92,0,31.68,腾讯财经
2026-07-26 08:40:02,206.84,207.45,211.91,204.81,114836805,-1.92,0,31.68,腾讯财经
2026-07-26 08:50:02,206.84,207.45,211.91,204.81,114836805,-1.92,0,31.68,腾讯财经
2026-07-26 09:00:00,206.84,207.45,211.91,204.81,114836805,-1.92,0,31.68,腾讯财经
2026-07-26 09:10:00,206.84,207.45,211.91,204.81,114836805,-1.92,0,31.68,腾讯财经
2026-07-26 09:20:00,206.84,207.45,211.91,204.81,114836805,-1.92,0,31.68,腾讯财经
2026-07-26 09:30:04,206.84,207.45,211.91,204.81,114836805,-1.92,0,31.68,腾讯财经
2026-07-26 09:40:00,206.84,207.45,211.91,204.81,114836805,-1.92,0,31.68,腾讯财经
2026-07-26 09:50:00,206.84,207.45,211.91,204.81,114836805,-1.92,0,31.68,腾讯财经
2026-07-26 10:00:04,206.84,207.45,211.91,204.81,114836805,-1.92,0,31.68,腾讯财经
2026-07-26 10:10:03,206.84,207.45,211.91,204.81,114836805,-1.92,0,31.68,腾讯财经
2026-07-26 10:20:00,206.84,207.45,211.91,204.81,114836805,-1.92,0,31.68,腾讯财经
2026-07-26 10:30:00,206.84,207.45,211.91,204.81,114836805,-1.92,0,31.68,腾讯财经
2026-07-26 10:40:02,206.84,207.45,211.91,204.81,114836805,-1.92,0,31.68,腾讯财经
2026-07-26 10:50:01,206.84,207.45,211.91,204.81,114836805,-1.92,0,31.68,腾讯财经
2026-07-26 11:00:00,206.84,207.45,211.91,204.81,114836805,-1.92,0,31.68,腾讯财经
2026-07-26 11:10:00,206.84,207.45,211.91,204.81,114836805,-1.92,0,31.68,腾讯财经
2026-07-26 11:20:00,206.84,207.45,211.91,204.81,114836805,-1.92,0,31.68,腾讯财经
2026-07-26 11:30:04,206.84,207.45,211.91,204.81,114836805,-1.92,0,31.68,腾讯财经
2026-07-26 11:40:01,206.84,207.45,211.91,204.81,114836805,-1.92,0,31.68,腾讯财经
2026-07-26 11:50:00,206.84,207.45,211.91,204.81,114836805,-1.92,0,31.68,腾讯财经
2026-07-26 12:00:00,206.84,207.45,211.91,204.81,114836805,-1.92,0,31.68,腾讯财经
2026-07-26 12:10:00,206.84,207.45,211.91,204.81,114836805,-1.92,0,31.68,腾讯财经
2026-07-26 12:20:00,206.84,207.45,211.91,204.81,114836805,-1.92,0,31.68,腾讯财经
2026-07-26 12:30:05,206.84,207.45,211.91,204.81,114836805,-1.92,0,31.68,腾讯财经
2026-07-26 12:40:00,206.84,207.45,211.91,204.81,114836805,-1.92,0,31.68,腾讯财经
2026-07-26 12:50:00,206.84,207.45,211.91,204.81,114836805,-1.92,0,31.68,腾讯财经
2026-07-26 13:00:01,206.84,207.45,211.91,204.81,114836805,-1.92,0,31.68,腾讯财经
2026-07-26 13:10:00,206.84,207.45,211.91,204.81,114836805,-1.92,0,31.68,腾讯财经
2026-07-26 13:20:00,206.84,207.45,211.91,204.81,114836805,-1.92,0,31.68,腾讯财经
2026-07-26 13:30:01,206.84,207.45,211.91,204.81,114836805,-1.92,0,31.68,腾讯财经
2026-07-26 13:40:00,206.84,207.45,211.91,204.81,114836805,-1.92,0,31.68,腾讯财经
2026-07-26 13:50:01,206.84,207.45,211.91,204.81,114836805,-1.92,0,31.68,腾讯财经
2026-07-26 14:00:04,206.84,207.45,211.91,204.81,114836805,-1.92,0,31.68,腾讯财经
2026-07-26 14:10:00,206.84,207.45,211.91,204.81,114836805,-1.92,0,31.68,腾讯财经
2026-07-26 14:20:04,206.84,207.45,211.91,204.81,114836805,-1.92,0,31.68,腾讯财经
2026-07-26 14:30:03,206.84,207.45,211.91,204.81,114836805,-1.92,0,31.68,腾讯财经
2026-07-26 14:40:05,206.84,207.45,211.91,204.81,114836805,-1.92,0,31.68,腾讯财经
2026-07-26 14:50:05,206.84,207.45,211.91,204.81,114836805,-1.92,0,31.68,腾讯财经
2026-07-26 15:00:01,206.84,207.45,211.91,204.81,114836805,-1.92,0,31.68,腾讯财经
2026-07-26 15:10:04,206.84,207.45,211.91,204.81,114836805,-1.92,0,31.68,腾讯财经
2026-07-26 15:20:02,206.84,207.45,211.91,204.81,114836805,-1.92,0,31.68,腾讯财经
2026-07-26 15:30:05,206.84,207.45,211.91,204.81,114836805,-1.92,0,31.68,腾讯财经
2026-07-26 15:40:00,206.84,207.45,211.91,204.81,114836805,-1.92,0,31.68,腾讯财经
2026-07-26 15:50:01,206.84,207.45,211.91,204.81,114836805,-1.92,0,31.68,腾讯财经
2026-07-26 16:00:04,206.84,207.45,211.91,204.81,114836805,-1.92,0,31.68,腾讯财经
2026-07-26 16:10:04,206.84,207.45,211.91,204.81,114836805,-1.92,0,31.68,腾讯财经
2026-07-26 16:20:00,206.84,207.45,211.91,204.81,114836805,-1.92,0,31.68,腾讯财经
2026-07-26 16:30:00,206.84,207.45,211.91,204.81,114836805,-1.92,0,31.68,腾讯财经
2026-07-26 16:40:04,206.84,207.45,211.91,204.81,114836805,-1.92,0,31.68,腾讯财经
2026-07-26 16:50:00,206.84,207.45,211.91,204.81,114836805,-1.92,0,31.68,腾讯财经
2026-07-26 17:00:00,206.84,207.45,211.91,204.81,114836805,-1.92,0,31.68,腾讯财经
2026-07-26 17:10:00,206.84,207.45,211.91,204.81,114836805,-1.92,0,31.68,腾讯财经
2026-07-26 17:20:00,206.84,207.45,211.91,204.81,114836805,-1.92,0,31.68,腾讯财经
2026-07-26 17:30:03,206.84,207.45,211.91,204.81,114836805,-1.92,0,31.68,腾讯财经
2026-07-26 17:40:00,206.84,207.45,211.91,204.81,114836805,-1.92,0,31.68,腾讯财经
2026-07-26 17:50:01,206.84,207.45,211.91,204.81,114836805,-1.92,0,31.68,腾讯财经
2026-07-26 18:00:00,206.84,207.45,211.91,204.81,114836805,-1.92,0,31.68,腾讯财经
2026-07-26 18:10:00,206.84,207.45,211.91,204.81,114836805,-1.92,0,31.68,腾讯财经
2026-07-26 18:20:00,206.84,207.45,211.91,204.81,114836805,-1.92,0,31.68,腾讯财经
2026-07-26 18:30:01,206.84,207.45,211.91,204.81,114836805,-1.92,0,31.68,腾讯财经
2026-07-26 18:40:03,206.84,207.45,211.91,204.81,114836805,-1.92,0,31.68,腾讯财经
2026-07-26 18:50:00,206.84,207.45,211.91,204.81,114836805,-1.92,0,31.68,腾讯财经
2026-07-26 19:00:00,206.84,207.45,211.91,204.81,114836805,-1.92,0,31.68,腾讯财经
2026-07-26 19:10:00,206.84,207.45,211.91,204.81,114836805,-1.92,0,31.68,腾讯财经
2026-07-26 19:20:00,206.84,207.45,211.91,204.81,114836805,-1.92,0,31.68,腾讯财经
2026-07-26 19:30:03,206.84,207.45,211.91,204.81,114836805,-1.92,0,31.68,腾讯财经
2026-07-26 19:40:00,206.84,207.45,211.91,204.81,114836805,-1.92,0,31.68,腾讯财经
2026-07-26 19:50:00,206.84,207.45,211.91,204.81,114836805,-1.92,0,31.68,腾讯财经
2026-07-26 20:00:05,206.84,207.45,211.91,204.81,114836805,-1.92,0,31.68,腾讯财经
2026-07-26 20:10:02,206.84,207.45,211.91,204.81,114836805,-1.92,0,31.68,腾讯财经
2026-07-26 20:20:03,206.84,207.45,211.91,204.81,114836805,-1.92,0,31.68,腾讯财经
2026-07-26 20:30:02,206.84,207.45,211.91,204.81,114836805,-1.92,0,31.68,腾讯财经
2026-07-26 20:40:01,206.84,207.45,211.91,204.81,114836805,-1.92,0,31.68,腾讯财经
2026-07-26 20:50:03,206.84,207.45,211.91,204.81,114836805,-1.92,0,31.68,腾讯财经
2026-07-26 21:00:00,206.84,207.45,211.91,204.81,114836805,-1.92,0,31.68,腾讯财经
2026-07-26 21:10:05,206.84,207.45,211.91,204.81,114836805,-1.92,0,31.68,腾讯财经
2026-07-26 21:20:02,206.84,207.45,211.91,204.81,114836805,-1.92,0,31.68,腾讯财经
2026-07-26 21:30:00,206.84,207.45,211.91,204.81,114836805,-1.92,0,31.68,腾讯财经
2026-07-26 21:40:00,206.84,207.45,211.91,204.81,114836805,-1.92,0,31.68,腾讯财经
2026-07-26 21:50:00,206.84,207.45,211.91,204.81,114836805,-1.92,0,31.68,腾讯财经
2026-07-26 22:00:04,206.84,207.45,211.91,204.81,114836805,-1.92,0,31.68,腾讯财经
2026-07-26 22:10:00,206.84,207.45,211.91,204.81,114836805,-1.92,0,31.68,腾讯财经
2026-07-26 22:20:00,206.84,207.45,211.91,204.81,114836805,-1.92,0,31.68,腾讯财经
2026-07-26 22:30:05,206.84,207.45,211.91,204.81,114836805,-1.92,0,31.68,腾讯财经
2026-07-26 22:40:05,206.84,207.45,211.91,204.81,114836805,-1.92,0,31.68,腾讯财经
2026-07-26 22:50:00,206.84,207.45,211.91,204.81,114836805,-1.92,0,31.68,腾讯财经
2026-07-26 23:00:03,206.84,207.45,211.91,204.81,114836805,-1.92,0,31.68,腾讯财经
2026-07-26 23:10:01,206.84,207.45,211.91,204.81,114836805,-1.92,0,31.68,腾讯财经
2026-07-26 23:20:03,206.84,207.45,211.91,204.81,114836805,-1.92,0,31.68,腾讯财经
2026-07-26 23:30:05,206.84,207.45,211.91,204.81,114836805,-1.92,0,31.68,腾讯财经
2026-07-26 23:40:00,206.84,207.45,211.91,204.81,114836805,-1.92,0,31.68,腾讯财经
2026-07-26 23:50:05,206.84,207.45,211.91,204.81,114836805,-1.92,0,31.68,腾讯财经
2026-07-27 00:00:00,206.84,207.45,211.91,204.81,114836805,-1.92,0,31.68,腾讯财经
2026-07-27 00:10:03,206.84,207.45,211.91,204.81,114836805,-1.92,0,31.68,腾讯财经
2026-07-27 00:20:00,206.84,207.45,211.91,204.81,114836805,-1.92,0,31.68,腾讯财经
2026-07-27 00:30:01,206.84,207.45,211.91,204.81,114836805,-1.92,0,31.68,腾讯财经
2026-07-27 00:40:02,206.84,207.45,211.91,204.81,114836805,-1.92,0,31.68,腾讯财经
2026-07-27 00:50:00,206.84,207.45,211.91,204.81,114836805,-1.92,0,31.68,腾讯财经
2026-07-27 01:00:01,206.84,207.45,211.91,204.81,114836805,-1.92,0,31.68,腾讯财经
2026-07-27 01:10:04,206.84,207.45,211.91,204.81,114836805,-1.92,0,31.68,腾讯财经
2026-07-27 01:20:05,206.84,207.45,211.91,204.81,114836805,-1.92,0,31.68,腾讯财经
2026-07-27 01:30:00,206.84,207.45,211.91,204.81,114836805,-1.92,0,31.68,腾讯财经
2026-07-27 01:40:02,206.84,207.45,211.91,204.81,114836805,-1.92,0,31.68,腾讯财经
2026-07-27 01:50:00,206.84,207.45,211.91,204.81,114836805,-1.92,0,31.68,腾讯财经
2026-07-27 02:00:00,206.84,207.45,211.91,204.81,114836805,-1.92,0,31.68,腾讯财经
2026-07-27 02:10:00,206.84,207.45,211.91,204.81,114836805,-1.92,0,31.68,腾讯财经
2026-07-27 02:20:04,206.84,207.45,211.91,204.81,114836805,-1.92,0,31.68,腾讯财经
2026-07-27 02:30:00,206.84,207.45,211.91,204.81,114836805,-1.92,0,31.68,腾讯财经
2026-07-27 02:40:00,206.84,207.45,211.91,204.81,114836805,-1.92,0,31.68,腾讯财经
2026-07-27 02:50:05,206.84,207.45,211.91,204.81,114836805,-1.92,0,31.68,腾讯财经
2026-07-27 03:00:00,206.84,207.45,211.91,204.81,114836805,-1.92,0,31.68,腾讯财经
2026-07-27 03:10:01,206.84,207.45,211.91,204.81,114836805,-1.92,0,31.68,腾讯财经
2026-07-27 03:20:01,206.84,207.45,211.91,204.81,114836805,-1.92,0,31.68,腾讯财经
2026-07-27 03:30:00,206.84,207.45,211.91,204.81,114836805,-1.92,0,31.68,腾讯财经
2026-07-27 03:40:00,206.84,207.45,211.91,204.81,114836805,-1.92,0,31.68,腾讯财经
2026-07-27 03:50:01,206.84,207.45,211.91,204.81,114836805,-1.92,0,31.68,腾讯财经
2026-07-27 04:00:00,206.84,207.45,211.91,204.81,114836805,-1.92,0,31.68,腾讯财经
2026-07-27 04:10:03,206.84,207.45,211.91,204.81,114836805,-1.92,0,31.68,腾讯财经
2026-07-27 04:20:00,206.84,207.45,211.91,204.81,114836805,-1.92,0,31.68,腾讯财经
2026-07-27 04:30:02,206.84,207.45,211.91,204.81,114836805,-1.92,0,31.68,腾讯财经
2026-07-27 04:40:04,206.84,207.45,211.91,204.81,114836805,-1.92,0,31.68,腾讯财经
2026-07-27 04:50:00,206.84,207.45,211.91,204.81,114836805,-1.92,0,31.68,腾讯财经
2026-07-27 05:00:00,206.84,207.45,211.91,204.81,114836805,-1.92,0,31.68,腾讯财经
2026-07-27 05:10:01,206.84,207.45,211.91,204.81,114836805,-1.92,0,31.68,腾讯财经
2026-07-27 05:20:01,206.84,207.45,211.91,204.81,114836805,-1.92,0,31.68,腾讯财经
2026-07-27 05:30:05,206.84,207.45,211.91,204.81,114836805,-1.92,0,31.68,腾讯财经
2026-07-27 05:40:02,206.84,207.45,211.91,204.81,114836805,-1.92,0,31.68,腾讯财经
2026-07-27 05:50:04,206.84,207.45,211.91,204.81,114836805,-1.92,0,31.68,腾讯财经
2026-07-27 06:00:01,206.84,207.45,211.91,204.81,114836805,-1.92,0,31.68,腾讯财经
2026-07-27 06:10:01,206.84,207.45,211.91,204.81,114836805,-1.92,0,31.68,腾讯财经
2026-07-27 06:20:01,206.84,207.45,211.91,204.81,114836805,-1.92,0,31.68,腾讯财经
2026-07-27 06:30:02,206.84,207.45,211.91,204.81,114836805,-1.92,0,31.68,腾讯财经
2026-07-27 06:40:01,206.84,207.45,211.91,204.81,114836805,-1.92,0,31.68,腾讯财经
2026-07-27 06:50:03,206.84,207.45,211.91,204.81,114836805,-1.92,0,31.68,腾讯财经
2026-07-27 07:00:02,206.84,207.45,211.91,204.81,114836805,-1.92,0,31.68,腾讯财经
2026-07-27 07:10:00,206.84,207.45,211.91,204.81,114836805,-1.92,0,31.68,腾讯财经
2026-07-27 07:20:00,206.84,207.45,211.91,204.81,114836805,-1.92,0,31.68,腾讯财经
2026-07-27 07:30:04,206.84,207.45,211.91,204.81,114836805,-1.92,0,31.68,腾讯财经
2026-07-27 07:40:05,206.84,207.45,211.91,204.81,114836805,-1.92,0,31.68,腾讯财经
2026-07-27 07:50:02,206.84,207.45,211.91,204.81,114836805,-1.92,0,31.68,腾讯财经
2026-07-27 08:50:01,206.84,207.45,211.91,204.81,114836805,-1.92,0,31.68,腾讯财经
2026-07-27 09:00:00,206.84,207.45,211.91,204.81,114836805,-1.92,0,31.68,腾讯财经
2026-07-27 09:10:02,206.84,207.45,211.91,204.81,114836805,-1.92,0,31.68,腾讯财经
2026-07-27 09:20:05,206.84,207.45,211.91,204.81,114836805,-1.92,0,31.68,腾讯财经
2026-07-27 09:30:00,206.84,207.45,211.91,204.81,114836805,-1.92,0,31.68,腾讯财经
2026-07-27 09:40:03,206.84,207.45,211.91,204.81,114836805,-1.92,0,31.68,腾讯财经
2026-07-27 09:50:05,206.84,207.45,211.91,204.81,114836805,-1.92,0,31.68,腾讯财经
2026-07-27 10:00:00,206.84,207.45,211.91,204.81,114836805,-1.92,0,31.68,腾讯财经
2026-07-27 10:10:04,206.84,207.45,211.91,204.81,114836805,-1.92,0,31.68,腾讯财经
2026-07-27 10:20:00,206.84,207.45,211.91,204.81,114836805,-1.92,0,31.68,腾讯财经
2026-07-27 10:30:04,206.84,207.45,211.91,204.81,114836805,-1.92,0,31.68,腾讯财经
2026-07-27 10:40:03,206.84,207.45,211.91,204.81,114836805,-1.92,0,31.68,腾讯财经
2026-07-27 10:50:04,206.84,207.45,211.91,204.81,114836805,-1.92,0,31.68,腾讯财经
2026-07-27 11:00:04,206.84,207.45,211.91,204.81,114836805,-1.92,0,31.68,腾讯财经
2026-07-27 11:10:03,206.84,207.45,211.91,204.81,114836805,-1.92,0,31.68,腾讯财经
2026-07-27 11:20:05,206.84,207.45,211.91,204.81,114836805,-1.92,0,31.68,腾讯财经
2026-07-27 11:30:03,206.84,207.45,211.91,204.81,114836805,-1.92,0,31.68,腾讯财经
2026-07-27 11:40:03,206.84,207.45,211.91,204.81,114836805,-1.92,0,31.68,腾讯财经
2026-07-27 11:50:01,206.84,207.45,211.91,204.81,114836805,-1.92,0,31.68,腾讯财经
2026-07-27 12:00:05,206.84,207.45,211.91,204.81,114836805,-1.92,0,31.68,腾讯财经
2026-07-27 12:10:04,206.84,207.45,211.91,204.81,114836805,-1.92,0,31.68,腾讯财经
2026-07-27 12:20:02,206.84,207.45,211.91,204.81,114836805,-1.92,0,31.68,腾讯财经
2026-07-27 12:30:04,206.84,207.45,211.91,204.81,114836805,-1.92,0,31.68,腾讯财经
2026-07-27 12:40:04,206.84,207.45,211.91,204.81,114836805,-1.92,0,31.68,腾讯财经
2026-07-27 12:50:03,206.84,207.45,211.91,204.81,114836805,-1.92,0,31.68,腾讯财经
2026-07-27 13:00:02,206.84,207.45,211.91,204.81,114836805,-1.92,0,31.68,腾讯财经
2026-07-27 13:10:04,206.84,207.45,211.91,204.81,114836805,-1.92,0,31.68,腾讯财经
2026-07-27 13:20:04,206.84,207.45,211.91,204.81,114836805,-1.92,0,31.68,腾讯财经
2026-07-27 13:30:03,206.84,207.45,211.91,204.81,114836805,-1.92,0,31.68,腾讯财经
2026-07-27 13:40:04,206.84,207.45,211.91,204.81,114836805,-1.92,0,31.68,腾讯财经
2026-07-27 13:50:01,206.84,207.45,211.91,204.81,114836805,-1.92,0,31.68,腾讯财经
2026-07-27 14:00:00,206.84,207.45,211.91,204.81,114836805,-1.92,0,31.68,腾讯财经
2026-07-27 14:10:04,206.84,207.45,211.91,204.81,114836805,-1.92,0,31.68,腾讯财经
2026-07-27 14:20:00,206.84,207.45,211.91,204.81,114836805,-1.92,0,31.68,腾讯财经
2026-07-27 14:30:04,206.84,207.45,211.91,204.81,114836805,-1.92,0,31.68,腾讯财经
2026-07-27 14:40:05,206.84,207.45,211.91,204.81,114836805,-1.92,0,31.68,腾讯财经
2026-07-27 14:50:01,206.84,207.45,211.91,204.81,114836805,-1.92,0,31.68,腾讯财经
2026-07-27 15:00:01,206.84,207.45,211.91,204.81,114836805,-1.92,0,31.68,腾讯财经
2026-07-27 15:10:05,206.84,207.45,211.91,204.81,114836805,-1.92,0,31.68,腾讯财经
2026-07-27 15:20:00,206.84,207.45,211.91,204.81,114836805,-1.92,0,31.68,腾讯财经
2026-07-27 15:30:02,206.84,207.45,211.91,204.81,114836805,-1.92,0,31.68,腾讯财经
2026-07-27 15:40:05,206.84,207.45,211.91,204.81,114836805,-1.92,0,31.68,腾讯财经
2026-07-27 15:50:00,206.84,207.45,211.91,204.81,114836805,-1.92,0,31.68,腾讯财经
2026-07-27 16:00:02,206.84,207.45,211.91,204.81,114836805,-1.92,0,31.68,腾讯财经
2026-07-27 16:10:04,206.84,207.45,211.91,204.81,114836805,-1.92,0,31.68,腾讯财经
2026-07-27 16:20:00,206.84,207.45,211.91,204.81,114836805,-1.92,0,31.68,腾讯财经
2026-07-27 16:30:05,206.84,207.45,211.91,204.81,114836805,-1.92,0,31.68,腾讯财经
2026-07-27 16:40:04,206.84,207.45,211.91,204.81,114836805,-1.92,0,31.68,腾讯财经
2026-07-27 16:50:04,206.84,207.45,211.91,204.81,114836805,-1.92,0,31.68,腾讯财经
2026-07-27 17:00:01,206.84,207.45,211.91,204.81,114836805,-1.92,0,31.68,腾讯财经
2026-07-27 17:10:03,206.84,207.45,211.91,204.81,114836805,-1.92,0,31.68,腾讯财经
2026-07-27 17:20:05,206.84,207.45,211.91,204.81,114836805,-1.92,0,31.68,腾讯财经
2026-07-27 17:30:01,206.84,207.45,211.91,204.81,114836805,-1.92,0,31.68,腾讯财经
2026-07-27 18:21:14,206.84,207.45,211.91,204.81,114836805,-1.92,0,31.68,腾讯财经
2026-07-27 18:30:02,206.84,207.45,211.91,204.81,114836805,-1.92,0,31.68,腾讯财经
2026-07-27 18:40:00,206.84,207.45,211.91,204.81,114836805,-1.92,0,31.68,腾讯财经
2026-07-27 18:50:00,206.84,207.45,211.91,204.81,114836805,-1.92,0,31.68,腾讯财经
2026-07-27 19:00:03,206.84,207.45,211.91,204.81,114836805,-1.92,0,31.68,腾讯财经
2026-07-27 19:10:04,206.84,207.45,211.91,204.81,114836805,-1.92,0,31.68,腾讯财经
2026-07-27 19:20:02,206.84,207.45,211.91,204.81,114836805,-1.92,0,31.68,腾讯财经
2026-07-27 19:30:04,206.84,207.45,211.91,204.81,114836805,-1.92,0,31.68,腾讯财经
2026-07-27 19:40:02,206.84,207.45,211.91,204.81,114836805,-1.92,0,31.68,腾讯财经
2026-07-27 19:50:03,206.84,207.45,211.91,204.81,114836805,-1.92,0,31.68,腾讯财经
2026-07-27 20:00:01,206.84,207.45,211.91,204.81,114836805,-1.92,0,31.68,腾讯财经
2026-07-27 20:10:00,206.84,207.45,211.91,204.81,114836805,-1.92,0,31.68,腾讯财经
2026-07-27 20:20:04,206.84,207.45,211.91,204.81,114836805,-1.92,0,31.68,腾讯财经
2026-07-27 20:30:05,206.84,207.45,211.91,204.81,114836805,-1.92,0,31.68,腾讯财经
2026-07-27 20:40:02,206.84,207.45,211.91,204.81,114836805,-1.92,0,31.68,腾讯财经
2026-07-27 20:50:02,206.84,207.45,211.91,204.81,114836805,-1.92,0,31.68,腾讯财经
2026-07-27 21:00:01,206.84,207.45,211.91,204.81,114836805,-1.92,0,31.68,腾讯财经
2026-07-27 21:10:02,206.84,207.45,211.91,204.81,114836805,-1.92,0,31.68,腾讯财经
2026-07-27 21:20:00,206.84,207.45,211.91,204.81,114836805,-1.92,0,31.68,腾讯财经
2026-07-27 21:30:04,208.16,208.11,208.16,208.11,1914548,1.32,0,31.88,腾讯财经
2026-07-27 21:40:03,204.79,208.11,208.75,204.60,8856476,-2.05,0,31.36,腾讯财经
2026-07-27 21:50:04,202.57,208.20,208.75,201.20,16195207,-4.27,-2.00,31.02,腾讯财经
2026-07-27 22:00:02,201.65,208.20,208.75,201.20,20993285,-5.19,-2.00,30.88,腾讯财经
2026-07-27 22:10:01,202.63,208.20,208.75,201.20,24688908,-4.21,-2.00,31.03,腾讯财经
2026-07-27 22:20:00,201.07,208.20,208.75,200.75,29498672,-5.77,-2.00,30.79,腾讯财经
2026-07-27 22:30:01,199.09,208.20,208.75,199.06,34497120,-7.75,-3.00,30.49,腾讯财经
2026-07-27 22:40:04,199.18,208.20,208.75,198.32,40123166,-7.66,-3.00,30.50,腾讯财经
2026-07-27 22:50:01,198.85,208.20,208.75,197.42,46611010,-7.99,-3.00,30.45,腾讯财经
2026-07-27 23:00:01,199.80,208.20,208.75,197.42,50622061,-7.04,-3.00,30.60,腾讯财经
2026-07-28 08:38:27,196.51,208.20,208.75,195.44,154353698,-10.33,-4.00,30.09,腾讯财经
2026-07-28 08:40:01,196.51,208.20,208.75,195.44,154353698,-10.33,-4.00,30.09,腾讯财经
2026-07-28 08:50:05,196.51,208.20,208.75,195.44,154353698,-10.33,-4.00,30.09,腾讯财经
2026-07-28 09:00:01,196.51,208.20,208.75,195.44,154353698,-10.33,-4.00,30.09,腾讯财经
2026-07-28 09:10:04,196.51,208.20,208.75,195.44,154353698,-10.33,-4.00,30.09,腾讯财经
2026-07-28 09:20:00,196.51,208.20,208.75,195.44,154353698,-10.33,-4.00,30.09,腾讯财经
2026-07-28 09:30:04,196.51,208.20,208.75,195.44,154353698,-10.33,-4.00,30.09,腾讯财经
2026-07-28 09:40:00,196.51,208.20,208.75,195.44,154353698,-10.33,-4.00,30.09,腾讯财经
2026-07-28 09:50:02,196.51,208.20,208.75,195.44,154353698,-10.33,-4.00,30.09,腾讯财经
2026-07-28 10:00:03,196.51,208.20,208.75,195.44,154353698,-10.33,-4.00,30.09,腾讯财经
2026-07-28 10:10:02,196.51,208.20,208.75,195.44,154353698,-10.33,-4.00,30.09,腾讯财经
2026-07-28 10:20:02,196.51,208.20,208.75,195.44,154353698,-10.33,-4.00,30.09,腾讯财经
2026-07-28 10:30:05,196.51,208.20,208.75,195.44,154353698,-10.33,-4.00,30.09,腾讯财经
2026-07-28 10:40:00,196.51,208.20,208.75,195.44,154353698,-10.33,-4.00,30.09,腾讯财经
2026-07-28 10:50:00,196.51,208.20,208.75,195.44,154353698,-10.33,-4.00,30.09,腾讯财经
2026-07-28 11:00:00,196.51,208.20,208.75,195.44,154353698,-10.33,-4.00,30.09,腾讯财经
2026-07-28 11:10:02,196.51,208.20,208.75,195.44,154353698,-10.33,-4.00,30.09,腾讯财经
2026-07-28 11:20:00,196.51,208.20,208.75,195.44,154353698,-10.33,-4.00,30.09,腾讯财经
2026-07-28 11:30:01,196.51,208.20,208.75,195.44,154353698,-10.33,-4.00,30.09,腾讯财经
2026-07-28 11:40:05,196.51,208.20,208.75,195.44,154353698,-10.33,-4.00,30.09,腾讯财经
2026-07-28 11:50:04,196.51,208.20,208.75,195.44,154353698,-10.33,-4.00,30.09,腾讯财经
2026-07-28 12:00:04,196.51,208.20,208.75,195.44,154353698,-10.33,-4.00,30.09,腾讯财经
2026-07-28 12:10:03,196.51,208.20,208.75,195.44,154353698,-10.33,-4.00,30.09,腾讯财经
2026-07-28 12:20:00,196.51,208.20,208.75,195.44,154353698,-10.33,-4.00,30.09,腾讯财经
2026-07-28 12:30:00,196.51,208.20,208.75,195.44,154353698,-10.33,-4.00,30.09,腾讯财经
2026-07-28 12:40:02,196.51,208.20,208.75,195.44,154353698,-10.33,-4.00,30.09,腾讯财经
2026-07-28 12:50:00,196.51,208.20,208.75,195.44,154353698,-10.33,-4.00,30.09,腾讯财经
2026-07-28 13:00:00,196.51,208.20,208.75,195.44,154353698,-10.33,-4.00,30.09,腾讯财经
2026-07-28 13:10:00,196.51,208.20,208.75,195.44,154353698,-10.33,-4.00,30.09,腾讯财经
2026-07-28 13:20:03,196.51,208.20,208.75,195.44,154353698,-10.33,-4.00,30.09,腾讯财经
2026-07-28 13:30:00,196.51,208.20,208.75,195.44,154353698,-10.33,-4.00,30.09,腾讯财经
2026-07-28 13:40:03,196.51,208.20,208.75,195.44,154353698,-10.33,-4.00,30.09,腾讯财经
2026-07-28 13:50:04,196.51,208.20,208.75,195.44,154353698,-10.33,-4.00,30.09,腾讯财经
2026-07-28 14:00:05,196.51,208.20,208.75,195.44,154353698,-10.33,-4.00,30.09,腾讯财经
2026-07-28 14:10:05,196.51,208.20,208.75,195.44,154353698,-10.33,-4.00,30.09,腾讯财经
2026-07-28 14:20:01,196.51,208.20,208.75,195.44,154353698,-10.33,-4.00,30.09,腾讯财经
2026-07-28 14:30:00,196.51,208.20,208.75,195.44,154353698,-10.33,-4.00,30.09,腾讯财经
2026-07-28 14:40:00,196.51,208.20,208.75,195.44,154353698,-10.33,-4.00,30.09,腾讯财经
2026-07-28 14:50:00,196.51,208.20,208.75,195.44,154353698,-10.33,-4.00,30.09,腾讯财经
2026-07-28 15:00:00,196.51,208.20,208.75,195.44,154353698,-10.33,-4.00,30.09,腾讯财经
2026-07-28 15:10:01,196.51,208.20,208.75,195.44,154353698,-10.33,-4.00,30.09,腾讯财经
2026-07-28 15:20:00,196.51,208.20,208.75,195.44,154353698,-10.33,-4.00,30.09,腾讯财经
2026-07-28 15:30:04,196.51,208.20,208.75,195.44,154353698,-10.33,-4.00,30.09,腾讯财经
2026-07-28 15:40:05,196.51,208.20,208.75,195.44,154353698,-10.33,-4.00,30.09,腾讯财经
2026-07-28 15:50:01,196.51,208.20,208.75,195.44,154353698,-10.33,-4.00,30.09,腾讯财经
2026-07-28 16:00:03,196.51,208.20,208.75,195.44,154353698,-10.33,-4.00,30.09,腾讯财经
2026-07-28 16:10:00,196.51,208.20,208.75,195.44,154353698,-10.33,-4.00,30.09,腾讯财经
2026-07-28 16:20:04,196.51,208.20,208.75,195.44,154353698,-10.33,-4.00,30.09,腾讯财经
2026-07-28 16:30:05,196.51,208.20,208.75,195.44,154353698,-10.33,-4.00,30.09,腾讯财经
2026-07-28 16:40:02,196.51,208.20,208.75,195.44,154353698,-10.33,-4.00,30.09,腾讯财经
2026-07-28 16:50:00,196.51,208.20,208.75,195.44,154353698,-10.33,-4.00,30.09,腾讯财经
2026-07-28 17:00:04,196.51,208.20,208.75,195.44,154353698,-10.33,-4.00,30.09,腾讯财经
2026-07-28 17:10:03,196.51,208.20,208.75,195.44,154353698,-10.33,-4.00,30.09,腾讯财经
2026-07-28 17:20:05,196.51,208.20,208.75,195.44,154353698,-10.33,-4.00,30.09,腾讯财经
2026-07-28 17:30:01,196.51,208.20,208.75,195.44,154353698,-10.33,-4.00,30.09,腾讯财经
2026-07-28 18:39:25,196.51,208.20,208.75,195.44,154353698,-10.33,-4.00,30.09,腾讯财经
2026-07-28 18:40:06,196.51,208.20,208.75,195.44,154353698,-10.33,-4.00,30.09,腾讯财经
2026-07-28 18:50:04,196.51,208.20,208.75,195.44,154353698,-10.33,-4.00,30.09,腾讯财经
2026-07-28 19:00:02,196.51,208.20,208.75,195.44,154353698,-10.33,-4.00,30.09,腾讯财经
2026-07-28 19:10:00,196.51,208.20,208.75,195.44,154353698,-10.33,-4.00,30.09,腾讯财经
2026-07-28 19:20:01,196.51,208.20,208.75,195.44,154353698,-10.33,-4.00,30.09,腾讯财经
2026-07-28 19:30:03,196.51,208.20,208.75,195.44,154353698,-10.33,-4.00,30.09,腾讯财经
2026-07-28 19:40:04,196.51,208.20,208.75,195.44,154353698,-10.33,-4.00,30.09,腾讯财经
2026-07-28 19:50:00,196.51,208.20,208.75,195.44,154353698,-10.33,-4.00,30.09,腾讯财经
2026-07-28 20:00:02,196.51,208.20,208.75,195.44,154353698,-10.33,-4.00,30.09,腾讯财经
2026-07-28 20:10:00,196.51,208.20,208.75,195.44,154353698,-10.33,-4.00,30.09,腾讯财经
2026-07-28 20:20:04,196.51,208.20,208.75,195.44,154353698,-10.33,-4.00,30.09,腾讯财经
2026-07-28 20:30:05,196.51,208.20,208.75,195.44,154353698,-10.33,-4.00,30.09,腾讯财经
2026-07-28 20:40:03,196.51,208.20,208.75,195.44,154353698,-10.33,-4.00,30.09,腾讯财经
2026-07-28 20:50:03,196.51,208.20,208.75,195.44,154353698,-10.33,-4.00,30.09,腾讯财经
2026-07-28 21:00:03,196.51,208.20,208.75,195.44,154353698,-10.33,-4.00,30.09,腾讯财经
2026-07-28 21:10:01,196.51,208.20,208.75,195.44,154353698,-10.33,-4.00,30.09,腾讯财经
2026-07-28 21:20:00,196.51,208.20,208.75,195.44,154353698,-10.33,-4.00,30.09,腾讯财经
2026-07-28 21:30:00,196.51,0.00,0.00,0.00,4686386,0,0,30.09,腾讯财经
2026-07-28 21:40:00,194.34,194.95,195.46,193.57,13439077,-2.17,-1.00,29.76,腾讯财经
2026-07-28 21:50:02,194.05,195.00,195.46,192.80,20078226,-2.46,-1.00,29.72,腾讯财经
2026-07-28 22:00:04,193.66,195.00,195.46,192.80,24246331,-2.85,-1.00,29.66,腾讯财经
2026-07-28 22:10:02,194.29,195.00,195.46,192.80,28310069,-2.22,-1.00,29.75,腾讯财经
2026-07-28 22:20:00,193.33,195.00,195.46,192.80,32236499,-3.18,-1.00,29.61,腾讯财经
2026-07-28 22:30:00,194.08,195.00,195.46,192.74,36720975,-2.43,-1.00,29.72,腾讯财经
2026-07-28 22:40:02,195.51,195.00,196.11,192.74,41172693,-1.00,0,29.94,腾讯财经
2026-07-28 22:50:04,197.02,195.00,197.17,192.74,45374021,.51,0,30.17,腾讯财经
2026-07-28 23:00:00,196.63,195.00,197.60,192.74,48876829,.12,0,30.11,腾讯财经
2026-07-28 23:10:00,196.18,195.00,197.60,192.74,51609092,-.33,0,30.04,腾讯财经
2026-07-28 23:20:01,196.99,195.00,197.60,192.74,54310300,.48,0,30.17,腾讯财经
2026-07-28 23:30:03,196.81,195.00,197.85,192.74,57405143,.30,0,30.14,腾讯财经
2026-07-28 23:40:05,197.39,195.00,197.85,192.74,59863398,.88,0,30.23,腾讯财经
2026-07-28 23:50:04,198.33,195.00,198.61,192.74,62789946,1.82,0,30.37,腾讯财经
2026-07-29 00:00:00,198.34,195.00,198.61,192.74,65261546,1.83,0,30.37,腾讯财经
2026-07-29 00:10:02,197.75,195.00,198.70,192.74,67469860,1.24,0,30.28,腾讯财经
2026-07-29 00:20:03,198.01,195.00,198.70,192.74,69230891,1.50,0,30.32,腾讯财经
2026-07-29 00:30:00,197.38,195.00,198.70,192.74,70834550,.87,0,30.23,腾讯财经
2026-07-29 00:40:00,197.24,195.00,198.70,192.74,73605716,.73,0,30.21,腾讯财经
2026-07-29 00:50:04,197.55,195.00,198.70,192.74,75999955,1.04,0,30.25,腾讯财经
2026-07-29 01:00:01,198.03,195.00,198.70,192.74,77405719,1.52,0,30.33,腾讯财经
2026-07-29 01:10:05,197.34,195.00,198.70,192.74,78925303,.83,0,30.22,腾讯财经
2026-07-29 01:20:00,197.79,195.00,198.70,192.74,80280778,1.28,0,30.29,腾讯财经
2026-07-29 01:30:04,197.70,195.00,198.70,192.74,81749654,1.19,0,30.28,腾讯财经
2026-07-29 01:40:00,197.61,195.00,198.70,192.74,82955006,1.10,0,30.26,腾讯财经
2026-07-29 01:50:02,197.20,195.00,198.70,192.74,84299341,.69,0,30.20,腾讯财经
2026-07-29 02:00:02,197.08,195.00,198.70,192.74,85339224,.57,0,30.18,腾讯财经
2026-07-29 02:10:02,196.89,195.00,198.70,192.74,86485252,.38,0,30.15,腾讯财经
2026-07-29 02:20:00,196.95,195.00,198.70,192.74,87411569,.44,0,30.16,腾讯财经
2026-07-29 02:30:00,196.65,195.00,198.70,192.74,88663945,.14,0,30.11,腾讯财经
2026-07-29 02:40:00,197.14,195.00,198.70,192.74,89908969,.63,0,30.19,腾讯财经
2026-07-29 02:50:05,197.12,195.00,198.70,192.74,91229960,.61,0,30.19,腾讯财经
2026-07-29 03:00:05,197.07,195.00,198.70,192.74,93372761,.56,0,30.18,腾讯财经
2026-07-29 03:10:05,197.32,195.00,198.70,192.74,95333991,.81,0,30.22,腾讯财经
2026-07-29 03:20:05,197.72,195.00,198.70,192.74,97207615,1.21,0,30.28,腾讯财经
2026-07-29 03:30:01,197.85,195.00,198.70,192.74,98822639,1.34,0,30.30,腾讯财经
2026-07-29 03:40:03,197.08,195.00,198.70,192.74,101921610,.57,0,30.18,腾讯财经
2026-07-29 03:50:00,197.31,195.00,198.70,192.74,104504393,.80,0,30.22,腾讯财经
2026-07-29 04:00:03,197.14,195.00,198.70,192.74,110892608,.63,0,30.19,腾讯财经
2026-07-29 04:10:02,197.01,195.00,198.70,192.74,132096884,.50,0,30.17,腾讯财经
2026-07-29 04:20:05,197.01,195.00,198.70,192.74,132225172,.50,0,30.17,腾讯财经
2026-07-29 04:30:03,197.01,195.00,198.70,192.74,132317852,.50,0,30.17,腾讯财经
2026-07-29 04:40:00,197.01,195.00,198.70,192.74,132363970,.50,0,30.17,腾讯财经
2026-07-29 04:50:00,197.01,195.00,198.70,192.74,132916160,.50,0,30.17,腾讯财经
2026-07-29 05:00:00,197.01,195.00,198.70,192.74,132965550,.50,0,30.17,腾讯财经
2026-07-29 05:10:00,197.01,195.00,198.70,192.74,132991814,.50,0,30.17,腾讯财经
2026-07-29 05:20:01,197.01,195.00,198.70,192.74,133022164,.50,0,30.17,腾讯财经
2026-07-29 05:30:00,197.01,195.00,198.70,192.74,133066312,.50,0,30.17,腾讯财经
2026-07-29 05:40:00,197.01,195.00,198.70,192.74,133092095,.50,0,30.17,腾讯财经
2026-07-29 05:50:00,197.01,195.00,198.70,192.74,133130226,.50,0,30.17,腾讯财经
2026-07-29 06:00:01,197.01,195.00,198.70,192.74,133148797,.50,0,30.17,腾讯财经
2026-07-29 06:10:00,197.01,195.00,198.70,192.74,133188895,.50,0,30.17,腾讯财经
2026-07-29 06:20:00,197.01,195.00,198.70,192.74,133228754,.50,0,30.17,腾讯财经
2026-07-29 06:30:00,197.01,195.00,198.70,192.74,133253709,.50,0,30.17,腾讯财经
2026-07-29 06:40:05,197.01,195.00,198.70,192.74,133294806,.50,0,30.17,腾讯财经
2026-07-29 06:50:00,197.01,195.00,198.70,192.74,133371816,.50,0,30.17,腾讯财经
2026-07-29 07:00:05,197.01,195.00,198.70,192.74,133498239,.50,0,30.17,腾讯财经
2026-07-29 07:10:00,197.01,195.00,198.70,192.74,133596073,.50,0,30.17,腾讯财经
2026-07-29 07:20:03,197.01,195.00,198.70,192.74,133743061,.50,0,30.17,腾讯财经
2026-07-29 07:30:05,197.01,195.00,198.70,192.74,133809360,.50,0,30.17,腾讯财经
2026-07-29 08:40:04,197.01,195.00,198.70,192.74,134111494,.50,0,30.17,腾讯财经
2026-07-29 08:50:00,197.01,195.00,198.70,192.74,134111494,.50,0,30.17,腾讯财经
2026-07-29 09:00:05,197.01,195.00,198.70,192.74,134111494,.50,0,30.17,腾讯财经
2026-07-29 09:10:00,197.01,195.00,198.70,192.74,134111494,.50,0,30.17,腾讯财经
2026-07-29 09:20:02,197.01,195.00,198.70,192.74,134111494,.50,0,30.17,腾讯财经
2026-07-29 09:30:00,197.01,195.00,198.70,192.74,134111494,.50,0,30.17,腾讯财经
2026-07-29 09:40:02,197.01,195.00,198.70,192.74,134111494,.50,0,30.17,腾讯财经
2026-07-29 09:50:04,197.01,195.00,198.70,192.74,134111494,.50,0,30.17,腾讯财经
2026-07-29 10:00:00,197.01,195.00,198.70,192.74,134111494,.50,0,30.17,腾讯财经
2026-07-29 10:10:00,197.01,195.00,198.70,192.74,134111494,.50,0,30.17,腾讯财经
2026-07-29 10:20:05,197.01,195.00,198.70,192.74,134111494,.50,0,30.17,腾讯财经
2026-07-29 10:30:00,197.01,195.00,198.70,192.74,134111494,.50,0,30.17,腾讯财经
2026-07-29 10:40:00,197.01,195.00,198.70,192.74,134111494,.50,0,30.17,腾讯财经
2026-07-29 10:50:04,197.01,195.00,198.70,192.74,134111494,.50,0,30.17,腾讯财经
2026-07-29 11:00:00,197.01,195.00,198.70,192.74,134111494,.50,0,30.17,腾讯财经
2026-07-29 11:10:03,197.01,195.00,198.70,192.74,134111494,.50,0,30.17,腾讯财经
2026-07-29 11:20:01,197.01,195.00,198.70,192.74,134111494,.50,0,30.17,腾讯财经
2026-07-29 11:30:00,197.01,195.00,198.70,192.74,134111494,.50,0,30.17,腾讯财经
2026-07-29 11:40:00,197.01,195.00,198.70,192.74,134111494,.50,0,30.17,腾讯财经
2026-07-29 11:50:02,197.01,195.00,198.70,192.74,134111494,.50,0,30.17,腾讯财经
2026-07-29 12:00:00,197.01,195.00,198.70,192.74,134111494,.50,0,30.17,腾讯财经
2026-07-29 12:10:04,197.01,195.00,198.70,192.74,134111494,.50,0,30.17,腾讯财经
2026-07-29 12:20:02,197.01,195.00,198.70,192.74,134111494,.50,0,30.17,腾讯财经
2026-07-29 12:30:00,197.01,195.00,198.70,192.74,134111494,.50,0,30.17,腾讯财经
2026-07-29 12:40:00,197.01,195.00,198.70,192.74,134111494,.50,0,30.17,腾讯财经
2026-07-29 12:50:00,197.01,195.00,198.70,192.74,134111494,.50,0,30.17,腾讯财经
2026-07-29 13:00:05,197.01,195.00,198.70,192.74,134111494,.50,0,30.17,腾讯财经
2026-07-29 13:10:01,197.01,195.00,198.70,192.74,134111494,.50,0,30.17,腾讯财经
2026-07-29 13:20:00,197.01,195.00,198.70,192.74,134111494,.50,0,30.17,腾讯财经
2026-07-29 13:30:01,197.01,195.00,198.70,192.74,134111494,.50,0,30.17,腾讯财经
2026-07-29 13:40:03,197.01,195.00,198.70,192.74,134111494,.50,0,30.17,腾讯财经
2026-07-29 13:50:03,197.01,195.00,198.70,192.74,134111494,.50,0,30.17,腾讯财经
2026-07-29 14:00:03,197.01,195.00,198.70,192.74,134111494,.50,0,30.17,腾讯财经
2026-07-29 14:10:00,197.01,195.00,198.70,192.74,134111494,.50,0,30.17,腾讯财经
2026-07-29 14:20:01,197.01,195.00,198.70,192.74,134111494,.50,0,30.17,腾讯财经
2026-07-29 14:30:00,197.01,195.00,198.70,192.74,134111494,.50,0,30.17,腾讯财经
2026-07-29 14:40:00,197.01,195.00,198.70,192.74,134111494,.50,0,30.17,腾讯财经
2026-07-29 14:50:00,197.01,195.00,198.70,192.74,134111494,.50,0,30.17,腾讯财经
2026-07-29 15:00:04,197.01,195.00,198.70,192.74,134111494,.50,0,30.17,腾讯财经
2026-07-29 15:10:02,197.01,195.00,198.70,192.74,134111494,.50,0,30.17,腾讯财经
2026-07-29 15:20:05,197.01,195.00,198.70,192.74,134111494,.50,0,30.17,腾讯财经
2026-07-29 15:30:00,197.01,195.00,198.70,192.74,134111494,.50,0,30.17,腾讯财经
2026-07-29 15:40:00,197.01,195.00,198.70,192.74,134111494,.50,0,30.17,腾讯财经
2026-07-29 15:50:00,197.01,195.00,198.70,192.74,134111494,.50,0,30.17,腾讯财经
2026-07-29 16:00:04,197.01,195.00,198.70,192.74,134111494,.50,0,30.17,腾讯财经
2026-07-29 16:10:00,197.01,195.00,198.70,192.74,134111494,.50,0,30.17,腾讯财经
2026-07-29 16:20:00,197.01,195.00,198.70,192.74,134111494,.50,0,30.17,腾讯财经
2026-07-29 16:30:00,197.01,195.00,198.70,192.74,134111494,.50,0,30.17,腾讯财经
2026-07-29 16:40:01,197.01,195.00,198.70,192.74,134111494,.50,0,30.17,腾讯财经
2026-07-29 16:50:02,197.01,195.00,198.70,192.74,134111494,.50,0,30.17,腾讯财经
2026-07-29 17:00:00,197.01,195.00,198.70,192.74,134111494,.50,0,30.17,腾讯财经
2026-07-29 17:10:00,197.01,195.00,198.70,192.74,134111494,.50,0,30.17,腾讯财经
2026-07-29 17:20:04,197.01,195.00,198.70,192.74,134111494,.50,0,30.17,腾讯财经
2026-07-29 17:30:01,197.01,195.00,198.70,192.74,134111494,.50,0,30.17,腾讯财经
2026-07-29 17:40:02,197.01,195.00,198.70,192.74,134111494,.50,0,30.17,腾讯财经
2026-07-29 17:50:00,197.01,195.00,198.70,192.74,134111494,.50,0,30.17,腾讯财经
2026-07-29 18:00:00,197.01,195.00,198.70,192.74,134111494,.50,0,30.17,腾讯财经
2026-07-29 18:10:03,197.01,195.00,198.70,192.74,134111494,.50,0,30.17,腾讯财经
2026-07-29 18:20:04,197.01,195.00,198.70,192.74,134111494,.50,0,30.17,腾讯财经
2026-07-29 18:30:00,197.01,195.00,198.70,192.74,134111494,.50,0,30.17,腾讯财经
2026-07-29 18:40:00,197.01,195.00,198.70,192.74,134111494,.50,0,30.17,腾讯财经
2026-07-29 18:50:04,197.01,195.00,198.70,192.74,134111494,.50,0,30.17,腾讯财经
2026-07-29 19:00:04,197.01,195.00,198.70,192.74,134111494,.50,0,30.17,腾讯财经
2026-07-29 19:10:01,197.01,195.00,198.70,192.74,134111494,.50,0,30.17,腾讯财经
2026-07-29 19:20:05,197.01,195.00,198.70,192.74,134111494,.50,0,30.17,腾讯财经
2026-07-29 19:30:05,197.01,195.00,198.70,192.74,134111494,.50,0,30.17,腾讯财经
2026-07-29 19:40:02,197.01,195.00,198.70,192.74,134111494,.50,0,30.17,腾讯财经
2026-07-29 19:50:01,197.01,195.00,198.70,192.74,134111494,.50,0,30.17,腾讯财经
2026-07-29 20:00:05,197.01,195.00,198.70,192.74,134111494,.50,0,30.17,腾讯财经
2026-07-29 20:10:05,197.01,195.00,198.70,192.74,134111494,.50,0,30.17,腾讯财经
2026-07-29 20:20:01,197.01,195.00,198.70,192.74,134111494,.50,0,30.17,腾讯财经
2026-07-29 20:30:04,197.01,195.00,198.70,192.74,134111494,.50,0,30.17,腾讯财经
2026-07-29 20:40:01,197.01,195.00,198.70,192.74,134111494,.50,0,30.17,腾讯财经
2026-07-29 20:50:03,197.01,195.00,198.70,192.74,134111494,.50,0,30.17,腾讯财经
2026-07-29 21:00:01,197.01,195.00,198.70,192.74,134111494,.50,0,30.17,腾讯财经
2026-07-29 21:10:00,197.01,195.00,198.70,192.74,134111494,.50,0,30.17,腾讯财经
2026-07-29 21:20:01,197.01,195.00,198.70,192.74,134111494,.50,0,30.17,腾讯财经
2026-07-29 21:30:02,197.01,0.00,0.00,0.00,2566476,0,0,30.17,腾讯财经
2026-07-29 21:40:00,195.90,195.85,197.07,194.86,7199638,-1.11,0,30.00,腾讯财经
2026-07-29 21:50:00,195.11,195.85,197.07,194.86,9944234,-1.90,0,29.88,腾讯财经
2026-07-29 22:00:02,193.36,195.85,197.07,192.65,14453196,-3.65,-1.00,29.61,腾讯财经
2026-07-29 22:10:00,192.81,195.85,197.07,192.25,18037655,-4.20,-2.00,29.53,腾讯财经
2026-07-29 22:20:00,192.24,195.85,197.07,191.20,22945830,-4.77,-2.00,29.44,腾讯财经
2026-07-29 22:30:03,191.59,195.85,197.07,190.92,26777316,-5.42,-2.00,29.34,腾讯财经
2026-07-29 22:40:00,191.76,195.85,197.07,190.92,29151150,-5.25,-2.00,29.37,腾讯财经
2026-07-29 22:50:00,191.82,195.85,197.07,190.92,32006560,-5.19,-2.00,29.38,腾讯财经
2026-07-29 23:00:00,192.56,195.85,197.07,190.92,34694754,-4.45,-2.00,29.49,腾讯财经
2026-07-29 23:10:04,192.91,195.85,197.07,190.92,37115794,-4.10,-2.00,29.54,腾讯财经
2026-07-29 23:20:03,192.36,195.85,197.07,190.92,39109501,-4.65,-2.00,29.46,腾讯财经
2026-07-29 23:30:02,192.47,195.85,197.07,190.92,40730952,-4.54,-2.00,29.47,腾讯财经
2026-07-29 23:40:00,192.03,195.85,197.07,190.92,42522462,-4.98,-2.00,29.41,腾讯财经
2026-07-29 23:50:03,191.89,195.85,197.07,190.92,44375741,-5.12,-2.00,29.39,腾讯财经
2026-07-30 00:00:02,191.94,195.85,197.07,190.92,46251064,-5.07,-2.00,29.39,腾讯财经
2026-07-30 00:10:05,191.17,195.85,197.07,190.80,50007229,-5.84,-2.00,29.28,腾讯财经
2026-07-30 00:20:01,191.13,195.85,197.07,190.68,52023946,-5.88,-2.00,29.27,腾讯财经
2026-07-30 00:30:04,191.58,195.85,197.07,190.68,54979639,-5.43,-2.00,29.34,腾讯财经
2026-07-30 00:40:04,191.86,195.85,197.07,190.68,56389057,-5.15,-2.00,29.38,腾讯财经
2026-07-30 00:50:01,191.81,195.85,197.07,190.68,57553583,-5.20,-2.00,29.37,腾讯财经
2026-07-30 01:00:04,192.01,195.85,197.07,190.68,61878879,-5.00,-2.00,29.40,腾讯财经
2026-07-30 01:10:01,192.53,195.85,197.07,190.68,63774183,-4.48,-2.00,29.48,腾讯财经
2026-07-30 01:20:01,192.76,195.85,197.07,190.68,66172061,-4.25,-2.00,29.52,腾讯财经
2026-07-30 01:30:05,192.09,195.85,197.07,190.68,67682601,-4.92,-2.00,29.42,腾讯财经
2026-07-30 01:40:02,192.14,195.85,197.07,190.68,69198396,-4.87,-2.00,29.42,腾讯财经
2026-07-30 01:50:01,192.07,195.85,197.07,190.68,70854435,-4.94,-2.00,29.41,腾讯财经
2026-07-30 02:00:01,192.27,195.85,197.07,190.68,72253860,-4.74,-2.00,29.44,腾讯财经
2026-07-30 02:10:01,193.67,195.85,197.07,190.68,77490976,-3.34,-1.00,29.66,腾讯财经
2026-07-30 02:20:00,192.62,195.85,197.07,190.68,79894600,-4.39,-2.00,29.50,腾讯财经
2026-07-30 02:30:03,193.19,195.85,197.07,190.68,81367844,-3.82,-1.00,29.58,腾讯财经
2026-07-30 02:40:03,193.97,195.85,197.07,190.68,83375853,-3.04,-1.00,29.70,腾讯财经
2026-07-30 02:50:00,196.01,195.85,197.07,190.68,86801893,-1.00,0,30.02,腾讯财经
2026-07-30 03:00:02,195.80,195.85,197.07,190.68,89348043,-1.21,0,29.98,腾讯财经
2026-07-30 03:10:01,194.66,195.85,197.07,190.68,91596707,-2.35,-1.00,29.81,腾讯财经
2026-07-30 03:20:00,194.16,195.85,197.07,190.68,94025671,-2.85,-1.00,29.73,腾讯财经
2026-07-30 03:30:04,193.37,195.85,197.07,190.68,97193489,-3.64,-1.00,29.61,腾讯财经
2026-07-30 03:40:00,191.58,195.85,197.07,190.68,100422125,-5.43,-2.00,29.34,腾讯财经
2026-07-30 03:50:02,192.12,195.85,197.07,190.68,104110934,-4.89,-2.00,29.42,腾讯财经
2026-07-30 04:00:05,190.27,195.85,197.07,190.04,112998735,-6.74,-3.00,29.14,腾讯财经
2026-07-30 04:10:00,190.01,195.85,197.07,190.01,141439001,-7.00,-3.00,29.10,腾讯财经
2026-07-30 04:20:00,190.01,195.85,197.07,190.01,142901643,-7.00,-3.00,29.10,腾讯财经
2026-07-30 04:30:00,190.01,195.85,197.07,190.01,145232512,-7.00,-3.00,29.10,腾讯财经
2026-07-30 04:40:04,190.01,195.85,197.07,190.01,145518145,-7.00,-3.00,29.10,腾讯财经
2026-07-30 04:50:01,190.01,195.85,197.07,190.01,145675976,-7.00,-3.00,29.10,腾讯财经
2026-07-30 05:00:00,190.01,195.85,197.07,190.01,145817959,-7.00,-3.00,29.10,腾讯财经
2026-07-30 05:10:04,190.01,195.85,197.07,190.01,146005458,-7.00,-3.00,29.10,腾讯财经
2026-07-30 05:20:00,190.01,195.85,197.07,190.01,146186416,-7.00,-3.00,29.10,腾讯财经
2026-07-30 05:30:00,190.01,195.85,197.07,190.01,146335558,-7.00,-3.00,29.10,腾讯财经
2026-07-30 05:40:00,190.01,195.85,197.07,190.01,146423732,-7.00,-3.00,29.10,腾讯财经
2026-07-30 05:50:00,190.01,195.85,197.07,190.01,146532005,-7.00,-3.00,29.10,腾讯财经
2026-07-30 06:00:02,190.01,195.85,197.07,190.01,146646775,-7.00,-3.00,29.10,腾讯财经
2026-07-30 06:10:05,190.01,195.85,197.07,190.01,146886172,-7.00,-3.00,29.10,腾讯财经
2026-07-30 06:20:00,190.01,195.85,197.07,190.01,147078347,-7.00,-3.00,29.10,腾讯财经
2026-07-30 06:30:00,190.01,195.85,197.07,190.01,147218710,-7.00,-3.00,29.10,腾讯财经
2026-07-30 06:40:01,190.01,195.85,197.07,190.01,147285821,-7.00,-3.00,29.10,腾讯财经
2026-07-30 06:50:00,190.01,195.85,197.07,190.01,147350905,-7.00,-3.00,29.10,腾讯财经
2026-07-30 07:00:00,190.01,195.85,197.07,190.01,147383523,-7.00,-3.00,29.10,腾讯财经
2026-07-30 07:10:05,190.01,195.85,197.07,190.01,147433847,-7.00,-3.00,29.10,腾讯财经
2026-07-30 07:20:00,190.01,195.85,197.07,190.01,147460084,-7.00,-3.00,29.10,腾讯财经
2026-07-30 07:30:00,190.01,195.85,197.07,190.01,147510214,-7.00,-3.00,29.10,腾讯财经
2026-07-30 07:40:03,190.01,195.85,197.07,190.01,147552129,-7.00,-3.00,29.10,腾讯财经
2026-07-30 07:50:00,190.01,195.85,197.07,190.01,147616153,-7.00,-3.00,29.10,腾讯财经
2026-07-30 08:00:00,190.01,195.85,197.07,190.01,147680406,-7.00,-3.00,29.10,腾讯财经
2026-07-30 08:10:00,190.01,195.85,197.07,190.01,147680809,-7.00,-3.00,29.10,腾讯财经
2026-07-30 08:20:05,190.01,195.85,197.07,190.01,147680809,-7.00,-3.00,29.10,腾讯财经
2026-07-30 08:30:05,190.01,195.85,197.07,190.01,147680809,-7.00,-3.00,29.10,腾讯财经
2026-07-30 08:40:04,190.01,195.85,197.07,190.01,147680809,-7.00,-3.00,29.10,腾讯财经
2026-07-30 08:50:00,190.01,195.85,197.07,190.01,147680809,-7.00,-3.00,29.10,腾讯财经
2026-07-30 09:00:02,190.01,195.85,197.07,190.01,147680809,-7.00,-3.00,29.10,腾讯财经
2026-07-30 09:10:03,190.01,195.85,197.07,190.01,147680809,-7.00,-3.00,29.10,腾讯财经
2026-07-30 09:20:00,190.01,195.85,197.07,190.01,147680809,-7.00,-3.00,29.10,腾讯财经
2026-07-30 09:30:01,190.01,195.85,197.07,190.01,147680809,-7.00,-3.00,29.10,腾讯财经
2026-07-30 09:40:02,190.01,195.85,197.07,190.01,147680809,-7.00,-3.00,29.10,腾讯财经
2026-07-30 09:50:03,190.01,195.85,197.07,190.01,147680809,-7.00,-3.00,29.10,腾讯财经
2026-07-30 10:00:02,190.01,195.85,197.07,190.01,147680809,-7.00,-3.00,29.10,腾讯财经
2026-07-30 10:10:02,190.01,195.85,197.07,190.01,147680809,-7.00,-3.00,29.10,腾讯财经
2026-07-30 10:20:00,190.01,195.85,197.07,190.01,147680809,-7.00,-3.00,29.10,腾讯财经
2026-07-30 10:30:01,190.01,195.85,197.07,190.01,147680809,-7.00,-3.00,29.10,腾讯财经
2026-07-30 10:40:04,190.01,195.85,197.07,190.01,147680809,-7.00,-3.00,29.10,腾讯财经
2026-07-30 10:50:00,190.01,195.85,197.07,190.01,147680809,-7.00,-3.00,29.10,腾讯财经
2026-07-30 11:00:00,190.01,195.85,197.07,190.01,147680809,-7.00,-3.00,29.10,腾讯财经
2026-07-30 11:10:00,190.01,195.85,197.07,190.01,147680809,-7.00,-3.00,29.10,腾讯财经
2026-07-30 11:20:05,190.01,195.85,197.07,190.01,147680809,-7.00,-3.00,29.10,腾讯财经
2026-07-30 11:30:00,190.01,195.85,197.07,190.01,147680809,-7.00,-3.00,29.10,腾讯财经
2026-07-30 11:40:00,190.01,195.85,197.07,190.01,147680809,-7.00,-3.00,29.10,腾讯财经
2026-07-30 11:50:02,190.01,195.85,197.07,190.01,147680809,-7.00,-3.00,29.10,腾讯财经
2026-07-30 12:00:00,190.01,195.85,197.07,190.01,147680809,-7.00,-3.00,29.10,腾讯财经
2026-07-30 12:10:01,190.01,195.85,197.07,190.01,147680809,-7.00,-3.00,29.10,腾讯财经
2026-07-30 12:20:00,190.01,195.85,197.07,190.01,147680809,-7.00,-3.00,29.10,腾讯财经
2026-07-30 12:30:04,190.01,195.85,197.07,190.01,147680809,-7.00,-3.00,29.10,腾讯财经
2026-07-30 12:40:03,190.01,195.85,197.07,190.01,147680809,-7.00,-3.00,29.10,腾讯财经
2026-07-30 12:50:04,190.01,195.85,197.07,190.01,147680809,-7.00,-3.00,29.10,腾讯财经
2026-07-30 13:00:03,190.01,195.85,197.07,190.01,147680809,-7.00,-3.00,29.10,腾讯财经
2026-07-30 13:10:00,190.01,195.85,197.07,190.01,147680809,-7.00,-3.00,29.10,腾讯财经
2026-07-30 13:20:04,190.01,195.85,197.07,190.01,147680809,-7.00,-3.00,29.10,腾讯财经
2026-07-30 13:30:01,190.01,195.85,197.07,190.01,147680809,-7.00,-3.00,29.10,腾讯财经
2026-07-30 13:40:00,190.01,195.85,197.07,190.01,147680809,-7.00,-3.00,29.10,腾讯财经
2026-07-30 13:50:00,190.01,195.85,197.07,190.01,147680809,-7.00,-3.00,29.10,腾讯财经
2026-07-30 14:00:02,190.01,195.85,197.07,190.01,147680809,-7.00,-3.00,29.10,腾讯财经
2026-07-30 14:10:05,190.01,195.85,197.07,190.01,147680809,-7.00,-3.00,29.10,腾讯财经
2026-07-30 14:20:00,190.01,195.85,197.07,190.01,147680809,-7.00,-3.00,29.10,腾讯财经
2026-07-30 14:30:00,190.01,195.85,197.07,190.01,147680809,-7.00,-3.00,29.10,腾讯财经
2026-07-30 14:40:00,190.01,195.85,197.07,190.01,147680809,-7.00,-3.00,29.10,腾讯财经
2026-07-30 14:50:00,190.01,195.85,197.07,190.01,147680809,-7.00,-3.00,29.10,腾讯财经
2026-07-30 15:00:04,190.01,195.85,197.07,190.01,147680809,-7.00,-3.00,29.10,腾讯财经
2026-07-30 15:10:04,190.01,195.85,197.07,190.01,147680809,-7.00,-3.00,29.10,腾讯财经
2026-07-30 15:20:00,190.01,195.85,197.07,190.01,147680809,-7.00,-3.00,29.10,腾讯财经
2026-07-30 15:30:05,190.01,195.85,197.07,190.01,147680809,-7.00,-3.00,29.10,腾讯财经
2026-07-30 15:40:04,190.01,195.85,197.07,190.01,147680809,-7.00,-3.00,29.10,腾讯财经
2026-07-30 15:50:00,190.01,195.85,197.07,190.01,147680809,-7.00,-3.00,29.10,腾讯财经
2026-07-30 16:00:00,190.01,195.85,197.07,190.01,147680809,-7.00,-3.00,29.10,腾讯财经
2026-07-30 16:10:05,190.01,195.85,197.07,190.01,147680809,-7.00,-3.00,29.10,腾讯财经
2026-07-30 16:20:01,190.01,195.85,197.07,190.01,147680809,-7.00,-3.00,29.10,腾讯财经
2026-07-30 16:30:00,190.01,195.85,197.07,190.01,147680809,-7.00,-3.00,29.10,腾讯财经
2026-07-30 16:40:03,190.01,195.85,197.07,190.01,147680809,-7.00,-3.00,29.10,腾讯财经
2026-07-30 16:50:00,190.01,195.85,197.07,190.01,147680809,-7.00,-3.00,29.10,腾讯财经
2026-07-30 17:00:03,190.01,195.85,197.07,190.01,147680809,-7.00,-3.00,29.10,腾讯财经
2026-07-30 17:10:04,190.01,195.85,197.07,190.01,147680809,-7.00,-3.00,29.10,腾讯财经
2026-07-30 17:20:00,190.01,195.85,197.07,190.01,147680809,-7.00,-3.00,29.10,腾讯财经
2026-07-30 17:30:01,190.01,195.85,197.07,190.01,147680809,-7.00,-3.00,29.10,腾讯财经
2026-07-30 18:08:59,190.01,195.85,197.07,190.01,147680809,-7.00,-3.00,29.10,腾讯财经
2026-07-30 18:10:04,190.01,195.85,197.07,190.01,147680809,-7.00,-3.00,29.10,腾讯财经
2026-07-30 18:20:01,190.01,195.85,197.07,190.01,147680809,-7.00,-3.00,29.10,腾讯财经
2026-07-30 18:30:00,190.01,195.85,197.07,190.01,147680809,-7.00,-3.00,29.10,腾讯财经
2026-07-30 18:40:00,190.01,195.85,197.07,190.01,147680809,-7.00,-3.00,29.10,腾讯财经
2026-07-30 18:50:04,190.01,195.85,197.07,190.01,147680809,-7.00,-3.00,29.10,腾讯财经
2026-07-30 19:00:05,190.01,195.85,197.07,190.01,147680809,-7.00,-3.00,29.10,腾讯财经
2026-07-30 19:10:05,190.01,195.85,197.07,190.01,147680809,-7.00,-3.00,29.10,腾讯财经
2026-07-30 19:20:00,190.01,195.85,197.07,190.01,147680809,-7.00,-3.00,29.10,腾讯财经
2026-07-30 19:30:04,190.01,195.85,197.07,190.01,147680809,-7.00,-3.00,29.10,腾讯财经
2026-07-30 19:40:00,190.01,195.85,197.07,190.01,147680809,-7.00,-3.00,29.10,腾讯财经
2026-07-30 19:50:01,190.01,195.85,197.07,190.01,147680809,-7.00,-3.00,29.10,腾讯财经
2026-07-30 20:00:00,190.01,195.85,197.07,190.01,147680809,-7.00,-3.00,29.10,腾讯财经
2026-07-30 20:10:01,190.01,195.85,197.07,190.01,147680809,-7.00,-3.00,29.10,腾讯财经
2026-07-30 20:20:00,190.01,195.85,197.07,190.01,147680809,-7.00,-3.00,29.10,腾讯财经
2026-07-30 20:30:02,190.01,195.85,197.07,190.01,147680809,-7.00,-3.00,29.10,腾讯财经
2026-07-30 20:40:04,190.01,195.85,197.07,190.01,147680809,-7.00,-3.00,29.10,腾讯财经
2026-07-30 20:50:00,190.01,195.85,197.07,190.01,147680809,-7.00,-3.00,29.10,腾讯财经
2026-07-30 21:00:05,190.01,195.85,197.07,190.01,147680809,-7.00,-3.00,29.10,腾讯财经
2026-07-30 21:10:05,190.01,195.85,197.07,190.01,147680809,-7.00,-3.00,29.10,腾讯财经
2026-07-30 21:20:05,190.01,195.85,197.07,190.01,147680809,-7.00,-3.00,29.10,腾讯财经
2026-07-30 21:30:00,190.01,0.00,0.00,0.00,3220620,0,0,29.10,腾讯财经
2026-07-30 21:40:02,192.22,193.45,193.50,191.52,11064571,2.21,1.00,29.44,腾讯财经
2026-07-30 21:50:03,193.33,193.45,193.50,191.52,16054222,3.32,1.00,29.61,腾讯财经
2026-07-30 22:00:05,195.54,193.45,195.60,191.52,22195091,5.53,2.00,29.94,腾讯财经
2026-07-30 22:10:05,195.22,193.45,196.40,191.52,26913297,5.21,2.00,29.90,腾讯财经
2026-07-30 22:20:00,195.53,193.45,196.40,191.52,30044718,5.52,2.00,29.94,腾讯财经
2026-07-30 22:30:03,196.90,193.45,197.18,191.52,33733898,6.89,3.00,30.15,腾讯财经
2026-07-30 22:40:05,196.29,193.45,197.25,191.52,37343910,6.28,3.00,30.06,腾讯财经
2026-07-30 22:50:03,195.60,193.45,197.25,191.52,40394855,5.59,2.00,29.95,腾讯财经
2026-07-30 23:00:00,194.95,193.45,197.25,191.52,44061496,4.94,2.00,29.85,腾讯财经
2026-07-30 23:10:02,195.08,193.45,197.25,191.52,46930639,5.07,2.00,29.87,腾讯财经
2026-07-30 23:20:02,193.81,193.45,197.25,191.52,50087449,3.80,1.00,29.68,腾讯财经
2026-07-30 23:30:03,193.60,193.45,197.25,191.52,52797347,3.59,1.00,29.65,腾讯财经
2026-07-30 23:40:03,193.18,193.45,197.25,191.52,55512321,3.17,1.00,29.58,腾讯财经
2026-07-30 23:50:00,193.17,193.45,197.25,191.52,57974422,3.16,1.00,29.58,腾讯财经
2026-07-31 00:00:01,193.08,193.45,197.25,191.52,60284218,3.07,1.00,29.57,腾讯财经
2026-07-31 00:10:05,194.06,193.45,197.25,191.52,62921699,4.05,2.00,29.72,腾讯财经
2026-07-31 00:20:00,193.97,193.45,197.25,191.52,64544417,3.96,2.00,29.70,腾讯财经
2026-07-31 00:30:00,193.90,193.45,197.25,191.52,66105575,3.89,2.00,29.69,腾讯财经
2026-07-31 00:40:04,193.50,193.45,197.25,191.52,67953233,3.49,1.00,29.63,腾讯财经
2026-07-31 00:50:00,193.44,193.45,197.25,191.52,69946800,3.43,1.00,29.62,腾讯财经
2026-07-31 01:00:00,193.35,193.45,197.25,191.52,70952457,3.34,1.00,29.61,腾讯财经
2026-07-31 01:10:05,193.53,193.45,197.25,191.52,72331093,3.52,1.00,29.64,腾讯财经
2026-07-31 01:20:03,193.96,193.45,197.25,191.52,73512853,3.95,2.00,29.70,腾讯财经
2026-07-31 01:30:00,193.68,193.45,197.25,191.52,74490020,3.67,1.00,29.66,腾讯财经
2026-07-31 01:40:00,193.16,193.45,197.25,191.52,75842744,3.15,1.00,29.58,腾讯财经
2026-07-31 01:50:01,193.85,193.45,197.25,191.52,77278145,3.84,2.00,29.69,腾讯财经
2026-07-31 02:00:04,193.77,193.45,197.25,191.52,78449132,3.76,1.00,29.67,腾讯财经
2026-07-31 02:10:00,193.83,193.45,197.25,191.52,79691198,3.82,2.00,29.68,腾讯财经
2026-07-31 02:20:02,193.41,193.45,197.25,191.52,80871268,3.40,1.00,29.62,腾讯财经
2026-07-31 02:30:00,193.44,193.45,197.25,191.52,82073545,3.43,1.00,29.62,腾讯财经
2026-07-31 02:40:00,193.19,193.45,197.25,191.52,83406603,3.18,1.00,29.59,腾讯财经
2026-07-31 02:50:04,193.70,193.45,197.25,191.52,84836545,3.69,1.00,29.66,腾讯财经
2026-07-31 03:00:00,193.55,193.45,197.25,191.52,86240841,3.54,1.00,29.64,腾讯财经
2026-07-31 03:10:00,194.45,193.45,197.25,191.52,88362308,4.44,2.00,29.78,腾讯财经
2026-07-31 03:20:03,194.82,193.45,197.25,191.52,90668149,4.81,2.00,29.83,腾讯财经
2026-07-31 03:30:04,194.07,193.45,197.25,191.52,92491635,4.06,2.00,29.72,腾讯财经
2026-07-31 03:40:04,194.33,193.45,197.25,191.52,94658818,4.32,2.00,29.76,腾讯财经
2026-07-31 03:50:03,194.74,193.45,197.25,191.52,97245856,4.73,2.00,29.82,腾讯财经
2026-07-31 04:00:01,195.21,193.45,197.25,191.52,103335523,5.20,2.00,29.89,腾讯财经
2026-07-31 04:10:05,195.04,193.45,197.25,191.52,126793744,5.03,2.00,29.87,腾讯财经
2026-07-31 04:20:00,195.04,193.45,197.25,191.52,127061831,5.03,2.00,29.87,腾讯财经
2026-07-31 04:30:03,195.04,193.45,197.25,191.52,127271402,5.03,2.00,29.87,腾讯财经
2026-07-31 04:40:04,195.04,193.45,197.25,191.52,127542635,5.03,2.00,29.87,腾讯财经
2026-07-31 04:50:05,195.04,193.45,197.25,191.52,127652425,5.03,2.00,29.87,腾讯财经
2026-07-31 05:00:04,195.04,193.45,197.25,191.52,127734834,5.03,2.00,29.87,腾讯财经
2026-07-31 05:10:01,195.04,193.45,197.25,191.52,127792305,5.03,2.00,29.87,腾讯财经
2026-07-31 05:20:01,195.04,193.45,197.25,191.52,127892321,5.03,2.00,29.87,腾讯财经
2026-07-31 05:30:00,195.04,193.45,197.25,191.52,128083919,5.03,2.00,29.87,腾讯财经
2026-07-31 05:40:00,195.04,193.45,197.25,191.52,128156585,5.03,2.00,29.87,腾讯财经
2026-07-31 05:50:02,195.04,193.45,197.25,191.52,128238042,5.03,2.00,29.87,腾讯财经
2026-07-31 06:00:03,195.04,193.45,197.25,191.52,128315939,5.03,2.00,29.87,腾讯财经
2026-07-31 06:10:03,195.04,193.45,197.25,191.52,128407720,5.03,2.00,29.87,腾讯财经
2026-07-31 06:20:00,195.04,193.45,197.25,191.52,128499170,5.03,2.00,29.87,腾讯财经
2026-07-31 06:30:00,195.04,193.45,197.25,191.52,128533696,5.03,2.00,29.87,腾讯财经
2026-07-31 06:40:00,195.04,193.45,197.25,191.52,128582752,5.03,2.00,29.87,腾讯财经
2026-07-31 06:50:03,195.04,193.45,197.25,191.52,128661696,5.03,2.00,29.87,腾讯财经
2026-07-31 07:00:04,195.04,193.45,197.25,191.52,128721974,5.03,2.00,29.87,腾讯财经
2026-07-31 07:10:01,195.04,193.45,197.25,191.52,128781692,5.03,2.00,29.87,腾讯财经
2026-07-31 07:20:00,195.04,193.45,197.25,191.52,128822452,5.03,2.00,29.87,腾讯财经
2026-07-31 07:30:01,195.04,193.45,197.25,191.52,128860024,5.03,2.00,29.87,腾讯财经
2026-07-31 08:34:12,195.04,193.45,197.25,191.52,129010151,5.03,2.00,29.87,腾讯财经
2026-07-31 08:40:03,195.04,193.45,197.25,191.52,129010151,5.03,2.00,29.87,腾讯财经
2026-07-31 08:50:04,195.04,193.45,197.25,191.52,129010151,5.03,2.00,29.87,腾讯财经
2026-07-31 09:00:00,195.04,193.45,197.25,191.52,129010151,5.03,2.00,29.87,腾讯财经
2026-07-31 09:10:04,195.04,193.45,197.25,191.52,129010151,5.03,2.00,29.87,腾讯财经
2026-07-31 09:20:00,195.04,193.45,197.25,191.52,129010151,5.03,2.00,29.87,腾讯财经
2026-07-31 09:30:04,195.04,193.45,197.25,191.52,129010151,5.03,2.00,29.87,腾讯财经
2026-07-31 09:40:00,195.04,193.45,197.25,191.52,129010151,5.03,2.00,29.87,腾讯财经
2026-07-31 09:50:05,195.04,193.45,197.25,191.52,129010151,5.03,2.00,29.87,腾讯财经
2026-07-31 10:00:02,195.04,193.45,197.25,191.52,129010151,5.03,2.00,29.87,腾讯财经
2026-07-31 10:10:03,195.04,193.45,197.25,191.52,129010151,5.03,2.00,29.87,腾讯财经
2026-07-31 10:20:00,195.04,193.45,197.25,191.52,129010151,5.03,2.00,29.87,腾讯财经
2026-07-31 10:30:00,195.04,193.45,197.25,191.52,129010151,5.03,2.00,29.87,腾讯财经
2026-07-31 10:40:01,195.04,193.45,197.25,191.52,129010151,5.03,2.00,29.87,腾讯财经
2026-07-31 10:50:05,195.04,193.45,197.25,191.52,129010151,5.03,2.00,29.87,腾讯财经
2026-07-31 11:00:00,195.04,193.45,197.25,191.52,129010151,5.03,2.00,29.87,腾讯财经
2026-07-31 11:10:05,195.04,193.45,197.25,191.52,129010151,5.03,2.00,29.87,腾讯财经
2026-07-31 11:20:00,195.04,193.45,197.25,191.52,129010151,5.03,2.00,29.87,腾讯财经
2026-07-31 11:30:05,195.04,193.45,197.25,191.52,129010151,5.03,2.00,29.87,腾讯财经
2026-07-31 11:40:00,195.04,193.45,197.25,191.52,129010151,5.03,2.00,29.87,腾讯财经
2026-07-31 11:50:03,195.04,193.45,197.25,191.52,129010151,5.03,2.00,29.87,腾讯财经
2026-07-31 12:00:04,195.04,193.45,197.25,191.52,129010151,5.03,2.00,29.87,腾讯财经
2026-07-31 12:10:00,195.04,193.45,197.25,191.52,129010151,5.03,2.00,29.87,腾讯财经
2026-07-31 12:20:01,195.04,193.45,197.25,191.52,129010151,5.03,2.00,29.87,腾讯财经
2026-07-31 12:30:02,195.04,193.45,197.25,191.52,129010151,5.03,2.00,29.87,腾讯财经
2026-07-31 12:40:00,195.04,193.45,197.25,191.52,129010151,5.03,2.00,29.87,腾讯财经
2026-07-31 12:50:00,195.04,193.45,197.25,191.52,129010151,5.03,2.00,29.87,腾讯财经
2026-07-31 13:00:01,195.04,193.45,197.25,191.52,129010151,5.03,2.00,29.87,腾讯财经
2026-07-31 13:10:00,195.04,193.45,197.25,191.52,129010151,5.03,2.00,29.87,腾讯财经
2026-07-31 13:20:02,195.04,193.45,197.25,191.52,129010151,5.03,2.00,29.87,腾讯财经
2026-07-31 13:30:01,195.04,193.45,197.25,191.52,129010151,5.03,2.00,29.87,腾讯财经
2026-07-31 13:40:02,195.04,193.45,197.25,191.52,129010151,5.03,2.00,29.87,腾讯财经
2026-07-31 13:50:05,195.04,193.45,197.25,191.52,129010151,5.03,2.00,29.87,腾讯财经
2026-07-31 14:00:00,195.04,193.45,197.25,191.52,129010151,5.03,2.00,29.87,腾讯财经
2026-07-31 14:10:05,195.04,193.45,197.25,191.52,129010151,5.03,2.00,29.87,腾讯财经
2026-07-31 14:20:02,195.04,193.45,197.25,191.52,129010151,5.03,2.00,29.87,腾讯财经
2026-07-31 14:30:03,195.04,193.45,197.25,191.52,129010151,5.03,2.00,29.87,腾讯财经
2026-07-31 14:40:01,195.04,193.45,197.25,191.52,129010151,5.03,2.00,29.87,腾讯财经
2026-07-31 14:50:03,195.04,193.45,197.25,191.52,129010151,5.03,2.00,29.87,腾讯财经
2026-07-31 15:00:03,195.04,193.45,197.25,191.52,129010151,5.03,2.00,29.87,腾讯财经
2026-07-31 15:10:00,195.04,193.45,197.25,191.52,129010151,5.03,2.00,29.87,腾讯财经
2026-07-31 15:20:00,195.04,193.45,197.25,191.52,129010151,5.03,2.00,29.87,腾讯财经
2026-07-31 15:30:02,195.04,193.45,197.25,191.52,129010151,5.03,2.00,29.87,腾讯财经
2026-07-31 15:40:00,195.04,193.45,197.25,191.52,129010151,5.03,2.00,29.87,腾讯财经
2026-07-31 15:50:03,195.04,193.45,197.25,191.52,129010151,5.03,2.00,29.87,腾讯财经
2026-07-31 16:00:02,195.04,193.45,197.25,191.52,129010151,5.03,2.00,29.87,腾讯财经
2026-07-31 16:10:04,195.04,193.45,197.25,191.52,129010151,5.03,2.00,29.87,腾讯财经
2026-07-31 16:20:00,195.04,193.45,197.25,191.52,129010151,5.03,2.00,29.87,腾讯财经
2026-07-31 16:30:01,195.04,193.45,197.25,191.52,129010151,5.03,2.00,29.87,腾讯财经
2026-07-31 16:40:00,195.04,193.45,197.25,191.52,129010151,5.03,2.00,29.87,腾讯财经
2026-07-31 16:50:00,195.04,193.45,197.25,191.52,129010151,5.03,2.00,29.87,腾讯财经
2026-07-31 17:00:03,195.04,193.45,197.25,191.52,129010151,5.03,2.00,29.87,腾讯财经
2026-07-31 17:10:05,195.04,193.45,197.25,191.52,129010151,5.03,2.00,29.87,腾讯财经
2026-07-31 17:20:02,195.04,193.45,197.25,191.52,129010151,5.03,2.00,29.87,腾讯财经
2026-07-31 17:30:00,195.04,193.45,197.25,191.52,129010151,5.03,2.00,29.87,腾讯财经
2026-07-31 17:56:03,195.04,193.45,197.25,191.52,129010151,5.03,2.00,29.87,腾讯财经
2026-07-31 18:00:05,195.04,193.45,197.25,191.52,129010151,5.03,2.00,29.87,腾讯财经
2026-07-31 18:10:05,195.04,193.45,197.25,191.52,129010151,5.03,2.00,29.87,腾讯财经
2026-07-31 18:20:04,195.04,193.45,197.25,191.52,129010151,5.03,2.00,29.87,腾讯财经
2026-07-31 18:30:02,195.04,193.45,197.25,191.52,129010151,5.03,2.00,29.87,腾讯财经
2026-07-31 18:40:00,195.04,193.45,197.25,191.52,129010151,5.03,2.00,29.87,腾讯财经
2026-07-31 18:50:01,195.04,193.45,197.25,191.52,129010151,5.03,2.00,29.87,腾讯财经
2026-07-31 19:00:00,195.04,193.45,197.25,191.52,129010151,5.03,2.00,29.87,腾讯财经
2026-07-31 19:10:05,195.04,193.45,197.25,191.52,129010151,5.03,2.00,29.87,腾讯财经
2026-07-31 19:20:00,195.04,193.45,197.25,191.52,129010151,5.03,2.00,29.87,腾讯财经
2026-07-31 19:30:05,195.04,193.45,197.25,191.52,129010151,5.03,2.00,29.87,腾讯财经
2026-07-31 19:40:03,195.04,193.45,197.25,191.52,129010151,5.03,2.00,29.87,腾讯财经
2026-07-31 19:50:05,195.04,193.45,197.25,191.52,129010151,5.03,2.00,29.87,腾讯财经
2026-07-31 20:00:05,195.04,193.45,197.25,191.52,129010151,5.03,2.00,29.87,腾讯财经
2026-07-31 20:10:04,195.04,193.45,197.25,191.52,129010151,5.03,2.00,29.87,腾讯财经
2026-07-31 20:20:02,195.04,193.45,197.25,191.52,129010151,5.03,2.00,29.87,腾讯财经
2026-07-31 20:30:00,195.04,193.45,197.25,191.52,129010151,5.03,2.00,29.87,腾讯财经
2026-07-31 20:40:02,195.04,193.45,197.25,191.52,129010151,5.03,2.00,29.87,腾讯财经
2026-07-31 20:50:01,195.04,193.45,197.25,191.52,129010151,5.03,2.00,29.87,腾讯财经
2026-07-31 21:00:00,195.04,193.45,197.25,191.52,129010151,5.03,2.00,29.87,腾讯财经
2026-07-31 21:10:05,195.04,193.45,197.25,191.52,129010151,5.03,2.00,29.87,腾讯财经
2026-07-31 21:20:04,195.04,193.45,197.25,191.52,129010151,5.03,2.00,29.87,腾讯财经
2026-07-31 21:30:05,198.51,198.44,198.64,198.44,3379035,3.47,1.00,30.40,腾讯财经
2026-07-31 21:40:00,198.83,198.44,200.09,197.11,12088752,3.79,1.00,30.45,腾讯财经
2026-07-31 21:50:00,197.41,198.44,200.09,196.94,17022931,2.37,1.00,30.23,腾讯财经
2026-07-31 22:00:00,197.72,198.44,200.09,196.94,20109723,2.68,1.00,30.28,腾讯财经
2026-07-31 22:10:05,195.70,198.44,200.09,195.49,23787313,.66,0,29.97,腾讯财经
2026-07-31 22:20:00,196.37,198.44,200.09,194.95,27242090,1.33,0,30.07,腾讯财经
2026-07-31 22:30:00,196.98,198.44,200.09,194.95,29824696,1.94,0,30.17,腾讯财经
2026-07-31 22:40:03,197.68,198.44,200.09,194.95,31884781,2.64,1.00,30.27,腾讯财经
2026-07-31 22:50:00,198.67,198.44,200.09,194.95,34095481,3.63,1.00,30.42,腾讯财经
2026-07-31 23:00:04,198.13,198.44,200.09,194.95,37746855,3.09,1.00,30.34,腾讯财经
2026-07-31 23:10:05,197.51,198.44,200.09,194.95,39915989,2.47,1.00,30.25,腾讯财经
2026-07-31 23:20:03,196.61,198.44,200.09,194.95,42085731,1.57,0,30.11,腾讯财经
2026-07-31 23:30:00,195.61,198.44,200.09,194.95,44706235,.57,0,29.96,腾讯财经
2026-07-31 23:40:00,196.55,198.44,200.09,194.95,46960116,1.51,0,30.10,腾讯财经
2026-07-31 23:50:01,195.90,198.44,200.09,194.95,48607936,.86,0,30.00,腾讯财经
2026-08-01 00:00:00,196.14,198.44,200.09,194.95,50035891,1.10,0,30.04,腾讯财经
2026-08-01 00:10:00,196.64,198.44,200.09,194.95,51439895,1.60,0,30.11,腾讯财经
2026-08-01 00:20:00,196.50,198.44,200.09,194.95,52694785,1.46,0,30.09,腾讯财经
2026-08-01 00:30:03,198.05,198.44,200.09,194.95,54516904,3.01,1.00,30.33,腾讯财经
2026-08-01 00:40:00,197.94,198.44,200.09,194.95,56328557,2.90,1.00,30.31,腾讯财经
2026-08-01 00:50:00,197.82,198.44,200.09,194.95,57558267,2.78,1.00,30.29,腾讯财经
2026-08-01 01:00:00,198.27,198.44,200.09,194.95,59181002,3.23,1.00,30.36,腾讯财经
2026-08-01 01:10:03,198.37,198.44,200.09,194.95,60442934,3.33,1.00,30.38,腾讯财经
2026-08-01 01:20:00,199.04,198.44,200.09,194.95,62183487,4.00,2.00,30.48,腾讯财经
2026-08-01 01:30:05,199.26,198.44,200.09,194.95,63685797,4.22,2.00,30.51,腾讯财经
2026-08-01 01:40:00,199.33,198.44,200.09,194.95,65492975,4.29,2.00,30.53,腾讯财经
2026-08-01 01:50:00,199.09,198.44,200.09,194.95,67236190,4.05,2.00,30.49,腾讯财经
2026-08-01 02:00:00,199.44,198.44,200.09,194.95,68461687,4.40,2.00,30.54,腾讯财经
2026-08-01 02:10:03,199.61,198.44,200.09,194.95,69790628,4.57,2.00,30.57,腾讯财经
2026-08-01 02:20:00,198.93,198.44,200.09,194.95,71611436,3.89,1.00,30.46,腾讯财经
2026-08-01 02:30:00,198.58,198.44,200.09,194.95,73394755,3.54,1.00,30.41,腾讯财经
2026-08-01 02:40:03,198.67,198.44,200.09,194.95,75857920,3.63,1.00,30.42,腾讯财经
2026-08-01 02:50:00,199.04,198.44,200.09,194.95,76922757,4.00,2.00,30.48,腾讯财经
2026-08-01 03:00:00,198.98,198.44,200.09,194.95,78395490,3.94,2.00,30.47,腾讯财经
2026-08-01 03:10:00,198.39,198.44,200.09,194.95,79889409,3.35,1.00,30.38,腾讯财经
2026-08-01 03:20:01,200.42,198.44,200.49,194.95,83158945,5.38,2.00,30.69,腾讯财经
2026-08-01 03:30:00,200.35,198.44,201.12,194.95,89267146,5.31,2.00,30.68,腾讯财经
2026-08-01 03:40:00,200.55,198.44,201.12,194.95,92503403,5.51,2.00,30.71,腾讯财经
2026-08-01 03:50:03,201.28,198.44,201.61,194.95,96445858,6.24,3.00,30.82,腾讯财经
2026-08-01 04:00:01,201.30,198.44,201.97,194.95,107115628,6.26,3.00,30.83,腾讯财经
2026-08-01 04:10:00,200.75,198.44,201.97,194.95,138431311,5.71,2.00,30.74,腾讯财经
2026-08-01 04:20:00,200.75,198.44,202.00,194.95,138667293,5.71,2.00,30.74,腾讯财经
2026-08-01 04:30:01,200.75,198.44,202.00,194.95,138812266,5.71,2.00,30.74,腾讯财经
2026-08-01 04:40:04,200.75,198.44,202.00,194.95,138903932,5.71,2.00,30.74,腾讯财经
2026-08-01 04:50:00,200.75,198.44,202.00,194.95,139016190,5.71,2.00,30.74,腾讯财经
2026-08-01 05:00:00,200.75,198.44,202.00,194.95,139244343,5.71,2.00,30.74,腾讯财经
2026-08-01 05:10:03,200.75,198.44,202.00,194.95,139332156,5.71,2.00,30.74,腾讯财经
2026-08-01 05:20:05,200.75,198.44,202.00,194.95,139370071,5.71,2.00,30.74,腾讯财经
2026-08-01 05:30:00,200.75,198.44,202.00,194.95,139421288,5.71,2.00,30.74,腾讯财经
2026-08-01 05:40:00,200.75,198.44,202.00,194.95,139475775,5.71,2.00,30.74,腾讯财经
2026-08-01 05:50:00,200.75,198.44,202.00,194.95,139546265,5.71,2.00,30.74,腾讯财经
2026-08-01 06:00:03,200.75,198.44,202.00,194.95,139615767,5.71,2.00,30.74,腾讯财经
2026-08-01 06:10:00,200.75,198.44,202.00,194.95,139643555,5.71,2.00,30.74,腾讯财经
2026-08-01 06:20:00,200.75,198.44,202.00,194.95,139669147,5.71,2.00,30.74,腾讯财经
2026-08-01 06:30:00,200.75,198.44,202.00,194.95,139685166,5.71,2.00,30.74,腾讯财经
2026-08-01 06:40:04,200.75,198.44,202.00,194.95,139778436,5.71,2.00,30.74,腾讯财经
2026-08-01 06:50:00,200.75,198.44,202.00,194.95,139795553,5.71,2.00,30.74,腾讯财经
2026-08-01 07:00:02,200.75,198.44,202.00,194.95,139830263,5.71,2.00,30.74,腾讯财经
2026-08-01 07:10:05,200.75,198.44,202.00,194.95,139846871,5.71,2.00,30.74,腾讯财经
2026-08-01 07:20:06,200.75,198.44,202.00,194.95,139855113,5.71,2.00,30.74,腾讯财经
2026-08-01 07:30:00,200.75,198.44,202.00,194.95,139866072,5.71,2.00,30.74,腾讯财经
2026-08-01 07:40:05,200.75,198.44,202.00,194.95,139881434,5.71,2.00,30.74,腾讯财经
2026-08-01 07:50:00,200.75,198.44,202.00,194.95,139902138,5.71,2.00,30.74,腾讯财经
2026-08-01 08:00:00,200.75,198.44,202.00,194.95,139957077,5.71,2.00,30.74,腾讯财经
2026-08-01 08:10:05,200.75,198.44,202.00,194.95,139961152,5.71,2.00,30.74,腾讯财经
2026-08-01 08:20:00,200.75,198.44,202.00,194.95,139961152,5.71,2.00,30.74,腾讯财经
2026-08-01 08:30:00,200.75,198.44,202.00,194.95,139961152,5.71,2.00,30.74,腾讯财经
2026-08-01 08:40:02,200.75,198.44,202.00,194.95,139961152,5.71,2.00,30.74,腾讯财经
2026-08-01 08:50:04,200.75,198.44,202.00,194.95,139961152,5.71,2.00,30.74,腾讯财经
2026-08-01 09:00:02,200.75,198.44,202.00,194.95,139961152,5.71,2.00,30.74,腾讯财经
2026-08-01 09:10:04,200.75,198.44,202.00,194.95,139961152,5.71,2.00,30.74,腾讯财经
2026-08-01 09:20:05,200.75,198.44,202.00,194.95,139961152,5.71,2.00,30.74,腾讯财经
2026-08-01 09:30:02,200.75,198.44,202.00,194.95,139961152,5.71,2.00,30.74,腾讯财经
2026-08-01 09:40:00,200.75,198.44,202.00,194.95,139961152,5.71,2.00,30.74,腾讯财经
2026-08-01 09:50:01,200.75,198.44,202.00,194.95,139961152,5.71,2.00,30.74,腾讯财经
2026-08-01 10:00:02,200.75,198.44,202.00,194.95,139961152,5.71,2.00,30.74,腾讯财经
2026-08-01 10:10:01,200.75,198.44,202.00,194.95,139961152,5.71,2.00,30.74,腾讯财经
2026-08-01 10:20:04,200.75,198.44,202.00,194.95,139961152,5.71,2.00,30.74,腾讯财经
2026-08-01 10:30:02,200.75,198.44,202.00,194.95,139961152,5.71,2.00,30.74,腾讯财经
2026-08-01 10:40:01,200.75,198.44,202.00,194.95,139961152,5.71,2.00,30.74,腾讯财经
2026-08-01 10:50:01,200.75,198.44,202.00,194.95,139961152,5.71,2.00,30.74,腾讯财经
2026-08-01 11:00:05,200.75,198.44,202.00,194.95,139961152,5.71,2.00,30.74,腾讯财经
2026-08-01 11:10:02,200.75,198.44,202.00,194.95,139961152,5.71,2.00,30.74,腾讯财经
2026-08-01 11:20:00,200.75,198.44,202.00,194.95,139961152,5.71,2.00,30.74,腾讯财经
2026-08-01 11:30:01,200.75,198.44,202.00,194.95,139961152,5.71,2.00,30.74,腾讯财经
2026-08-01 11:40:05,200.75,198.44,202.00,194.95,139961152,5.71,2.00,30.74,腾讯财经
2026-08-01 11:50:00,200.75,198.44,202.00,194.95,139961152,5.71,2.00,30.74,腾讯财经
2026-08-01 12:00:00,200.75,198.44,202.00,194.95,139961152,5.71,2.00,30.74,腾讯财经
2026-08-01 12:10:04,200.75,198.44,202.00,194.95,139961152,5.71,2.00,30.74,腾讯财经
2026-08-01 12:20:02,200.75,198.44,202.00,194.95,139961152,5.71,2.00,30.74,腾讯财经
2026-08-01 12:30:00,200.75,198.44,202.00,194.95,139961152,5.71,2.00,30.74,腾讯财经
2026-08-01 12:40:01,200.75,198.44,202.00,194.95,139961152,5.71,2.00,30.74,腾讯财经
2026-08-01 12:50:00,200.75,198.44,202.00,194.95,139961152,5.71,2.00,30.74,腾讯财经
2026-08-01 13:00:00,200.75,198.44,202.00,194.95,139961152,5.71,2.00,30.74,腾讯财经
2026-08-01 13:10:03,200.75,198.44,202.00,194.95,139961152,5.71,2.00,30.74,腾讯财经
2026-08-01 13:20:05,200.75,198.44,202.00,194.95,139961152,5.71,2.00,30.74,腾讯财经
2026-08-01 13:30:01,200.75,198.44,202.00,194.95,139961152,5.71,2.00,30.74,腾讯财经
2026-08-01 13:40:04,200.75,198.44,202.00,194.95,139961152,5.71,2.00,30.74,腾讯财经
2026-08-01 13:50:00,200.75,198.44,202.00,194.95,139961152,5.71,2.00,30.74,腾讯财经
2026-08-01 14:00:00,200.75,198.44,202.00,194.95,139961152,5.71,2.00,30.74,腾讯财经
2026-08-01 14:10:04,200.75,198.44,202.00,194.95,139961152,5.71,2.00,30.74,腾讯财经
2026-08-01 14:20:00,200.75,198.44,202.00,194.95,139961152,5.71,2.00,30.74,腾讯财经
2026-08-01 14:30:00,200.75,198.44,202.00,194.95,139961152,5.71,2.00,30.74,腾讯财经
2026-08-01 14:40:01,200.75,198.44,202.00,194.95,139961152,5.71,2.00,30.74,腾讯财经
2026-08-01 14:50:01,200.75,198.44,202.00,194.95,139961152,5.71,2.00,30.74,腾讯财经
2026-08-01 15:00:05,200.75,198.44,202.00,194.95,139961152,5.71,2.00,30.74,腾讯财经
2026-08-01 15:10:01,200.75,198.44,202.00,194.95,139961152,5.71,2.00,30.74,腾讯财经
2026-08-01 15:20:03,200.75,198.44,202.00,194.95,139961152,5.71,2.00,30.74,腾讯财经
2026-08-01 15:30:00,200.75,198.44,202.00,194.95,139961152,5.71,2.00,30.74,腾讯财经
2026-08-01 15:40:00,200.75,198.44,202.00,194.95,139961152,5.71,2.00,30.74,腾讯财经
2026-08-01 15:50:05,200.75,198.44,202.00,194.95,139961152,5.71,2.00,30.74,腾讯财经
2026-08-01 16:00:01,200.75,198.44,202.00,194.95,139961152,5.71,2.00,30.74,腾讯财经
2026-08-01 16:10:00,200.75,198.44,202.00,194.95,139961152,5.71,2.00,30.74,腾讯财经
2026-08-01 16:20:00,200.75,198.44,202.00,194.95,139961152,5.71,2.00,30.74,腾讯财经
2026-08-01 16:30:00,200.75,198.44,202.00,194.95,139961152,5.71,2.00,30.74,腾讯财经
2026-08-01 16:40:02,200.75,198.44,202.00,194.95,139961152,5.71,2.00,30.74,腾讯财经
2026-08-01 16:50:02,200.75,198.44,202.00,194.95,139961152,5.71,2.00,30.74,腾讯财经
2026-08-01 17:00:00,200.75,198.44,202.00,194.95,139961152,5.71,2.00,30.74,腾讯财经
2026-08-01 17:10:00,200.75,198.44,202.00,194.95,139961152,5.71,2.00,30.74,腾讯财经
2026-08-01 17:20:00,200.75,198.44,202.00,194.95,139961152,5.71,2.00,30.74,腾讯财经
2026-08-01 17:30:03,200.75,198.44,202.00,194.95,139961152,5.71,2.00,30.74,腾讯财经
2026-08-01 17:40:04,200.75,198.44,202.00,194.95,139961152,5.71,2.00,30.74,腾讯财经
2026-08-01 17:50:00,200.75,198.44,202.00,194.95,139961152,5.71,2.00,30.74,腾讯财经
2026-08-01 18:00:00,200.75,198.44,202.00,194.95,139961152,5.71,2.00,30.74,腾讯财经
2026-08-01 18:10:00,200.75,198.44,202.00,194.95,139961152,5.71,2.00,30.74,腾讯财经
2026-08-01 18:20:00,200.75,198.44,202.00,194.95,139961152,5.71,2.00,30.74,腾讯财经
2026-08-01 18:30:05,200.75,198.44,202.00,194.95,139961152,5.71,2.00,30.74,腾讯财经
2026-08-01 18:40:00,200.75,198.44,202.00,194.95,139961152,5.71,2.00,30.74,腾讯财经
2026-08-01 18:50:05,200.75,198.44,202.00,194.95,139961152,5.71,2.00,30.74,腾讯财经
2026-08-01 19:00:01,200.75,198.44,202.00,194.95,139961152,5.71,2.00,30.74,腾讯财经
2026-08-01 19:10:02,200.75,198.44,202.00,194.95,139961152,5.71,2.00,30.74,腾讯财经
2026-08-01 19:20:00,200.75,198.44,202.00,194.95,139961152,5.71,2.00,30.74,腾讯财经
2026-08-01 19:30:00,200.75,198.44,202.00,194.95,139961152,5.71,2.00,30.74,腾讯财经
2026-08-01 19:40:00,200.75,198.44,202.00,194.95,139961152,5.71,2.00,30.74,腾讯财经
2026-08-01 19:50:01,200.75,198.44,202.00,194.95,139961152,5.71,2.00,30.74,腾讯财经
2026-08-01 20:00:02,200.75,198.44,202.00,194.95,139961152,5.71,2.00,30.74,腾讯财经
2026-08-01 20:10:02,200.75,198.44,202.00,194.95,139961152,5.71,2.00,30.74,腾讯财经
2026-08-01 20:20:00,200.75,198.44,202.00,194.95,139961152,5.71,2.00,30.74,腾讯财经
2026-08-01 20:30:00,200.75,198.44,202.00,194.95,139961152,5.71,2.00,30.74,腾讯财经
2026-08-01 21:28:20,200.75,198.44,202.00,194.95,139961152,5.71,2.00,30.74,腾讯财经
2026-08-01 21:30:05,200.75,198.44,202.00,194.95,139961152,5.71,2.00,30.74,腾讯财经
2026-08-01 21:40:05,200.75,198.44,202.00,194.95,139961152,5.71,2.00,30.74,腾讯财经
2026-08-01 21:50:02,200.75,198.44,202.00,194.95,139961152,5.71,2.00,30.74,腾讯财经
2026-08-01 22:00:00,200.75,198.44,202.00,194.95,139961152,5.71,2.00,30.74,腾讯财经
2026-08-01 22:10:01,200.75,198.44,202.00,194.95,139961152,5.71,2.00,30.74,腾讯财经
2026-08-01 22:20:04,200.75,198.44,202.00,194.95,139961152,5.71,2.00,30.74,腾讯财经
2026-08-01 22:30:03,200.75,198.44,202.00,194.95,139961152,5.71,2.00,30.74,腾讯财经
2026-08-01 22:40:00,200.75,198.44,202.00,194.95,139961152,5.71,2.00,30.74,腾讯财经
2026-08-01 22:50:04,200.75,198.44,202.00,194.95,139961152,5.71,2.00,30.74,腾讯财经
2026-08-01 23:00:00,200.75,198.44,202.00,194.95,139961152,5.71,2.00,30.74,腾讯财经
2026-08-01 23:10:00,200.75,198.44,202.00,194.95,139961152,5.71,2.00,30.74,腾讯财经
2026-08-01 23:20:00,200.75,198.44,202.00,194.95,139961152,5.71,2.00,30.74,腾讯财经
2026-08-01 23:30:00,200.75,198.44,202.00,194.95,139961152,5.71,2.00,30.74,腾讯财经
2026-08-01 23:40:01,200.75,198.44,202.00,194.95,139961152,5.71,2.00,30.74,腾讯财经
2026-08-01 23:50:02,200.75,198.44,202.00,194.95,139961152,5.71,2.00,30.74,腾讯财经
2026-08-02 00:00:00,200.75,198.44,202.00,194.95,139961152,5.71,2.00,30.74,腾讯财经
2026-08-02 00:10:05,200.75,198.44,202.00,194.95,139961152,5.71,2.00,30.74,腾讯财经
2026-08-02 00:20:01,200.75,198.44,202.00,194.95,139961152,5.71,2.00,30.74,腾讯财经
2026-08-02 00:30:05,200.75,198.44,202.00,194.95,139961152,5.71,2.00,30.74,腾讯财经
2026-08-02 00:40:04,200.75,198.44,202.00,194.95,139961152,5.71,2.00,30.74,腾讯财经
2026-08-02 00:50:00,200.75,198.44,202.00,194.95,139961152,5.71,2.00,30.74,腾讯财经
2026-08-02 01:00:04,200.75,198.44,202.00,194.95,139961152,5.71,2.00,30.74,腾讯财经
2026-08-02 01:10:01,200.75,198.44,202.00,194.95,139961152,5.71,2.00,30.74,腾讯财经
2026-08-02 01:20:04,200.75,198.44,202.00,194.95,139961152,5.71,2.00,30.74,腾讯财经
2026-08-02 01:30:00,200.75,198.44,202.00,194.95,139961152,5.71,2.00,30.74,腾讯财经
2026-08-02 01:40:01,200.75,198.44,202.00,194.95,139961152,5.71,2.00,30.74,腾讯财经
2026-08-02 01:50:03,200.75,198.44,202.00,194.95,139961152,5.71,2.00,30.74,腾讯财经
2026-08-02 02:00:05,200.75,198.44,202.00,194.95,139961152,5.71,2.00,30.74,腾讯财经
2026-08-02 02:10:05,200.75,198.44,202.00,194.95,139961152,5.71,2.00,30.74,腾讯财经
2026-08-02 02:20:00,200.75,198.44,202.00,194.95,139961152,5.71,2.00,30.74,腾讯财经
2026-08-02 02:30:01,200.75,198.44,202.00,194.95,139961152,5.71,2.00,30.74,腾讯财经
2026-08-02 02:40:00,200.75,198.44,202.00,194.95,139961152,5.71,2.00,30.74,腾讯财经
2026-08-02 02:50:02,200.75,198.44,202.00,194.95,139961152,5.71,2.00,30.74,腾讯财经
2026-08-02 03:00:01,200.75,198.44,202.00,194.95,139961152,5.71,2.00,30.74,腾讯财经
2026-08-02 03:10:00,200.75,198.44,202.00,194.95,139961152,5.71,2.00,30.74,腾讯财经
2026-08-02 03:20:00,200.75,198.44,202.00,194.95,139961152,5.71,2.00,30.74,腾讯财经
2026-08-02 03:30:05,200.75,198.44,202.00,194.95,139961152,5.71,2.00,30.74,腾讯财经
2026-08-02 03:40:00,200.75,198.44,202.00,194.95,139961152,5.71,2.00,30.74,腾讯财经
2026-08-02 03:50:03,200.75,198.44,202.00,194.95,139961152,5.71,2.00,30.74,腾讯财经
2026-08-02 04:00:00,200.75,198.44,202.00,194.95,139961152,5.71,2.00,30.74,腾讯财经
2026-08-02 04:10:01,200.75,198.44,202.00,194.95,139961152,5.71,2.00,30.74,腾讯财经
2026-08-02 04:20:01,200.75,198.44,202.00,194.95,139961152,5.71,2.00,30.74,腾讯财经
2026-08-02 04:30:01,200.75,198.44,202.00,194.95,139961152,5.71,2.00,30.74,腾讯财经
2026-08-02 04:40:02,200.75,198.44,202.00,194.95,139961152,5.71,2.00,30.74,腾讯财经
2026-08-02 04:50:03,200.75,198.44,202.00,194.95,139961152,5.71,2.00,30.74,腾讯财经
2026-08-02 05:00:03,200.75,198.44,202.00,194.95,139961152,5.71,2.00,30.74,腾讯财经
2026-08-02 05:10:02,200.75,198.44,202.00,194.95,139961152,5.71,2.00,30.74,腾讯财经
2026-08-02 05:20:04,200.75,198.44,202.00,194.95,139961152,5.71,2.00,30.74,腾讯财经
2026-08-02 05:30:05,200.75,198.44,202.00,194.95,139961152,5.71,2.00,30.74,腾讯财经
2026-08-02 05:40:02,200.75,198.44,202.00,194.95,139961152,5.71,2.00,30.74,腾讯财经
2026-08-02 05:50:02,200.75,198.44,202.00,194.95,139961152,5.71,2.00,30.74,腾讯财经
2026-08-02 06:00:04,200.75,198.44,202.00,194.95,139961152,5.71,2.00,30.74,腾讯财经
2026-08-02 06:10:05,200.75,198.44,202.00,194.95,139961152,5.71,2.00,30.74,腾讯财经
2026-08-02 06:20:05,200.75,198.44,202.00,194.95,139961152,5.71,2.00,30.74,腾讯财经
2026-08-02 06:30:04,200.75,198.44,202.00,194.95,139961152,5.71,2.00,30.74,腾讯财经
2026-08-02 06:40:00,200.75,198.44,202.00,194.95,139961152,5.71,2.00,30.74,腾讯财经
2026-08-02 06:50:00,200.75,198.44,202.00,194.95,139961152,5.71,2.00,30.74,腾讯财经
2026-08-02 07:00:05,200.75,198.44,202.00,194.95,139961152,5.71,2.00,30.74,腾讯财经
2026-08-02 07:10:00,200.75,198.44,202.00,194.95,139961152,5.71,2.00,30.74,腾讯财经
2026-08-02 07:20:00,200.75,198.44,202.00,194.95,139961152,5.71,2.00,30.74,腾讯财经
2026-08-02 07:30:00,200.75,198.44,202.00,194.95,139961152,5.71,2.00,30.74,腾讯财经
2026-08-02 07:40:00,200.75,198.44,202.00,194.95,139961152,5.71,2.00,30.74,腾讯财经
2026-08-02 07:50:03,200.75,198.44,202.00,194.95,139961152,5.71,2.00,30.74,腾讯财经
2026-08-02 08:00:00,200.75,198.44,202.00,194.95,139961152,5.71,2.00,30.74,腾讯财经
2026-08-02 08:10:03,200.75,198.44,202.00,194.95,139961152,5.71,2.00,30.74,腾讯财经
2026-08-02 08:20:01,200.75,198.44,202.00,194.95,139961152,5.71,2.00,30.74,腾讯财经
2026-08-02 08:30:01,200.75,198.44,202.00,194.95,139961152,5.71,2.00,30.74,腾讯财经
2026-08-02 08:40:03,200.75,198.44,202.00,194.95,139961152,5.71,2.00,30.74,腾讯财经
2026-08-02 08:50:03,200.75,198.44,202.00,194.95,139961152,5.71,2.00,30.74,腾讯财经
2026-08-02 09:00:02,200.75,198.44,202.00,194.95,139961152,5.71,2.00,30.74,腾讯财经
2026-08-02 09:10:04,200.75,198.44,202.00,194.95,139961152,5.71,2.00,30.74,腾讯财经
2026-08-02 09:20:00,200.75,198.44,202.00,194.95,139961152,5.71,2.00,30.74,腾讯财经
2026-08-02 09:30:04,200.75,198.44,202.00,194.95,139961152,5.71,2.00,30.74,腾讯财经
2026-08-02 09:40:00,200.75,198.44,202.00,194.95,139961152,5.71,2.00,30.74,腾讯财经
2026-08-02 09:50:00,200.75,198.44,202.00,194.95,139961152,5.71,2.00,30.74,腾讯财经
2026-08-02 10:00:05,200.75,198.44,202.00,194.95,139961152,5.71,2.00,30.74,腾讯财经
2026-08-02 10:10:03,200.75,198.44,202.00,194.95,139961152,5.71,2.00,30.74,腾讯财经
2026-08-02 10:20:00,200.75,198.44,202.00,194.95,139961152,5.71,2.00,30.74,腾讯财经
2026-08-02 10:30:02,200.75,198.44,202.00,194.95,139961152,5.71,2.00,30.74,腾讯财经
2026-08-02 10:40:00,200.75,198.44,202.00,194.95,139961152,5.71,2.00,30.74,腾讯财经
2026-08-02 10:50:03,200.75,198.44,202.00,194.95,139961152,5.71,2.00,30.74,腾讯财经
2026-08-02 11:00:04,200.75,198.44,202.00,194.95,139961152,5.71,2.00,30.74,腾讯财经
2026-08-02 11:10:00,200.75,198.44,202.00,194.95,139961152,5.71,2.00,30.74,腾讯财经
2026-08-02 11:20:00,200.75,198.44,202.00,194.95,139961152,5.71,2.00,30.74,腾讯财经
2026-08-02 11:30:05,200.75,198.44,202.00,194.95,139961152,5.71,2.00,30.74,腾讯财经
2026-08-02 11:40:00,200.75,198.44,202.00,194.95,139961152,5.71,2.00,30.74,腾讯财经
2026-08-02 11:50:00,200.75,198.44,202.00,194.95,139961152,5.71,2.00,30.74,腾讯财经
2026-08-02 12:00:03,200.75,198.44,202.00,194.95,139961152,5.71,2.00,30.74,腾讯财经
2026-08-02 12:10:03,200.75,198.44,202.00,194.95,139961152,5.71,2.00,30.74,腾讯财经
2026-08-02 12:20:00,200.75,198.44,202.00,194.95,139961152,5.71,2.00,30.74,腾讯财经
2026-08-02 12:30:01,200.75,198.44,202.00,194.95,139961152,5.71,2.00,30.74,腾讯财经
2026-08-02 12:40:03,200.75,198.44,202.00,194.95,139961152,5.71,2.00,30.74,腾讯财经
2026-08-02 12:50:00,200.75,198.44,202.00,194.95,139961152,5.71,2.00,30.74,腾讯财经
2026-08-02 13:00:00,200.75,198.44,202.00,194.95,139961152,5.71,2.00,30.74,腾讯财经
2026-08-02 13:10:00,200.75,198.44,202.00,194.95,139961152,5.71,2.00,30.74,腾讯财经
2026-08-02 13:20:03,200.75,198.44,202.00,194.95,139961152,5.71,2.00,30.74,腾讯财经
2026-08-02 13:30:00,200.75,198.44,202.00,194.95,139961152,5.71,2.00,30.74,腾讯财经
2026-08-02 13:40:02,200.75,198.44,202.00,194.95,139961152,5.71,2.00,30.74,腾讯财经
2026-08-02 13:50:00,200.75,198.44,202.00,194.95,139961152,5.71,2.00,30.74,腾讯财经
2026-08-02 14:00:00,200.75,198.44,202.00,194.95,139961152,5.71,2.00,30.74,腾讯财经
2026-08-02 14:10:00,200.75,198.44,202.00,194.95,139961152,5.71,2.00,30.74,腾讯财经
2026-08-02 14:20:02,200.75,198.44,202.00,194.95,139961152,5.71,2.00,30.74,腾讯财经
2026-08-02 14:30:05,200.75,198.44,202.00,194.95,139961152,5.71,2.00,30.74,腾讯财经
2026-08-02 14:40:02,200.75,198.44,202.00,194.95,139961152,5.71,2.00,30.74,腾讯财经
2026-08-02 14:50:00,200.75,198.44,202.00,194.95,139961152,5.71,2.00,30.74,腾讯财经
2026-08-02 15:00:04,200.75,198.44,202.00,194.95,139961152,5.71,2.00,30.74,腾讯财经
2026-08-02 15:10:00,200.75,198.44,202.00,194.95,139961152,5.71,2.00,30.74,腾讯财经
2026-08-02 15:20:04,200.75,198.44,202.00,194.95,139961152,5.71,2.00,30.74,腾讯财经
2026-08-02 15:30:04,200.75,198.44,202.00,194.95,139961152,5.71,2.00,30.74,腾讯财经
2026-08-02 15:40:03,200.75,198.44,202.00,194.95,139961152,5.71,2.00,30.74,腾讯财经
2026-08-02 15:50:04,200.75,198.44,202.00,194.95,139961152,5.71,2.00,30.74,腾讯财经
2026-08-02 16:00:03,200.75,198.44,202.00,194.95,139961152,5.71,2.00,30.74,腾讯财经
2026-08-02 16:10:05,200.75,198.44,202.00,194.95,139961152,5.71,2.00,30.74,腾讯财经
2026-08-02 16:20:04,200.75,198.44,202.00,194.95,139961152,5.71,2.00,30.74,腾讯财经
2026-08-02 16:30:03,200.75,198.44,202.00,194.95,139961152,5.71,2.00,30.74,腾讯财经
2026-08-02 16:40:05,200.75,198.44,202.00,194.95,139961152,5.71,2.00,30.74,腾讯财经
2026-08-02 16:50:01,200.75,198.44,202.00,194.95,139961152,5.71,2.00,30.74,腾讯财经
2026-08-02 17:00:00,200.75,198.44,202.00,194.95,139961152,5.71,2.00,30.74,腾讯财经
2026-08-02 17:10:00,200.75,198.44,202.00,194.95,139961152,5.71,2.00,30.74,腾讯财经
2026-08-02 17:20:05,200.75,198.44,202.00,194.95,139961152,5.71,2.00,30.74,腾讯财经
2026-08-02 17:30:02,200.75,198.44,202.00,194.95,139961152,5.71,2.00,30.74,腾讯财经
2026-08-02 17:40:04,200.75,198.44,202.00,194.95,139961152,5.71,2.00,30.74,腾讯财经
2026-08-02 17:50:05,200.75,198.44,202.00,194.95,139961152,5.71,2.00,30.74,腾讯财经
2026-08-02 18:00:04,200.75,198.44,202.00,194.95,139961152,5.71,2.00,30.74,腾讯财经
2026-08-02 18:10:05,200.75,198.44,202.00,194.95,139961152,5.71,2.00,30.74,腾讯财经
2026-08-02 18:20:04,200.75,198.44,202.00,194.95,139961152,5.71,2.00,30.74,腾讯财经
2026-08-02 18:30:04,200.75,198.44,202.00,194.95,139961152,5.71,2.00,30.74,腾讯财经
2026-08-02 18:40:03,200.75,198.44,202.00,194.95,139961152,5.71,2.00,30.74,腾讯财经
2026-08-02 18:50:03,200.75,198.44,202.00,194.95,139961152,5.71,2.00,30.74,腾讯财经
2026-08-02 19:00:02,200.75,198.44,202.00,194.95,139961152,5.71,2.00,30.74,腾讯财经
2026-08-02 19:10:04,200.75,198.44,202.00,194.95,139961152,5.71,2.00,30.74,腾讯财经
2026-08-02 19:20:04,200.75,198.44,202.00,194.95,139961152,5.71,2.00,30.74,腾讯财经
2026-08-02 19:30:04,200.75,198.44,202.00,194.95,139961152,5.71,2.00,30.74,腾讯财经
2026-08-02 19:40:04,200.75,198.44,202.00,194.95,139961152,5.71,2.00,30.74,腾讯财经
2026-08-02 19:50:04,200.75,198.44,202.00,194.95,139961152,5.71,2.00,30.74,腾讯财经
2026-08-02 20:00:04,200.75,198.44,202.00,194.95,139961152,5.71,2.00,30.74,腾讯财经
2026-08-02 20:10:04,200.75,198.44,202.00,194.95,139961152,5.71,2.00,30.74,腾讯财经
2026-08-02 20:20:05,200.75,198.44,202.00,194.95,139961152,5.71,2.00,30.74,腾讯财经
2026-08-02 20:30:00,200.75,198.44,202.00,194.95,139961152,5.71,2.00,30.74,腾讯财经
2026-08-02 20:40:01,200.75,198.44,202.00,194.95,139961152,5.71,2.00,30.74,腾讯财经
2026-08-02 20:50:00,200.75,198.44,202.00,194.95,139961152,5.71,2.00,30.74,腾讯财经
2026-08-02 21:00:01,200.75,198.44,202.00,194.95,139961152,5.71,2.00,30.74,腾讯财经
2026-08-02 21:10:05,200.75,198.44,202.00,194.95,139961152,5.71,2.00,30.74,腾讯财经
2026-08-02 21:20:05,200.75,198.44,202.00,194.95,139961152,5.71,2.00,30.74,腾讯财经
2026-08-02 21:30:03,200.75,198.44,202.00,194.95,139961152,5.71,2.00,30.74,腾讯财经
2026-08-02 21:40:05,200.75,198.44,202.00,194.95,139961152,5.71,2.00,30.74,腾讯财经
2026-08-02 21:50:03,200.75,198.44,202.00,194.95,139961152,5.71,2.00,30.74,腾讯财经
2026-08-02 22:00:05,200.75,198.44,202.00,194.95,139961152,5.71,2.00,30.74,腾讯财经
2026-08-02 22:10:00,200.75,198.44,202.00,194.95,139961152,5.71,2.00,30.74,腾讯财经
2026-08-02 22:20:03,200.75,198.44,202.00,194.95,139961152,5.71,2.00,30.74,腾讯财经
2026-08-02 22:30:00,200.75,198.44,202.00,194.95,139961152,5.71,2.00,30.74,腾讯财经
2026-08-02 22:40:00,200.75,198.44,202.00,194.95,139961152,5.71,2.00,30.74,腾讯财经
2026-08-02 22:50:03,200.75,198.44,202.00,194.95,139961152,5.71,2.00,30.74,腾讯财经
2026-08-02 23:00:04,200.75,198.44,202.00,194.95,139961152,5.71,2.00,30.74,腾讯财经
2026-08-02 23:10:05,200.75,198.44,202.00,194.95,139961152,5.71,2.00,30.74,腾讯财经
2026-08-02 23:20:03,200.75,198.44,202.00,194.95,139961152,5.71,2.00,30.74,腾讯财经
2026-08-02 23:30:03,200.75,198.44,202.00,194.95,139961152,5.71,2.00,30.74,腾讯财经
2026-08-02 23:40:03,200.75,198.44,202.00,194.95,139961152,5.71,2.00,30.74,腾讯财经
2026-08-02 23:50:04,200.75,198.44,202.00,194.95,139961152,5.71,2.00,30.74,腾讯财经
2026-08-03 00:00:03,200.75,198.44,202.00,194.95,139961152,5.71,2.00,30.74,腾讯财经
2026-08-03 00:10:01,200.75,198.44,202.00,194.95,139961152,5.71,2.00,30.74,腾讯财经
2026-08-03 00:20:05,200.75,198.44,202.00,194.95,139961152,5.71,2.00,30.74,腾讯财经
2026-08-03 00:30:00,200.75,198.44,202.00,194.95,139961152,5.71,2.00,30.74,腾讯财经
2026-08-03 00:40:00,200.75,198.44,202.00,194.95,139961152,5.71,2.00,30.74,腾讯财经
2026-08-03 00:50:04,200.75,198.44,202.00,194.95,139961152,5.71,2.00,30.74,腾讯财经
2026-08-03 01:00:00,200.75,198.44,202.00,194.95,139961152,5.71,2.00,30.74,腾讯财经
2026-08-03 01:10:04,200.75,198.44,202.00,194.95,139961152,5.71,2.00,30.74,腾讯财经
2026-08-03 01:20:03,200.75,198.44,202.00,194.95,139961152,5.71,2.00,30.74,腾讯财经
2026-08-03 01:30:05,200.75,198.44,202.00,194.95,139961152,5.71,2.00,30.74,腾讯财经
2026-08-03 01:40:01,200.75,198.44,202.00,194.95,139961152,5.71,2.00,30.74,腾讯财经
2026-08-03 01:50:02,200.75,198.44,202.00,194.95,139961152,5.71,2.00,30.74,腾讯财经
2026-08-03 02:00:04,200.75,198.44,202.00,194.95,139961152,5.71,2.00,30.74,腾讯财经
2026-08-03 02:10:03,200.75,198.44,202.00,194.95,139961152,5.71,2.00,30.74,腾讯财经
2026-08-03 02:20:04,200.75,198.44,202.00,194.95,139961152,5.71,2.00,30.74,腾讯财经
2026-08-03 02:30:04,200.75,198.44,202.00,194.95,139961152,5.71,2.00,30.74,腾讯财经
2026-08-03 02:40:04,200.75,198.44,202.00,194.95,139961152,5.71,2.00,30.74,腾讯财经
2026-08-03 02:50:05,200.75,198.44,202.00,194.95,139961152,5.71,2.00,30.74,腾讯财经
2026-08-03 03:00:00,200.75,198.44,202.00,194.95,139961152,5.71,2.00,30.74,腾讯财经
2026-08-03 03:10:04,200.75,198.44,202.00,194.95,139961152,5.71,2.00,30.74,腾讯财经
2026-08-03 03:20:02,200.75,198.44,202.00,194.95,139961152,5.71,2.00,30.74,腾讯财经
2026-08-03 03:30:05,200.75,198.44,202.00,194.95,139961152,5.71,2.00,30.74,腾讯财经
2026-08-03 03:40:00,200.75,198.44,202.00,194.95,139961152,5.71,2.00,30.74,腾讯财经
2026-08-03 03:50:00,200.75,198.44,202.00,194.95,139961152,5.71,2.00,30.74,腾讯财经
2026-08-03 04:00:01,200.75,198.44,202.00,194.95,139961152,5.71,2.00,30.74,腾讯财经
2026-08-03 04:10:00,200.75,198.44,202.00,194.95,139961152,5.71,2.00,30.74,腾讯财经
2026-08-03 04:20:00,200.75,198.44,202.00,194.95,139961152,5.71,2.00,30.74,腾讯财经
2026-08-03 04:30:04,200.75,198.44,202.00,194.95,139961152,5.71,2.00,30.74,腾讯财经
2026-08-03 04:40:03,200.75,198.44,202.00,194.95,139961152,5.71,2.00,30.74,腾讯财经
2026-08-03 04:50:00,200.75,198.44,202.00,194.95,139961152,5.71,2.00,30.74,腾讯财经
2026-08-03 05:00:00,200.75,198.44,202.00,194.95,139961152,5.71,2.00,30.74,腾讯财经
2026-08-03 05:10:05,200.75,198.44,202.00,194.95,139961152,5.71,2.00,30.74,腾讯财经
2026-08-03 05:20:01,200.75,198.44,202.00,194.95,139961152,5.71,2.00,30.74,腾讯财经
2026-08-03 05:30:04,200.75,198.44,202.00,194.95,139961152,5.71,2.00,30.74,腾讯财经
2026-08-03 05:40:03,200.75,198.44,202.00,194.95,139961152,5.71,2.00,30.74,腾讯财经
2026-08-03 05:50:04,200.75,198.44,202.00,194.95,139961152,5.71,2.00,30.74,腾讯财经
2026-08-03 06:00:00,200.75,198.44,202.00,194.95,139961152,5.71,2.00,30.74,腾讯财经
2026-08-03 06:10:00,200.75,198.44,202.00,194.95,139961152,5.71,2.00,30.74,腾讯财经
2026-08-03 06:20:00,200.75,198.44,202.00,194.95,139961152,5.71,2.00,30.74,腾讯财经
2026-08-03 06:30:00,200.75,198.44,202.00,194.95,139961152,5.71,2.00,30.74,腾讯财经
2026-08-03 06:40:00,200.75,198.44,202.00,194.95,139961152,5.71,2.00,30.74,腾讯财经
2026-08-03 06:50:02,200.75,198.44,202.00,194.95,139961152,5.71,2.00,30.74,腾讯财经
2026-08-03 07:00:00,200.75,198.44,202.00,194.95,139961152,5.71,2.00,30.74,腾讯财经
2026-08-03 07:10:00,200.75,198.44,202.00,194.95,139961152,5.71,2.00,30.74,腾讯财经
2026-08-03 07:20:00,200.75,198.44,202.00,194.95,139961152,5.71,2.00,30.74,腾讯财经
2026-08-03 07:30:05,200.75,198.44,202.00,194.95,139961152,5.71,2.00,30.74,腾讯财经
2026-08-03 07:40:03,200.75,198.44,202.00,194.95,139961152,5.71,2.00,30.74,腾讯财经
2026-08-03 07:50:00,200.75,198.44,202.00,194.95,139961152,5.71,2.00,30.74,腾讯财经
2026-08-03 08:40:00,200.75,198.44,202.00,194.95,139961152,5.71,2.00,30.74,腾讯财经
2026-08-03 08:50:01,200.75,198.44,202.00,194.95,139961152,5.71,2.00,30.74,腾讯财经
2026-08-03 09:00:03,200.75,198.44,202.00,194.95,139961152,5.71,2.00,30.74,腾讯财经
2026-08-03 09:10:00,200.75,198.44,202.00,194.95,139961152,5.71,2.00,30.74,腾讯财经
2026-08-03 09:20:01,200.75,198.44,202.00,194.95,139961152,5.71,2.00,30.74,腾讯财经
2026-08-03 09:40:03,200.75,198.44,202.00,194.95,139961152,5.71,2.00,30.74,腾讯财经
2026-08-03 09:50:00,200.75,198.44,202.00,194.95,139961152,5.71,2.00,30.74,腾讯财经
2026-08-03 10:00:00,200.75,198.44,202.00,194.95,139961152,5.71,2.00,30.74,腾讯财经
2026-08-03 10:10:02,200.75,198.44,202.00,194.95,139961152,5.71,2.00,30.74,腾讯财经
2026-08-03 10:20:02,200.75,198.44,202.00,194.95,139961152,5.71,2.00,30.74,腾讯财经
2026-08-03 10:30:01,200.75,198.44,202.00,194.95,139961152,5.71,2.00,30.74,腾讯财经
2026-08-03 10:40:01,200.75,198.44,202.00,194.95,139961152,5.71,2.00,30.74,腾讯财经
2026-08-03 10:50:02,200.75,198.44,202.00,194.95,139961152,5.71,2.00,30.74,腾讯财经
2026-08-03 11:00:04,200.75,198.44,202.00,194.95,139961152,5.71,2.00,30.74,腾讯财经
2026-08-03 11:10:02,200.75,198.44,202.00,194.95,139961152,5.71,2.00,30.74,腾讯财经
2026-08-03 11:20:05,200.75,198.44,202.00,194.95,139961152,5.71,2.00,30.74,腾讯财经
2026-08-03 11:30:02,200.75,198.44,202.00,194.95,139961152,5.71,2.00,30.74,腾讯财经
2026-08-03 11:40:04,200.75,198.44,202.00,194.95,139961152,5.71,2.00,30.74,腾讯财经
2026-08-03 11:50:02,200.75,198.44,202.00,194.95,139961152,5.71,2.00,30.74,腾讯财经
2026-08-03 12:00:04,200.75,198.44,202.00,194.95,139961152,5.71,2.00,30.74,腾讯财经
2026-08-03 12:10:02,200.75,198.44,202.00,194.95,139961152,5.71,2.00,30.74,腾讯财经
2026-08-03 12:20:04,200.75,198.44,202.00,194.95,139961152,5.71,2.00,30.74,腾讯财经
2026-08-03 12:30:02,200.75,198.44,202.00,194.95,139961152,5.71,2.00,30.74,腾讯财经
2026-08-03 12:40:05,200.75,198.44,202.00,194.95,139961152,5.71,2.00,30.74,腾讯财经
2026-08-03 12:50:01,200.75,198.44,202.00,194.95,139961152,5.71,2.00,30.74,腾讯财经
2026-08-03 13:00:03,200.75,198.44,202.00,194.95,139961152,5.71,2.00,30.74,腾讯财经
2026-08-03 13:10:03,200.75,198.44,202.00,194.95,139961152,5.71,2.00,30.74,腾讯财经
2026-08-03 13:20:03,200.75,198.44,202.00,194.95,139961152,5.71,2.00,30.74,腾讯财经
2026-08-03 13:30:03,200.75,198.44,202.00,194.95,139961152,5.71,2.00,30.74,腾讯财经
2026-08-03 13:40:04,200.75,198.44,202.00,194.95,139961152,5.71,2.00,30.74,腾讯财经
2026-08-03 13:50:02,200.75,198.44,202.00,194.95,139961152,5.71,2.00,30.74,腾讯财经
2026-08-03 14:00:01,200.75,198.44,202.00,194.95,139961152,5.71,2.00,30.74,腾讯财经
2026-08-03 14:10:03,200.75,198.44,202.00,194.95,139961152,5.71,2.00,30.74,腾讯财经
2026-08-03 14:20:05,200.75,198.44,202.00,194.95,139961152,5.71,2.00,30.74,腾讯财经
2026-08-03 14:30:01,200.75,198.44,202.00,194.95,139961152,5.71,2.00,30.74,腾讯财经
2026-08-03 14:40:01,200.75,198.44,202.00,194.95,139961152,5.71,2.00,30.74,腾讯财经
2026-08-03 14:50:05,200.75,198.44,202.00,194.95,139961152,5.71,2.00,30.74,腾讯财经
2026-08-03 15:00:01,200.75,198.44,202.00,194.95,139961152,5.71,2.00,30.74,腾讯财经
2026-08-03 22:01:17,202.44,197.69,202.47,196.85,18544627,1.69,0,31.00,腾讯财经
2026-08-03 22:10:01,203.81,197.69,204.06,196.85,24673690,3.06,1.00,31.21,腾讯财经
2026-08-03 22:20:01,204.36,197.69,205.59,196.85,29797716,3.61,1.00,31.30,腾讯财经
2026-08-03 22:30:03,205.40,197.69,205.72,196.85,33653431,4.65,2.00,31.45,腾讯财经
2026-08-03 22:40:00,205.88,197.69,206.27,196.85,37528401,5.13,2.00,31.53,腾讯财经
2026-08-03 22:50:02,206.14,197.69,206.40,196.85,40616267,5.39,2.00,31.57,腾讯财经
2026-08-03 23:00:00,206.24,197.69,206.60,196.85,43337590,5.49,2.00,31.58,腾讯财经
2026-08-03 23:10:00,206.46,197.69,207.21,196.85,47176342,5.71,2.00,31.62,腾讯财经
2026-08-03 23:20:00,207.07,197.69,207.22,196.85,49871231,6.32,3.00,31.71,腾讯财经
2026-08-03 23:30:00,206.53,197.69,207.40,196.85,52684586,5.78,2.00,31.63,腾讯财经
2026-08-03 23:40:05,206.56,197.69,207.40,196.85,55742275,5.81,2.00,31.63,腾讯财经
2026-08-03 23:50:00,206.90,197.69,207.40,196.85,57067574,6.15,3.00,31.68,腾讯财经
2026-08-04 00:00:00,206.85,197.69,207.40,196.85,59466345,6.10,3.00,31.68,腾讯财经
2026-08-04 00:10:02,207.09,197.69,207.40,196.85,61067330,6.34,3.00,31.71,腾讯财经
2026-08-04 00:20:02,207.18,197.69,207.43,196.85,62466536,6.43,3.00,31.73,腾讯财经
2026-08-04 00:30:00,207.11,197.69,207.48,196.85,63917883,6.36,3.00,31.72,腾讯财经
2026-08-04 00:40:00,206.92,197.69,207.48,196.85,65497639,6.17,3.00,31.69,腾讯财经
2026-08-04 00:50:02,207.16,197.69,207.48,196.85,66727052,6.41,3.00,31.72,腾讯财经
2026-08-04 01:00:00,206.92,197.69,207.48,196.85,67680257,6.17,3.00,31.69,腾讯财经
2026-08-04 01:10:00,207.15,197.69,207.48,196.85,68924182,6.40,3.00,31.72,腾讯财经
2026-08-04 01:20:03,207.87,197.69,207.88,196.85,71254323,7.12,3.00,31.83,腾讯财经
2026-08-04 01:30:00,208.54,197.69,208.68,196.85,73521969,7.79,3.00,31.94,腾讯财经
2026-08-04 01:40:00,207.97,197.69,208.71,196.85,75539614,7.22,3.00,31.85,腾讯财经
2026-08-04 01:50:02,207.73,197.69,208.71,196.85,77013280,6.98,3.00,31.81,腾讯财经
2026-08-04 02:00:00,208.21,197.69,208.71,196.85,79299545,7.46,3.00,31.89,腾讯财经
2026-08-04 02:10:04,208.52,197.69,208.71,196.85,81153371,7.77,3.00,31.93,腾讯财经
2026-08-04 02:20:00,208.05,197.69,208.74,196.85,82536672,7.30,3.00,31.86,腾讯财经
2026-08-04 02:30:00,207.69,197.69,208.74,196.85,84223920,6.94,3.00,31.81,腾讯财经
2026-08-04 02:40:00,207.84,197.69,208.74,196.85,85591204,7.09,3.00,31.83,腾讯财经
2026-08-04 02:50:04,207.91,197.69,208.74,196.85,86785562,7.16,3.00,31.84,腾讯财经
2026-08-04 03:00:00,208.12,197.69,208.74,196.85,87959576,7.37,3.00,31.87,腾讯财经
2026-08-04 03:10:02,208.38,197.69,208.74,196.85,90276542,7.63,3.00,31.91,腾讯财经
2026-08-04 03:20:00,207.97,197.69,208.74,196.85,92327176,7.22,3.00,31.85,腾讯财经
2026-08-04 03:30:01,207.86,197.69,208.74,196.85,93982202,7.11,3.00,31.83,腾讯财经
2026-08-04 03:40:00,207.28,197.69,208.74,196.85,96128311,6.53,3.00,31.74,腾讯财经
2026-08-04 03:50:02,207.20,197.69,208.74,196.85,98243129,6.45,3.00,31.73,腾讯财经
2026-08-04 04:00:00,206.66,197.69,208.74,196.85,105232204,5.91,2.00,31.65,腾讯财经
2026-08-04 04:10:00,206.64,197.69,208.74,196.85,127508098,5.89,2.00,31.64,腾讯财经
2026-08-04 04:20:05,206.64,197.69,208.74,196.85,127570111,5.89,2.00,31.64,腾讯财经
2026-08-04 04:30:01,206.64,197.69,208.74,196.85,127749630,5.89,2.00,31.64,腾讯财经
2026-08-04 04:40:00,206.64,197.69,208.74,196.85,127837566,5.89,2.00,31.64,腾讯财经
2026-08-04 04:50:00,206.64,197.69,208.74,196.85,127882964,5.89,2.00,31.64,腾讯财经
2026-08-04 05:00:03,206.64,197.69,208.74,196.85,127923121,5.89,2.00,31.64,腾讯财经
2026-08-04 05:10:00,206.64,197.69,208.74,196.85,127944946,5.89,2.00,31.64,腾讯财经
2026-08-04 05:20:00,206.64,197.69,208.74,196.85,127993315,5.89,2.00,31.64,腾讯财经
2026-08-04 05:30:00,206.64,197.69,208.74,196.85,128009297,5.89,2.00,31.64,腾讯财经
2026-08-04 05:40:02,206.64,197.69,208.74,196.85,128036670,5.89,2.00,31.64,腾讯财经
2026-08-04 05:50:04,206.64,197.69,208.74,196.85,128062065,5.89,2.00,31.64,腾讯财经
2026-08-04 06:00:00,206.64,197.69,208.74,196.85,128098336,5.89,2.00,31.64,腾讯财经
2026-08-04 06:10:00,206.64,197.69,208.74,196.85,128121930,5.89,2.00,31.64,腾讯财经
2026-08-04 06:20:01,206.64,197.69,208.74,196.85,128148807,5.89,2.00,31.64,腾讯财经
2026-08-04 06:30:00,206.64,197.69,208.74,196.85,128164614,5.89,2.00,31.64,腾讯财经
2026-08-04 06:40:00,206.64,197.69,208.74,196.85,128199295,5.89,2.00,31.64,腾讯财经
2026-08-04 06:50:00,206.64,197.69,208.74,196.85,128239891,5.89,2.00,31.64,腾讯财经
2026-08-04 07:00:04,206.64,197.69,208.74,196.85,128264600,5.89,2.00,31.64,腾讯财经
2026-08-04 07:10:05,206.64,197.69,208.74,196.85,128281668,5.89,2.00,31.64,腾讯财经
2026-08-04 07:20:00,206.64,197.69,208.74,196.85,128307842,5.89,2.00,31.64,腾讯财经
2026-08-04 07:30:02,206.64,197.69,208.74,196.85,128329703,5.89,2.00,31.64,腾讯财经
2026-08-04 07:40:00,206.64,197.69,208.74,196.85,128353482,5.89,2.00,31.64,腾讯财经
2026-08-04 07:50:00,206.64,197.69,208.74,196.85,128368063,5.89,2.00,31.64,腾讯财经
2026-08-04 08:30:05,206.64,197.69,208.74,196.85,128406883,5.89,2.00,31.64,腾讯财经
2026-08-04 08:40:00,206.64,197.69,208.74,196.85,128406883,5.89,2.00,31.64,腾讯财经
2026-08-04 08:50:01,206.64,197.69,208.74,196.85,128406883,5.89,2.00,31.64,腾讯财经
2026-08-04 09:00:05,206.64,197.69,208.74,196.85,128406883,5.89,2.00,31.64,腾讯财经
2026-08-04 09:10:00,206.64,197.69,208.74,196.85,128406883,5.89,2.00,31.64,腾讯财经
2026-08-04 09:20:03,206.64,197.69,208.74,196.85,128406883,5.89,2.00,31.64,腾讯财经
2026-08-04 09:30:03,206.64,197.69,208.74,196.85,128406883,5.89,2.00,31.64,腾讯财经
2026-08-04 09:40:03,206.64,197.69,208.74,196.85,128406883,5.89,2.00,31.64,腾讯财经
2026-08-04 09:50:05,206.64,197.69,208.74,196.85,128406883,5.89,2.00,31.64,腾讯财经
2026-08-04 10:00:00,206.64,197.69,208.74,196.85,128406883,5.89,2.00,31.64,腾讯财经
2026-08-04 10:10:03,206.64,197.69,208.74,196.85,128406883,5.89,2.00,31.64,腾讯财经
2026-08-04 10:20:00,206.64,197.69,208.74,196.85,128406883,5.89,2.00,31.64,腾讯财经
2026-08-04 10:30:05,206.64,197.69,208.74,196.85,128406883,5.89,2.00,31.64,腾讯财经
2026-08-04 10:40:05,206.64,197.69,208.74,196.85,128406883,5.89,2.00,31.64,腾讯财经
2026-08-04 10:50:01,206.64,197.69,208.74,196.85,128406883,5.89,2.00,31.64,腾讯财经
2026-08-04 11:00:05,206.64,197.69,208.74,196.85,128406883,5.89,2.00,31.64,腾讯财经
2026-08-04 11:10:00,206.64,197.69,208.74,196.85,128406883,5.89,2.00,31.64,腾讯财经
2026-08-04 11:20:00,206.64,197.69,208.74,196.85,128406883,5.89,2.00,31.64,腾讯财经
2026-08-04 11:30:04,206.64,197.69,208.74,196.85,128406883,5.89,2.00,31.64,腾讯财经
2026-08-04 11:40:00,206.64,197.69,208.74,196.85,128406883,5.89,2.00,31.64,腾讯财经
2026-08-04 11:50:00,206.64,197.69,208.74,196.85,128406883,5.89,2.00,31.64,腾讯财经
2026-08-04 12:00:00,206.64,197.69,208.74,196.85,128406883,5.89,2.00,31.64,腾讯财经
2026-08-04 12:10:05,206.64,197.69,208.74,196.85,128406883,5.89,2.00,31.64,腾讯财经
2026-08-04 12:20:00,206.64,197.69,208.74,196.85,128406883,5.89,2.00,31.64,腾讯财经
2026-08-04 12:30:00,206.64,197.69,208.74,196.85,128406883,5.89,2.00,31.64,腾讯财经
2026-08-04 12:40:04,206.64,197.69,208.74,196.85,128406883,5.89,2.00,31.64,腾讯财经
2026-08-04 12:50:00,206.64,197.69,208.74,196.85,128406883,5.89,2.00,31.64,腾讯财经
2026-08-04 13:00:00,206.64,197.69,208.74,196.85,128406883,5.89,2.00,31.64,腾讯财经
2026-08-04 13:10:03,206.64,197.69,208.74,196.85,128406883,5.89,2.00,31.64,腾讯财经
2026-08-04 13:20:01,206.64,197.69,208.74,196.85,128406883,5.89,2.00,31.64,腾讯财经
2026-08-04 13:30:03,206.64,197.69,208.74,196.85,128406883,5.89,2.00,31.64,腾讯财经
2026-08-04 13:40:02,206.64,197.69,208.74,196.85,128406883,5.89,2.00,31.64,腾讯财经
2026-08-04 13:50:04,206.64,197.69,208.74,196.85,128406883,5.89,2.00,31.64,腾讯财经
2026-08-04 14:00:01,206.64,197.69,208.74,196.85,128406883,5.89,2.00,31.64,腾讯财经
2026-08-04 14:10:00,206.64,197.69,208.74,196.85,128406883,5.89,2.00,31.64,腾讯财经
2026-08-04 14:20:04,206.64,197.69,208.74,196.85,128406883,5.89,2.00,31.64,腾讯财经
2026-08-04 14:30:00,206.64,197.69,208.74,196.85,128406883,5.89,2.00,31.64,腾讯财经
2026-08-04 14:40:01,206.64,197.69,208.74,196.85,128406883,5.89,2.00,31.64,腾讯财经
2026-08-04 14:50:00,206.64,197.69,208.74,196.85,128406883,5.89,2.00,31.64,腾讯财经
2026-08-04 15:00:00,206.64,197.69,208.74,196.85,128406883,5.89,2.00,31.64,腾讯财经
2026-08-04 15:10:03,206.64,197.69,208.74,196.85,128406883,5.89,2.00,31.64,腾讯财经
2026-08-04 15:20:00,206.64,197.69,208.74,196.85,128406883,5.89,2.00,31.64,腾讯财经
2026-08-04 15:30:00,206.64,197.69,208.74,196.85,128406883,5.89,2.00,31.64,腾讯财经
2026-08-04 15:40:03,206.64,197.69,208.74,196.85,128406883,5.89,2.00,31.64,腾讯财经
2026-08-04 15:50:00,206.64,197.69,208.74,196.85,128406883,5.89,2.00,31.64,腾讯财经
2026-08-04 16:00:04,206.64,197.69,208.74,196.85,128406883,5.89,2.00,31.64,腾讯财经
2026-08-04 16:10:00,206.64,197.69,208.74,196.85,128406883,5.89,2.00,31.64,腾讯财经
2026-08-04 16:20:02,206.64,197.69,208.74,196.85,128406883,5.89,2.00,31.64,腾讯财经
2026-08-04 16:30:00,206.64,197.69,208.74,196.85,128406883,5.89,2.00,31.64,腾讯财经
2026-08-04 16:40:04,206.64,197.69,208.74,196.85,128406883,5.89,2.00,31.64,腾讯财经
2026-08-04 16:50:00,206.64,197.69,208.74,196.85,128406883,5.89,2.00,31.64,腾讯财经
2026-08-04 17:00:01,206.64,197.69,208.74,196.85,128406883,5.89,2.00,31.64,腾讯财经
2026-08-04 17:10:00,206.64,197.69,208.74,196.85,128406883,5.89,2.00,31.64,腾讯财经
2026-08-04 17:20:04,206.64,197.69,208.74,196.85,128406883,5.89,2.00,31.64,腾讯财经
2026-08-04 17:30:03,206.64,197.69,208.74,196.85,128406883,5.89,2.00,31.64,腾讯财经
2026-08-04 17:40:00,206.64,197.69,208.74,196.85,128406883,5.89,2.00,31.64,腾讯财经
2026-08-04 17:50:04,206.64,197.69,208.74,196.85,128406883,5.89,2.00,31.64,腾讯财经
2026-08-04 18:20:03,206.64,197.69,208.74,196.85,128406883,5.89,2.00,31.64,腾讯财经
2026-08-04 18:30:00,206.64,197.69,208.74,196.85,128406883,5.89,2.00,31.64,腾讯财经
2026-08-04 18:40:05,206.64,197.69,208.74,196.85,128406883,5.89,2.00,31.64,腾讯财经
2026-08-04 18:50:04,206.64,197.69,208.74,196.85,128406883,5.89,2.00,31.64,腾讯财经
2026-08-04 19:00:04,206.64,197.69,208.74,196.85,128406883,5.89,2.00,31.64,腾讯财经
2026-08-04 19:10:02,206.64,197.69,208.74,196.85,128406883,5.89,2.00,31.64,腾讯财经
2026-08-04 19:20:05,206.64,197.69,208.74,196.85,128406883,5.89,2.00,31.64,腾讯财经
2026-08-04 19:30:01,206.64,197.69,208.74,196.85,128406883,5.89,2.00,31.64,腾讯财经
2026-08-04 19:40:03,206.64,197.69,208.74,196.85,128406883,5.89,2.00,31.64,腾讯财经
2026-08-04 19:50:03,206.64,197.69,208.74,196.85,128406883,5.89,2.00,31.64,腾讯财经
2026-08-04 20:00:05,206.64,197.69,208.74,196.85,128406883,5.89,2.00,31.64,腾讯财经
2026-08-04 20:10:03,206.64,197.69,208.74,196.85,128406883,5.89,2.00,31.64,腾讯财经
2026-08-04 20:20:00,206.64,197.69,208.74,196.85,128406883,5.89,2.00,31.64,腾讯财经
2026-08-04 20:30:01,206.64,197.69,208.74,196.85,128406883,5.89,2.00,31.64,腾讯财经
2026-08-04 20:40:00,206.64,197.69,208.74,196.85,128406883,5.89,2.00,31.64,腾讯财经
2026-08-04 20:50:01,206.64,197.69,208.74,196.85,128406883,5.89,2.00,31.64,腾讯财经
2026-08-04 21:00:00,206.64,197.69,208.74,196.85,128406883,5.89,2.00,31.64,腾讯财经
2026-08-04 21:10:01,206.64,197.69,208.74,196.85,128406883,5.89,2.00,31.64,腾讯财经
2026-08-04 21:20:05,206.64,197.69,208.74,196.85,128406883,5.89,2.00,31.64,腾讯财经
2026-08-04 21:30:04,211.55,211.49,211.55,211.49,3469643,4.91,2.00,32.40,腾讯财经
2026-08-04 21:40:05,211.06,211.49,212.17,210.35,11772597,4.42,2.00,32.32,腾讯财经
2026-08-04 21:50:02,210.77,211.30,212.17,210.35,16806651,4.13,1.00,32.28,腾讯财经
2026-08-04 22:00:05,209.99,211.30,212.17,209.19,21383020,3.35,1.00,32.16,腾讯财经
2026-08-04 22:10:03,210.36,211.30,212.17,209.19,24361872,3.72,1.00,32.21,腾讯财经
2026-08-04 22:20:03,209.73,211.30,212.17,209.19,27057268,3.09,1.00,32.12,腾讯财经
2026-08-04 22:30:05,210.25,211.30,212.17,209.12,29990842,3.61,1.00,32.20,腾讯财经
2026-08-04 22:40:00,210.35,211.30,212.17,209.12,32976842,3.71,1.00,32.21,腾讯财经
2026-08-04 22:50:00,210.96,211.30,212.17,209.12,35499803,4.32,2.00,32.31,腾讯财经
2026-08-04 23:00:04,209.57,211.30,212.17,209.05,38994076,2.93,1.00,32.09,腾讯财经
2026-08-04 23:10:00,209.85,211.30,212.17,209.05,41049130,3.21,1.00,32.14,腾讯财经
2026-08-04 23:20:00,210.12,211.30,212.17,209.05,42800352,3.48,1.00,32.18,腾讯财经
2026-08-04 23:30:00,209.91,211.30,212.17,209.05,44901833,3.27,1.00,32.15,腾讯财经
2026-08-04 23:40:04,210.21,211.30,212.17,209.05,46634572,3.57,1.00,32.19,腾讯财经
2026-08-04 23:50:00,210.65,211.30,212.17,209.05,48288240,4.01,1.00,32.26,腾讯财经
2026-08-05 00:00:00,210.79,211.30,212.17,209.05,49838953,4.15,2.00,32.28,腾讯财经
2026-08-05 00:10:03,210.48,211.30,212.17,209.05,51322990,3.84,1.00,32.23,腾讯财经
2026-08-05 00:20:00,210.84,211.30,212.17,209.05,52603567,4.20,2.00,32.29,腾讯财经
2026-08-05 00:30:05,210.23,211.30,212.17,209.05,54467291,3.59,1.00,32.19,腾讯财经
2026-08-05 00:40:00,210.26,211.30,212.17,209.05,56033107,3.62,1.00,32.20,腾讯财经
2026-08-05 00:50:03,210.44,211.30,212.17,209.05,57223651,3.80,1.00,32.23,腾讯财经
2026-08-05 01:00:01,210.55,211.30,212.17,209.05,58313911,3.91,1.00,32.24,腾讯财经
2026-08-05 01:10:02,211.27,211.30,212.17,209.05,60640134,4.63,2.00,32.35,腾讯财经
2026-08-05 01:20:00,211.33,211.30,212.17,209.05,62087063,4.69,2.00,32.36,腾讯财经
2026-08-05 01:30:00,211.45,211.30,212.17,209.05,63526585,4.81,2.00,32.38,腾讯财经
2026-08-05 01:40:00,211.73,211.30,212.17,209.05,65065377,5.09,2.00,32.42,腾讯财经
2026-08-05 01:50:04,211.89,211.30,212.17,209.05,67430545,5.25,2.00,32.45,腾讯财经
2026-08-05 02:00:00,211.56,211.30,212.17,209.05,69503005,4.92,2.00,32.40,腾讯财经
2026-08-05 02:10:01,211.51,211.30,212.17,209.05,71122424,4.87,2.00,32.39,腾讯财经
2026-08-05 02:20:04,211.90,211.30,212.17,209.05,72567922,5.26,2.00,32.45,腾讯财经
2026-08-05 02:30:00,212.50,211.30,212.65,209.05,75567394,5.86,2.00,32.54,腾讯财经
2026-08-05 02:40:00,212.67,211.30,213.00,209.05,78264186,6.03,2.00,32.57,腾讯财经
2026-08-05 02:50:00,212.79,211.30,213.00,209.05,80296581,6.15,2.00,32.59,腾讯财经
2026-08-05 03:00:00,212.93,211.30,213.00,209.05,82357585,6.29,3.00,32.61,腾讯财经
2026-08-05 03:10:03,212.97,211.30,213.06,209.05,84847489,6.33,3.00,32.61,腾讯财经
2026-08-05 03:20:00,212.82,211.30,213.06,209.05,87230538,6.18,2.00,32.59,腾讯财经
2026-08-05 03:30:00,212.43,211.30,213.06,209.05,89312044,5.79,2.00,32.53,腾讯财经
2026-08-05 03:40:04,212.80,211.30,213.06,209.05,91829082,6.16,2.00,32.59,腾讯财经
2026-08-05 03:50:00,212.73,211.30,213.06,209.05,95130763,6.09,2.00,32.58,腾讯财经
2026-08-05 04:00:04,212.16,211.30,213.06,209.05,99239284,5.52,2.00,32.49,腾讯财经
2026-08-05 04:10:00,211.94,211.30,213.06,209.05,128101308,5.30,2.00,32.46,腾讯财经
2026-08-05 04:20:02,211.88,211.30,213.06,209.05,128669522,5.24,2.00,32.45,腾讯财经
2026-08-05 04:30:05,211.94,211.30,213.06,209.05,128997775,5.30,2.00,32.46,腾讯财经
2026-08-05 04:40:00,211.94,211.30,213.06,209.05,129219864,5.30,2.00,32.46,腾讯财经
2026-08-05 04:50:04,211.94,211.30,213.06,209.05,130052135,5.30,2.00,32.46,腾讯财经
2026-08-05 05:00:05,211.94,211.30,213.06,209.05,130429700,5.30,2.00,32.46,腾讯财经
2026-08-05 05:10:02,211.94,211.30,213.06,209.05,131024567,5.30,2.00,32.46,腾讯财经
2026-08-05 05:20:01,211.94,211.30,213.06,209.05,132436662,5.30,2.00,32.46,腾讯财经
2026-08-05 05:30:03,211.94,211.30,213.06,209.05,132813171,5.30,2.00,32.46,腾讯财经
2026-08-05 05:40:01,211.94,211.30,213.06,209.05,133159600,5.30,2.00,32.46,腾讯财经
2026-08-05 05:50:01,211.94,211.30,213.06,209.05,133324148,5.30,2.00,32.46,腾讯财经
2026-08-05 06:00:01,211.94,211.30,213.06,209.05,133462521,5.30,2.00,32.46,腾讯财经
2026-08-05 06:10:00,211.94,211.30,213.06,209.05,133582643,5.30,2.00,32.46,腾讯财经
2026-08-05 06:20:00,211.94,211.30,213.06,209.05,133711717,5.30,2.00,32.46,腾讯财经
2026-08-05 06:30:00,211.94,211.30,213.06,209.05,133805039,5.30,2.00,32.46,腾讯财经
2026-08-05 06:40:00,211.94,211.30,213.06,209.05,133891702,5.30,2.00,32.46,腾讯财经
2026-08-05 06:50:00,211.94,211.30,213.06,209.05,133944792,5.30,2.00,32.46,腾讯财经
2026-08-05 07:00:02,211.94,211.30,213.06,209.05,134134626,5.30,2.00,32.46,腾讯财经
2026-08-05 07:10:04,211.94,211.30,213.06,209.05,134333815,5.30,2.00,32.46,腾讯财经
2026-08-05 07:20:00,211.94,211.30,213.06,209.05,134573718,5.30,2.00,32.46,腾讯财经
2026-08-05 07:30:00,211.94,211.30,213.06,209.05,134652172,5.30,2.00,32.46,腾讯财经
2026-08-05 07:40:01,211.94,211.30,213.06,209.05,134753830,5.30,2.00,32.46,腾讯财经
2026-08-05 07:50:00,211.94,211.30,213.06,209.05,134830073,5.30,2.00,32.46,腾讯财经
2026-08-05 08:50:00,211.94,211.30,213.06,209.05,134921997,5.30,2.00,32.46,腾讯财经
2026-08-05 09:00:00,211.94,211.30,213.06,209.05,134921997,5.30,2.00,32.46,腾讯财经
2026-08-05 09:10:05,211.94,211.30,213.06,209.05,134921997,5.30,2.00,32.46,腾讯财经
2026-08-05 09:20:01,211.94,211.30,213.06,209.05,134921997,5.30,2.00,32.46,腾讯财经
2026-08-05 09:30:01,211.94,211.30,213.06,209.05,134921997,5.30,2.00,32.46,腾讯财经
2026-08-05 09:40:04,211.94,211.30,213.06,209.05,134921997,5.30,2.00,32.46,腾讯财经
2026-08-05 09:50:00,211.94,211.30,213.06,209.05,134921997,5.30,2.00,32.46,腾讯财经
2026-08-05 10:00:00,211.94,211.30,213.06,209.05,134921997,5.30,2.00,32.46,腾讯财经
2026-08-05 10:10:05,211.94,211.30,213.06,209.05,134921997,5.30,2.00,32.46,腾讯财经
2026-08-05 10:20:00,211.94,211.30,213.06,209.05,134921997,5.30,2.00,32.46,腾讯财经
2026-08-05 10:30:04,211.94,211.30,213.06,209.05,134921997,5.30,2.00,32.46,腾讯财经
2026-08-05 10:40:05,211.94,211.30,213.06,209.05,134921997,5.30,2.00,32.46,腾讯财经
2026-08-05 10:50:05,211.94,211.30,213.06,209.05,134921997,5.30,2.00,32.46,腾讯财经
2026-08-05 11:00:00,211.94,211.30,213.06,209.05,134921997,5.30,2.00,32.46,腾讯财经
2026-08-05 11:10:04,211.94,211.30,213.06,209.05,134921997,5.30,2.00,32.46,腾讯财经
2026-08-05 11:20:05,211.94,211.30,213.06,209.05,134921997,5.30,2.00,32.46,腾讯财经
2026-08-05 11:30:00,211.94,211.30,213.06,209.05,134921997,5.30,2.00,32.46,腾讯财经
2026-08-05 11:40:05,211.94,211.30,213.06,209.05,134921997,5.30,2.00,32.46,腾讯财经
2026-08-05 11:50:05,211.94,211.30,213.06,209.05,134921997,5.30,2.00,32.46,腾讯财经
2026-08-05 12:00:00,211.94,211.30,213.06,209.05,134921997,5.30,2.00,32.46,腾讯财经
2026-08-05 12:10:04,211.94,211.30,213.06,209.05,134921997,5.30,2.00,32.46,腾讯财经
2026-08-05 12:20:00,211.94,211.30,213.06,209.05,134921997,5.30,2.00,32.46,腾讯财经
2026-08-05 12:30:01,211.94,211.30,213.06,209.05,134921997,5.30,2.00,32.46,腾讯财经
2026-08-05 12:40:04,211.94,211.30,213.06,209.05,134921997,5.30,2.00,32.46,腾讯财经
2026-08-05 12:50:00,211.94,211.30,213.06,209.05,134921997,5.30,2.00,32.46,腾讯财经
2026-08-05 13:00:00,211.94,211.30,213.06,209.05,134921997,5.30,2.00,32.46,腾讯财经
2026-08-05 13:10:02,211.94,211.30,213.06,209.05,134921997,5.30,2.00,32.46,腾讯财经
2026-08-05 13:20:05,211.94,211.30,213.06,209.05,134921997,5.30,2.00,32.46,腾讯财经
2026-08-05 13:30:00,211.94,211.30,213.06,209.05,134921997,5.30,2.00,32.46,腾讯财经
2026-08-05 13:40:04,211.94,211.30,213.06,209.05,134921997,5.30,2.00,32.46,腾讯财经
2026-08-05 13:50:04,211.94,211.30,213.06,209.05,134921997,5.30,2.00,32.46,腾讯财经
2026-08-05 14:00:00,211.94,211.30,213.06,209.05,134921997,5.30,2.00,32.46,腾讯财经
2026-08-05 14:10:00,211.94,211.30,213.06,209.05,134921997,5.30,2.00,32.46,腾讯财经
2026-08-05 14:20:00,211.94,211.30,213.06,209.05,134921997,5.30,2.00,32.46,腾讯财经
2026-08-05 14:30:03,211.94,211.30,213.06,209.05,134921997,5.30,2.00,32.46,腾讯财经
2026-08-05 14:40:05,211.94,211.30,213.06,209.05,134921997,5.30,2.00,32.46,腾讯财经
2026-08-05 14:50:00,211.94,211.30,213.06,209.05,134921997,5.30,2.00,32.46,腾讯财经
2026-08-05 15:00:01,211.94,211.30,213.06,209.05,134921997,5.30,2.00,32.46,腾讯财经
2026-08-05 15:10:00,211.94,211.30,213.06,209.05,134921997,5.30,2.00,32.46,腾讯财经
2026-08-05 15:20:00,211.94,211.30,213.06,209.05,134921997,5.30,2.00,32.46,腾讯财经
2026-08-05 15:30:00,211.94,211.30,213.06,209.05,134921997,5.30,2.00,32.46,腾讯财经
2026-08-05 15:40:04,211.94,211.30,213.06,209.05,134921997,5.30,2.00,32.46,腾讯财经
2026-08-05 15:50:00,211.94,211.30,213.06,209.05,134921997,5.30,2.00,32.46,腾讯财经
2026-08-05 16:00:01,211.94,211.30,213.06,209.05,134921997,5.30,2.00,32.46,腾讯财经
2026-08-05 16:10:00,211.94,211.30,213.06,209.05,134921997,5.30,2.00,32.46,腾讯财经
2026-08-05 16:20:05,211.94,211.30,213.06,209.05,134921997,5.30,2.00,32.46,腾讯财经
2026-08-05 16:30:02,211.94,211.30,213.06,209.05,134921997,5.30,2.00,32.46,腾讯财经
2026-08-05 16:40:04,211.94,211.30,213.06,209.05,134921997,5.30,2.00,32.46,腾讯财经
2026-08-05 16:50:00,211.94,211.30,213.06,209.05,134921997,5.30,2.00,32.46,腾讯财经
2026-08-05 17:00:00,211.94,211.30,213.06,209.05,134921997,5.30,2.00,32.46,腾讯财经
2026-08-05 17:10:01,211.94,211.30,213.06,209.05,134921997,5.30,2.00,32.46,腾讯财经
2026-08-05 17:20:00,211.94,211.30,213.06,209.05,134921997,5.30,2.00,32.46,腾讯财经
2026-08-05 17:30:00,211.94,211.30,213.06,209.05,134921997,5.30,2.00,32.46,腾讯财经
2026-08-05 17:40:04,211.94,211.30,213.06,209.05,134921997,5.30,2.00,32.46,腾讯财经
2026-08-05 17:50:03,211.94,211.30,213.06,209.05,134921997,5.30,2.00,32.46,腾讯财经
2026-08-05 18:00:01,211.94,211.30,213.06,209.05,134921997,5.30,2.00,32.46,腾讯财经
2026-08-05 18:10:04,211.94,211.30,213.06,209.05,134921997,5.30,2.00,32.46,腾讯财经
2026-08-05 18:20:01,211.94,211.30,213.06,209.05,134921997,5.30,2.00,32.46,腾讯财经
2026-08-05 18:30:01,211.94,211.30,213.06,209.05,134921997,5.30,2.00,32.46,腾讯财经
2026-08-05 18:40:04,211.94,211.30,213.06,209.05,134921997,5.30,2.00,32.46,腾讯财经
2026-08-05 18:50:03,211.94,211.30,213.06,209.05,134921997,5.30,2.00,32.46,腾讯财经
2026-08-05 19:00:00,211.94,211.30,213.06,209.05,134921997,5.30,2.00,32.46,腾讯财经
2026-08-05 19:10:01,211.94,211.30,213.06,209.05,134921997,5.30,2.00,32.46,腾讯财经
2026-08-05 19:20:00,211.94,211.30,213.06,209.05,134921997,5.30,2.00,32.46,腾讯财经
2026-08-05 19:30:04,211.94,211.30,213.06,209.05,134921997,5.30,2.00,32.46,腾讯财经
2026-08-05 19:40:04,211.94,211.30,213.06,209.05,134921997,5.30,2.00,32.46,腾讯财经
2026-08-05 19:50:02,211.94,211.30,213.06,209.05,134921997,5.30,2.00,32.46,腾讯财经
2026-08-05 20:00:02,211.94,211.30,213.06,209.05,134921997,5.30,2.00,32.46,腾讯财经
2026-08-05 20:10:00,211.94,211.30,213.06,209.05,134921997,5.30,2.00,32.46,腾讯财经
2026-08-05 20:20:00,211.94,211.30,213.06,209.05,134921997,5.30,2.00,32.46,腾讯财经
2026-08-05 20:30:05,211.94,211.30,213.06,209.05,134921997,5.30,2.00,32.46,腾讯财经
2026-08-05 20:40:05,211.94,211.30,213.06,209.05,134921997,5.30,2.00,32.46,腾讯财经
2026-08-05 20:50:00,211.94,211.30,213.06,209.05,134921997,5.30,2.00,32.46,腾讯财经
2026-08-05 21:00:01,211.94,211.30,213.06,209.05,134921997,5.30,2.00,32.46,腾讯财经
2026-08-05 21:10:02,211.94,211.30,213.06,209.05,134921997,5.30,2.00,32.46,腾讯财经
2026-08-05 21:20:00,211.94,211.30,213.06,209.05,134921997,5.30,2.00,32.46,腾讯财经
2026-08-05 21:30:00,211.94,0.00,0.00,0.00,4209019,0,0,32.46,腾讯财经
2026-08-05 21:40:04,220.93,216.86,221.10,216.40,22894279,8.99,4.00,33.83,腾讯财经
2026-08-05 21:50:00,220.45,216.86,221.77,216.40,32183354,8.51,4.00,33.76,腾讯财经
2026-08-05 22:00:00,221.08,216.86,221.77,216.40,38482034,9.14,4.00,33.86,腾讯财经
2026-08-05 22:10:04,221.62,216.86,221.84,216.40,44637355,9.68,4.00,33.94,腾讯财经
2026-08-05 22:20:00,221.84,216.86,222.22,216.40,49882050,9.90,4.00,33.97,腾讯财经
2026-08-05 22:30:00,220.87,216.86,222.22,216.40,54083798,8.93,4.00,33.82,腾讯财经
2026-08-05 22:40:04,219.79,216.86,222.22,216.40,58184490,7.85,3.00,33.66,腾讯财经
2026-08-05 22:50:01,220.19,216.86,222.22,216.40,60802056,8.25,3.00,33.72,腾讯财经
2026-08-05 23:00:00,218.99,216.86,222.22,216.40,64502495,7.05,3.00,33.54,腾讯财经
2026-08-05 23:10:00,219.31,216.86,222.22,216.40,66881316,7.37,3.00,33.58,腾讯财经
2026-08-05 23:20:04,219.21,216.86,222.22,216.40,69507293,7.27,3.00,33.57,腾讯财经
2026-08-05 23:30:00,219.05,216.86,222.22,216.40,71874818,7.11,3.00,33.55,腾讯财经
2026-08-05 23:40:04,220.21,216.86,222.22,216.40,74406130,8.27,3.00,33.72,腾讯财经
2026-08-05 23:50:05,219.61,216.86,222.22,216.40,76427475,7.67,3.00,33.63,腾讯财经
2026-08-06 00:00:04,219.06,216.86,222.22,216.40,78772481,7.12,3.00,33.55,腾讯财经
2026-08-06 00:10:02,219.21,216.86,222.22,216.40,80850820,7.27,3.00,33.57,腾讯财经
2026-08-06 00:20:00,219.82,216.86,222.22,216.40,83219074,7.88,3.00,33.66,腾讯财经
2026-08-06 00:30:03,221.18,216.86,222.22,216.40,86253732,9.24,4.00,33.87,腾讯财经
2026-08-06 00:40:04,221.20,216.86,222.22,216.40,88754904,9.26,4.00,33.87,腾讯财经
2026-08-06 00:50:04,221.34,216.86,222.22,216.40,90707447,9.40,4.00,33.90,腾讯财经
2026-08-06 01:00:00,221.41,216.86,222.22,216.40,92724361,9.47,4.00,33.91,腾讯财经
2026-08-06 01:10:05,221.00,216.86,222.22,216.40,94787090,9.06,4.00,33.84,腾讯财经
2026-08-06 01:20:00,221.41,216.86,222.22,216.40,96553728,9.47,4.00,33.91,腾讯财经
2026-08-06 01:30:00,221.08,216.86,222.22,216.40,98296633,9.14,4.00,33.86,腾讯财经
2026-08-06 01:40:04,221.05,216.86,222.22,216.40,99773027,9.11,4.00,33.85,腾讯财经
2026-08-06 01:50:00,221.13,216.86,222.22,216.40,101064701,9.19,4.00,33.86,腾讯财经
2026-08-06 02:00:04,220.82,216.86,222.22,216.40,102526856,8.88,4.00,33.82,腾讯财经
2026-08-06 02:10:00,220.75,216.86,222.22,216.40,103840585,8.81,4.00,33.80,腾讯财经
2026-08-06 02:20:00,221.42,216.86,222.22,216.40,105546340,9.48,4.00,33.91,腾讯财经
2026-08-06 02:30:03,221.75,216.86,222.22,216.40,107655455,9.81,4.00,33.96,腾讯财经
2026-08-06 02:40:05,221.67,216.86,222.22,216.40,109795379,9.73,4.00,33.95,腾讯财经
2026-08-06 02:50:05,221.76,216.86,222.22,216.40,111717616,9.82,4.00,33.96,腾讯财经
2026-08-06 03:00:00,221.71,216.86,222.22,216.40,113353217,9.77,4.00,33.95,腾讯财经
2026-08-06 03:10:04,221.94,216.86,222.22,216.40,118075568,10.00,4.00,33.99,腾讯财经
2026-08-06 03:20:01,221.74,216.86,222.22,216.40,119914085,9.80,4.00,33.96,腾讯财经
2026-08-06 03:30:02,221.83,216.86,222.22,216.40,122509417,9.89,4.00,33.97,腾讯财经
2026-08-06 03:40:04,220.67,216.86,222.22,216.40,126040859,8.73,4.00,33.79,腾讯财经
2026-08-06 03:50:00,219.97,216.86,222.22,216.40,129811858,8.03,3.00,33.69,腾讯财经
2026-08-06 04:00:00,219.53,216.86,222.22,216.40,136611540,7.59,3.00,33.62,腾讯财经
2026-08-06 04:10:03,219.22,216.86,222.22,216.40,155252986,7.28,3.00,33.57,腾讯财经
2026-08-06 04:20:04,219.22,216.86,222.22,216.40,155563972,7.28,3.00,33.57,腾讯财经
2026-08-06 04:30:00,219.22,216.86,222.22,216.40,155675847,7.28,3.00,33.57,腾讯财经
2026-08-06 04:40:05,219.22,216.86,222.22,216.40,156115758,7.28,3.00,33.57,腾讯财经
2026-08-06 04:50:00,219.22,216.86,222.22,216.40,156278586,7.28,3.00,33.57,腾讯财经
2026-08-06 05:00:00,219.22,216.86,222.22,216.40,156374440,7.28,3.00,33.57,腾讯财经
2026-08-06 05:10:00,219.22,216.86,222.22,216.40,156462683,7.28,3.00,33.57,腾讯财经
2026-08-06 05:20:00,219.22,216.86,222.22,216.40,157190418,7.28,3.00,33.57,腾讯财经
2026-08-06 05:30:01,219.22,216.86,222.22,216.40,157243072,7.28,3.00,33.57,腾讯财经
2026-08-06 05:40:05,219.22,216.86,222.22,216.40,157309722,7.28,3.00,33.57,腾讯财经
2026-08-06 05:50:00,219.22,216.86,222.22,216.40,157370350,7.28,3.00,33.57,腾讯财经
2026-08-06 06:00:00,219.22,216.86,222.22,216.40,157425531,7.28,3.00,33.57,腾讯财经
2026-08-06 06:10:00,219.22,216.86,222.22,216.40,157528057,7.28,3.00,33.57,腾讯财经
2026-08-06 06:20:00,219.22,216.86,222.22,216.40,157581681,7.28,3.00,33.57,腾讯财经
2026-08-06 06:30:04,219.22,216.86,222.22,216.40,157738191,7.28,3.00,33.57,腾讯财经
2026-08-06 06:40:05,219.22,216.86,222.22,216.40,157813758,7.28,3.00,33.57,腾讯财经
2026-08-06 06:50:04,219.22,216.86,222.22,216.40,157882515,7.28,3.00,33.57,腾讯财经
2026-08-06 07:00:00,219.22,216.86,222.22,216.40,157916841,7.28,3.00,33.57,腾讯财经
2026-08-06 07:10:00,219.22,216.86,222.22,216.40,157957849,7.28,3.00,33.57,腾讯财经
2026-08-06 07:20:02,219.22,216.86,222.22,216.40,157981688,7.28,3.00,33.57,腾讯财经
2026-08-06 07:30:00,219.22,216.86,222.22,216.40,158033585,7.28,3.00,33.57,腾讯财经
2026-08-06 07:40:04,219.22,216.86,222.22,216.40,158069822,7.28,3.00,33.57,腾讯财经
2026-08-06 07:50:02,219.22,216.86,222.22,216.40,158107692,7.28,3.00,33.57,腾讯财经
2026-08-06 08:00:02,219.22,216.86,222.22,216.40,158187366,7.28,3.00,33.57,腾讯财经
2026-08-06 08:10:00,219.22,216.86,222.22,216.40,158187366,7.28,3.00,33.57,腾讯财经
2026-08-06 08:20:00,219.22,216.86,222.22,216.40,158187403,7.28,3.00,33.57,腾讯财经
2026-08-06 08:30:04,219.22,216.86,222.22,216.40,158187403,7.28,3.00,33.57,腾讯财经
2026-08-06 08:40:04,219.22,216.86,222.22,216.40,158187403,7.28,3.00,33.57,腾讯财经
2026-08-06 08:50:03,219.22,216.86,222.22,216.40,158187403,7.28,3.00,33.57,腾讯财经
2026-08-06 09:10:04,219.22,216.86,222.22,216.40,158187403,7.28,3.00,33.57,腾讯财经
2026-08-06 09:20:01,219.22,216.86,222.22,216.40,158187403,7.28,3.00,33.57,腾讯财经
2026-08-06 09:30:04,219.22,216.86,222.22,216.40,158187403,7.28,3.00,33.57,腾讯财经
2026-08-06 09:40:04,219.22,216.86,222.22,216.40,158187403,7.28,3.00,33.57,腾讯财经
2026-08-06 09:50:00,219.22,216.86,222.22,216.40,158187403,7.28,3.00,33.57,腾讯财经
2026-08-06 10:00:00,219.22,216.86,222.22,216.40,158187403,7.28,3.00,33.57,腾讯财经
2026-08-06 10:10:00,219.22,216.86,222.22,216.40,158187403,7.28,3.00,33.57,腾讯财经
2026-08-06 10:20:00,219.22,216.86,222.22,216.40,158187403,7.28,3.00,33.57,腾讯财经
2026-08-06 10:30:00,219.22,216.86,222.22,216.40,158187403,7.28,3.00,33.57,腾讯财经
2026-08-06 10:40:04,219.22,216.86,222.22,216.40,158187403,7.28,3.00,33.57,腾讯财经
2026-08-06 10:50:00,219.22,216.86,222.22,216.40,158187403,7.28,3.00,33.57,腾讯财经
2026-08-06 11:00:00,219.22,216.86,222.22,216.40,158187403,7.28,3.00,33.57,腾讯财经
2026-08-06 11:10:00,219.22,216.86,222.22,216.40,158187403,7.28,3.00,33.57,腾讯财经
2026-08-06 11:20:00,219.22,216.86,222.22,216.40,158187403,7.28,3.00,33.57,腾讯财经
2026-08-06 11:30:00,219.22,216.86,222.22,216.40,158187403,7.28,3.00,33.57,腾讯财经
2026-08-06 11:40:04,219.22,216.86,222.22,216.40,158187403,7.28,3.00,33.57,腾讯财经
2026-08-06 11:50:01,219.22,216.86,222.22,216.40,158187403,7.28,3.00,33.57,腾讯财经
2026-08-06 12:00:00,219.22,216.86,222.22,216.40,158187403,7.28,3.00,33.57,腾讯财经
2026-08-06 12:10:01,219.22,216.86,222.22,216.40,158187403,7.28,3.00,33.57,腾讯财经
2026-08-06 12:30:00,219.22,216.86,222.22,216.40,158187403,7.28,3.00,33.57,腾讯财经
2026-08-06 12:40:04,219.22,216.86,222.22,216.40,158187403,7.28,3.00,33.57,腾讯财经
2026-08-06 12:50:00,219.22,216.86,222.22,216.40,158187403,7.28,3.00,33.57,腾讯财经
2026-08-06 13:00:00,219.22,216.86,222.22,216.40,158187403,7.28,3.00,33.57,腾讯财经
2026-08-06 13:10:02,219.22,216.86,222.22,216.40,158187403,7.28,3.00,33.57,腾讯财经
2026-08-06 13:20:00,219.22,216.86,222.22,216.40,158187403,7.28,3.00,33.57,腾讯财经
2026-08-06 13:30:00,219.22,216.86,222.22,216.40,158187403,7.28,3.00,33.57,腾讯财经
2026-08-06 13:40:04,219.22,216.86,222.22,216.40,158187403,7.28,3.00,33.57,腾讯财经
2026-08-06 13:50:05,219.22,216.86,222.22,216.40,158187403,7.28,3.00,33.57,腾讯财经
2026-08-06 14:10:05,219.22,216.86,222.22,216.40,158187403,7.28,3.00,33.57,腾讯财经
2026-08-06 14:20:02,219.22,216.86,222.22,216.40,158187403,7.28,3.00,33.57,腾讯财经
2026-08-06 14:30:00,219.22,216.86,222.22,216.40,158187403,7.28,3.00,33.57,腾讯财经
2026-08-06 14:40:05,219.22,216.86,222.22,216.40,158187403,7.28,3.00,33.57,腾讯财经
2026-08-06 14:50:03,219.22,216.86,222.22,216.40,158187403,7.28,3.00,33.57,腾讯财经
2026-08-06 15:00:01,219.22,216.86,222.22,216.40,158187403,7.28,3.00,33.57,腾讯财经
2026-08-06 15:20:03,219.22,216.86,222.22,216.40,158187403,7.28,3.00,33.57,腾讯财经
2026-08-06 15:30:00,219.22,216.86,222.22,216.40,158187403,7.28,3.00,33.57,腾讯财经
2026-08-06 15:40:04,219.22,216.86,222.22,216.40,158187403,7.28,3.00,33.57,腾讯财经
2026-08-06 15:50:03,219.22,216.86,222.22,216.40,158187403,7.28,3.00,33.57,腾讯财经
2026-08-06 16:00:00,219.22,216.86,222.22,216.40,158187403,7.28,3.00,33.57,腾讯财经
2026-08-06 16:10:03,219.22,216.86,222.22,216.40,158187403,7.28,3.00,33.57,腾讯财经
2026-08-06 16:20:05,219.22,216.86,222.22,216.40,158187403,7.28,3.00,33.57,腾讯财经
2026-08-06 16:30:04,219.22,216.86,222.22,216.40,158187403,7.28,3.00,33.57,腾讯财经
2026-08-06 16:40:05,219.22,216.86,222.22,216.40,158187403,7.28,3.00,33.57,腾讯财经
2026-08-06 16:50:01,219.22,216.86,222.22,216.40,158187403,7.28,3.00,33.57,腾讯财经
2026-08-06 17:00:01,219.22,216.86,222.22,216.40,158187403,7.28,3.00,33.57,腾讯财经
2026-08-06 17:10:05,219.22,216.86,222.22,216.40,158187403,7.28,3.00,33.57,腾讯财经
2026-08-06 17:20:02,219.22,216.86,222.22,216.40,158187403,7.28,3.00,33.57,腾讯财经
2026-08-06 17:30:00,219.22,216.86,222.22,216.40,158187403,7.28,3.00,33.57,腾讯财经
2026-08-06 17:40:04,219.22,216.86,222.22,216.40,158187403,7.28,3.00,33.57,腾讯财经
2026-08-06 17:50:01,219.22,216.86,222.22,216.40,158187403,7.28,3.00,33.57,腾讯财经
2026-08-06 18:00:03,219.22,216.86,222.22,216.40,158187403,7.28,3.00,33.57,腾讯财经
2026-08-06 18:10:05,219.22,216.86,222.22,216.40,158187403,7.28,3.00,33.57,腾讯财经
2026-08-06 18:20:01,219.22,216.86,222.22,216.40,158187403,7.28,3.00,33.57,腾讯财经
2026-08-06 18:30:01,219.22,216.86,222.22,216.40,158187403,7.28,3.00,33.57,腾讯财经
2026-08-06 18:40:04,219.22,216.86,222.22,216.40,158187403,7.28,3.00,33.57,腾讯财经
2026-08-06 18:50:03,219.22,216.86,222.22,216.40,158187403,7.28,3.00,33.57,腾讯财经
2026-08-06 19:00:00,219.22,216.86,222.22,216.40,158187403,7.28,3.00,33.57,腾讯财经
2026-08-06 19:10:03,219.22,216.86,222.22,216.40,158187403,7.28,3.00,33.57,腾讯财经
2026-08-06 19:20:00,219.22,216.86,222.22,216.40,158187403,7.28,3.00,33.57,腾讯财经
2026-08-06 19:30:00,219.22,216.86,222.22,216.40,158187403,7.28,3.00,33.57,腾讯财经
2026-08-06 19:40:04,219.22,216.86,222.22,216.40,158187403,7.28,3.00,33.57,腾讯财经
2026-08-06 19:50:03,219.22,216.86,222.22,216.40,158187403,7.28,3.00,33.57,腾讯财经
2026-08-06 20:00:02,219.22,216.86,222.22,216.40,158187403,7.28,3.00,33.57,腾讯财经
2026-08-06 20:10:04,219.22,216.86,222.22,216.40,158187403,7.28,3.00,33.57,腾讯财经
2026-08-06 20:20:00,219.22,216.86,222.22,216.40,158187403,7.28,3.00,33.57,腾讯财经
2026-08-06 20:30:03,219.22,216.86,222.22,216.40,158187403,7.28,3.00,33.57,腾讯财经
2026-08-06 20:40:04,219.22,216.86,222.22,216.40,158187403,7.28,3.00,33.57,腾讯财经
2026-08-06 20:50:02,219.22,216.86,222.22,216.40,158187403,7.28,3.00,33.57,腾讯财经
2026-08-06 21:00:00,219.22,216.86,222.22,216.40,158187403,7.28,3.00,33.57,腾讯财经
2026-08-06 21:10:04,219.22,216.86,222.22,216.40,158187403,7.28,3.00,33.57,腾讯财经
2026-08-06 21:20:03,219.22,216.86,222.22,216.40,158187403,7.28,3.00,33.57,腾讯财经
2026-08-06 21:30:00,219.22,0.00,0.00,0.00,3358524,0,0,33.57,腾讯财经
2026-08-06 21:40:04,222.60,221.53,223.44,220.02,12554885,3.38,1.00,34.09,腾讯财经
2026-08-06 21:50:00,223.51,221.53,223.53,220.02,17954699,4.29,1.00,34.23,腾讯财经
2026-08-06 22:00:00,222.22,221.53,223.63,220.02,22124303,3.00,1.00,34.03,腾讯财经
2026-08-06 22:10:00,221.70,221.53,223.63,220.02,25850631,2.48,1.00,33.95,腾讯财经
2026-08-06 22:20:00,221.13,221.53,223.63,220.02,29152078,1.91,0,33.86,腾讯财经
2026-08-06 22:30:00,219.65,221.53,223.63,219.33,33463949,.43,0,33.64,腾讯财经
2026-08-06 22:40:04,218.96,221.53,223.63,218.92,38039905,-.26,0,33.53,腾讯财经
2026-08-06 22:50:00,219.38,221.53,223.63,218.81,40793661,.16,0,33.59,腾讯财经
2026-08-06 23:00:03,219.17,221.53,223.63,218.81,43126067,-.05,0,33.56,腾讯财经
2026-08-06 23:10:00,218.22,221.53,223.63,217.71,46516496,-1.00,0,33.42,腾讯财经
2026-08-06 23:20:00,218.13,221.53,223.63,217.71,48816102,-1.09,0,33.40,腾讯财经
2026-08-06 23:30:00,218.12,221.53,223.63,217.71,50621652,-1.10,0,33.40,腾讯财经
2026-08-06 23:40:04,217.67,221.53,223.63,217.31,52804894,-1.55,0,33.33,腾讯财经
2026-08-06 23:50:04,217.82,221.53,223.63,217.31,54539815,-1.40,0,33.36,腾讯财经
2026-08-07 00:00:00,217.82,221.53,223.63,217.27,56706368,-1.40,0,33.36,腾讯财经
2026-08-07 00:10:00,218.27,221.53,223.63,217.27,58267082,-.95,0,33.42,腾讯财经
2026-08-07 00:20:01,218.61,221.53,223.63,217.27,60269870,-.61,0,33.48,腾讯财经
2026-08-07 00:30:04,218.54,221.53,223.63,217.27,62623873,-.68,0,33.47,腾讯财经
2026-08-07 00:40:04,219.17,221.53,223.63,217.27,64457961,-.05,0,33.56,腾讯财经
2026-08-07 00:50:00,218.94,221.53,223.63,217.27,65350050,-.28,0,33.53,腾讯财经
2026-08-07 01:00:02,219.43,221.53,223.63,217.27,66517467,.21,0,33.60,腾讯财经
2026-08-07 01:10:04,219.51,221.53,223.63,217.27,68608456,.29,0,33.61,腾讯财经
2026-08-07 01:20:00,219.52,221.53,223.63,217.27,69641720,.30,0,33.62,腾讯财经
2026-08-07 01:30:00,219.06,221.53,223.63,217.27,70608214,-.16,0,33.55,腾讯财经
2026-08-07 01:40:04,219.01,221.53,223.63,217.27,71681988,-.21,0,33.54,腾讯财经
2026-08-07 01:50:00,218.79,221.53,223.63,217.27,72653704,-.43,0,33.50,腾讯财经
2026-08-07 02:00:00,219.57,221.53,223.63,217.27,73768466,.35,0,33.62,腾讯财经
2026-08-07 02:10:03,219.67,221.53,223.63,217.27,75159898,.45,0,33.64,腾讯财经
2026-08-07 02:20:00,220.43,221.53,223.63,217.27,77587800,1.21,0,33.76,腾讯财经
2026-08-07 02:30:00,220.39,221.53,223.63,217.27,78901359,1.17,0,33.75,腾讯财经
2026-08-07 02:40:05,219.79,221.53,223.63,217.27,80169228,.57,0,33.66,腾讯财经
2026-08-07 02:50:05,219.56,221.53,223.63,217.27,81503384,.34,0,33.62,腾讯财经
2026-08-07 03:00:03,219.50,221.53,223.63,217.27,82767389,.28,0,33.61,腾讯财经
2026-08-07 03:10:00,220.00,221.53,223.63,217.27,84323200,.78,0,33.69,腾讯财经
2026-08-07 03:20:00,219.53,221.53,223.63,217.27,86414187,.31,0,33.62,腾讯财经
2026-08-07 03:30:01,219.86,221.53,223.63,217.27,88185253,.64,0,33.67,腾讯财经
2026-08-07 03:40:04,219.99,221.53,223.63,217.27,89887581,.77,0,33.69,腾讯财经
2026-08-07 03:50:00,219.65,221.53,223.63,217.27,91769565,.43,0,33.64,腾讯财经
2026-08-07 04:00:02,218.78,221.53,223.63,217.27,98210422,-.44,0,33.50,腾讯财经
2026-08-07 04:10:04,218.99,221.53,223.63,217.27,112966042,-.23,0,33.54,腾讯财经
2026-08-07 04:20:04,218.78,221.53,223.63,217.00,113088277,-.44,0,33.50,腾讯财经
2026-08-07 04:30:05,218.99,221.53,223.63,217.00,113157357,-.23,0,33.54,腾讯财经
2026-08-07 04:40:04,218.99,221.53,223.63,217.00,113219700,-.23,0,33.54,腾讯财经
2026-08-07 04:50:02,218.99,221.53,223.63,217.00,113315595,-.23,0,33.54,腾讯财经
2026-08-07 05:00:00,218.99,221.53,223.63,217.00,113351662,-.23,0,33.54,腾讯财经
2026-08-07 05:10:01,218.99,221.53,223.63,217.00,113385594,-.23,0,33.54,腾讯财经
2026-08-07 05:20:04,218.99,221.53,223.63,217.00,113406038,-.23,0,33.54,腾讯财经
2026-08-07 05:30:01,218.99,221.53,223.63,217.00,113478927,-.23,0,33.54,腾讯财经
2026-08-07 05:40:04,218.99,221.53,223.63,217.00,113502326,-.23,0,33.54,腾讯财经
2026-08-07 05:50:02,218.99,221.53,223.63,217.00,113641979,-.23,0,33.54,腾讯财经
2026-08-07 06:00:00,218.99,221.53,223.63,217.00,113655953,-.23,0,33.54,腾讯财经
2026-08-07 06:10:00,218.99,221.53,223.63,217.00,113675791,-.23,0,33.54,腾讯财经
2026-08-07 06:20:03,218.99,221.53,223.63,217.00,113721650,-.23,0,33.54,腾讯财经
2026-08-07 06:30:05,218.99,221.53,223.63,217.00,113768970,-.23,0,33.54,腾讯财经
2026-08-07 06:40:04,218.99,221.53,223.63,217.00,113791916,-.23,0,33.54,腾讯财经
2026-08-07 06:50:03,218.99,221.53,223.63,217.00,113809442,-.23,0,33.54,腾讯财经
2026-08-07 07:00:00,218.99,221.53,223.63,217.00,113829409,-.23,0,33.54,腾讯财经
2026-08-07 07:10:00,218.99,221.53,223.63,217.00,113842405,-.23,0,33.54,腾讯财经
2026-08-07 07:20:00,218.99,221.53,223.63,217.00,113855110,-.23,0,33.54,腾讯财经
2026-08-07 07:30:00,218.99,221.53,223.63,217.00,113868418,-.23,0,33.54,腾讯财经
2026-08-07 07:40:05,218.99,221.53,223.63,217.00,113885753,-.23,0,33.54,腾讯财经
2026-08-07 07:50:00,218.99,221.53,223.63,217.00,113902394,-.23,0,33.54,腾讯财经
2026-08-07 08:00:02,218.99,221.53,223.63,217.00,113938999,-.23,0,33.54,腾讯财经
2026-08-07 08:10:00,218.99,221.53,223.63,217.00,113940644,-.23,0,33.54,腾讯财经
2026-08-07 08:20:00,218.99,221.53,223.63,217.00,113940644,-.23,0,33.54,腾讯财经
2026-08-07 08:30:02,218.99,221.53,223.63,217.00,113940644,-.23,0,33.54,腾讯财经
2026-08-07 08:40:05,218.99,221.53,223.63,217.00,113940644,-.23,0,33.54,腾讯财经
2026-08-07 08:50:00,218.99,221.53,223.63,217.00,113940644,-.23,0,33.54,腾讯财经
2026-08-07 09:00:00,218.99,221.53,223.63,217.00,113940644,-.23,0,33.54,腾讯财经
2026-08-07 09:10:00,218.99,221.53,223.63,217.00,113940644,-.23,0,33.54,腾讯财经
2026-08-07 09:20:05,218.99,221.53,223.63,217.00,113940644,-.23,0,33.54,腾讯财经
2026-08-07 09:30:04,218.99,221.53,223.63,217.00,113940644,-.23,0,33.54,腾讯财经
2026-08-07 09:40:05,218.99,221.53,223.63,217.00,113940644,-.23,0,33.54,腾讯财经
2026-08-07 09:50:03,218.99,221.53,223.63,217.00,113940644,-.23,0,33.54,腾讯财经
2026-08-07 10:00:00,218.99,221.53,223.63,217.00,113940644,-.23,0,33.54,腾讯财经
2026-08-07 10:10:00,218.99,221.53,223.63,217.00,113940644,-.23,0,33.54,腾讯财经
2026-08-07 10:20:00,218.99,221.53,223.63,217.00,113940644,-.23,0,33.54,腾讯财经
2026-08-07 10:30:02,218.99,221.53,223.63,217.00,113940644,-.23,0,33.54,腾讯财经
2026-08-07 10:40:04,218.99,221.53,223.63,217.00,113940644,-.23,0,33.54,腾讯财经
2026-08-07 10:50:00,218.99,221.53,223.63,217.00,113940644,-.23,0,33.54,腾讯财经
2026-08-07 11:00:01,218.99,221.53,223.63,217.00,113940644,-.23,0,33.54,腾讯财经
2026-08-07 11:10:02,218.99,221.53,223.63,217.00,113940644,-.23,0,33.54,腾讯财经
2026-08-07 11:20:01,218.99,221.53,223.63,217.00,113940644,-.23,0,33.54,腾讯财经
2026-08-07 11:30:02,218.99,221.53,223.63,217.00,113940644,-.23,0,33.54,腾讯财经
2026-08-07 11:40:04,218.99,221.53,223.63,217.00,113940644,-.23,0,33.54,腾讯财经
2026-08-07 11:50:02,218.99,221.53,223.63,217.00,113940644,-.23,0,33.54,腾讯财经
2026-08-07 12:00:01,218.99,221.53,223.63,217.00,113940644,-.23,0,33.54,腾讯财经
2026-08-07 12:10:00,218.99,221.53,223.63,217.00,113940644,-.23,0,33.54,腾讯财经
2026-08-07 12:20:00,218.99,221.53,223.63,217.00,113940644,-.23,0,33.54,腾讯财经
2026-08-07 12:30:04,218.99,221.53,223.63,217.00,113940644,-.23,0,33.54,腾讯财经
2026-08-07 12:40:04,218.99,221.53,223.63,217.00,113940644,-.23,0,33.54,腾讯财经
2026-08-07 12:50:00,218.99,221.53,223.63,217.00,113940644,-.23,0,33.54,腾讯财经
2026-08-07 13:00:01,218.99,221.53,223.63,217.00,113940644,-.23,0,33.54,腾讯财经
2026-08-07 13:10:03,218.99,221.53,223.63,217.00,113940644,-.23,0,33.54,腾讯财经
2026-08-07 13:20:01,218.99,221.53,223.63,217.00,113940644,-.23,0,33.54,腾讯财经
2026-08-07 13:30:00,218.99,221.53,223.63,217.00,113940644,-.23,0,33.54,腾讯财经
2026-08-07 13:40:04,218.99,221.53,223.63,217.00,113940644,-.23,0,33.54,腾讯财经
2026-08-07 13:50:04,218.99,221.53,223.63,217.00,113940644,-.23,0,33.54,腾讯财经
2026-08-07 14:00:00,218.99,221.53,223.63,217.00,113940644,-.23,0,33.54,腾讯财经
2026-08-07 14:10:03,218.99,221.53,223.63,217.00,113940644,-.23,0,33.54,腾讯财经
2026-08-07 14:20:04,218.99,221.53,223.63,217.00,113940644,-.23,0,33.54,腾讯财经
2026-08-07 14:30:00,218.99,221.53,223.63,217.00,113940644,-.23,0,33.54,腾讯财经
2026-08-07 14:40:03,218.99,221.53,223.63,217.00,113940644,-.23,0,33.54,腾讯财经
2026-08-07 14:50:01,218.99,221.53,223.63,217.00,113940644,-.23,0,33.54,腾讯财经
2026-08-07 15:00:04,218.99,221.53,223.63,217.00,113940644,-.23,0,33.54,腾讯财经
2026-08-07 15:10:03,218.99,221.53,223.63,217.00,113940644,-.23,0,33.54,腾讯财经
2026-08-07 15:20:00,218.99,221.53,223.63,217.00,113940644,-.23,0,33.54,腾讯财经
2026-08-07 15:30:04,218.99,221.53,223.63,217.00,113940644,-.23,0,33.54,腾讯财经
2026-08-07 15:40:04,218.99,221.53,223.63,217.00,113940644,-.23,0,33.54,腾讯财经
2026-08-07 15:50:02,218.99,221.53,223.63,217.00,113940644,-.23,0,33.54,腾讯财经
2026-08-07 16:00:04,218.99,221.53,223.63,217.00,113940644,-.23,0,33.54,腾讯财经
2026-08-07 16:10:01,218.99,221.53,223.63,217.00,113940644,-.23,0,33.54,腾讯财经
2026-08-07 16:20:00,218.99,221.53,223.63,217.00,113940644,-.23,0,33.54,腾讯财经
2026-08-07 16:30:01,218.99,221.53,223.63,217.00,113940644,-.23,0,33.54,腾讯财经
2026-08-07 16:40:04,218.99,221.53,223.63,217.00,113940644,-.23,0,33.54,腾讯财经
2026-08-07 16:50:02,218.99,221.53,223.63,217.00,113940644,-.23,0,33.54,腾讯财经
2026-08-07 17:00:00,218.99,221.53,223.63,217.00,113940644,-.23,0,33.54,腾讯财经
2026-08-07 17:10:00,218.99,221.53,223.63,217.00,113940644,-.23,0,33.54,腾讯财经
2026-08-07 17:20:03,218.99,221.53,223.63,217.00,113940644,-.23,0,33.54,腾讯财经
2026-08-07 17:30:00,218.99,221.53,223.63,217.00,113940644,-.23,0,33.54,腾讯财经
2026-08-07 17:40:05,218.99,221.53,223.63,217.00,113940644,-.23,0,33.54,腾讯财经
2026-08-07 17:50:04,218.99,221.53,223.63,217.00,113940644,-.23,0,33.54,腾讯财经
2026-08-07 18:00:00,218.99,221.53,223.63,217.00,113940644,-.23,0,33.54,腾讯财经
2026-08-07 18:10:01,218.99,221.53,223.63,217.00,113940644,-.23,0,33.54,腾讯财经
2026-08-07 18:20:02,218.99,221.53,223.63,217.00,113940644,-.23,0,33.54,腾讯财经
2026-08-07 18:30:00,218.99,221.53,223.63,217.00,113940644,-.23,0,33.54,腾讯财经
2026-08-07 18:40:04,218.99,221.53,223.63,217.00,113940644,-.23,0,33.54,腾讯财经
2026-08-07 18:50:00,218.99,221.53,223.63,217.00,113940644,-.23,0,33.54,腾讯财经
2026-08-07 19:00:01,218.99,221.53,223.63,217.00,113940644,-.23,0,33.54,腾讯财经
2026-08-07 19:10:01,218.99,221.53,223.63,217.00,113940644,-.23,0,33.54,腾讯财经
2026-08-07 19:20:00,218.99,221.53,223.63,217.00,113940644,-.23,0,33.54,腾讯财经
2026-08-07 19:30:01,218.99,221.53,223.63,217.00,113940644,-.23,0,33.54,腾讯财经
2026-08-07 19:40:04,218.99,221.53,223.63,217.00,113940644,-.23,0,33.54,腾讯财经
2026-08-07 19:50:00,218.99,221.53,223.63,217.00,113940644,-.23,0,33.54,腾讯财经
2026-08-07 20:00:00,218.99,221.53,223.63,217.00,113940644,-.23,0,33.54,腾讯财经
2026-08-07 20:10:02,218.99,221.53,223.63,217.00,113940644,-.23,0,33.54,腾讯财经
2026-08-07 20:20:01,218.99,221.53,223.63,217.00,113940644,-.23,0,33.54,腾讯财经
2026-08-07 20:30:05,218.99,221.53,223.63,217.00,113940644,-.23,0,33.54,腾讯财经
2026-08-07 20:40:04,218.99,221.53,223.63,217.00,113940644,-.23,0,33.54,腾讯财经
2026-08-07 20:50:01,218.99,221.53,223.63,217.00,113940644,-.23,0,33.54,腾讯财经
2026-08-07 21:00:00,218.99,221.53,223.63,217.00,113940644,-.23,0,33.54,腾讯财经
2026-08-07 21:10:00,218.99,221.53,223.63,217.00,113940644,-.23,0,33.54,腾讯财经
2026-08-07 21:20:00,218.99,221.53,223.63,217.00,113940644,-.23,0,33.54,腾讯财经
2026-08-07 21:30:02,218.99,0.00,0.00,0.00,2344152,0,0,33.54,腾讯财经
2026-08-07 21:40:05,221.70,221.59,223.13,220.66,8775995,2.71,1.00,33.95,腾讯财经
2026-08-07 21:50:04,222.22,221.54,223.13,220.66,11751117,3.23,1.00,34.03,腾讯财经
2026-08-07 22:00:00,222.35,221.54,223.17,220.66,15141727,3.36,1.00,34.05,腾讯财经
2026-08-07 22:10:03,222.12,221.54,223.17,220.66,18367184,3.13,1.00,34.02,腾讯财经
2026-08-07 22:20:00,222.14,221.54,223.17,220.66,20998677,3.15,1.00,34.02,腾讯财经
2026-08-07 22:30:00,223.27,221.54,223.45,220.66,24242491,4.28,1.00,34.19,腾讯财经
2026-08-07 22:40:04,222.85,221.54,223.63,220.66,27270473,3.86,1.00,34.13,腾讯财经
2026-08-07 22:50:00,223.48,221.54,223.63,220.66,29667360,4.49,2.00,34.22,腾讯财经
2026-08-07 23:00:01,223.13,221.54,223.77,220.66,32198369,4.14,1.00,34.17,腾讯财经
2026-08-07 23:10:02,223.62,221.54,223.79,220.66,34374645,4.63,2.00,34.25,腾讯财经
2026-08-07 23:20:04,223.84,221.54,223.99,220.66,37082991,4.85,2.00,34.28,腾讯财经
2026-08-07 23:30:00,224.22,221.54,224.65,220.66,40145730,5.23,2.00,34.34,腾讯财经
2026-08-07 23:40:04,224.38,221.54,224.76,220.66,42097949,5.39,2.00,34.36,腾讯财经
2026-08-07 23:50:00,224.50,221.54,224.76,220.66,43532162,5.51,2.00,34.38,腾讯财经
2026-08-08 00:00:01,223.68,221.54,224.76,220.66,45557322,4.69,2.00,34.25,腾讯财经
2026-08-08 00:10:00,223.33,221.54,224.76,220.66,47571000,4.34,1.00,34.20,腾讯财经
2026-08-08 00:20:00,223.34,221.54,224.76,220.66,49943491,4.35,1.00,34.20,腾讯财经
2026-08-08 00:30:03,222.45,221.54,224.76,220.66,52290186,3.46,1.00,34.07,腾讯财经
2026-08-08 00:40:04,222.50,221.54,224.76,220.66,55028083,3.51,1.00,34.07,腾讯财经
2026-08-08 00:50:00,222.41,221.54,224.76,220.66,56207931,3.42,1.00,34.06,腾讯财经
2026-08-08 01:00:00,222.03,221.54,224.76,220.66,57553174,3.04,1.00,34.00,腾讯财经
2026-08-08 01:10:00,222.13,221.54,224.76,220.66,59280420,3.14,1.00,34.02,腾讯财经
2026-08-08 01:20:00,221.93,221.54,224.76,220.66,60532619,2.94,1.00,33.99,腾讯财经
2026-08-08 01:30:04,221.82,221.54,224.76,220.66,61844903,2.83,1.00,33.97,腾讯财经
2026-08-08 01:40:04,222.19,221.54,224.76,220.66,62987919,3.20,1.00,34.03,腾讯财经
2026-08-08 01:50:01,222.29,221.54,224.76,220.66,64095232,3.30,1.00,34.04,腾讯财经
2026-08-08 02:00:00,222.25,221.54,224.76,220.66,64901131,3.26,1.00,34.04,腾讯财经
2026-08-08 02:10:04,222.31,221.54,224.76,220.66,65844970,3.32,1.00,34.04,腾讯财经
2026-08-08 02:20:02,222.03,221.54,224.76,220.66,66787969,3.04,1.00,34.00,腾讯财经
2026-08-08 02:30:00,221.93,221.54,224.76,220.66,67680040,2.94,1.00,33.99,腾讯财经
2026-08-08 02:40:05,222.04,221.54,224.76,220.66,68871100,3.05,1.00,34.00,腾讯财经
2026-08-08 02:50:04,222.13,221.54,224.76,220.66,69658041,3.14,1.00,34.02,腾讯财经
2026-08-08 03:00:01,222.11,221.54,224.76,220.66,70713257,3.12,1.00,34.01,腾讯财经
2026-08-08 03:10:00,222.57,221.54,224.76,220.66,72474321,3.58,1.00,34.08,腾讯财经
2026-08-08 03:20:03,222.83,221.54,224.76,220.66,74403605,3.84,1.00,34.12,腾讯财经
2026-08-08 03:30:00,222.98,221.54,224.76,220.66,75947717,3.99,1.00,34.15,腾讯财经
2026-08-08 03:40:04,222.97,221.54,224.76,220.66,77965310,3.98,1.00,34.15,腾讯财经
2026-08-08 03:50:00,222.91,221.54,224.76,220.66,79733467,3.92,1.00,34.14,腾讯财经
2026-08-08 04:00:04,224.03,221.54,224.76,220.66,86504869,5.04,2.00,34.31,腾讯财经
2026-08-08 04:10:00,223.96,221.54,224.76,220.66,104558100,4.97,2.00,34.30,腾讯财经
2026-08-08 04:20:00,223.96,221.54,224.76,220.66,104767352,4.97,2.00,34.30,腾讯财经
2026-08-08 04:30:04,223.96,221.54,224.76,220.66,104834025,4.97,2.00,34.30,腾讯财经
2026-08-08 04:40:04,223.96,221.54,224.76,220.66,104877624,4.97,2.00,34.30,腾讯财经
2026-08-08 04:50:00,223.96,221.54,224.76,220.66,105163136,4.97,2.00,34.30,腾讯财经
2026-08-08 05:00:01,223.96,221.54,224.76,220.66,105210692,4.97,2.00,34.30,腾讯财经
2026-08-08 05:10:01,223.96,221.54,224.76,220.66,105246507,4.97,2.00,34.30,腾讯财经
2026-08-08 05:20:00,223.96,221.54,224.76,220.66,105281613,4.97,2.00,34.30,腾讯财经
2026-08-08 05:30:03,223.96,221.54,224.76,220.66,105373359,4.97,2.00,34.30,腾讯财经
2026-08-08 05:40:04,223.96,221.54,224.76,220.66,105390723,4.97,2.00,34.30,腾讯财经
2026-08-08 05:50:00,223.96,221.54,224.76,220.66,105421658,4.97,2.00,34.30,腾讯财经
2026-08-08 06:00:01,223.96,221.54,224.76,220.66,105448157,4.97,2.00,34.30,腾讯财经
2026-08-08 06:10:00,223.96,221.54,224.76,220.66,105466436,4.97,2.00,34.30,腾讯财经
2026-08-08 06:20:00,223.96,221.54,224.76,220.66,105478946,4.97,2.00,34.30,腾讯财经
2026-08-08 06:30:00,223.96,221.54,224.76,220.66,105487020,4.97,2.00,34.30,腾讯财经
2026-08-08 06:40:04,223.96,221.54,224.76,220.66,105494555,4.97,2.00,34.30,腾讯财经
2026-08-08 06:50:00,223.96,221.54,224.76,220.66,105508400,4.97,2.00,34.30,腾讯财经
2026-08-08 07:00:00,223.96,221.54,224.76,220.66,105541950,4.97,2.00,34.30,腾讯财经
2026-08-08 07:10:04,223.96,221.54,224.76,220.66,105566506,4.97,2.00,34.30,腾讯财经
2026-08-08 07:20:04,223.96,221.54,224.76,220.66,105594152,4.97,2.00,34.30,腾讯财经
2026-08-08 07:30:01,223.96,221.54,224.76,220.66,105602440,4.97,2.00,34.30,腾讯财经
2026-08-08 07:40:04,223.96,221.54,224.76,220.66,105611570,4.97,2.00,34.30,腾讯财经
2026-08-08 07:50:00,223.96,221.54,224.76,220.66,105625892,4.97,2.00,34.30,腾讯财经
2026-08-08 08:00:01,223.96,221.54,224.76,220.66,105666552,4.97,2.00,34.30,腾讯财经
2026-08-08 08:10:00,223.96,221.54,224.76,220.66,105669440,4.97,2.00,34.30,腾讯财经
2026-08-08 08:20:00,223.96,221.54,224.76,220.66,105669440,4.97,2.00,34.30,腾讯财经
2026-08-08 08:30:00,223.96,221.54,224.76,220.66,105669440,4.97,2.00,34.30,腾讯财经
2026-08-08 08:40:04,223.96,221.54,224.76,220.66,105669440,4.97,2.00,34.30,腾讯财经
2026-08-08 08:50:02,223.96,221.54,224.76,220.66,105669440,4.97,2.00,34.30,腾讯财经
2026-08-08 09:00:00,223.96,221.54,224.76,220.66,105669440,4.97,2.00,34.30,腾讯财经
2026-08-08 09:10:00,223.96,221.54,224.76,220.66,105669440,4.97,2.00,34.30,腾讯财经
2026-08-08 09:20:03,223.96,221.54,224.76,220.66,105669440,4.97,2.00,34.30,腾讯财经
2026-08-08 09:30:00,223.96,221.54,224.76,220.66,105669440,4.97,2.00,34.30,腾讯财经
2026-08-08 09:40:04,223.96,221.54,224.76,220.66,105669440,4.97,2.00,34.30,腾讯财经
2026-08-08 09:50:00,223.96,221.54,224.76,220.66,105669440,4.97,2.00,34.30,腾讯财经
2026-08-08 10:00:02,223.96,221.54,224.76,220.66,105669440,4.97,2.00,34.30,腾讯财经
2026-08-08 10:10:00,223.96,221.54,224.76,220.66,105669440,4.97,2.00,34.30,腾讯财经
2026-08-08 10:20:01,223.96,221.54,224.76,220.66,105669440,4.97,2.00,34.30,腾讯财经
2026-08-08 10:30:00,223.96,221.54,224.76,220.66,105669440,4.97,2.00,34.30,腾讯财经
2026-08-08 10:40:04,223.96,221.54,224.76,220.66,105669440,4.97,2.00,34.30,腾讯财经
2026-08-08 10:50:00,223.96,221.54,224.76,220.66,105669440,4.97,2.00,34.30,腾讯财经
2026-08-08 11:00:00,223.96,221.54,224.76,220.66,105669440,4.97,2.00,34.30,腾讯财经
2026-08-08 11:10:01,223.96,221.54,224.76,220.66,105669440,4.97,2.00,34.30,腾讯财经
2026-08-08 11:20:01,223.96,221.54,224.76,220.66,105669440,4.97,2.00,34.30,腾讯财经
2026-08-08 11:30:03,223.96,221.54,224.76,220.66,105669440,4.97,2.00,34.30,腾讯财经
2026-08-08 11:40:05,223.96,221.54,224.76,220.66,105669440,4.97,2.00,34.30,腾讯财经
2026-08-08 11:50:01,223.96,221.54,224.76,220.66,105669440,4.97,2.00,34.30,腾讯财经
2026-08-08 12:00:02,223.96,221.54,224.76,220.66,105669440,4.97,2.00,34.30,腾讯财经
2026-08-08 12:10:00,223.96,221.54,224.76,220.66,105669440,4.97,2.00,34.30,腾讯财经
2026-08-08 12:20:00,223.96,221.54,224.76,220.66,105669440,4.97,2.00,34.30,腾讯财经
2026-08-08 12:30:00,223.96,221.54,224.76,220.66,105669440,4.97,2.00,34.30,腾讯财经
2026-08-08 12:40:04,223.96,221.54,224.76,220.66,105669440,4.97,2.00,34.30,腾讯财经
2026-08-08 12:50:01,223.96,221.54,224.76,220.66,105669440,4.97,2.00,34.30,腾讯财经
2026-08-08 13:00:04,223.96,221.54,224.76,220.66,105669440,4.97,2.00,34.30,腾讯财经
2026-08-08 13:10:00,223.96,221.54,224.76,220.66,105669440,4.97,2.00,34.30,腾讯财经
2026-08-08 13:20:01,223.96,221.54,224.76,220.66,105669440,4.97,2.00,34.30,腾讯财经
2026-08-08 13:30:04,223.96,221.54,224.76,220.66,105669440,4.97,2.00,34.30,腾讯财经
2026-08-08 13:40:04,223.96,221.54,224.76,220.66,105669440,4.97,2.00,34.30,腾讯财经
2026-08-08 13:50:01,223.96,221.54,224.76,220.66,105669440,4.97,2.00,34.30,腾讯财经
2026-08-08 14:00:00,223.96,221.54,224.76,220.66,105669440,4.97,2.00,34.30,腾讯财经
2026-08-08 14:10:00,223.96,221.54,224.76,220.66,105669440,4.97,2.00,34.30,腾讯财经
2026-08-08 14:20:00,223.96,221.54,224.76,220.66,105669440,4.97,2.00,34.30,腾讯财经
2026-08-08 14:30:05,223.96,221.54,224.76,220.66,105669440,4.97,2.00,34.30,腾讯财经
2026-08-08 14:40:05,223.96,221.54,224.76,220.66,105669440,4.97,2.00,34.30,腾讯财经
2026-08-08 14:50:00,223.96,221.54,224.76,220.66,105669440,4.97,2.00,34.30,腾讯财经
2026-08-08 15:00:01,223.96,221.54,224.76,220.66,105669440,4.97,2.00,34.30,腾讯财经
2026-08-08 15:10:00,223.96,221.54,224.76,220.66,105669440,4.97,2.00,34.30,腾讯财经
2026-08-08 15:20:00,223.96,221.54,224.76,220.66,105669440,4.97,2.00,34.30,腾讯财经
2026-08-08 15:30:05,223.96,221.54,224.76,220.66,105669440,4.97,2.00,34.30,腾讯财经
2026-08-08 15:40:04,223.96,221.54,224.76,220.66,105669440,4.97,2.00,34.30,腾讯财经
2026-08-08 15:50:01,223.96,221.54,224.76,220.66,105669440,4.97,2.00,34.30,腾讯财经
2026-08-08 16:00:00,223.96,221.54,224.76,220.66,105669440,4.97,2.00,34.30,腾讯财经
2026-08-08 16:10:02,223.96,221.54,224.76,220.66,105669440,4.97,2.00,34.30,腾讯财经
2026-08-08 16:20:01,223.96,221.54,224.76,220.66,105669440,4.97,2.00,34.30,腾讯财经
2026-08-08 16:30:00,223.96,221.54,224.76,220.66,105669440,4.97,2.00,34.30,腾讯财经
2026-08-08 16:40:04,223.96,221.54,224.76,220.66,105669440,4.97,2.00,34.30,腾讯财经
2026-08-08 16:50:01,223.96,221.54,224.76,220.66,105669440,4.97,2.00,34.30,腾讯财经
2026-08-08 17:00:00,223.96,221.54,224.76,220.66,105669440,4.97,2.00,34.30,腾讯财经
2026-08-08 17:10:04,223.96,221.54,224.76,220.66,105669440,4.97,2.00,34.30,腾讯财经
2026-08-08 17:20:00,223.96,221.54,224.76,220.66,105669440,4.97,2.00,34.30,腾讯财经
2026-08-08 17:30:04,223.96,221.54,224.76,220.66,105669440,4.97,2.00,34.30,腾讯财经
2026-08-08 17:40:04,223.96,221.54,224.76,220.66,105669440,4.97,2.00,34.30,腾讯财经
2026-08-08 17:50:04,223.96,221.54,224.76,220.66,105669440,4.97,2.00,34.30,腾讯财经
2026-08-08 18:00:00,223.96,221.54,224.76,220.66,105669440,4.97,2.00,34.30,腾讯财经
2026-08-08 18:10:00,223.96,221.54,224.76,220.66,105669440,4.97,2.00,34.30,腾讯财经
2026-08-08 18:20:04,223.96,221.54,224.76,220.66,105669440,4.97,2.00,34.30,腾讯财经
2026-08-08 18:30:00,223.96,221.54,224.76,220.66,105669440,4.97,2.00,34.30,腾讯财经
2026-08-08 18:40:04,223.96,221.54,224.76,220.66,105669440,4.97,2.00,34.30,腾讯财经
2026-08-08 18:50:03,223.96,221.54,224.76,220.66,105669440,4.97,2.00,34.30,腾讯财经
2026-08-08 19:00:02,223.96,221.54,224.76,220.66,105669440,4.97,2.00,34.30,腾讯财经
2026-08-08 19:10:00,223.96,221.54,224.76,220.66,105669440,4.97,2.00,34.30,腾讯财经
2026-08-08 19:20:04,223.96,221.54,224.76,220.66,105669440,4.97,2.00,34.30,腾讯财经
2026-08-08 19:30:00,223.96,221.54,224.76,220.66,105669440,4.97,2.00,34.30,腾讯财经
2026-08-08 19:40:01,223.96,221.54,224.76,220.66,105669440,4.97,2.00,34.30,腾讯财经
2026-08-08 19:50:00,223.96,221.54,224.76,220.66,105669440,4.97,2.00,34.30,腾讯财经
2026-08-08 20:00:02,223.96,221.54,224.76,220.66,105669440,4.97,2.00,34.30,腾讯财经
2026-08-08 20:10:01,223.96,221.54,224.76,220.66,105669440,4.97,2.00,34.30,腾讯财经
2026-08-08 20:20:01,223.96,221.54,224.76,220.66,105669440,4.97,2.00,34.30,腾讯财经
2026-08-08 20:30:05,223.96,221.54,224.76,220.66,105669440,4.97,2.00,34.30,腾讯财经
2026-08-08 20:40:01,223.96,221.54,224.76,220.66,105669440,4.97,2.00,34.30,腾讯财经
2026-08-08 20:50:04,223.96,221.54,224.76,220.66,105669440,4.97,2.00,34.30,腾讯财经
2026-08-08 21:00:01,223.96,221.54,224.76,220.66,105669440,4.97,2.00,34.30,腾讯财经
2026-08-08 21:10:00,223.96,221.54,224.76,220.66,105669440,4.97,2.00,34.30,腾讯财经
2026-08-08 21:20:00,223.96,221.54,224.76,220.66,105669440,4.97,2.00,34.30,腾讯财经
2026-08-08 21:30:00,223.96,221.54,224.76,220.66,105669440,4.97,2.00,34.30,腾讯财经
2026-08-08 21:40:05,223.96,221.54,224.76,220.66,105669440,4.97,2.00,34.30,腾讯财经
2026-08-08 21:50:02,223.96,221.54,224.76,220.66,105669440,4.97,2.00,34.30,腾讯财经
2026-08-08 22:00:00,223.96,221.54,224.76,220.66,105669440,4.97,2.00,34.30,腾讯财经
2026-08-08 22:10:00,223.96,221.54,224.76,220.66,105669440,4.97,2.00,34.30,腾讯财经
2026-08-08 22:20:01,223.96,221.54,224.76,220.66,105669440,4.97,2.00,34.30,腾讯财经
2026-08-08 22:30:00,223.96,221.54,224.76,220.66,105669440,4.97,2.00,34.30,腾讯财经
2026-08-08 22:40:04,223.96,221.54,224.76,220.66,105669440,4.97,2.00,34.30,腾讯财经
2026-08-08 22:50:00,223.96,221.54,224.76,220.66,105669440,4.97,2.00,34.30,腾讯财经
2026-08-08 23:00:00,223.96,221.54,224.76,220.66,105669440,4.97,2.00,34.30,腾讯财经
2026-08-08 23:10:02,223.96,221.54,224.76,220.66,105669440,4.97,2.00,34.30,腾讯财经
2026-08-08 23:20:04,223.96,221.54,224.76,220.66,105669440,4.97,2.00,34.30,腾讯财经
2026-08-08 23:30:04,223.96,221.54,224.76,220.66,105669440,4.97,2.00,34.30,腾讯财经
2026-08-08 23:40:04,223.96,221.54,224.76,220.66,105669440,4.97,2.00,34.30,腾讯财经
2026-08-08 23:50:05,223.96,221.54,224.76,220.66,105669440,4.97,2.00,34.30,腾讯财经
2026-08-09 00:00:00,223.96,221.54,224.76,220.66,105669440,4.97,2.00,34.30,腾讯财经
2026-08-09 00:10:01,223.96,221.54,224.76,220.66,105669440,4.97,2.00,34.30,腾讯财经
2026-08-09 00:20:04,223.96,221.54,224.76,220.66,105669440,4.97,2.00,34.30,腾讯财经
2026-08-09 00:30:04,223.96,221.54,224.76,220.66,105669440,4.97,2.00,34.30,腾讯财经
2026-08-09 00:40:05,223.96,221.54,224.76,220.66,105669440,4.97,2.00,34.30,腾讯财经
2026-08-09 00:50:00,223.96,221.54,224.76,220.66,105669440,4.97,2.00,34.30,腾讯财经
2026-08-09 01:00:04,223.96,221.54,224.76,220.66,105669440,4.97,2.00,34.30,腾讯财经
2026-08-09 01:10:00,223.96,221.54,224.76,220.66,105669440,4.97,2.00,34.30,腾讯财经
2026-08-09 01:20:00,223.96,221.54,224.76,220.66,105669440,4.97,2.00,34.30,腾讯财经
2026-08-09 01:30:00,223.96,221.54,224.76,220.66,105669440,4.97,2.00,34.30,腾讯财经
2026-08-09 01:40:05,223.96,221.54,224.76,220.66,105669440,4.97,2.00,34.30,腾讯财经
2026-08-09 01:50:00,223.96,221.54,224.76,220.66,105669440,4.97,2.00,34.30,腾讯财经
2026-08-09 02:00:00,223.96,221.54,224.76,220.66,105669440,4.97,2.00,34.30,腾讯财经
2026-08-09 02:10:04,223.96,221.54,224.76,220.66,105669440,4.97,2.00,34.30,腾讯财经
2026-08-09 02:20:02,223.96,221.54,224.76,220.66,105669440,4.97,2.00,34.30,腾讯财经
2026-08-09 02:30:04,223.96,221.54,224.76,220.66,105669440,4.97,2.00,34.30,腾讯财经
2026-08-09 02:40:05,223.96,221.54,224.76,220.66,105669440,4.97,2.00,34.30,腾讯财经
2026-08-09 02:50:03,223.96,221.54,224.76,220.66,105669440,4.97,2.00,34.30,腾讯财经
2026-08-09 03:00:02,223.96,221.54,224.76,220.66,105669440,4.97,2.00,34.30,腾讯财经
2026-08-09 03:10:00,223.96,221.54,224.76,220.66,105669440,4.97,2.00,34.30,腾讯财经
2026-08-09 03:20:02,223.96,221.54,224.76,220.66,105669440,4.97,2.00,34.30,腾讯财经
2026-08-09 03:30:04,223.96,221.54,224.76,220.66,105669440,4.97,2.00,34.30,腾讯财经
2026-08-09 03:40:05,223.96,221.54,224.76,220.66,105669440,4.97,2.00,34.30,腾讯财经
2026-08-09 03:50:02,223.96,221.54,224.76,220.66,105669440,4.97,2.00,34.30,腾讯财经
2026-08-09 04:00:03,223.96,221.54,224.76,220.66,105669440,4.97,2.00,34.30,腾讯财经
2026-08-09 04:10:00,223.96,221.54,224.76,220.66,105669440,4.97,2.00,34.30,腾讯财经
2026-08-09 04:20:04,223.96,221.54,224.76,220.66,105669440,4.97,2.00,34.30,腾讯财经
2026-08-09 04:30:04,223.96,221.54,224.76,220.66,105669440,4.97,2.00,34.30,腾讯财经
2026-08-09 04:40:04,223.96,221.54,224.76,220.66,105669440,4.97,2.00,34.30,腾讯财经
2026-08-09 04:50:05,223.96,221.54,224.76,220.66,105669440,4.97,2.00,34.30,腾讯财经
2026-08-09 05:00:00,223.96,221.54,224.76,220.66,105669440,4.97,2.00,34.30,腾讯财经
2026-08-09 05:10:01,223.96,221.54,224.76,220.66,105669440,4.97,2.00,34.30,腾讯财经
2026-08-09 05:20:03,223.96,221.54,224.76,220.66,105669440,4.97,2.00,34.30,腾讯财经
2026-08-09 05:30:04,223.96,221.54,224.76,220.66,105669440,4.97,2.00,34.30,腾讯财经
2026-08-09 05:40:05,223.96,221.54,224.76,220.66,105669440,4.97,2.00,34.30,腾讯财经
2026-08-09 05:50:04,223.96,221.54,224.76,220.66,105669440,4.97,2.00,34.30,腾讯财经
2026-08-09 06:00:04,223.96,221.54,224.76,220.66,105669440,4.97,2.00,34.30,腾讯财经
2026-08-09 06:10:01,223.96,221.54,224.76,220.66,105669440,4.97,2.00,34.30,腾讯财经
2026-08-09 06:20:01,223.96,221.54,224.76,220.66,105669440,4.97,2.00,34.30,腾讯财经
2026-08-09 06:30:04,223.96,221.54,224.76,220.66,105669440,4.97,2.00,34.30,腾讯财经
2026-08-09 06:40:05,223.96,221.54,224.76,220.66,105669440,4.97,2.00,34.30,腾讯财经
2026-08-09 06:50:00,223.96,221.54,224.76,220.66,105669440,4.97,2.00,34.30,腾讯财经
2026-08-09 07:00:02,223.96,221.54,224.76,220.66,105669440,4.97,2.00,34.30,腾讯财经
2026-08-09 07:10:00,223.96,221.54,224.76,220.66,105669440,4.97,2.00,34.30,腾讯财经
2026-08-09 07:20:00,223.96,221.54,224.76,220.66,105669440,4.97,2.00,34.30,腾讯财经
2026-08-09 07:30:03,223.96,221.54,224.76,220.66,105669440,4.97,2.00,34.30,腾讯财经
2026-08-09 07:40:04,223.96,221.54,224.76,220.66,105669440,4.97,2.00,34.30,腾讯财经
2026-08-09 07:50:01,223.96,221.54,224.76,220.66,105669440,4.97,2.00,34.30,腾讯财经
2026-08-09 08:00:02,223.96,221.54,224.76,220.66,105669440,4.97,2.00,34.30,腾讯财经
2026-08-09 08:10:04,223.96,221.54,224.76,220.66,105669440,4.97,2.00,34.30,腾讯财经
2026-08-09 08:20:04,223.96,221.54,224.76,220.66,105669440,4.97,2.00,34.30,腾讯财经
2026-08-09 08:30:04,223.96,221.54,224.76,220.66,105669440,4.97,2.00,34.30,腾讯财经
2026-08-09 08:40:04,223.96,221.54,224.76,220.66,105669440,4.97,2.00,34.30,腾讯财经
2026-08-09 08:50:05,223.96,221.54,224.76,220.66,105669440,4.97,2.00,34.30,腾讯财经
2026-08-09 09:00:05,223.96,221.54,224.76,220.66,105669440,4.97,2.00,34.30,腾讯财经
2026-08-09 09:10:00,223.96,221.54,224.76,220.66,105669440,4.97,2.00,34.30,腾讯财经
2026-08-09 09:20:00,223.96,221.54,224.76,220.66,105669440,4.97,2.00,34.30,腾讯财经
2026-08-09 09:30:02,223.96,221.54,224.76,220.66,105669440,4.97,2.00,34.30,腾讯财经
2026-08-09 09:40:04,223.96,221.54,224.76,220.66,105669440,4.97,2.00,34.30,腾讯财经
2026-08-09 09:50:03,223.96,221.54,224.76,220.66,105669440,4.97,2.00,34.30,腾讯财经
2026-08-09 10:00:02,223.96,221.54,224.76,220.66,105669440,4.97,2.00,34.30,腾讯财经
2026-08-09 10:10:05,223.96,221.54,224.76,220.66,105669440,4.97,2.00,34.30,腾讯财经
2026-08-09 10:20:00,223.96,221.54,224.76,220.66,105669440,4.97,2.00,34.30,腾讯财经
2026-08-09 10:30:05,223.96,221.54,224.76,220.66,105669440,4.97,2.00,34.30,腾讯财经
2026-08-09 10:40:04,223.96,221.54,224.76,220.66,105669440,4.97,2.00,34.30,腾讯财经
2026-08-09 10:50:00,223.96,221.54,224.76,220.66,105669440,4.97,2.00,34.30,腾讯财经
2026-08-09 11:00:02,223.96,221.54,224.76,220.66,105669440,4.97,2.00,34.30,腾讯财经
2026-08-09 11:10:04,223.96,221.54,224.76,220.66,105669440,4.97,2.00,34.30,腾讯财经
2026-08-09 11:20:00,223.96,221.54,224.76,220.66,105669440,4.97,2.00,34.30,腾讯财经
2026-08-09 11:30:00,223.96,221.54,224.76,220.66,105669440,4.97,2.00,34.30,腾讯财经
2026-08-09 11:40:04,223.96,221.54,224.76,220.66,105669440,4.97,2.00,34.30,腾讯财经
2026-08-09 11:50:00,223.96,221.54,224.76,220.66,105669440,4.97,2.00,34.30,腾讯财经
2026-08-09 12:00:00,223.96,221.54,224.76,220.66,105669440,4.97,2.00,34.30,腾讯财经
2026-08-09 12:10:04,223.96,221.54,224.76,220.66,105669440,4.97,2.00,34.30,腾讯财经
2026-08-09 12:20:05,223.96,221.54,224.76,220.66,105669440,4.97,2.00,34.30,腾讯财经
2026-08-09 12:30:01,223.96,221.54,224.76,220.66,105669440,4.97,2.00,34.30,腾讯财经
2026-08-09 12:40:04,223.96,221.54,224.76,220.66,105669440,4.97,2.00,34.30,腾讯财经
2026-08-09 12:50:00,223.96,221.54,224.76,220.66,105669440,4.97,2.00,34.30,腾讯财经
2026-08-09 13:00:01,223.96,221.54,224.76,220.66,105669440,4.97,2.00,34.30,腾讯财经
2026-08-09 13:10:01,223.96,221.54,224.76,220.66,105669440,4.97,2.00,34.30,腾讯财经
2026-08-09 13:20:04,223.96,221.54,224.76,220.66,105669440,4.97,2.00,34.30,腾讯财经
2026-08-09 13:30:00,223.96,221.54,224.76,220.66,105669440,4.97,2.00,34.30,腾讯财经
2026-08-09 13:40:05,223.96,221.54,224.76,220.66,105669440,4.97,2.00,34.30,腾讯财经
2026-08-09 13:50:03,223.96,221.54,224.76,220.66,105669440,4.97,2.00,34.30,腾讯财经
2026-08-09 14:00:01,223.96,221.54,224.76,220.66,105669440,4.97,2.00,34.30,腾讯财经
2026-08-09 14:10:02,223.96,221.54,224.76,220.66,105669440,4.97,2.00,34.30,腾讯财经
2026-08-09 14:20:00,223.96,221.54,224.76,220.66,105669440,4.97,2.00,34.30,腾讯财经
2026-08-09 14:30:04,223.96,221.54,224.76,220.66,105669440,4.97,2.00,34.30,腾讯财经
2026-08-09 14:40:05,223.96,221.54,224.76,220.66,105669440,4.97,2.00,34.30,腾讯财经
2026-08-09 14:50:01,223.96,221.54,224.76,220.66,105669440,4.97,2.00,34.30,腾讯财经
2026-08-09 15:00:00,223.96,221.54,224.76,220.66,105669440,4.97,2.00,34.30,腾讯财经
2026-08-09 15:10:00,223.96,221.54,224.76,220.66,105669440,4.97,2.00,34.30,腾讯财经
2026-08-09 15:20:05,223.96,221.54,224.76,220.66,105669440,4.97,2.00,34.30,腾讯财经
2026-08-09 15:30:00,223.96,221.54,224.76,220.66,105669440,4.97,2.00,34.30,腾讯财经
2026-08-09 15:40:04,223.96,221.54,224.76,220.66,105669440,4.97,2.00,34.30,腾讯财经
2026-08-09 15:50:02,223.96,221.54,224.76,220.66,105669440,4.97,2.00,34.30,腾讯财经
2026-08-09 16:00:00,223.96,221.54,224.76,220.66,105669440,4.97,2.00,34.30,腾讯财经
2026-08-09 16:10:00,223.96,221.54,224.76,220.66,105669440,4.97,2.00,34.30,腾讯财经
2026-08-09 16:20:03,223.96,221.54,224.76,220.66,105669440,4.97,2.00,34.30,腾讯财经
2026-08-09 16:30:03,223.96,221.54,224.76,220.66,105669440,4.97,2.00,34.30,腾讯财经
2026-08-09 16:40:04,223.96,221.54,224.76,220.66,105669440,4.97,2.00,34.30,腾讯财经
2026-08-09 16:50:00,223.96,221.54,224.76,220.66,105669440,4.97,2.00,34.30,腾讯财经
2026-08-09 17:00:03,223.96,221.54,224.76,220.66,105669440,4.97,2.00,34.30,腾讯财经
2026-08-09 17:10:01,223.96,221.54,224.76,220.66,105669440,4.97,2.00,34.30,腾讯财经
2026-08-09 17:20:01,223.96,221.54,224.76,220.66,105669440,4.97,2.00,34.30,腾讯财经
2026-08-09 17:30:03,223.96,221.54,224.76,220.66,105669440,4.97,2.00,34.30,腾讯财经
2026-08-09 17:40:04,223.96,221.54,224.76,220.66,105669440,4.97,2.00,34.30,腾讯财经
2026-08-09 17:50:04,223.96,221.54,224.76,220.66,105669440,4.97,2.00,34.30,腾讯财经
2026-08-09 18:00:04,223.96,221.54,224.76,220.66,105669440,4.97,2.00,34.30,腾讯财经
2026-08-09 18:10:04,223.96,221.54,224.76,220.66,105669440,4.97,2.00,34.30,腾讯财经
2026-08-09 18:20:05,223.96,221.54,224.76,220.66,105669440,4.97,2.00,34.30,腾讯财经
2026-08-09 18:30:05,223.96,221.54,224.76,220.66,105669440,4.97,2.00,34.30,腾讯财经
2026-08-09 18:40:05,223.96,221.54,224.76,220.66,105669440,4.97,2.00,34.30,腾讯财经
2026-08-09 18:50:00,223.96,221.54,224.76,220.66,105669440,4.97,2.00,34.30,腾讯财经
2026-08-09 19:00:03,223.96,221.54,224.76,220.66,105669440,4.97,2.00,34.30,腾讯财经
2026-08-09 19:10:00,223.96,221.54,224.76,220.66,105669440,4.97,2.00,34.30,腾讯财经
2026-08-09 19:20:00,223.96,221.54,224.76,220.66,105669440,4.97,2.00,34.30,腾讯财经
2026-08-09 19:30:00,223.96,221.54,224.76,220.66,105669440,4.97,2.00,34.30,腾讯财经
2026-08-09 19:40:04,223.96,221.54,224.76,220.66,105669440,4.97,2.00,34.30,腾讯财经
2026-08-09 19:50:00,223.96,221.54,224.76,220.66,105669440,4.97,2.00,34.30,腾讯财经
2026-08-09 20:00:03,223.96,221.54,224.76,220.66,105669440,4.97,2.00,34.30,腾讯财经
2026-08-09 20:10:01,223.96,221.54,224.76,220.66,105669440,4.97,2.00,34.30,腾讯财经
2026-08-09 20:20:00,223.96,221.54,224.76,220.66,105669440,4.97,2.00,34.30,腾讯财经
2026-08-09 20:30:02,223.96,221.54,224.76,220.66,105669440,4.97,2.00,34.30,腾讯财经
2026-08-09 20:40:05,223.96,221.54,224.76,220.66,105669440,4.97,2.00,34.30,腾讯财经
2026-08-09 20:50:00,223.96,221.54,224.76,220.66,105669440,4.97,2.00,34.30,腾讯财经
2026-08-09 21:00:01,223.96,221.54,224.76,220.66,105669440,4.97,2.00,34.30,腾讯财经
2026-08-09 21:10:04,223.96,221.54,224.76,220.66,105669440,4.97,2.00,34.30,腾讯财经
2026-08-09 21:20:05,223.96,221.54,224.76,220.66,105669440,4.97,2.00,34.30,腾讯财经
2026-08-09 21:30:03,223.96,221.54,224.76,220.66,105669440,4.97,2.00,34.30,腾讯财经
2026-08-09 21:40:04,223.96,221.54,224.76,220.66,105669440,4.97,2.00,34.30,腾讯财经
2026-08-09 21:50:00,223.96,221.54,224.76,220.66,105669440,4.97,2.00,34.30,腾讯财经
2026-08-09 22:00:00,223.96,221.54,224.76,220.66,105669440,4.97,2.00,34.30,腾讯财经
2026-08-09 22:10:04,223.96,221.54,224.76,220.66,105669440,4.97,2.00,34.30,腾讯财经
2026-08-09 22:20:00,223.96,221.54,224.76,220.66,105669440,4.97,2.00,34.30,腾讯财经
2026-08-09 22:30:03,223.96,221.54,224.76,220.66,105669440,4.97,2.00,34.30,腾讯财经
2026-08-09 22:40:04,223.96,221.54,224.76,220.66,105669440,4.97,2.00,34.30,腾讯财经
2026-08-09 22:50:00,223.96,221.54,224.76,220.66,105669440,4.97,2.00,34.30,腾讯财经
2026-08-09 23:00:00,223.96,221.54,224.76,220.66,105669440,4.97,2.00,34.30,腾讯财经
2026-08-09 23:10:05,223.96,221.54,224.76,220.66,105669440,4.97,2.00,34.30,腾讯财经
2026-08-09 23:20:01,223.96,221.54,224.76,220.66,105669440,4.97,2.00,34.30,腾讯财经
2026-08-09 23:30:00,223.96,221.54,224.76,220.66,105669440,4.97,2.00,34.30,腾讯财经
2026-08-09 23:40:04,223.96,221.54,224.76,220.66,105669440,4.97,2.00,34.30,腾讯财经
2026-08-09 23:50:02,223.96,221.54,224.76,220.66,105669440,4.97,2.00,34.30,腾讯财经
2026-08-10 00:00:00,223.96,221.54,224.76,220.66,105669440,4.97,2.00,34.30,腾讯财经
2026-08-10 00:10:00,223.96,221.54,224.76,220.66,105669440,4.97,2.00,34.30,腾讯财经
2026-08-10 00:20:01,223.96,221.54,224.76,220.66,105669440,4.97,2.00,34.30,腾讯财经
2026-08-10 00:30:00,223.96,221.54,224.76,220.66,105669440,4.97,2.00,34.30,腾讯财经
2026-08-10 00:40:04,223.96,221.54,224.76,220.66,105669440,4.97,2.00,34.30,腾讯财经
2026-08-10 00:50:00,223.96,221.54,224.76,220.66,105669440,4.97,2.00,34.30,腾讯财经
2026-08-10 01:00:01,223.96,221.54,224.76,220.66,105669440,4.97,2.00,34.30,腾讯财经
2026-08-10 01:10:00,223.96,221.54,224.76,220.66,105669440,4.97,2.00,34.30,腾讯财经
2026-08-10 01:20:00,223.96,221.54,224.76,220.66,105669440,4.97,2.00,34.30,腾讯财经
2026-08-10 01:30:04,223.96,221.54,224.76,220.66,105669440,4.97,2.00,34.30,腾讯财经
2026-08-10 01:40:04,223.96,221.54,224.76,220.66,105669440,4.97,2.00,34.30,腾讯财经
2026-08-10 01:50:01,223.96,221.54,224.76,220.66,105669440,4.97,2.00,34.30,腾讯财经
2026-08-10 02:00:05,223.96,221.54,224.76,220.66,105669440,4.97,2.00,34.30,腾讯财经
2026-08-10 02:10:00,223.96,221.54,224.76,220.66,105669440,4.97,2.00,34.30,腾讯财经
2026-08-10 02:20:01,223.96,221.54,224.76,220.66,105669440,4.97,2.00,34.30,腾讯财经
2026-08-10 02:30:02,223.96,221.54,224.76,220.66,105669440,4.97,2.00,34.30,腾讯财经
2026-08-10 02:40:05,223.96,221.54,224.76,220.66,105669440,4.97,2.00,34.30,腾讯财经
2026-08-10 02:50:04,223.96,221.54,224.76,220.66,105669440,4.97,2.00,34.30,腾讯财经
2026-08-10 03:00:00,223.96,221.54,224.76,220.66,105669440,4.97,2.00,34.30,腾讯财经
2026-08-10 03:10:00,223.96,221.54,224.76,220.66,105669440,4.97,2.00,34.30,腾讯财经
2026-08-10 03:20:00,223.96,221.54,224.76,220.66,105669440,4.97,2.00,34.30,腾讯财经
2026-08-10 03:30:01,223.96,221.54,224.76,220.66,105669440,4.97,2.00,34.30,腾讯财经
2026-08-10 03:40:04,223.96,221.54,224.76,220.66,105669440,4.97,2.00,34.30,腾讯财经
2026-08-10 03:50:04,223.96,221.54,224.76,220.66,105669440,4.97,2.00,34.30,腾讯财经
2026-08-10 04:00:00,223.96,221.54,224.76,220.66,105669440,4.97,2.00,34.30,腾讯财经
2026-08-10 04:10:01,223.96,221.54,224.76,220.66,105669440,4.97,2.00,34.30,腾讯财经
2026-08-10 04:20:02,223.96,221.54,224.76,220.66,105669440,4.97,2.00,34.30,腾讯财经
2026-08-10 04:30:01,223.96,221.54,224.76,220.66,105669440,4.97,2.00,34.30,腾讯财经
2026-08-10 04:40:04,223.96,221.54,224.76,220.66,105669440,4.97,2.00,34.30,腾讯财经
2026-08-10 04:50:01,223.96,221.54,224.76,220.66,105669440,4.97,2.00,34.30,腾讯财经
2026-08-10 05:00:04,223.96,221.54,224.76,220.66,105669440,4.97,2.00,34.30,腾讯财经
2026-08-10 05:10:00,223.96,221.54,224.76,220.66,105669440,4.97,2.00,34.30,腾讯财经
2026-08-10 05:20:00,223.96,221.54,224.76,220.66,105669440,4.97,2.00,34.30,腾讯财经
2026-08-10 05:30:00,223.96,221.54,224.76,220.66,105669440,4.97,2.00,34.30,腾讯财经
2026-08-10 05:40:04,223.96,221.54,224.76,220.66,105669440,4.97,2.00,34.30,腾讯财经
2026-08-10 05:50:00,223.96,221.54,224.76,220.66,105669440,4.97,2.00,34.30,腾讯财经
2026-08-10 06:00:00,223.96,221.54,224.76,220.66,105669440,4.97,2.00,34.30,腾讯财经
2026-08-10 06:10:02,223.96,221.54,224.76,220.66,105669440,4.97,2.00,34.30,腾讯财经
2026-08-10 06:20:00,223.96,221.54,224.76,220.66,105669440,4.97,2.00,34.30,腾讯财经
2026-08-10 06:30:03,223.96,221.54,224.76,220.66,105669440,4.97,2.00,34.30,腾讯财经
2026-08-10 06:40:05,223.96,221.54,224.76,220.66,105669440,4.97,2.00,34.30,腾讯财经
2026-08-10 06:50:00,223.96,221.54,224.76,220.66,105669440,4.97,2.00,34.30,腾讯财经
2026-08-10 07:00:00,223.96,221.54,224.76,220.66,105669440,4.97,2.00,34.30,腾讯财经
2026-08-10 07:10:04,223.96,221.54,224.76,220.66,105669440,4.97,2.00,34.30,腾讯财经
2026-08-10 07:20:00,223.96,221.54,224.76,220.66,105669440,4.97,2.00,34.30,腾讯财经
2026-08-10 07:30:00,223.96,221.54,224.76,220.66,105669440,4.97,2.00,34.30,腾讯财经
2026-08-10 07:40:04,223.96,221.54,224.76,220.66,105669440,4.97,2.00,34.30,腾讯财经
2026-08-10 07:50:00,223.96,221.54,224.76,220.66,105669440,4.97,2.00,34.30,腾讯财经
2026-08-10 08:00:00,223.96,221.54,224.76,220.66,105669440,4.97,2.00,34.30,腾讯财经
2026-08-10 08:10:00,223.96,221.54,224.76,220.66,105669440,4.97,2.00,34.30,腾讯财经
2026-08-10 08:20:00,223.96,221.54,224.76,220.66,105669440,4.97,2.00,34.30,腾讯财经
2026-08-10 08:30:01,223.96,221.54,224.76,220.66,105669440,4.97,2.00,34.30,腾讯财经
2026-08-10 08:40:04,223.96,221.54,224.76,220.66,105669440,4.97,2.00,34.30,腾讯财经
2026-08-10 08:50:02,223.96,221.54,224.76,220.66,105669440,4.97,2.00,34.30,腾讯财经
2026-08-10 09:00:04,223.96,221.54,224.76,220.66,105669440,4.97,2.00,34.30,腾讯财经
2026-08-10 09:10:00,223.96,221.54,224.76,220.66,105669440,4.97,2.00,34.30,腾讯财经
2026-08-10 09:20:01,223.96,221.54,224.76,220.66,105669440,4.97,2.00,34.30,腾讯财经
2026-08-10 09:30:00,223.96,221.54,224.76,220.66,105669440,4.97,2.00,34.30,腾讯财经
2026-08-10 09:40:05,223.96,221.54,224.76,220.66,105669440,4.97,2.00,34.30,腾讯财经
2026-08-10 09:50:00,223.96,221.54,224.76,220.66,105669440,4.97,2.00,34.30,腾讯财经
2026-08-10 10:00:05,223.96,221.54,224.76,220.66,105669440,4.97,2.00,34.30,腾讯财经
2026-08-10 10:10:00,223.96,221.54,224.76,220.66,105669440,4.97,2.00,34.30,腾讯财经
2026-08-10 10:20:01,223.96,221.54,224.76,220.66,105669440,4.97,2.00,34.30,腾讯财经
2026-08-10 10:30:02,223.96,221.54,224.76,220.66,105669440,4.97,2.00,34.30,腾讯财经
2026-08-10 10:40:04,223.96,221.54,224.76,220.66,105669440,4.97,2.00,34.30,腾讯财经
2026-08-10 10:50:00,223.96,221.54,224.76,220.66,105669440,4.97,2.00,34.30,腾讯财经
2026-08-10 11:00:00,223.96,221.54,224.76,220.66,105669440,4.97,2.00,34.30,腾讯财经
2026-08-10 11:10:01,223.96,221.54,224.76,220.66,105669440,4.97,2.00,34.30,腾讯财经
2026-08-10 11:20:04,223.96,221.54,224.76,220.66,105669440,4.97,2.00,34.30,腾讯财经
2026-08-10 11:30:04,223.96,221.54,224.76,220.66,105669440,4.97,2.00,34.30,腾讯财经
2026-08-10 11:40:05,223.96,221.54,224.76,220.66,105669440,4.97,2.00,34.30,腾讯财经
2026-08-10 11:50:00,223.96,221.54,224.76,220.66,105669440,4.97,2.00,34.30,腾讯财经
2026-08-10 12:00:00,223.96,221.54,224.76,220.66,105669440,4.97,2.00,34.30,腾讯财经
2026-08-10 12:10:02,223.96,221.54,224.76,220.66,105669440,4.97,2.00,34.30,腾讯财经
2026-08-10 12:20:03,223.96,221.54,224.76,220.66,105669440,4.97,2.00,34.30,腾讯财经
2026-08-10 12:30:02,223.96,221.54,224.76,220.66,105669440,4.97,2.00,34.30,腾讯财经
2026-08-10 12:40:04,223.96,221.54,224.76,220.66,105669440,4.97,2.00,34.30,腾讯财经
2026-08-10 12:50:00,223.96,221.54,224.76,220.66,105669440,4.97,2.00,34.30,腾讯财经
2026-08-10 13:00:05,223.96,221.54,224.76,220.66,105669440,4.97,2.00,34.30,腾讯财经
2026-08-10 13:10:03,223.96,221.54,224.76,220.66,105669440,4.97,2.00,34.30,腾讯财经
2026-08-10 13:20:00,223.96,221.54,224.76,220.66,105669440,4.97,2.00,34.30,腾讯财经
2026-08-10 13:30:01,223.96,221.54,224.76,220.66,105669440,4.97,2.00,34.30,腾讯财经
2026-08-10 13:40:05,223.96,221.54,224.76,220.66,105669440,4.97,2.00,34.30,腾讯财经
2026-08-10 13:50:04,223.96,221.54,224.76,220.66,105669440,4.97,2.00,34.30,腾讯财经
2026-08-10 14:00:05,223.96,221.54,224.76,220.66,105669440,4.97,2.00,34.30,腾讯财经
2026-08-10 14:10:03,223.96,221.54,224.76,220.66,105669440,4.97,2.00,34.30,腾讯财经
2026-08-10 14:20:02,223.96,221.54,224.76,220.66,105669440,4.97,2.00,34.30,腾讯财经
2026-08-10 14:30:05,223.96,221.54,224.76,220.66,105669440,4.97,2.00,34.30,腾讯财经
2026-08-10 14:40:05,223.96,221.54,224.76,220.66,105669440,4.97,2.00,34.30,腾讯财经
2026-08-10 14:50:00,223.96,221.54,224.76,220.66,105669440,4.97,2.00,34.30,腾讯财经
2026-08-10 15:00:01,223.96,221.54,224.76,220.66,105669440,4.97,2.00,34.30,腾讯财经
2026-08-10 15:10:05,223.96,221.54,224.76,220.66,105669440,4.97,2.00,34.30,腾讯财经
2026-08-10 15:20:00,223.96,221.54,224.76,220.66,105669440,4.97,2.00,34.30,腾讯财经
2026-08-10 15:30:00,223.96,221.54,224.76,220.66,105669440,4.97,2.00,34.30,腾讯财经
2026-08-10 15:40:04,223.96,221.54,224.76,220.66,105669440,4.97,2.00,34.30,腾讯财经
2026-08-10 15:50:05,223.96,221.54,224.76,220.66,105669440,4.97,2.00,34.30,腾讯财经
2026-08-10 16:00:00,223.96,221.54,224.76,220.66,105669440,4.97,2.00,34.30,腾讯财经
2026-08-10 16:10:01,223.96,221.54,224.76,220.66,105669440,4.97,2.00,34.30,腾讯财经
2026-08-10 16:20:05,223.96,221.54,224.76,220.66,105669440,4.97,2.00,34.30,腾讯财经
2026-08-10 16:30:00,223.96,221.54,224.76,220.66,105669440,4.97,2.00,34.30,腾讯财经
2026-08-10 16:40:04,223.96,221.54,224.76,220.66,105669440,4.97,2.00,34.30,腾讯财经
2026-08-10 16:50:01,223.96,221.54,224.76,220.66,105669440,4.97,2.00,34.30,腾讯财经
2026-08-10 17:00:00,223.96,221.54,224.76,220.66,105669440,4.97,2.00,34.30,腾讯财经
2026-08-10 17:10:00,223.96,221.54,224.76,220.66,105669440,4.97,2.00,34.30,腾讯财经
2026-08-10 17:20:03,223.96,221.54,224.76,220.66,105669440,4.97,2.00,34.30,腾讯财经
2026-08-10 17:30:01,223.96,221.54,224.76,220.66,105669440,4.97,2.00,34.30,腾讯财经
2026-08-10 18:00:44,223.96,221.54,224.76,220.66,105669440,4.97,2.00,34.30,腾讯财经
2026-08-10 18:10:01,223.96,221.54,224.76,220.66,105669440,4.97,2.00,34.30,腾讯财经
2026-08-10 18:20:02,223.96,221.54,224.76,220.66,105669440,4.97,2.00,34.30,腾讯财经
2026-08-10 18:30:00,223.96,221.54,224.76,220.66,105669440,4.97,2.00,34.30,腾讯财经
2026-08-10 18:40:00,223.96,221.54,224.76,220.66,105669440,4.97,2.00,34.30,腾讯财经
2026-08-10 18:50:00,223.96,221.54,224.76,220.66,105669440,4.97,2.00,34.30,腾讯财经
2026-08-10 19:00:04,223.96,221.54,224.76,220.66,105669440,4.97,2.00,34.30,腾讯财经
2026-08-10 19:10:05,223.96,221.54,224.76,220.66,105669440,4.97,2.00,34.30,腾讯财经
2026-08-10 19:20:02,223.96,221.54,224.76,220.66,105669440,4.97,2.00,34.30,腾讯财经
2026-08-10 19:30:00,223.96,221.54,224.76,220.66,105669440,4.97,2.00,34.30,腾讯财经
2026-08-10 19:40:01,223.96,221.54,224.76,220.66,105669440,4.97,2.00,34.30,腾讯财经
2026-08-10 19:50:00,223.96,221.54,224.76,220.66,105669440,4.97,2.00,34.30,腾讯财经
2026-08-10 20:00:01,223.96,221.54,224.76,220.66,105669440,4.97,2.00,34.30,腾讯财经
2026-08-10 20:10:00,223.96,221.54,224.76,220.66,105669440,4.97,2.00,34.30,腾讯财经
2026-08-10 20:20:00,223.96,221.54,224.76,220.66,105669440,4.97,2.00,34.30,腾讯财经
2026-08-10 20:30:00,223.96,221.54,224.76,220.66,105669440,4.97,2.00,34.30,腾讯财经
2026-08-11 08:50:00,217.55,223.40,224.14,216.77,115846596,-6.41,-2.00,33.32,腾讯财经
2026-08-11 09:00:04,217.55,223.40,224.14,216.77,115846596,-6.41,-2.00,33.32,腾讯财经
2026-08-11 09:10:01,217.55,223.40,224.14,216.77,115846596,-6.41,-2.00,33.32,腾讯财经
2026-08-11 09:20:03,217.55,223.40,224.14,216.77,115846596,-6.41,-2.00,33.32,腾讯财经
2026-08-11 09:30:03,217.55,223.40,224.14,216.77,115846596,-6.41,-2.00,33.32,腾讯财经
2026-08-11 09:40:00,217.55,223.40,224.14,216.77,115846596,-6.41,-2.00,33.32,腾讯财经
2026-08-11 09:50:00,217.55,223.40,224.14,216.77,115846596,-6.41,-2.00,33.32,腾讯财经
2026-08-11 10:00:00,217.55,223.40,224.14,216.77,115846596,-6.41,-2.00,33.32,腾讯财经
2026-08-11 10:10:00,217.55,223.40,224.14,216.77,115846596,-6.41,-2.00,33.32,腾讯财经
2026-08-11 10:20:03,217.55,223.40,224.14,216.77,115846596,-6.41,-2.00,33.32,腾讯财经
2026-08-11 10:30:02,217.55,223.40,224.14,216.77,115846596,-6.41,-2.00,33.32,腾讯财经
2026-08-11 10:40:00,217.55,223.40,224.14,216.77,115846596,-6.41,-2.00,33.32,腾讯财经
2026-08-11 10:50:00,217.55,223.40,224.14,216.77,115846596,-6.41,-2.00,33.32,腾讯财经
2026-08-11 11:00:04,217.55,223.40,224.14,216.77,115846596,-6.41,-2.00,33.32,腾讯财经
2026-08-11 11:10:03,217.55,223.40,224.14,216.77,115846596,-6.41,-2.00,33.32,腾讯财经
2026-08-11 11:20:04,217.55,223.40,224.14,216.77,115846596,-6.41,-2.00,33.32,腾讯财经
2026-08-11 11:30:00,217.55,223.40,224.14,216.77,115846596,-6.41,-2.00,33.32,腾讯财经
2026-08-11 11:40:00,217.55,223.40,224.14,216.77,115846596,-6.41,-2.00,33.32,腾讯财经
2026-08-11 11:50:02,217.55,223.40,224.14,216.77,115846596,-6.41,-2.00,33.32,腾讯财经
2026-08-11 12:00:03,217.55,223.40,224.14,216.77,115846596,-6.41,-2.00,33.32,腾讯财经
2026-08-11 12:10:00,217.55,223.40,224.14,216.77,115846596,-6.41,-2.00,33.32,腾讯财经
2026-08-11 12:20:00,217.55,223.40,224.14,216.77,115846596,-6.41,-2.00,33.32,腾讯财经
2026-08-11 12:30:04,217.55,223.40,224.14,216.77,115846596,-6.41,-2.00,33.32,腾讯财经
2026-08-11 12:40:04,217.55,223.40,224.14,216.77,115846596,-6.41,-2.00,33.32,腾讯财经
2026-08-11 12:50:03,217.55,223.40,224.14,216.77,115846596,-6.41,-2.00,33.32,腾讯财经
2026-08-11 13:00:04,217.55,223.40,224.14,216.77,115846596,-6.41,-2.00,33.32,腾讯财经
2026-08-11 13:10:00,217.55,223.40,224.14,216.77,115846596,-6.41,-2.00,33.32,腾讯财经
2026-08-11 13:20:05,217.55,223.40,224.14,216.77,115846596,-6.41,-2.00,33.32,腾讯财经
2026-08-11 13:30:02,217.55,223.40,224.14,216.77,115846596,-6.41,-2.00,33.32,腾讯财经
2026-08-11 13:40:00,217.55,223.40,224.14,216.77,115846596,-6.41,-2.00,33.32,腾讯财经
2026-08-11 13:50:02,217.55,223.40,224.14,216.77,115846596,-6.41,-2.00,33.32,腾讯财经
2026-08-11 14:30:01,217.55,223.40,224.14,216.77,115846596,-6.41,-2.00,33.32,腾讯财经
2026-08-11 14:40:05,217.55,223.40,224.14,216.77,115846596,-6.41,-2.00,33.32,腾讯财经
2026-08-11 14:50:04,217.55,223.40,224.14,216.77,115846596,-6.41,-2.00,33.32,腾讯财经
2026-08-11 15:00:00,217.55,223.40,224.14,216.77,115846596,-6.41,-2.00,33.32,腾讯财经
2026-08-11 15:10:00,217.55,223.40,224.14,216.77,115846596,-6.41,-2.00,33.32,腾讯财经
2026-08-11 15:20:05,217.55,223.40,224.14,216.77,115846596,-6.41,-2.00,33.32,腾讯财经
2026-08-11 15:30:00,217.55,223.40,224.14,216.77,115846596,-6.41,-2.00,33.32,腾讯财经
2026-08-11 15:40:02,217.55,223.40,224.14,216.77,115846596,-6.41,-2.00,33.32,腾讯财经
2026-08-11 15:50:02,217.55,223.40,224.14,216.77,115846596,-6.41,-2.00,33.32,腾讯财经
2026-08-11 16:00:00,217.55,223.40,224.14,216.77,115846596,-6.41,-2.00,33.32,腾讯财经
2026-08-11 16:10:02,217.55,223.40,224.14,216.77,115846596,-6.41,-2.00,33.32,腾讯财经
2026-08-11 16:20:05,217.55,223.40,224.14,216.77,115846596,-6.41,-2.00,33.32,腾讯财经
2026-08-11 16:30:01,217.55,223.40,224.14,216.77,115846596,-6.41,-2.00,33.32,腾讯财经
2026-08-11 16:40:05,217.55,223.40,224.14,216.77,115846596,-6.41,-2.00,33.32,腾讯财经
2026-08-11 16:50:01,217.55,223.40,224.14,216.77,115846596,-6.41,-2.00,33.32,腾讯财经
2026-08-11 17:00:00,217.55,223.40,224.14,216.77,115846596,-6.41,-2.00,33.32,腾讯财经
2026-08-11 17:10:00,217.55,223.40,224.14,216.77,115846596,-6.41,-2.00,33.32,腾讯财经
2026-08-11 17:20:01,217.55,223.40,224.14,216.77,115846596,-6.41,-2.00,33.32,腾讯财经
2026-08-11 17:30:04,217.55,223.40,224.14,216.77,115846596,-6.41,-2.00,33.32,腾讯财经
2026-08-11 17:40:00,217.55,223.40,224.14,216.77,115846596,-6.41,-2.00,33.32,腾讯财经
2026-08-11 17:50:03,217.55,223.40,224.14,216.77,115846596,-6.41,-2.00,33.32,腾讯财经
2026-08-11 18:00:05,217.55,223.40,224.14,216.77,115846596,-6.41,-2.00,33.32,腾讯财经
2026-08-11 18:10:00,217.55,223.40,224.14,216.77,115846596,-6.41,-2.00,33.32,腾讯财经
2026-08-11 18:20:00,217.55,223.40,224.14,216.77,115846596,-6.41,-2.00,33.32,腾讯财经
2026-08-11 18:30:02,217.55,223.40,224.14,216.77,115846596,-6.41,-2.00,33.32,腾讯财经
2026-08-11 18:40:02,217.55,223.40,224.14,216.77,115846596,-6.41,-2.00,33.32,腾讯财经
2026-08-11 18:50:00,217.55,223.40,224.14,216.77,115846596,-6.41,-2.00,33.32,腾讯财经
2026-08-11 19:00:02,217.55,223.40,224.14,216.77,115846596,-6.41,-2.00,33.32,腾讯财经
2026-08-11 19:10:00,217.55,223.40,224.14,216.77,115846596,-6.41,-2.00,33.32,腾讯财经
2026-08-11 19:20:01,217.55,223.40,224.14,216.77,115846596,-6.41,-2.00,33.32,腾讯财经
2026-08-11 19:30:04,217.55,223.40,224.14,216.77,115846596,-6.41,-2.00,33.32,腾讯财经
2026-08-11 19:40:05,217.55,223.40,224.14,216.77,115846596,-6.41,-2.00,33.32,腾讯财经
2026-08-11 19:50:00,217.55,223.40,224.14,216.77,115846596,-6.41,-2.00,33.32,腾讯财经
2026-08-11 20:00:00,217.55,223.40,224.14,216.77,115846596,-6.41,-2.00,33.32,腾讯财经
2026-08-11 20:10:05,217.55,223.40,224.14,216.77,115846596,-6.41,-2.00,33.32,腾讯财经
2026-08-11 20:20:02,217.55,223.40,224.14,216.77,115846596,-6.41,-2.00,33.32,腾讯财经
2026-08-11 20:30:05,217.55,223.40,224.14,216.77,115846596,-6.41,-2.00,33.32,腾讯财经
2026-08-11 20:40:00,217.55,223.40,224.14,216.77,115846596,-6.41,-2.00,33.32,腾讯财经
2026-08-11 20:50:00,217.55,223.40,224.14,216.77,115846596,-6.41,-2.00,33.32,腾讯财经
2026-08-11 21:00:00,217.55,223.40,224.14,216.77,115846596,-6.41,-2.00,33.32,腾讯财经
2026-08-11 21:10:00,217.55,223.40,224.14,216.77,115846596,-6.41,-2.00,33.32,腾讯财经
2026-08-11 21:20:00,217.55,223.40,224.14,216.77,115846596,-6.41,-2.00,33.32,腾讯财经
2026-08-11 21:30:00,217.55,0.00,0.00,0.00,4232786,0,0,33.32,腾讯财经
2026-08-11 21:40:00,219.57,222.15,222.20,219.25,10870137,2.02,0,33.62,腾讯财经
2026-08-11 21:50:04,220.08,222.17,222.20,219.25,14863341,2.53,1.00,33.70,腾讯财经
2026-08-11 22:00:00,219.72,222.17,222.20,218.83,18026467,2.17,0,33.65,腾讯财经
2026-08-11 22:10:00,219.70,222.17,222.20,218.83,20729673,2.15,0,33.64,腾讯财经
2026-08-11 22:20:04,219.33,222.17,222.20,218.83,23681479,1.78,0,33.59,腾讯财经
2026-08-11 22:30:02,219.53,222.17,222.20,218.83,25925135,1.98,0,33.62,腾讯财经
2026-08-11 22:40:00,219.05,222.17,222.20,218.83,28497969,1.50,0,33.54,腾讯财经
2026-08-11 22:50:01,219.48,222.17,222.20,218.83,30561212,1.93,0,33.61,腾讯财经
2026-08-11 23:00:00,219.75,222.17,222.20,218.83,33006478,2.20,1.00,33.65,腾讯财经
2026-08-11 23:10:00,219.26,222.17,222.20,218.83,34543878,1.71,0,33.58,腾讯财经
2026-08-11 23:20:00,218.79,222.17,222.20,218.47,36722584,1.24,0,33.51,腾讯财经
2026-08-11 23:30:00,219.10,222.17,222.20,218.47,38651380,1.55,0,33.55,腾讯财经
2026-08-11 23:40:00,218.92,222.17,222.20,218.47,40094753,1.37,0,33.53,腾讯财经
2026-08-11 23:50:01,218.50,222.17,222.20,218.45,41528141,.95,0,33.46,腾讯财经
2026-08-12 00:00:00,218.54,222.17,222.20,218.42,43072557,.99,0,33.47,腾讯财经
2026-08-12 00:10:01,218.30,222.17,222.20,218.25,44155828,.75,0,33.43,腾讯财经
2026-08-12 00:20:00,218.55,222.17,222.20,218.25,45330532,1.00,0,33.47,腾讯财经
2026-08-12 00:30:00,218.63,222.17,222.20,218.25,46466670,1.08,0,33.48,腾讯财经
2026-08-12 00:40:02,219.22,222.17,222.20,218.25,47923522,1.67,0,33.57,腾讯财经
2026-08-12 00:50:00,218.12,222.17,222.20,218.11,49399592,.57,0,33.40,腾讯财经
2026-08-12 01:00:02,217.71,222.17,222.20,217.65,51172051,.16,0,33.34,腾讯财经
2026-08-12 01:10:01,217.61,222.17,222.20,217.53,52612217,.06,0,33.32,腾讯财经
2026-08-12 01:20:02,217.09,222.17,222.20,216.72,55030844,-.46,0,33.25,腾讯财经
2026-08-12 01:30:01,217.33,222.17,222.20,216.72,56344883,-.22,0,33.28,腾讯财经
2026-08-12 01:40:02,217.11,222.17,222.20,216.72,57595910,-.44,0,33.25,腾讯财经
2026-08-12 01:50:01,217.67,222.17,222.20,216.72,58761552,.12,0,33.33,腾讯财经
2026-08-12 02:00:01,217.76,222.17,222.20,216.72,59609337,.21,0,33.35,腾讯财经
2026-08-12 02:10:04,217.17,222.17,222.20,216.72,60701394,-.38,0,33.26,腾讯财经
2026-08-12 02:20:02,216.94,222.17,222.20,216.72,61737596,-.61,0,33.22,腾讯财经
2026-08-12 02:30:04,216.47,222.17,222.20,216.30,63433563,-1.08,0,33.15,腾讯财经
2026-08-12 02:40:00,216.77,222.17,222.20,216.30,64934315,-.78,0,33.20,腾讯财经
2026-08-12 02:50:00,217.24,222.17,222.20,216.30,65918971,-.31,0,33.27,腾讯财经
2026-08-12 03:00:02,217.14,222.17,222.20,216.30,67032570,-.41,0,33.25,腾讯财经
2026-08-12 03:10:03,217.32,222.17,222.20,216.30,68422121,-.23,0,33.28,腾讯财经
2026-08-12 03:20:00,217.59,222.17,222.20,216.30,69504504,.04,0,33.32,腾讯财经
2026-08-12 03:30:00,217.86,222.17,222.20,216.30,70961671,.31,0,33.36,腾讯财经
2026-08-12 03:40:05,218.16,222.17,222.20,216.30,72610531,.61,0,33.41,腾讯财经
2026-08-12 03:50:01,217.17,222.17,222.20,216.30,74374996,-.38,0,33.26,腾讯财经
2026-08-12 04:00:05,217.48,222.17,222.20,216.30,82076021,-.07,0,33.30,腾讯财经
2026-08-12 04:10:05,217.50,222.17,222.20,216.30,100319608,-.05,0,33.31,腾讯财经
2026-08-12 04:20:03,217.50,222.17,222.20,216.20,100391571,-.05,0,33.31,腾讯财经
2026-08-12 04:30:00,217.50,222.17,222.20,216.20,100538465,-.05,0,33.31,腾讯财经
2026-08-12 04:40:00,217.50,222.17,222.20,216.20,100602891,-.05,0,33.31,腾讯财经
2026-08-12 04:50:03,217.50,222.17,222.20,216.20,100638003,-.05,0,33.31,腾讯财经
2026-08-12 05:00:00,217.50,222.17,222.20,216.20,100675072,-.05,0,33.31,腾讯财经
2026-08-12 05:10:00,217.50,222.17,222.20,216.20,100706834,-.05,0,33.31,腾讯财经
2026-08-12 05:20:02,217.50,222.17,222.20,216.20,100832657,-.05,0,33.31,腾讯财经
2026-08-12 05:30:00,217.50,222.17,222.20,216.20,100850265,-.05,0,33.31,腾讯财经
2026-08-12 05:40:01,217.50,222.17,222.20,216.20,100910795,-.05,0,33.31,腾讯财经
2026-08-12 05:50:00,217.50,222.17,222.20,216.20,100924460,-.05,0,33.31,腾讯财经
2026-08-12 06:00:01,217.50,222.17,222.20,216.20,100941503,-.05,0,33.31,腾讯财经
2026-08-12 06:10:00,217.50,222.17,222.20,216.20,100986832,-.05,0,33.31,腾讯财经
2026-08-12 06:20:05,217.50,222.17,222.20,216.20,101018845,-.05,0,33.31,腾讯财经
2026-08-12 06:30:00,217.50,222.17,222.20,216.20,101054380,-.05,0,33.31,腾讯财经
2026-08-12 06:40:00,217.50,222.17,222.20,216.20,101077691,-.05,0,33.31,腾讯财经
2026-08-12 06:50:01,217.50,222.17,222.20,216.20,101107980,-.05,0,33.31,腾讯财经
2026-08-12 07:00:03,217.50,222.17,222.20,216.20,101135459,-.05,0,33.31,腾讯财经
2026-08-12 07:10:00,217.50,222.17,222.20,216.20,101153111,-.05,0,33.31,腾讯财经
2026-08-12 07:20:01,217.50,222.17,222.20,216.20,101173935,-.05,0,33.31,腾讯财经
2026-08-12 07:30:00,217.50,222.17,222.20,216.20,101183697,-.05,0,33.31,腾讯财经
2026-08-12 07:40:00,217.50,222.17,222.20,216.20,101204155,-.05,0,33.31,腾讯财经
2026-08-12 07:50:00,217.50,222.17,222.20,216.20,101229822,-.05,0,33.31,腾讯财经
2026-08-12 08:00:02,217.50,222.17,222.20,216.20,101272075,-.05,0,33.31,腾讯财经
2026-08-12 08:10:00,217.50,222.17,222.20,216.20,101273148,-.05,0,33.31,腾讯财经
2026-08-12 08:20:01,217.50,222.17,222.20,216.20,101273148,-.05,0,33.31,腾讯财经
2026-08-12 08:30:01,217.50,222.17,222.20,216.20,101273148,-.05,0,33.31,腾讯财经
2026-08-12 08:40:00,217.50,222.17,222.20,216.20,101273148,-.05,0,33.31,腾讯财经
2026-08-12 08:50:02,217.50,222.17,222.20,216.20,101273148,-.05,0,33.31,腾讯财经
2026-08-12 09:00:04,217.50,222.17,222.20,216.20,101273148,-.05,0,33.31,腾讯财经
2026-08-12 09:10:00,217.50,222.17,222.20,216.20,101273148,-.05,0,33.31,腾讯财经
2026-08-12 09:20:00,217.50,222.17,222.20,216.20,101273148,-.05,0,33.31,腾讯财经
2026-08-12 09:30:00,217.50,222.17,222.20,216.20,101273148,-.05,0,33.31,腾讯财经
2026-08-12 09:40:05,217.50,222.17,222.20,216.20,101273148,-.05,0,33.31,腾讯财经
2026-08-12 09:50:00,217.50,222.17,222.20,216.20,101273148,-.05,0,33.31,腾讯财经
2026-08-12 10:00:05,217.50,222.17,222.20,216.20,101273148,-.05,0,33.31,腾讯财经
2026-08-12 10:10:01,217.50,222.17,222.20,216.20,101273148,-.05,0,33.31,腾讯财经
2026-08-12 10:20:00,217.50,222.17,222.20,216.20,101273148,-.05,0,33.31,腾讯财经
2026-08-12 10:30:03,217.50,222.17,222.20,216.20,101273148,-.05,0,33.31,腾讯财经
2026-08-12 10:40:00,217.50,222.17,222.20,216.20,101273148,-.05,0,33.31,腾讯财经
2026-08-12 10:50:05,217.50,222.17,222.20,216.20,101273148,-.05,0,33.31,腾讯财经
2026-08-12 11:00:00,217.50,222.17,222.20,216.20,101273148,-.05,0,33.31,腾讯财经
2026-08-12 11:10:00,217.50,222.17,222.20,216.20,101273148,-.05,0,33.31,腾讯财经
2026-08-12 11:20:03,217.50,222.17,222.20,216.20,101273148,-.05,0,33.31,腾讯财经
2026-08-12 11:30:03,217.50,222.17,222.20,216.20,101273148,-.05,0,33.31,腾讯财经
2026-08-12 11:40:00,217.50,222.17,222.20,216.20,101273148,-.05,0,33.31,腾讯财经
2026-08-12 11:50:00,217.50,222.17,222.20,216.20,101273148,-.05,0,33.31,腾讯财经
2026-08-12 12:00:04,217.50,222.17,222.20,216.20,101273148,-.05,0,33.31,腾讯财经
2026-08-12 12:10:00,217.50,222.17,222.20,216.20,101273148,-.05,0,33.31,腾讯财经
2026-08-12 12:20:01,217.50,222.17,222.20,216.20,101273148,-.05,0,33.31,腾讯财经
2026-08-12 12:30:02,217.50,222.17,222.20,216.20,101273148,-.05,0,33.31,腾讯财经
2026-08-12 12:40:04,217.50,222.17,222.20,216.20,101273148,-.05,0,33.31,腾讯财经
2026-08-12 12:50:00,217.50,222.17,222.20,216.20,101273148,-.05,0,33.31,腾讯财经
2026-08-12 13:00:00,217.50,222.17,222.20,216.20,101273148,-.05,0,33.31,腾讯财经
2026-08-12 13:10:01,217.50,222.17,222.20,216.20,101273148,-.05,0,33.31,腾讯财经
2026-08-12 13:20:02,217.50,222.17,222.20,216.20,101273148,-.05,0,33.31,腾讯财经
2026-08-12 13:30:05,217.50,222.17,222.20,216.20,101273148,-.05,0,33.31,腾讯财经
2026-08-12 13:40:00,217.50,222.17,222.20,216.20,101273148,-.05,0,33.31,腾讯财经
2026-08-12 13:50:01,217.50,222.17,222.20,216.20,101273148,-.05,0,33.31,腾讯财经
2026-08-12 14:00:03,217.50,222.17,222.20,216.20,101273148,-.05,0,33.31,腾讯财经
2026-08-12 14:10:03,217.50,222.17,222.20,216.20,101273148,-.05,0,33.31,腾讯财经
2026-08-12 14:20:00,217.50,222.17,222.20,216.20,101273148,-.05,0,33.31,腾讯财经
2026-08-12 14:30:03,217.50,222.17,222.20,216.20,101273148,-.05,0,33.31,腾讯财经
2026-08-12 14:40:02,217.50,222.17,222.20,216.20,101273148,-.05,0,33.31,腾讯财经
2026-08-12 14:50:02,217.50,222.17,222.20,216.20,101273148,-.05,0,33.31,腾讯财经
2026-08-12 15:00:00,217.50,222.17,222.20,216.20,101273148,-.05,0,33.31,腾讯财经
2026-08-12 15:10:02,217.50,222.17,222.20,216.20,101273148,-.05,0,33.31,腾讯财经
2026-08-12 15:20:02,217.50,222.17,222.20,216.20,101273148,-.05,0,33.31,腾讯财经
2026-08-12 15:30:00,217.50,222.17,222.20,216.20,101273148,-.05,0,33.31,腾讯财经
2026-08-12 15:40:01,217.50,222.17,222.20,216.20,101273148,-.05,0,33.31,腾讯财经
2026-08-12 15:50:04,217.50,222.17,222.20,216.20,101273148,-.05,0,33.31,腾讯财经
2026-08-12 16:00:00,217.50,222.17,222.20,216.20,101273148,-.05,0,33.31,腾讯财经
2026-08-12 16:10:05,217.50,222.17,222.20,216.20,101273148,-.05,0,33.31,腾讯财经
2026-08-12 16:20:01,217.50,222.17,222.20,216.20,101273148,-.05,0,33.31,腾讯财经
2026-08-12 16:30:03,217.50,222.17,222.20,216.20,101273148,-.05,0,33.31,腾讯财经
2026-08-12 16:40:05,217.50,222.17,222.20,216.20,101273148,-.05,0,33.31,腾讯财经
2026-08-12 16:50:00,217.50,222.17,222.20,216.20,101273148,-.05,0,33.31,腾讯财经
2026-08-12 17:00:03,217.50,222.17,222.20,216.20,101273148,-.05,0,33.31,腾讯财经
2026-08-12 17:10:00,217.50,222.17,222.20,216.20,101273148,-.05,0,33.31,腾讯财经
2026-08-12 17:20:00,217.50,222.17,222.20,216.20,101273148,-.05,0,33.31,腾讯财经
2026-08-12 17:30:03,217.50,222.17,222.20,216.20,101273148,-.05,0,33.31,腾讯财经
2026-08-12 17:40:05,217.50,222.17,222.20,216.20,101273148,-.05,0,33.31,腾讯财经
2026-08-12 17:50:00,217.50,222.17,222.20,216.20,101273148,-.05,0,33.31,腾讯财经
2026-08-12 18:00:02,217.50,222.17,222.20,216.20,101273148,-.05,0,33.31,腾讯财经
2026-08-12 18:10:04,217.50,222.17,222.20,216.20,101273148,-.05,0,33.31,腾讯财经
2026-08-12 18:20:00,217.50,222.17,222.20,216.20,101273148,-.05,0,33.31,腾讯财经
2026-08-12 18:30:00,217.50,222.17,222.20,216.20,101273148,-.05,0,33.31,腾讯财经
2026-08-12 18:40:03,217.50,222.17,222.20,216.20,101273148,-.05,0,33.31,腾讯财经
2026-08-12 18:50:05,217.50,222.17,222.20,216.20,101273148,-.05,0,33.31,腾讯财经
2026-08-12 19:00:00,217.50,222.17,222.20,216.20,101273148,-.05,0,33.31,腾讯财经
2026-08-12 19:10:00,217.50,222.17,222.20,216.20,101273148,-.05,0,33.31,腾讯财经
2026-08-12 19:20:00,217.50,222.17,222.20,216.20,101273148,-.05,0,33.31,腾讯财经
2026-08-12 19:30:02,217.50,222.17,222.20,216.20,101273148,-.05,0,33.31,腾讯财经
2026-08-12 19:40:00,217.50,222.17,222.20,216.20,101273148,-.05,0,33.31,腾讯财经
2026-08-12 19:50:00,217.50,222.17,222.20,216.20,101273148,-.05,0,33.31,腾讯财经
2026-08-12 20:00:00,217.50,222.17,222.20,216.20,101273148,-.05,0,33.31,腾讯财经
2026-08-12 20:10:02,217.50,222.17,222.20,216.20,101273148,-.05,0,33.31,腾讯财经
2026-08-12 20:20:00,217.50,222.17,222.20,216.20,101273148,-.05,0,33.31,腾讯财经
2026-08-12 20:30:04,217.50,222.17,222.20,216.20,101273148,-.05,0,33.31,腾讯财经
2026-08-12 20:40:04,217.50,222.17,222.20,216.20,101273148,-.05,0,33.31,腾讯财经
2026-08-12 20:50:00,217.50,222.17,222.20,216.20,101273148,-.05,0,33.31,腾讯财经
2026-08-12 21:00:00,217.50,222.17,222.20,216.20,101273148,-.05,0,33.31,腾讯财经
2026-08-12 21:10:00,217.50,222.17,222.20,216.20,101273148,-.05,0,33.31,腾讯财经
2026-08-12 21:20:04,217.50,222.17,222.20,216.20,101273148,-.05,0,33.31,腾讯财经
2026-08-12 21:30:00,217.50,0.00,0.00,0.00,3147376,0,0,33.31,腾讯财经
2026-08-12 21:40:00,221.09,221.04,222.45,220.20,11333396,3.59,1.00,33.86,腾讯财经
2026-08-12 21:50:01,223.00,221.04,223.20,220.20,16731205,5.50,2.00,34.15,腾讯财经
2026-08-12 22:00:04,223.64,221.04,223.83,220.20,21654786,6.14,2.00,34.25,腾讯财经
2026-08-12 22:10:00,223.00,221.04,224.05,220.20,25646182,5.50,2.00,34.15,腾讯财经
2026-08-12 22:20:05,223.25,221.04,224.05,220.20,28844485,5.75,2.00,34.19,腾讯财经
2026-08-12 22:30:01,224.48,221.04,224.73,220.20,32598005,6.98,3.00,34.38,腾讯财经
2026-08-12 22:40:01,224.50,221.04,224.76,220.20,35530436,7.00,3.00,34.38,腾讯财经
2026-08-12 22:50:01,224.45,221.04,225.10,220.20,40373167,6.95,3.00,34.37,腾讯财经
2026-08-12 23:00:04,223.75,221.04,225.10,220.20,43168615,6.25,2.00,34.26,腾讯财经
2026-08-12 23:10:00,223.61,221.04,225.10,220.20,45242053,6.11,2.00,34.24,腾讯财经
2026-08-12 23:20:02,223.72,221.04,225.10,220.20,47022944,6.22,2.00,34.26,腾讯财经
2026-08-12 23:30:00,223.79,221.04,225.10,220.20,48535357,6.29,2.00,34.27,腾讯财经
2026-08-12 23:40:03,223.35,221.04,225.10,220.20,49972713,5.85,2.00,34.20,腾讯财经
2026-08-12 23:50:00,223.28,221.04,225.10,220.20,51893881,5.78,2.00,34.19,腾讯财经
2026-08-13 00:00:01,222.97,221.04,225.10,220.20,53524192,5.47,2.00,34.15,腾讯财经
2026-08-13 00:10:03,223.33,221.04,225.10,220.20,55281455,5.83,2.00,34.20,腾讯财经
2026-08-13 00:20:00,223.44,221.04,225.10,220.20,56911554,5.94,2.00,34.22,腾讯财经
2026-08-13 00:30:00,223.23,221.04,225.10,220.20,57993049,5.73,2.00,34.18,腾讯财经
2026-08-13 00:40:05,223.15,221.04,225.10,220.20,59483798,5.65,2.00,34.17,腾讯财经
2026-08-13 00:50:00,223.17,221.04,225.10,220.20,60885072,5.67,2.00,34.18,腾讯财经
2026-08-13 01:00:00,223.74,221.04,225.10,220.20,62453763,6.24,2.00,34.26,腾讯财经
2026-08-13 01:10:01,224.01,221.04,225.10,220.20,63989274,6.51,2.00,34.30,腾讯财经
2026-08-13 01:20:00,223.79,221.04,225.10,220.20,65196934,6.29,2.00,34.27,腾讯财经
2026-08-13 01:30:00,224.04,221.04,225.10,220.20,66228681,6.54,3.00,34.31,腾讯财经
2026-08-13 01:40:00,223.97,221.04,225.10,220.20,67317829,6.47,2.00,34.30,腾讯财经
2026-08-13 01:50:04,223.74,221.04,225.10,220.20,68619422,6.24,2.00,34.26,腾讯财经
2026-08-13 02:00:00,223.68,221.04,225.10,220.20,69868545,6.18,2.00,34.25,腾讯财经
2026-08-13 02:10:01,223.56,221.04,225.10,220.20,71119428,6.06,2.00,34.24,腾讯财经
2026-08-13 02:20:00,223.76,221.04,225.10,220.20,72295242,6.26,2.00,34.27,腾讯财经
2026-08-13 02:30:01,224.09,221.04,225.10,220.20,73454529,6.59,3.00,34.32,腾讯财经
2026-08-13 02:40:05,223.95,221.04,225.10,220.20,74810486,6.45,2.00,34.30,腾讯财经
2026-08-13 02:50:00,223.78,221.04,225.10,220.20,75946388,6.28,2.00,34.27,腾讯财经
2026-08-13 03:00:00,223.69,221.04,225.10,220.20,76893397,6.19,2.00,34.26,腾讯财经
2026-08-13 03:10:00,223.70,221.04,225.10,220.20,77970913,6.20,2.00,34.26,腾讯财经
2026-08-13 03:20:01,223.29,221.04,225.10,220.20,79268858,5.79,2.00,34.19,腾讯财经
2026-08-13 03:30:01,223.05,221.04,225.10,220.20,80952460,5.55,2.00,34.16,腾讯财经
2026-08-13 03:40:00,222.45,221.04,225.10,220.20,82958241,4.95,2.00,34.07,腾讯财经
2026-08-13 03:50:02,223.05,221.04,225.10,220.20,85426124,5.55,2.00,34.16,腾讯财经
2026-08-13 04:00:00,224.26,221.04,225.10,220.20,90912188,6.76,3.00,34.34,腾讯财经
2026-08-13 04:10:01,224.09,221.04,225.10,220.20,105574616,6.59,3.00,34.32,腾讯财经
2026-08-13 04:20:00,224.09,221.04,225.10,220.20,105758888,6.59,3.00,34.32,腾讯财经
2026-08-13 04:30:00,224.09,221.04,225.10,220.20,105923247,6.59,3.00,34.32,腾讯财经
2026-08-13 04:40:05,224.09,221.04,225.10,220.20,105970753,6.59,3.00,34.32,腾讯财经
2026-08-13 04:50:02,224.09,221.04,225.10,220.20,106408490,6.59,3.00,34.32,腾讯财经
2026-08-13 05:00:00,224.09,221.04,225.10,220.20,106431313,6.59,3.00,34.32,腾讯财经
2026-08-13 05:10:00,224.09,221.04,225.10,220.20,106444630,6.59,3.00,34.32,腾讯财经
2026-08-13 05:20:04,224.09,221.04,225.10,220.20,108405013,6.59,3.00,34.32,腾讯财经
2026-08-13 05:30:05,224.09,221.04,225.10,220.20,108420357,6.59,3.00,34.32,腾讯财经
2026-08-13 05:40:00,224.09,221.04,225.10,220.20,108464577,6.59,3.00,34.32,腾讯财经
2026-08-13 05:50:00,224.09,221.04,225.10,220.20,108492231,6.59,3.00,34.32,腾讯财经
2026-08-13 06:00:00,224.09,221.04,225.10,220.20,108517465,6.59,3.00,34.32,腾讯财经
2026-08-13 06:10:05,224.09,221.04,225.10,220.20,108536858,6.59,3.00,34.32,腾讯财经
2026-08-13 06:20:04,224.09,221.04,225.10,220.20,108577998,6.59,3.00,34.32,腾讯财经
2026-08-13 06:30:01,224.09,221.04,225.10,220.20,108590766,6.59,3.00,34.32,腾讯财经
2026-08-13 06:40:00,224.09,221.04,225.10,220.20,108605300,6.59,3.00,34.32,腾讯财经
2026-08-13 06:50:03,224.09,221.04,225.10,220.20,108622612,6.59,3.00,34.32,腾讯财经
2026-08-13 07:00:00,224.09,221.04,225.10,220.20,108632875,6.59,3.00,34.32,腾讯财经
2026-08-13 07:10:00,224.09,221.04,225.10,220.20,108657602,6.59,3.00,34.32,腾讯财经
2026-08-13 07:20:01,224.09,221.04,225.10,220.20,108678380,6.59,3.00,34.32,腾讯财经
2026-08-13 07:30:00,224.09,221.04,225.10,220.20,108693482,6.59,3.00,34.32,腾讯财经
2026-08-13 07:40:00,224.09,221.04,225.10,220.20,108709128,6.59,3.00,34.32,腾讯财经
2026-08-13 07:50:01,224.09,221.04,225.10,220.20,108726209,6.59,3.00,34.32,腾讯财经
2026-08-13 08:00:00,224.09,221.04,225.10,220.20,108778453,6.59,3.00,34.32,腾讯财经
2026-08-13 08:10:00,224.09,221.04,225.10,220.20,108783636,6.59,3.00,34.32,腾讯财经
2026-08-13 08:20:01,224.09,221.04,225.10,220.20,108783636,6.59,3.00,34.32,腾讯财经
2026-08-13 08:30:00,224.09,221.04,225.10,220.20,108783636,6.59,3.00,34.32,腾讯财经
2026-08-13 08:40:00,224.09,221.04,225.10,220.20,108783636,6.59,3.00,34.32,腾讯财经
2026-08-13 08:49:56,224.09,221.04,225.10,220.20,108783636,6.59,3.00,34.32,腾讯财经
2026-08-13 08:50:06,224.09,221.04,225.10,220.20,108783636,6.59,3.00,34.32,腾讯财经
2026-08-13 09:00:05,224.09,221.04,225.10,220.20,108783636,6.59,3.00,34.32,腾讯财经
2026-08-13 09:10:03,224.09,221.04,225.10,220.20,108783636,6.59,3.00,34.32,腾讯财经
2026-08-13 09:20:05,224.09,221.04,225.10,220.20,108783636,6.59,3.00,34.32,腾讯财经
2026-08-13 09:30:05,224.09,221.04,225.10,220.20,108783636,6.59,3.00,34.32,腾讯财经
2026-08-13 09:40:04,224.09,221.04,225.10,220.20,108783636,6.59,3.00,34.32,腾讯财经
2026-08-13 09:50:03,224.09,221.04,225.10,220.20,108783636,6.59,3.00,34.32,腾讯财经
2026-08-13 10:00:02,224.09,221.04,225.10,220.20,108783636,6.59,3.00,34.32,腾讯财经
2026-08-13 10:10:00,224.09,221.04,225.10,220.20,108783636,6.59,3.00,34.32,腾讯财经
2026-08-13 10:20:02,224.09,221.04,225.10,220.20,108783636,6.59,3.00,34.32,腾讯财经
2026-08-13 10:30:05,224.09,221.04,225.10,220.20,108783636,6.59,3.00,34.32,腾讯财经
2026-08-13 10:40:01,224.09,221.04,225.10,220.20,108783636,6.59,3.00,34.32,腾讯财经
2026-08-13 10:50:02,224.09,221.04,225.10,220.20,108783636,6.59,3.00,34.32,腾讯财经
2026-08-13 11:00:01,224.09,221.04,225.10,220.20,108783636,6.59,3.00,34.32,腾讯财经
2026-08-13 11:10:00,224.09,221.04,225.10,220.20,108783636,6.59,3.00,34.32,腾讯财经
2026-08-13 11:20:01,224.09,221.04,225.10,220.20,108783636,6.59,3.00,34.32,腾讯财经
2026-08-13 11:30:05,224.09,221.04,225.10,220.20,108783636,6.59,3.00,34.32,腾讯财经
2026-08-13 11:40:01,224.09,221.04,225.10,220.20,108783636,6.59,3.00,34.32,腾讯财经
2026-08-13 11:50:01,224.09,221.04,225.10,220.20,108783636,6.59,3.00,34.32,腾讯财经
2026-08-13 12:00:02,224.09,221.04,225.10,220.20,108783636,6.59,3.00,34.32,腾讯财经
2026-08-13 12:10:04,224.09,221.04,225.10,220.20,108783636,6.59,3.00,34.32,腾讯财经
2026-08-13 12:20:00,224.09,221.04,225.10,220.20,108783636,6.59,3.00,34.32,腾讯财经
2026-08-13 12:30:03,224.09,221.04,225.10,220.20,108783636,6.59,3.00,34.32,腾讯财经
2026-08-13 12:40:03,224.09,221.04,225.10,220.20,108783636,6.59,3.00,34.32,腾讯财经
2026-08-13 12:50:01,224.09,221.04,225.10,220.20,108783636,6.59,3.00,34.32,腾讯财经
2026-08-13 13:00:00,224.09,221.04,225.10,220.20,108783636,6.59,3.00,34.32,腾讯财经
2026-08-13 13:10:04,224.09,221.04,225.10,220.20,108783636,6.59,3.00,34.32,腾讯财经
2026-08-13 13:20:00,224.09,221.04,225.10,220.20,108783636,6.59,3.00,34.32,腾讯财经
2026-08-13 13:30:00,224.09,221.04,225.10,220.20,108783636,6.59,3.00,34.32,腾讯财经
2026-08-13 13:40:02,224.09,221.04,225.10,220.20,108783636,6.59,3.00,34.32,腾讯财经
2026-08-13 13:50:04,224.09,221.04,225.10,220.20,108783636,6.59,3.00,34.32,腾讯财经
2026-08-13 14:00:00,224.09,221.04,225.10,220.20,108783636,6.59,3.00,34.32,腾讯财经
2026-08-13 14:10:00,224.09,221.04,225.10,220.20,108783636,6.59,3.00,34.32,腾讯财经
2026-08-13 14:20:00,224.09,221.04,225.10,220.20,108783636,6.59,3.00,34.32,腾讯财经
2026-08-13 14:30:00,224.09,221.04,225.10,220.20,108783636,6.59,3.00,34.32,腾讯财经
2026-08-13 14:40:05,224.09,221.04,225.10,220.20,108783636,6.59,3.00,34.32,腾讯财经
2026-08-13 14:50:01,224.09,221.04,225.10,220.20,108783636,6.59,3.00,34.32,腾讯财经
2026-08-13 15:00:03,224.09,221.04,225.10,220.20,108783636,6.59,3.00,34.32,腾讯财经
2026-08-13 15:10:04,224.09,221.04,225.10,220.20,108783636,6.59,3.00,34.32,腾讯财经
2026-08-13 15:20:04,224.09,221.04,225.10,220.20,108783636,6.59,3.00,34.32,腾讯财经
2026-08-13 15:30:02,224.09,221.04,225.10,220.20,108783636,6.59,3.00,34.32,腾讯财经
2026-08-13 15:40:05,224.09,221.04,225.10,220.20,108783636,6.59,3.00,34.32,腾讯财经
2026-08-13 15:50:02,224.09,221.04,225.10,220.20,108783636,6.59,3.00,34.32,腾讯财经
2026-08-13 16:00:00,224.09,221.04,225.10,220.20,108783636,6.59,3.00,34.32,腾讯财经
2026-08-13 16:10:00,224.09,221.04,225.10,220.20,108783636,6.59,3.00,34.32,腾讯财经
2026-08-13 16:20:00,224.09,221.04,225.10,220.20,108783636,6.59,3.00,34.32,腾讯财经
2026-08-13 16:30:00,224.09,221.04,225.10,220.20,108783636,6.59,3.00,34.32,腾讯财经
2026-08-13 16:40:04,224.09,221.04,225.10,220.20,108783636,6.59,3.00,34.32,腾讯财经
2026-08-13 16:50:02,224.09,221.04,225.10,220.20,108783636,6.59,3.00,34.32,腾讯财经
2026-08-13 17:00:00,224.09,221.04,225.10,220.20,108783636,6.59,3.00,34.32,腾讯财经
2026-08-13 17:10:00,224.09,221.04,225.10,220.20,108783636,6.59,3.00,34.32,腾讯财经
2026-08-13 17:20:01,224.09,221.04,225.10,220.20,108783636,6.59,3.00,34.32,腾讯财经
2026-08-13 17:30:00,224.09,221.04,225.10,220.20,108783636,6.59,3.00,34.32,腾讯财经
2026-08-13 17:40:00,224.09,221.04,225.10,220.20,108783636,6.59,3.00,34.32,腾讯财经
2026-08-13 17:50:02,224.09,221.04,225.10,220.20,108783636,6.59,3.00,34.32,腾讯财经
2026-08-13 18:00:00,224.09,221.04,225.10,220.20,108783636,6.59,3.00,34.32,腾讯财经
2026-08-13 18:10:00,224.09,221.04,225.10,220.20,108783636,6.59,3.00,34.32,腾讯财经
2026-08-13 18:20:02,224.09,221.04,225.10,220.20,108783636,6.59,3.00,34.32,腾讯财经
2026-08-13 18:30:00,224.09,221.04,225.10,220.20,108783636,6.59,3.00,34.32,腾讯财经
2026-08-13 18:40:00,224.09,221.04,225.10,220.20,108783636,6.59,3.00,34.32,腾讯财经
2026-08-13 18:50:00,224.09,221.04,225.10,220.20,108783636,6.59,3.00,34.32,腾讯财经
2026-08-13 19:00:01,224.09,221.04,225.10,220.20,108783636,6.59,3.00,34.32,腾讯财经
2026-08-13 19:10:01,224.09,221.04,225.10,220.20,108783636,6.59,3.00,34.32,腾讯财经
2026-08-13 19:20:00,224.09,221.04,225.10,220.20,108783636,6.59,3.00,34.32,腾讯财经
2026-08-13 19:30:02,224.09,221.04,225.10,220.20,108783636,6.59,3.00,34.32,腾讯财经
2026-08-13 19:40:05,224.09,221.04,225.10,220.20,108783636,6.59,3.00,34.32,腾讯财经
2026-08-13 19:50:04,224.09,221.04,225.10,220.20,108783636,6.59,3.00,34.32,腾讯财经
2026-08-13 20:00:00,224.09,221.04,225.10,220.20,108783636,6.59,3.00,34.32,腾讯财经
2026-08-13 20:10:00,224.09,221.04,225.10,220.20,108783636,6.59,3.00,34.32,腾讯财经
2026-08-13 20:20:01,224.09,221.04,225.10,220.20,108783636,6.59,3.00,34.32,腾讯财经
2026-08-13 20:30:04,224.09,221.04,225.10,220.20,108783636,6.59,3.00,34.32,腾讯财经
2026-08-13 20:40:04,224.09,221.04,225.10,220.20,108783636,6.59,3.00,34.32,腾讯财经
2026-08-13 20:50:02,224.09,221.04,225.10,220.20,108783636,6.59,3.00,34.32,腾讯财经
2026-08-13 21:00:01,224.09,221.04,225.10,220.20,108783636,6.59,3.00,34.32,腾讯财经
2026-08-13 21:10:04,224.09,221.04,225.10,220.20,108783636,6.59,3.00,34.32,腾讯财经
2026-08-13 21:20:04,224.09,221.04,225.10,220.20,108783636,6.59,3.00,34.32,腾讯财经
2026-08-13 21:30:04,225.17,225.06,225.23,225.04,2520910,1.08,0,34.48,腾讯财经
2026-08-13 21:40:00,225.31,225.06,227.23,224.14,13803210,1.22,0,34.50,腾讯财经
2026-08-13 21:50:02,225.42,225.06,227.23,224.14,18847291,1.33,0,34.52,腾讯财经
2026-08-13 22:00:01,225.50,225.06,227.23,224.14,22367697,1.41,0,34.53,腾讯财经
2026-08-13 22:10:03,226.22,225.06,227.23,224.14,26149344,2.13,0,34.64,腾讯财经
2026-08-13 22:20:04,225.73,225.06,227.23,224.14,28204308,1.64,0,34.57,腾讯财经
2026-08-13 22:30:03,226.18,225.06,227.23,224.14,29816835,2.09,0,34.64,腾讯财经
2026-08-13 22:40:05,226.34,225.06,227.23,224.14,31361995,2.25,1.00,34.66,腾讯财经
2026-08-13 22:50:00,225.03,225.06,227.23,224.14,34291171,.94,0,34.46,腾讯财经
2026-08-13 23:00:00,225.07,225.06,227.23,224.14,36510991,.98,0,34.47,腾讯财经
2026-08-13 23:10:01,224.59,225.06,227.23,224.14,38432865,.50,0,34.39,腾讯财经
2026-08-13 23:20:01,224.83,225.06,227.23,224.14,40347242,.74,0,34.43,腾讯财经
2026-08-13 23:30:00,224.45,225.06,227.23,224.14,42357248,.36,0,34.37,腾讯财经
2026-08-13 23:40:05,224.11,225.06,227.23,223.71,44536816,.02,0,34.32,腾讯财经
2026-08-13 23:50:00,224.64,225.06,227.23,223.71,45989512,.55,0,34.40,腾讯财经
2026-08-14 00:00:00,224.15,225.06,227.23,223.71,47135765,.06,0,34.33,腾讯财经
2026-08-14 00:10:00,225.06,225.06,227.23,223.71,48543140,.97,0,34.47,腾讯财经
2026-08-14 00:20:03,224.85,225.06,227.23,223.71,49677352,.76,0,34.43,腾讯财经
2026-08-14 00:30:00,225.29,225.06,227.23,223.71,51234459,1.20,0,34.50,腾讯财经
2026-08-14 00:40:00,225.19,225.06,227.23,223.71,52366471,1.10,0,34.49,腾讯财经
2026-08-14 00:50:00,225.34,225.06,227.23,223.71,53355158,1.25,0,34.51,腾讯财经
2026-08-14 01:00:05,225.34,225.06,227.23,223.71,54232147,1.25,0,34.51,腾讯财经
2026-08-14 01:10:02,225.46,225.06,227.23,223.71,55048049,1.37,0,34.53,腾讯财经
2026-08-14 01:20:00,225.85,225.06,227.23,223.71,56505408,1.76,0,34.59,腾讯财经
2026-08-14 01:30:03,225.35,225.06,227.23,223.71,57488089,1.26,0,34.51,腾讯财经
2026-08-14 01:40:04,225.19,225.06,227.23,223.71,58238976,1.10,0,34.49,腾讯财经
2026-08-14 01:50:01,225.62,225.06,227.23,223.71,59637689,1.53,0,34.55,腾讯财经
2026-08-14 02:00:02,225.34,225.06,227.23,223.71,60543598,1.25,0,34.51,腾讯财经
2026-08-14 02:10:00,225.20,225.06,227.23,223.71,61450094,1.11,0,34.49,腾讯财经
2026-08-14 02:20:03,225.31,225.06,227.23,223.71,62392294,1.22,0,34.50,腾讯财经
2026-08-14 02:30:01,225.63,225.06,227.23,223.71,63182804,1.54,0,34.55,腾讯财经
2026-08-14 02:40:00,225.51,225.06,227.23,223.71,64583151,1.42,0,34.53,腾讯财经
2026-08-14 02:50:00,225.63,225.06,227.23,223.71,65787834,1.54,0,34.55,腾讯财经
2026-08-14 03:00:00,225.76,225.06,227.23,223.71,66717838,1.67,0,34.57,腾讯财经
2026-08-14 03:10:04,226.09,225.06,227.23,223.71,68621247,2.00,0,34.62,腾讯财经
2026-08-14 03:20:00,225.88,225.06,227.23,223.71,70228396,1.79,0,34.59,腾讯财经
2026-08-14 03:30:01,225.80,225.06,227.23,223.71,71524945,1.71,0,34.58,腾讯财经
2026-08-14 03:40:05,225.75,225.06,227.23,223.71,73180378,1.66,0,34.57,腾讯财经
2026-08-14 03:50:05,225.50,225.06,227.23,223.71,75329118,1.41,0,34.53,腾讯财经
2026-08-14 04:00:05,225.39,225.06,227.23,223.71,82182838,1.30,0,34.52,腾讯财经
2026-08-14 04:10:05,225.30,225.06,227.23,223.71,97944397,1.21,0,34.50,腾讯财经
2026-08-14 04:20:02,225.30,225.06,227.23,223.71,98040980,1.21,0,34.50,腾讯财经
2026-08-14 04:30:04,225.30,225.06,227.23,223.71,98070851,1.21,0,34.50,腾讯财经
2026-08-14 04:40:00,225.30,225.06,227.23,223.71,98108224,1.21,0,34.50,腾讯财经
2026-08-14 04:50:05,225.30,225.06,227.23,223.71,98143036,1.21,0,34.50,腾讯财经
2026-08-14 05:00:04,225.30,225.06,227.23,223.71,98170151,1.21,0,34.50,腾讯财经
2026-08-14 05:10:00,225.30,225.06,227.23,223.71,98205936,1.21,0,34.50,腾讯财经
2026-08-14 05:20:00,225.30,225.06,227.23,223.71,98237454,1.21,0,34.50,腾讯财经
2026-08-14 05:30:00,225.30,225.06,227.23,223.71,98288737,1.21,0,34.50,腾讯财经
2026-08-14 05:40:02,225.30,225.06,227.23,223.71,98322584,1.21,0,34.50,腾讯财经
2026-08-14 05:50:00,225.30,225.06,227.23,223.71,98512834,1.21,0,34.50,腾讯财经
2026-08-14 06:00:00,225.30,225.06,227.23,223.71,98535843,1.21,0,34.50,腾讯财经
2026-08-14 06:10:00,225.30,225.06,227.23,223.71,98587515,1.21,0,34.50,腾讯财经
2026-08-14 06:20:03,225.30,225.06,227.23,223.71,98626561,1.21,0,34.50,腾讯财经
2026-08-14 06:30:00,225.30,225.06,227.23,223.71,98638002,1.21,0,34.50,腾讯财经
2026-08-14 06:40:04,225.30,225.06,227.23,223.71,98668733,1.21,0,34.50,腾讯财经
2026-08-14 06:50:00,225.30,225.06,227.23,223.71,98684388,1.21,0,34.50,腾讯财经
2026-08-14 07:00:00,225.30,225.06,227.23,223.71,98693645,1.21,0,34.50,腾讯财经
2026-08-14 07:10:00,225.30,225.06,227.23,223.71,98720837,1.21,0,34.50,腾讯财经
2026-08-14 07:20:00,225.30,225.06,227.23,223.71,98762366,1.21,0,34.50,腾讯财经
2026-08-14 07:30:01,225.30,225.06,227.23,223.71,98786145,1.21,0,34.50,腾讯财经
2026-08-14 07:40:04,225.30,225.06,227.23,223.71,98818231,1.21,0,34.50,腾讯财经
2026-08-14 07:50:02,225.30,225.06,227.23,223.71,98834059,1.21,0,34.50,腾讯财经
2026-08-14 08:00:00,225.30,225.06,227.23,223.71,98865077,1.21,0,34.50,腾讯财经
2026-08-14 08:10:01,225.30,225.06,227.23,223.71,98867226,1.21,0,34.50,腾讯财经
2026-08-14 08:20:04,225.30,225.06,227.23,223.71,98867226,1.21,0,34.50,腾讯财经
2026-08-14 08:30:02,225.30,225.06,227.23,223.71,98867226,1.21,0,34.50,腾讯财经
2026-08-14 08:40:05,225.30,225.06,227.23,223.71,98867226,1.21,0,34.50,腾讯财经
2026-08-14 08:50:05,225.30,225.06,227.23,223.71,98867226,1.21,0,34.50,腾讯财经
2026-08-14 09:00:04,225.30,225.06,227.23,223.71,98867226,1.21,0,34.50,腾讯财经
2026-08-14 09:10:02,225.30,225.06,227.23,223.71,98867226,1.21,0,34.50,腾讯财经
2026-08-14 09:20:00,225.30,225.06,227.23,223.71,98867226,1.21,0,34.50,腾讯财经
2026-08-14 09:30:04,225.30,225.06,227.23,223.71,98867226,1.21,0,34.50,腾讯财经
2026-08-14 09:40:01,225.30,225.06,227.23,223.71,98867226,1.21,0,34.50,腾讯财经
2026-08-14 09:50:03,225.30,225.06,227.23,223.71,98867226,1.21,0,34.50,腾讯财经
2026-08-14 10:00:00,225.30,225.06,227.23,223.71,98867226,1.21,0,34.50,腾讯财经
2026-08-14 10:10:00,225.30,225.06,227.23,223.71,98867226,1.21,0,34.50,腾讯财经
2026-08-14 10:20:05,225.30,225.06,227.23,223.71,98867226,1.21,0,34.50,腾讯财经
2026-08-14 10:30:00,225.30,225.06,227.23,223.71,98867226,1.21,0,34.50,腾讯财经
2026-08-14 10:40:00,225.30,225.06,227.23,223.71,98867226,1.21,0,34.50,腾讯财经
2026-08-14 10:50:04,225.30,225.06,227.23,223.71,98867226,1.21,0,34.50,腾讯财经
2026-08-14 11:00:00,225.30,225.06,227.23,223.71,98867226,1.21,0,34.50,腾讯财经
2026-08-14 11:10:00,225.30,225.06,227.23,223.71,98867226,1.21,0,34.50,腾讯财经
2026-08-14 11:20:03,225.30,225.06,227.23,223.71,98867226,1.21,0,34.50,腾讯财经
2026-08-14 11:30:02,225.30,225.06,227.23,223.71,98867226,1.21,0,34.50,腾讯财经
2026-08-14 11:40:00,225.30,225.06,227.23,223.71,98867226,1.21,0,34.50,腾讯财经
2026-08-14 11:50:02,225.30,225.06,227.23,223.71,98867226,1.21,0,34.50,腾讯财经
2026-08-14 12:00:02,225.30,225.06,227.23,223.71,98867226,1.21,0,34.50,腾讯财经
2026-08-14 12:10:00,225.30,225.06,227.23,223.71,98867226,1.21,0,34.50,腾讯财经
2026-08-14 12:20:03,225.30,225.06,227.23,223.71,98867226,1.21,0,34.50,腾讯财经
2026-08-14 12:30:00,225.30,225.06,227.23,223.71,98867226,1.21,0,34.50,腾讯财经
2026-08-14 12:40:04,225.30,225.06,227.23,223.71,98867226,1.21,0,34.50,腾讯财经
2026-08-14 12:50:00,225.30,225.06,227.23,223.71,98867226,1.21,0,34.50,腾讯财经
2026-08-14 13:00:00,225.30,225.06,227.23,223.71,98867226,1.21,0,34.50,腾讯财经
2026-08-14 13:10:00,225.30,225.06,227.23,223.71,98867226,1.21,0,34.50,腾讯财经
2026-08-14 13:20:00,225.30,225.06,227.23,223.71,98867226,1.21,0,34.50,腾讯财经
2026-08-14 13:30:04,225.30,225.06,227.23,223.71,98867226,1.21,0,34.50,腾讯财经
2026-08-14 13:40:00,225.30,225.06,227.23,223.71,98867226,1.21,0,34.50,腾讯财经
2026-08-14 13:50:02,225.30,225.06,227.23,223.71,98867226,1.21,0,34.50,腾讯财经
2026-08-14 14:00:01,225.30,225.06,227.23,223.71,98867226,1.21,0,34.50,腾讯财经
2026-08-14 14:10:03,225.30,225.06,227.23,223.71,98867226,1.21,0,34.50,腾讯财经
2026-08-14 14:20:01,225.30,225.06,227.23,223.71,98867226,1.21,0,34.50,腾讯财经
2026-08-14 14:30:00,225.30,225.06,227.23,223.71,98867226,1.21,0,34.50,腾讯财经
2026-08-14 14:40:00,225.30,225.06,227.23,223.71,98867226,1.21,0,34.50,腾讯财经
2026-08-14 14:50:05,225.30,225.06,227.23,223.71,98867226,1.21,0,34.50,腾讯财经
2026-08-14 15:00:03,225.30,225.06,227.23,223.71,98867226,1.21,0,34.50,腾讯财经
2026-08-14 15:10:02,225.30,225.06,227.23,223.71,98867226,1.21,0,34.50,腾讯财经
2026-08-14 15:20:00,225.30,225.06,227.23,223.71,98867226,1.21,0,34.50,腾讯财经
2026-08-14 15:30:04,225.30,225.06,227.23,223.71,98867226,1.21,0,34.50,腾讯财经
2026-08-14 15:40:01,225.30,225.06,227.23,223.71,98867226,1.21,0,34.50,腾讯财经
2026-08-14 15:50:04,225.30,225.06,227.23,223.71,98867226,1.21,0,34.50,腾讯财经
2026-08-14 16:00:03,225.30,225.06,227.23,223.71,98867226,1.21,0,34.50,腾讯财经
2026-08-14 16:10:00,225.30,225.06,227.23,223.71,98867226,1.21,0,34.50,腾讯财经
2026-08-14 16:20:00,225.30,225.06,227.23,223.71,98867226,1.21,0,34.50,腾讯财经
2026-08-14 16:30:05,225.30,225.06,227.23,223.71,98867226,1.21,0,34.50,腾讯财经
2026-08-14 16:40:00,225.30,225.06,227.23,223.71,98867226,1.21,0,34.50,腾讯财经
2026-08-14 16:50:05,225.30,225.06,227.23,223.71,98867226,1.21,0,34.50,腾讯财经
2026-08-14 17:00:00,225.30,225.06,227.23,223.71,98867226,1.21,0,34.50,腾讯财经
2026-08-14 17:10:00,225.30,225.06,227.23,223.71,98867226,1.21,0,34.50,腾讯财经
2026-08-14 17:20:01,225.30,225.06,227.23,223.71,98867226,1.21,0,34.50,腾讯财经
2026-08-14 17:30:02,225.30,225.06,227.23,223.71,98867226,1.21,0,34.50,腾讯财经
2026-08-16 20:20:42,225.16,226.77,227.49,224.50,75680870,-.14,0,34.48,腾讯财经
2026-08-16 20:30:05,225.16,226.77,227.49,224.50,75680870,-.14,0,34.48,腾讯财经
2026-08-16 20:40:00,225.16,226.77,227.49,224.50,75680870,-.14,0,34.48,腾讯财经
2026-08-16 20:50:04,225.16,226.77,227.49,224.50,75680870,-.14,0,34.48,腾讯财经
2026-08-16 21:00:03,225.16,226.77,227.49,224.50,75680870,-.14,0,34.48,腾讯财经
2026-08-16 21:10:05,225.16,226.77,227.49,224.50,75680870,-.14,0,34.48,腾讯财经
2026-08-16 21:20:00,225.16,226.77,227.49,224.50,75680870,-.14,0,34.48,腾讯财经
2026-08-16 21:30:02,225.16,226.77,227.49,224.50,75680870,-.14,0,34.48,腾讯财经
2026-08-16 21:40:04,225.16,226.77,227.49,224.50,75680870,-.14,0,34.48,腾讯财经
2026-08-16 21:50:00,225.16,226.77,227.49,224.50,75680870,-.14,0,34.48,腾讯财经
2026-08-16 22:00:05,225.16,226.77,227.49,224.50,75680870,-.14,0,34.48,腾讯财经
2026-08-16 22:10:02,225.16,226.77,227.49,224.50,75680870,-.14,0,34.48,腾讯财经
2026-08-16 22:20:04,225.16,226.77,227.49,224.50,75680870,-.14,0,34.48,腾讯财经
2026-08-16 22:30:04,225.16,226.77,227.49,224.50,75680870,-.14,0,34.48,腾讯财经
2026-08-16 22:40:01,225.16,226.77,227.49,224.50,75680870,-.14,0,34.48,腾讯财经
2026-08-16 22:50:00,225.16,226.77,227.49,224.50,75680870,-.14,0,34.48,腾讯财经
2026-08-16 23:00:00,225.16,226.77,227.49,224.50,75680870,-.14,0,34.48,腾讯财经
2026-08-16 23:10:04,225.16,226.77,227.49,224.50,75680870,-.14,0,34.48,腾讯财经
2026-08-16 23:20:00,225.16,226.77,227.49,224.50,75680870,-.14,0,34.48,腾讯财经
2026-08-16 23:30:01,225.16,226.77,227.49,224.50,75680870,-.14,0,34.48,腾讯财经
2026-08-16 23:40:04,225.16,226.77,227.49,224.50,75680870,-.14,0,34.48,腾讯财经
2026-08-16 23:50:00,225.16,226.77,227.49,224.50,75680870,-.14,0,34.48,腾讯财经
2026-08-17 00:00:00,225.16,226.77,227.49,224.50,75680870,-.14,0,34.48,腾讯财经
2026-08-17 00:10:02,225.16,226.77,227.49,224.50,75680870,-.14,0,34.48,腾讯财经
2026-08-17 00:20:00,225.16,226.77,227.49,224.50,75680870,-.14,0,34.48,腾讯财经
2026-08-17 00:30:00,225.16,226.77,227.49,224.50,75680870,-.14,0,34.48,腾讯财经
2026-08-17 00:40:01,225.16,226.77,227.49,224.50,75680870,-.14,0,34.48,腾讯财经
2026-08-17 00:50:00,225.16,226.77,227.49,224.50,75680870,-.14,0,34.48,腾讯财经
2026-08-17 01:00:00,225.16,226.77,227.49,224.50,75680870,-.14,0,34.48,腾讯财经
2026-08-17 01:10:05,225.16,226.77,227.49,224.50,75680870,-.14,0,34.48,腾讯财经
2026-08-17 01:20:03,225.16,226.77,227.49,224.50,75680870,-.14,0,34.48,腾讯财经
2026-08-17 01:30:00,225.16,226.77,227.49,224.50,75680870,-.14,0,34.48,腾讯财经
2026-08-17 01:40:00,225.16,226.77,227.49,224.50,75680870,-.14,0,34.48,腾讯财经
2026-08-17 01:50:00,225.16,226.77,227.49,224.50,75680870,-.14,0,34.48,腾讯财经
2026-08-17 02:00:00,225.16,226.77,227.49,224.50,75680870,-.14,0,34.48,腾讯财经
2026-08-17 02:10:00,225.16,226.77,227.49,224.50,75680870,-.14,0,34.48,腾讯财经
2026-08-17 02:20:03,225.16,226.77,227.49,224.50,75680870,-.14,0,34.48,腾讯财经
2026-08-17 02:30:00,225.16,226.77,227.49,224.50,75680870,-.14,0,34.48,腾讯财经
2026-08-17 02:40:00,225.16,226.77,227.49,224.50,75680870,-.14,0,34.48,腾讯财经
2026-08-17 02:50:03,225.16,226.77,227.49,224.50,75680870,-.14,0,34.48,腾讯财经
2026-08-17 03:00:01,225.16,226.77,227.49,224.50,75680870,-.14,0,34.48,腾讯财经
2026-08-17 03:10:00,225.16,226.77,227.49,224.50,75680870,-.14,0,34.48,腾讯财经
2026-08-17 03:20:05,225.16,226.77,227.49,224.50,75680870,-.14,0,34.48,腾讯财经
2026-08-17 03:30:00,225.16,226.77,227.49,224.50,75680870,-.14,0,34.48,腾讯财经
2026-08-17 03:40:00,225.16,226.77,227.49,224.50,75680870,-.14,0,34.48,腾讯财经
2026-08-17 03:50:00,225.16,226.77,227.49,224.50,75680870,-.14,0,34.48,腾讯财经
2026-08-17 04:00:00,225.16,226.77,227.49,224.50,75680870,-.14,0,34.48,腾讯财经
2026-08-17 04:10:00,225.16,226.77,227.49,224.50,75680870,-.14,0,34.48,腾讯财经
2026-08-17 04:20:00,225.16,226.77,227.49,224.50,75680870,-.14,0,34.48,腾讯财经
2026-08-17 04:30:02,225.16,226.77,227.49,224.50,75680870,-.14,0,34.48,腾讯财经
2026-08-17 04:40:00,225.16,226.77,227.49,224.50,75680870,-.14,0,34.48,腾讯财经
2026-08-17 04:50:02,225.16,226.77,227.49,224.50,75680870,-.14,0,34.48,腾讯财经
2026-08-17 05:00:03,225.16,226.77,227.49,224.50,75680870,-.14,0,34.48,腾讯财经
2026-08-17 05:10:00,225.16,226.77,227.49,224.50,75680870,-.14,0,34.48,腾讯财经
2026-08-17 05:20:03,225.16,226.77,227.49,224.50,75680870,-.14,0,34.48,腾讯财经
2026-08-17 05:30:04,225.16,226.77,227.49,224.50,75680870,-.14,0,34.48,腾讯财经
2026-08-17 05:40:00,225.16,226.77,227.49,224.50,75680870,-.14,0,34.48,腾讯财经
2026-08-17 05:50:05,225.16,226.77,227.49,224.50,75680870,-.14,0,34.48,腾讯财经
2026-08-17 06:00:00,225.16,226.77,227.49,224.50,75680870,-.14,0,34.48,腾讯财经
2026-08-17 06:10:00,225.16,226.77,227.49,224.50,75680870,-.14,0,34.48,腾讯财经
2026-08-17 06:20:01,225.16,226.77,227.49,224.50,75680870,-.14,0,34.48,腾讯财经
2026-08-17 06:30:00,225.16,226.77,227.49,224.50,75680870,-.14,0,34.48,腾讯财经
2026-08-17 06:40:00,225.16,226.77,227.49,224.50,75680870,-.14,0,34.48,腾讯财经
2026-08-17 06:50:00,225.16,226.77,227.49,224.50,75680870,-.14,0,34.48,腾讯财经
2026-08-17 07:00:03,225.16,226.77,227.49,224.50,75680870,-.14,0,34.48,腾讯财经
2026-08-17 07:10:04,225.16,226.77,227.49,224.50,75680870,-.14,0,34.48,腾讯财经
2026-08-17 07:20:00,225.16,226.77,227.49,224.50,75680870,-.14,0,34.48,腾讯财经
2026-08-17 07:30:00,225.16,226.77,227.49,224.50,75680870,-.14,0,34.48,腾讯财经
2026-08-17 07:40:02,225.16,226.77,227.49,224.50,75680870,-.14,0,34.48,腾讯财经
2026-08-17 07:50:01,225.16,226.77,227.49,224.50,75680870,-.14,0,34.48,腾讯财经
2026-08-17 08:37:34,225.16,226.77,227.49,224.50,75680870,-.14,0,34.48,腾讯财经
2026-08-17 08:40:05,225.16,226.77,227.49,224.50,75680870,-.14,0,34.48,腾讯财经
2026-08-17 08:50:04,225.16,226.77,227.49,224.50,75680870,-.14,0,34.48,腾讯财经
2026-08-17 09:10:04,225.16,226.77,227.49,224.50,75680870,-.14,0,34.48,腾讯财经
2026-08-17 09:20:00,225.16,226.77,227.49,224.50,75680870,-.14,0,34.48,腾讯财经
2026-08-17 09:30:00,225.16,226.77,227.49,224.50,75680870,-.14,0,34.48,腾讯财经
2026-08-17 09:40:05,225.16,226.77,227.49,224.50,75680870,-.14,0,34.48,腾讯财经
2026-08-17 09:50:04,225.16,226.77,227.49,224.50,75680870,-.14,0,34.48,腾讯财经
2026-08-17 10:00:02,225.16,226.77,227.49,224.50,75680870,-.14,0,34.48,腾讯财经
2026-08-17 10:10:05,225.16,226.77,227.49,224.50,75680870,-.14,0,34.48,腾讯财经
2026-08-17 10:20:03,225.16,226.77,227.49,224.50,75680870,-.14,0,34.48,腾讯财经
2026-08-17 10:30:00,225.16,226.77,227.49,224.50,75680870,-.14,0,34.48,腾讯财经
2026-08-17 10:40:00,225.16,226.77,227.49,224.50,75680870,-.14,0,34.48,腾讯财经
2026-08-17 10:50:03,225.16,226.77,227.49,224.50,75680870,-.14,0,34.48,腾讯财经
2026-08-17 11:00:00,225.16,226.77,227.49,224.50,75680870,-.14,0,34.48,腾讯财经
2026-08-17 11:10:03,225.16,226.77,227.49,224.50,75680870,-.14,0,34.48,腾讯财经
2026-08-17 11:20:00,225.16,226.77,227.49,224.50,75680870,-.14,0,34.48,腾讯财经
2026-08-17 11:30:00,225.16,226.77,227.49,224.50,75680870,-.14,0,34.48,腾讯财经
2026-08-17 11:40:00,225.16,226.77,227.49,224.50,75680870,-.14,0,34.48,腾讯财经
2026-08-17 11:50:04,225.16,226.77,227.49,224.50,75680870,-.14,0,34.48,腾讯财经
2026-08-17 12:00:00,225.16,226.77,227.49,224.50,75680870,-.14,0,34.48,腾讯财经
2026-08-17 12:10:00,225.16,226.77,227.49,224.50,75680870,-.14,0,34.48,腾讯财经
2026-08-17 12:20:00,225.16,226.77,227.49,224.50,75680870,-.14,0,34.48,腾讯财经
2026-08-17 12:30:03,225.16,226.77,227.49,224.50,75680870,-.14,0,34.48,腾讯财经
2026-08-17 12:40:00,225.16,226.77,227.49,224.50,75680870,-.14,0,34.48,腾讯财经
2026-08-17 12:50:00,225.16,226.77,227.49,224.50,75680870,-.14,0,34.48,腾讯财经
2026-08-17 13:00:04,225.16,226.77,227.49,224.50,75680870,-.14,0,34.48,腾讯财经
2026-08-17 13:10:00,225.16,226.77,227.49,224.50,75680870,-.14,0,34.48,腾讯财经
2026-08-17 13:20:01,225.16,226.77,227.49,224.50,75680870,-.14,0,34.48,腾讯财经
2026-08-17 13:30:00,225.16,226.77,227.49,224.50,75680870,-.14,0,34.48,腾讯财经
2026-08-17 13:40:03,225.16,226.77,227.49,224.50,75680870,-.14,0,34.48,腾讯财经
2026-08-17 13:50:03,225.16,226.77,227.49,224.50,75680870,-.14,0,34.48,腾讯财经
2026-08-17 14:00:00,225.16,226.77,227.49,224.50,75680870,-.14,0,34.48,腾讯财经
2026-08-17 14:10:00,225.16,226.77,227.49,224.50,75680870,-.14,0,34.48,腾讯财经
2026-08-17 14:20:01,225.16,226.77,227.49,224.50,75680870,-.14,0,34.48,腾讯财经
2026-08-17 14:30:02,225.16,226.77,227.49,224.50,75680870,-.14,0,34.48,腾讯财经
2026-08-17 14:40:00,225.16,226.77,227.49,224.50,75680870,-.14,0,34.48,腾讯财经
2026-08-17 14:50:00,225.16,226.77,227.49,224.50,75680870,-.14,0,34.48,腾讯财经
2026-08-17 15:00:04,225.16,226.77,227.49,224.50,75680870,-.14,0,34.48,腾讯财经
2026-08-17 15:10:01,225.16,226.77,227.49,224.50,75680870,-.14,0,34.48,腾讯财经
2026-08-17 15:20:02,225.16,226.77,227.49,224.50,75680870,-.14,0,34.48,腾讯财经
2026-08-17 15:30:01,225.16,226.77,227.49,224.50,75680870,-.14,0,34.48,腾讯财经
2026-08-17 15:40:03,225.16,226.77,227.49,224.50,75680870,-.14,0,34.48,腾讯财经
2026-08-17 15:50:01,225.16,226.77,227.49,224.50,75680870,-.14,0,34.48,腾讯财经
2026-08-17 16:00:00,225.16,226.77,227.49,224.50,75680870,-.14,0,34.48,腾讯财经
2026-08-17 16:10:01,225.16,226.77,227.49,224.50,75680870,-.14,0,34.48,腾讯财经
2026-08-17 16:20:02,225.16,226.77,227.49,224.50,75680870,-.14,0,34.48,腾讯财经
2026-08-17 16:30:00,225.16,226.77,227.49,224.50,75680870,-.14,0,34.48,腾讯财经
2026-08-17 16:40:05,225.16,226.77,227.49,224.50,75680870,-.14,0,34.48,腾讯财经
2026-08-17 16:50:03,225.16,226.77,227.49,224.50,75680870,-.14,0,34.48,腾讯财经
2026-08-17 17:00:05,225.16,226.77,227.49,224.50,75680870,-.14,0,34.48,腾讯财经
2026-08-17 17:10:03,225.16,226.77,227.49,224.50,75680870,-.14,0,34.48,腾讯财经
2026-08-17 17:20:00,225.16,226.77,227.49,224.50,75680870,-.14,0,34.48,腾讯财经
2026-08-17 17:30:02,225.16,226.77,227.49,224.50,75680870,-.14,0,34.48,腾讯财经
2026-08-17 19:20:03,225.16,226.77,227.49,224.50,75680870,-.14,0,34.48,腾讯财经
2026-08-17 19:30:05,225.16,226.77,227.49,224.50,75680870,-.14,0,34.48,腾讯财经
2026-08-17 19:40:05,225.16,226.77,227.49,224.50,75680870,-.14,0,34.48,腾讯财经
2026-08-17 19:50:00,225.16,226.77,227.49,224.50,75680870,-.14,0,34.48,腾讯财经
2026-08-17 20:00:00,225.16,226.77,227.49,224.50,75680870,-.14,0,34.48,腾讯财经
2026-08-17 20:10:00,225.16,226.77,227.49,224.50,75680870,-.14,0,34.48,腾讯财经
2026-08-17 20:20:00,225.16,226.77,227.49,224.50,75680870,-.14,0,34.48,腾讯财经
2026-08-17 20:30:04,225.16,226.77,227.49,224.50,75680870,-.14,0,34.48,腾讯财经
2026-08-17 20:40:04,225.16,226.77,227.49,224.50,75680870,-.14,0,34.48,腾讯财经
2026-08-17 20:50:03,225.16,226.77,227.49,224.50,75680870,-.14,0,34.48,腾讯财经
2026-08-17 21:00:00,225.16,226.77,227.49,224.50,75680870,-.14,0,34.48,腾讯财经
2026-08-17 21:10:00,225.16,226.77,227.49,224.50,75680870,-.14,0,34.48,腾讯财经
2026-08-17 21:20:02,225.16,226.77,227.49,224.50,75680870,-.14,0,34.48,腾讯财经
2026-08-17 21:30:04,225.16,0.00,0.00,0.00,2209322,0,0,34.48,腾讯财经
2026-08-17 21:40:01,225.30,226.02,227.17,225.14,7815273,.14,0,34.50,腾讯财经
2026-08-17 21:50:05,225.31,225.98,227.17,225.14,10525845,.15,0,34.50,腾讯财经
2026-08-17 22:00:01,226.14,225.98,227.17,225.03,13451382,.98,0,34.63,腾讯财经
2026-08-17 22:10:04,225.59,225.98,227.17,225.03,15371822,.43,0,34.55,腾讯财经
2026-08-17 22:20:00,226.17,225.98,227.17,225.03,17373360,1.01,0,34.64,腾讯财经
2026-08-17 22:30:04,226.60,225.98,227.17,225.03,19034332,1.44,0,34.70,腾讯财经
2026-08-17 22:40:00,226.91,225.98,227.17,225.03,21773671,1.75,0,34.75,腾讯财经
2026-08-17 22:50:00,226.42,225.98,227.22,225.03,24674788,1.26,0,34.67,腾讯财经
2026-08-17 23:00:01,226.22,225.98,227.22,225.03,27035501,1.06,0,34.64,腾讯财经
2026-08-17 23:10:00,226.72,225.98,227.22,225.03,29336379,1.56,0,34.72,腾讯财经
2026-08-17 23:20:00,227.45,225.98,227.60,225.03,32207651,2.29,1.00,34.83,腾讯财经
2026-08-17 23:30:03,227.44,225.98,227.75,225.03,34528658,2.28,1.00,34.83,腾讯财经
2026-08-17 23:40:04,226.95,225.98,227.75,225.03,36216020,1.79,0,34.75,腾讯财经
2026-08-17 23:50:00,227.47,225.98,227.75,225.03,37752313,2.31,1.00,34.83,腾讯财经
2026-08-18 00:00:00,227.74,225.98,227.92,225.03,39589203,2.58,1.00,34.88,腾讯财经
2026-08-18 00:10:00,227.47,225.98,227.92,225.03,41209208,2.31,1.00,34.83,腾讯财经
2026-08-18 00:20:00,227.29,225.98,227.92,225.03,42824711,2.13,0,34.81,腾讯财经
2026-08-18 00:30:00,227.04,225.98,227.92,225.03,44441323,1.88,0,34.77,腾讯财经
2026-08-18 00:40:02,226.91,225.98,227.92,225.03,45443977,1.75,0,34.75,腾讯财经
2026-08-18 00:50:04,227.03,225.98,227.92,225.03,46386236,1.87,0,34.77,腾讯财经
2026-08-18 01:00:00,227.07,225.98,227.92,225.03,47124974,1.91,0,34.77,腾讯财经
2026-08-18 01:10:05,226.69,225.98,227.92,225.03,48204146,1.53,0,34.72,腾讯财经
2026-08-18 01:20:04,226.16,225.98,227.92,225.03,49576435,1.00,0,34.63,腾讯财经
2026-08-18 01:30:00,225.92,225.98,227.92,225.03,51274228,.76,0,34.60,腾讯财经
2026-08-18 01:40:00,226.13,225.98,227.92,225.03,52329400,.97,0,34.63,腾讯财经
2026-08-18 01:50:04,226.13,225.98,227.92,225.03,53304801,.97,0,34.63,腾讯财经
2026-08-18 02:00:00,225.85,225.98,227.92,225.03,54271979,.69,0,34.59,腾讯财经
2026-08-18 02:10:00,225.54,225.98,227.92,225.03,55630019,.38,0,34.54,腾讯财经
2026-08-18 02:20:00,225.56,225.98,227.92,225.03,56781645,.40,0,34.54,腾讯财经
2026-08-18 02:30:02,225.52,225.98,227.92,225.03,57698590,.36,0,34.54,腾讯财经
2026-08-18 02:40:00,225.57,225.98,227.92,225.03,58399331,.41,0,34.54,腾讯财经
2026-08-18 02:50:00,225.75,225.98,227.92,225.03,59286744,.59,0,34.57,腾讯财经
2026-08-18 03:00:00,225.64,225.98,227.92,225.03,60212100,.48,0,34.55,腾讯财经
2026-08-18 03:10:01,225.48,225.98,227.92,225.03,61207523,.32,0,34.53,腾讯财经
2026-08-18 03:20:00,225.71,225.98,227.92,225.03,62253006,.55,0,34.56,腾讯财经
2026-08-18 03:30:01,225.62,225.98,227.92,225.03,63277053,.46,0,34.55,腾讯财经
2026-08-18 03:40:05,225.89,225.98,227.92,225.03,64623939,.73,0,34.59,腾讯财经
2026-08-18 03:50:00,225.62,225.98,227.92,225.03,66028313,.46,0,34.55,腾讯财经
2026-08-18 04:00:02,225.01,225.98,227.92,224.86,71684794,-.15,0,34.46,腾讯财经
2026-08-18 04:10:02,225.01,225.98,227.92,224.86,90549415,-.15,0,34.46,腾讯财经
2026-08-18 04:20:00,225.01,225.98,227.92,224.86,90845999,-.15,0,34.46,腾讯财经
2026-08-18 04:30:01,225.01,225.98,227.92,224.86,90917764,-.15,0,34.46,腾讯财经
2026-08-18 04:40:04,225.01,225.98,227.92,224.86,90976544,-.15,0,34.46,腾讯财经
2026-08-18 04:50:00,225.01,225.98,227.92,224.86,91006368,-.15,0,34.46,腾讯财经
2026-08-18 05:00:04,225.01,225.98,227.92,224.86,93261391,-.15,0,34.46,腾讯财经
2026-08-18 05:10:05,225.01,225.98,227.92,224.86,93275199,-.15,0,34.46,腾讯财经
2026-08-18 05:20:00,225.01,225.98,227.92,224.86,93286600,-.15,0,34.46,腾讯财经
2026-08-18 05:30:00,225.01,225.98,227.92,224.86,93324019,-.15,0,34.46,腾讯财经
2026-08-18 05:40:01,225.01,225.98,227.92,224.86,93345808,-.15,0,34.46,腾讯财经
2026-08-18 05:50:01,225.01,225.98,227.92,224.86,93397312,-.15,0,34.46,腾讯财经
2026-08-18 06:00:00,225.01,225.98,227.92,224.86,93405482,-.15,0,34.46,腾讯财经
2026-08-18 06:10:00,225.01,225.98,227.92,224.86,93428624,-.15,0,34.46,腾讯财经
2026-08-18 06:20:02,225.01,225.98,227.92,224.86,93474512,-.15,0,34.46,腾讯财经
2026-08-18 06:30:00,225.01,225.98,227.92,224.86,93482998,-.15,0,34.46,腾讯财经
2026-08-18 06:40:00,225.01,225.98,227.92,224.86,93507947,-.15,0,34.46,腾讯财经
2026-08-18 06:50:00,225.01,225.98,227.92,224.86,93525712,-.15,0,34.46,腾讯财经
2026-08-18 07:00:00,225.01,225.98,227.92,224.86,93547980,-.15,0,34.46,腾讯财经
2026-08-18 07:10:00,225.01,225.98,227.92,224.86,93562784,-.15,0,34.46,腾讯财经
2026-08-18 07:20:00,225.01,225.98,227.92,224.86,93574306,-.15,0,34.46,腾讯财经
2026-08-18 07:30:03,225.01,225.98,227.92,224.86,93589708,-.15,0,34.46,腾讯财经
2026-08-18 07:40:02,225.01,225.98,227.92,224.86,93619554,-.15,0,34.46,腾讯财经
2026-08-18 07:50:00,225.01,225.98,227.92,224.86,93640406,-.15,0,34.46,腾讯财经
2026-08-18 08:00:00,225.01,225.98,227.92,224.86,93675730,-.15,0,34.46,腾讯财经
2026-08-18 08:10:01,225.01,225.98,227.92,224.86,93678685,-.15,0,34.46,腾讯财经
2026-08-18 08:43:06,225.01,225.98,227.92,224.86,93678685,-.15,0,34.46,腾讯财经
2026-08-18 08:50:05,225.01,225.98,227.92,224.86,93678685,-.15,0,34.46,腾讯财经
2026-08-18 09:00:02,225.01,225.98,227.92,224.86,93678685,-.15,0,34.46,腾讯财经
2026-08-18 09:10:00,225.01,225.98,227.92,224.86,93678685,-.15,0,34.46,腾讯财经
2026-08-18 09:20:00,225.01,225.98,227.92,224.86,93678685,-.15,0,34.46,腾讯财经
2026-08-18 09:30:01,225.01,225.98,227.92,224.86,93678685,-.15,0,34.46,腾讯财经
2026-08-18 09:40:00,225.01,225.98,227.92,224.86,93678685,-.15,0,34.46,腾讯财经
2026-08-18 09:50:00,225.01,225.98,227.92,224.86,93678685,-.15,0,34.46,腾讯财经
2026-08-18 10:00:01,225.01,225.98,227.92,224.86,93678685,-.15,0,34.46,腾讯财经
2026-08-18 10:10:06,225.01,225.98,227.92,224.86,93678685,-.15,0,34.46,腾讯财经
2026-08-18 10:20:02,225.01,225.98,227.92,224.86,93678685,-.15,0,34.46,腾讯财经
2026-08-18 10:30:03,225.01,225.98,227.92,224.86,93678685,-.15,0,34.46,腾讯财经
2026-08-18 10:40:05,225.01,225.98,227.92,224.86,93678685,-.15,0,34.46,腾讯财经
2026-08-18 10:50:00,225.01,225.98,227.92,224.86,93678685,-.15,0,34.46,腾讯财经
2026-08-18 11:00:00,225.01,225.98,227.92,224.86,93678685,-.15,0,34.46,腾讯财经
2026-08-18 11:10:03,225.01,225.98,227.92,224.86,93678685,-.15,0,34.46,腾讯财经
2026-08-18 11:20:00,225.01,225.98,227.92,224.86,93678685,-.15,0,34.46,腾讯财经
2026-08-18 11:30:02,225.01,225.98,227.92,224.86,93678685,-.15,0,34.46,腾讯财经
2026-08-18 11:40:00,225.01,225.98,227.92,224.86,93678685,-.15,0,34.46,腾讯财经
2026-08-18 11:50:02,225.01,225.98,227.92,224.86,93678685,-.15,0,34.46,腾讯财经
2026-08-18 12:00:01,225.01,225.98,227.92,224.86,93678685,-.15,0,34.46,腾讯财经
2026-08-18 12:10:00,225.01,225.98,227.92,224.86,93678685,-.15,0,34.46,腾讯财经
2026-08-18 12:20:02,225.01,225.98,227.92,224.86,93678685,-.15,0,34.46,腾讯财经
2026-08-18 12:30:02,225.01,225.98,227.92,224.86,93678685,-.15,0,34.46,腾讯财经
2026-08-18 12:40:01,225.01,225.98,227.92,224.86,93678685,-.15,0,34.46,腾讯财经
2026-08-18 12:50:05,225.01,225.98,227.92,224.86,93678685,-.15,0,34.46,腾讯财经
2026-08-18 13:00:01,225.01,225.98,227.92,224.86,93678685,-.15,0,34.46,腾讯财经
2026-08-18 13:10:04,225.01,225.98,227.92,224.86,93678685,-.15,0,34.46,腾讯财经
2026-08-18 13:20:00,225.01,225.98,227.92,224.86,93678685,-.15,0,34.46,腾讯财经
2026-08-18 13:30:01,225.01,225.98,227.92,224.86,93678685,-.15,0,34.46,腾讯财经
2026-08-18 13:40:03,225.01,225.98,227.92,224.86,93678685,-.15,0,34.46,腾讯财经
2026-08-18 13:50:05,225.01,225.98,227.92,224.86,93678685,-.15,0,34.46,腾讯财经
2026-08-18 14:00:00,225.01,225.98,227.92,224.86,93678685,-.15,0,34.46,腾讯财经
2026-08-18 14:10:04,225.01,225.98,227.92,224.86,93678685,-.15,0,34.46,腾讯财经
2026-08-18 14:20:00,225.01,225.98,227.92,224.86,93678685,-.15,0,34.46,腾讯财经
2026-08-18 14:30:01,225.01,225.98,227.92,224.86,93678685,-.15,0,34.46,腾讯财经
2026-08-18 14:40:04,225.01,225.98,227.92,224.86,93678685,-.15,0,34.46,腾讯财经
2026-08-18 14:50:02,225.01,225.98,227.92,224.86,93678685,-.15,0,34.46,腾讯财经
2026-08-18 15:00:00,225.01,225.98,227.92,224.86,93678685,-.15,0,34.46,腾讯财经
2026-08-18 15:10:04,225.01,225.98,227.92,224.86,93678685,-.15,0,34.46,腾讯财经
2026-08-18 15:20:05,225.01,225.98,227.92,224.86,93678685,-.15,0,34.46,腾讯财经
2026-08-18 15:30:00,225.01,225.98,227.92,224.86,93678685,-.15,0,34.46,腾讯财经
2026-08-18 15:40:00,225.01,225.98,227.92,224.86,93678685,-.15,0,34.46,腾讯财经
2026-08-18 15:50:01,225.01,225.98,227.92,224.86,93678685,-.15,0,34.46,腾讯财经
2026-08-18 16:00:03,225.01,225.98,227.92,224.86,93678685,-.15,0,34.46,腾讯财经
2026-08-18 16:10:00,225.01,225.98,227.92,224.86,93678685,-.15,0,34.46,腾讯财经
2026-08-18 16:20:03,225.01,225.98,227.92,224.86,93678685,-.15,0,34.46,腾讯财经
2026-08-18 16:30:04,225.01,225.98,227.92,224.86,93678685,-.15,0,34.46,腾讯财经
2026-08-18 16:40:05,225.01,225.98,227.92,224.86,93678685,-.15,0,34.46,腾讯财经
2026-08-18 16:50:00,225.01,225.98,227.92,224.86,93678685,-.15,0,34.46,腾讯财经
2026-08-18 17:00:01,225.01,225.98,227.92,224.86,93678685,-.15,0,34.46,腾讯财经
2026-08-18 17:10:00,225.01,225.98,227.92,224.86,93678685,-.15,0,34.46,腾讯财经
2026-08-18 17:20:01,225.01,225.98,227.92,224.86,93678685,-.15,0,34.46,腾讯财经
2026-08-18 17:30:03,225.01,225.98,227.92,224.86,93678685,-.15,0,34.46,腾讯财经
2026-08-18 17:40:00,225.01,225.98,227.92,224.86,93678685,-.15,0,34.46,腾讯财经
2026-08-18 18:11:24,225.01,225.98,227.92,224.86,93678685,-.15,0,34.46,腾讯财经
2026-08-18 18:20:00,225.01,225.98,227.92,224.86,93678685,-.15,0,34.46,腾讯财经
2026-08-18 18:30:00,225.01,225.98,227.92,224.86,93678685,-.15,0,34.46,腾讯财经
2026-08-18 18:40:03,225.01,225.98,227.92,224.86,93678685,-.15,0,34.46,腾讯财经
2026-08-18 18:50:04,225.01,225.98,227.92,224.86,93678685,-.15,0,34.46,腾讯财经
2026-08-18 19:00:00,225.01,225.98,227.92,224.86,93678685,-.15,0,34.46,腾讯财经
2026-08-18 19:10:05,225.01,225.98,227.92,224.86,93678685,-.15,0,34.46,腾讯财经
2026-08-18 19:20:05,225.01,225.98,227.92,224.86,93678685,-.15,0,34.46,腾讯财经
2026-08-18 19:30:05,225.01,225.98,227.92,224.86,93678685,-.15,0,34.46,腾讯财经
2026-08-18 19:40:01,225.01,225.98,227.92,224.86,93678685,-.15,0,34.46,腾讯财经
2026-08-18 19:50:01,225.01,225.98,227.92,224.86,93678685,-.15,0,34.46,腾讯财经
2026-08-18 20:00:01,225.01,225.98,227.92,224.86,93678685,-.15,0,34.46,腾讯财经
2026-08-18 20:10:02,225.01,225.98,227.92,224.86,93678685,-.15,0,34.46,腾讯财经
2026-08-18 20:20:00,225.01,225.98,227.92,224.86,93678685,-.15,0,34.46,腾讯财经
2026-08-18 20:30:05,225.01,225.98,227.92,224.86,93678685,-.15,0,34.46,腾讯财经
2026-08-18 20:40:00,225.01,225.98,227.92,224.86,93678685,-.15,0,34.46,腾讯财经
2026-08-18 20:50:04,225.01,225.98,227.92,224.86,93678685,-.15,0,34.46,腾讯财经
2026-08-18 21:00:00,225.01,225.98,227.92,224.86,93678685,-.15,0,34.46,腾讯财经
2026-08-18 21:10:01,225.01,225.98,227.92,224.86,93678685,-.15,0,34.46,腾讯财经
2026-08-18 21:20:04,225.01,225.98,227.92,224.86,93678685,-.15,0,34.46,腾讯财经
2026-08-18 21:30:03,220.31,220.45,220.50,220.25,3016504,-4.70,-2.00,33.74,腾讯财经
2026-08-18 21:40:03,220.99,220.45,221.55,219.43,9940965,-4.02,-1.00,33.84,腾讯财经
2026-08-18 21:50:04,220.13,220.45,221.64,219.43,13704241,-4.88,-2.00,33.71,腾讯财经
2026-08-18 22:00:01,220.02,220.45,221.64,219.33,17586650,-4.99,-2.00,33.69,腾讯财经
2026-08-18 22:10:03,219.66,220.45,221.64,219.33,20555706,-5.35,-2.00,33.64,腾讯财经
2026-08-18 22:20:04,219.28,220.45,221.64,218.84,24129837,-5.73,-2.00,33.58,腾讯财经
2026-08-18 22:30:00,219.92,220.45,221.64,218.84,26691580,-5.09,-2.00,33.68,腾讯财经
2026-08-18 22:40:00,219.85,220.45,221.64,218.84,29100486,-5.16,-2.00,33.67,腾讯财经
2026-08-18 22:50:04,219.27,220.45,221.64,218.84,31192406,-5.74,-2.00,33.58,腾讯财经
2026-08-18 23:00:00,218.98,220.45,221.64,218.73,33647331,-6.03,-2.00,33.53,腾讯财经
2026-08-18 23:10:03,218.98,220.45,221.64,218.69,36070819,-6.03,-2.00,33.53,腾讯财经
2026-08-18 23:20:01,219.38,220.45,221.64,218.69,38160598,-5.63,-2.00,33.60,腾讯财经
2026-08-18 23:30:00,219.64,220.45,221.64,218.69,39977085,-5.37,-2.00,33.64,腾讯财经
2026-08-18 23:40:00,219.42,220.45,221.64,218.69,41574855,-5.59,-2.00,33.60,腾讯财经
2026-08-18 23:50:00,220.02,220.45,221.64,218.69,43175463,-4.99,-2.00,33.69,腾讯财经
2026-08-19 00:00:01,219.89,220.45,221.64,218.69,44702660,-5.12,-2.00,33.67,腾讯财经
2026-08-19 00:10:01,219.99,220.45,221.64,218.69,46057817,-5.02,-2.00,33.69,腾讯财经
2026-08-19 00:20:05,219.63,220.45,221.64,218.69,47179987,-5.38,-2.00,33.63,腾讯财经
2026-08-19 00:30:04,219.53,220.45,221.64,218.69,48461877,-5.48,-2.00,33.62,腾讯财经
2026-08-19 00:40:00,219.87,220.45,221.64,218.69,49514987,-5.14,-2.00,33.67,腾讯财经
2026-08-19 00:50:04,220.30,220.45,221.64,218.69,51665856,-4.71,-2.00,33.74,腾讯财经
2026-08-19 01:00:00,220.21,220.45,221.64,218.69,52688999,-4.80,-2.00,33.72,腾讯财经
2026-08-19 01:10:01,220.22,220.45,221.64,218.69,54090983,-4.79,-2.00,33.72,腾讯财经
2026-08-19 01:20:00,220.01,220.45,221.64,218.69,54994987,-5.00,-2.00,33.69,腾讯财经
2026-08-19 01:30:00,220.35,220.45,221.64,218.69,56042856,-4.66,-2.00,33.74,腾讯财经
2026-08-19 01:40:00,220.28,220.45,221.64,218.69,56968150,-4.73,-2.00,33.73,腾讯财经
2026-08-19 01:50:05,220.27,220.45,221.64,218.69,58292356,-4.74,-2.00,33.73,腾讯财经
2026-08-19 02:00:00,220.01,220.45,221.64,218.69,59188682,-5.00,-2.00,33.69,腾讯财经
2026-08-19 02:10:04,219.40,220.45,221.64,218.69,60434770,-5.61,-2.00,33.60,腾讯财经
2026-08-19 02:20:00,219.95,220.45,221.64,218.69,61945578,-5.06,-2.00,33.68,腾讯财经
2026-08-19 02:30:01,219.90,220.45,221.64,218.69,63126521,-5.11,-2.00,33.68,腾讯财经
2026-08-19 02:40:00,220.08,220.45,221.64,218.69,63992324,-4.93,-2.00,33.70,腾讯财经
2026-08-19 02:50:01,219.97,220.45,221.64,218.69,64903943,-5.04,-2.00,33.69,腾讯财经
2026-08-19 03:00:03,219.82,220.45,221.64,218.69,65995374,-5.19,-2.00,33.66,腾讯财经
2026-08-19 03:10:00,219.83,220.45,221.64,218.69,66996857,-5.18,-2.00,33.66,腾讯财经
2026-08-19 03:20:00,219.33,220.45,221.64,218.69,68387664,-5.68,-2.00,33.59,腾讯财经
2026-08-19 03:30:01,219.30,220.45,221.64,218.69,70168781,-5.71,-2.00,33.58,腾讯财经
2026-08-19 03:40:00,219.14,220.45,221.64,218.69,72900005,-5.87,-2.00,33.56,腾讯财经
2026-08-19 03:50:00,219.51,220.45,221.64,218.69,74719497,-5.50,-2.00,33.61,腾讯财经
2026-08-19 04:00:00,219.71,220.45,221.64,218.69,81416645,-5.30,-2.00,33.65,腾讯财经
2026-08-19 04:10:02,219.74,220.45,221.64,218.69,102359182,-5.27,-2.00,33.65,腾讯财经
2026-08-19 04:20:00,219.74,220.45,221.64,218.69,102397829,-5.27,-2.00,33.65,腾讯财经
2026-08-19 04:30:01,219.74,220.45,221.64,218.69,102512980,-5.27,-2.00,33.65,腾讯财经
2026-08-19 04:40:03,219.74,220.45,221.64,218.69,102545110,-5.27,-2.00,33.65,腾讯财经
2026-08-19 04:50:04,219.74,220.45,221.64,218.69,102588842,-5.27,-2.00,33.65,腾讯财经
2026-08-19 05:00:00,219.74,220.45,221.64,218.69,102608821,-5.27,-2.00,33.65,腾讯财经
2026-08-19 05:10:00,219.74,220.45,221.64,218.69,102625350,-5.27,-2.00,33.65,腾讯财经
2026-08-19 05:20:00,219.74,220.45,221.64,218.69,102645352,-5.27,-2.00,33.65,腾讯财经
2026-08-19 05:30:00,219.74,220.45,221.64,218.69,102665386,-5.27,-2.00,33.65,腾讯财经
2026-08-19 05:40:00,219.74,220.45,221.64,218.69,102675190,-5.27,-2.00,33.65,腾讯财经
2026-08-19 05:50:05,219.74,220.45,221.64,218.69,102725758,-5.27,-2.00,33.65,腾讯财经
2026-08-19 06:00:00,219.74,220.45,221.64,218.69,102742742,-5.27,-2.00,33.65,腾讯财经
2026-08-19 06:10:02,219.74,220.45,221.64,218.69,102766765,-5.27,-2.00,33.65,腾讯财经
2026-08-19 06:20:00,219.74,220.45,221.64,218.69,102788410,-5.27,-2.00,33.65,腾讯财经
2026-08-19 06:30:01,219.74,220.45,221.64,218.69,102818977,-5.27,-2.00,33.65,腾讯财经
2026-08-19 06:40:03,219.74,220.45,221.64,218.69,102857659,-5.27,-2.00,33.65,腾讯财经
2026-08-19 06:50:01,219.74,220.45,221.64,218.69,102878485,-5.27,-2.00,33.65,腾讯财经
2026-08-19 07:00:00,219.74,220.45,221.64,218.69,102934907,-5.27,-2.00,33.65,腾讯财经
2026-08-19 07:10:01,219.74,220.45,221.64,218.69,102967459,-5.27,-2.00,33.65,腾讯财经
2026-08-19 07:20:05,219.74,220.45,221.64,218.69,103000352,-5.27,-2.00,33.65,腾讯财经
2026-08-19 07:30:01,219.74,220.45,221.64,218.69,103031138,-5.27,-2.00,33.65,腾讯财经
2026-08-19 07:40:00,219.74,220.45,221.64,218.69,103069810,-5.27,-2.00,33.65,腾讯财经
2026-08-19 07:50:00,219.74,220.45,221.64,218.69,103091560,-5.27,-2.00,33.65,腾讯财经
2026-08-19 08:50:05,219.74,220.45,221.64,218.69,103128247,-5.27,-2.00,33.65,腾讯财经
2026-08-19 09:00:03,219.74,220.45,221.64,218.69,103128247,-5.27,-2.00,33.65,腾讯财经
2026-08-19 09:10:01,219.74,220.45,221.64,218.69,103128247,-5.27,-2.00,33.65,腾讯财经
2026-08-19 09:20:04,219.74,220.45,221.64,218.69,103128247,-5.27,-2.00,33.65,腾讯财经
2026-08-19 09:30:00,219.74,220.45,221.64,218.69,103128247,-5.27,-2.00,33.65,腾讯财经
2026-08-19 09:40:00,219.74,220.45,221.64,218.69,103128247,-5.27,-2.00,33.65,腾讯财经
2026-08-19 09:50:04,219.74,220.45,221.64,218.69,103128247,-5.27,-2.00,33.65,腾讯财经
2026-08-19 10:00:00,219.74,220.45,221.64,218.69,103128247,-5.27,-2.00,33.65,腾讯财经
2026-08-19 10:10:02,219.74,220.45,221.64,218.69,103128247,-5.27,-2.00,33.65,腾讯财经
2026-08-19 10:20:00,219.74,220.45,221.64,218.69,103128247,-5.27,-2.00,33.65,腾讯财经
2026-08-19 10:30:01,219.74,220.45,221.64,218.69,103128247,-5.27,-2.00,33.65,腾讯财经
2026-08-19 10:40:05,219.74,220.45,221.64,218.69,103128247,-5.27,-2.00,33.65,腾讯财经
2026-08-19 10:50:03,219.74,220.45,221.64,218.69,103128247,-5.27,-2.00,33.65,腾讯财经
2026-08-19 11:00:01,219.74,220.45,221.64,218.69,103128247,-5.27,-2.00,33.65,腾讯财经
2026-08-19 11:10:01,219.74,220.45,221.64,218.69,103128247,-5.27,-2.00,33.65,腾讯财经
2026-08-19 11:20:02,219.74,220.45,221.64,218.69,103128247,-5.27,-2.00,33.65,腾讯财经
2026-08-19 11:30:05,219.74,220.45,221.64,218.69,103128247,-5.27,-2.00,33.65,腾讯财经
2026-08-19 11:40:01,219.74,220.45,221.64,218.69,103128247,-5.27,-2.00,33.65,腾讯财经
2026-08-19 11:50:02,219.74,220.45,221.64,218.69,103128247,-5.27,-2.00,33.65,腾讯财经
2026-08-19 12:00:05,219.74,220.45,221.64,218.69,103128247,-5.27,-2.00,33.65,腾讯财经
2026-08-19 12:10:00,219.74,220.45,221.64,218.69,103128247,-5.27,-2.00,33.65,腾讯财经
2026-08-19 12:20:05,219.74,220.45,221.64,218.69,103128247,-5.27,-2.00,33.65,腾讯财经
2026-08-19 12:30:00,219.74,220.45,221.64,218.69,103128247,-5.27,-2.00,33.65,腾讯财经
2026-08-19 12:40:05,219.74,220.45,221.64,218.69,103128247,-5.27,-2.00,33.65,腾讯财经
2026-08-19 12:50:05,219.74,220.45,221.64,218.69,103128247,-5.27,-2.00,33.65,腾讯财经
2026-08-19 13:00:00,219.74,220.45,221.64,218.69,103128247,-5.27,-2.00,33.65,腾讯财经
2026-08-19 13:10:01,219.74,220.45,221.64,218.69,103128247,-5.27,-2.00,33.65,腾讯财经
2026-08-19 13:20:02,219.74,220.45,221.64,218.69,103128247,-5.27,-2.00,33.65,腾讯财经
2026-08-19 13:30:00,219.74,220.45,221.64,218.69,103128247,-5.27,-2.00,33.65,腾讯财经
2026-08-19 13:40:00,219.74,220.45,221.64,218.69,103128247,-5.27,-2.00,33.65,腾讯财经
2026-08-19 13:50:01,219.74,220.45,221.64,218.69,103128247,-5.27,-2.00,33.65,腾讯财经
2026-08-19 13:56:31,219.74,220.45,221.64,218.69,103128247,-5.27,-2.00,33.65,腾讯财经
2026-08-19 14:04:47,219.74,220.45,221.64,218.69,103128247,-5.27,-2.00,33.65,腾讯财经
2026-08-19 14:10:00,219.74,220.45,221.64,218.69,103128247,-5.27,-2.00,33.65,腾讯财经
2026-08-19 14:20:04,219.74,220.45,221.64,218.69,103128247,-5.27,-2.00,33.65,腾讯财经
2026-08-19 14:30:02,219.74,220.45,221.64,218.69,103128247,-5.27,-2.00,33.65,腾讯财经
2026-08-19 14:40:00,219.74,220.45,221.64,218.69,103128247,-5.27,-2.00,33.65,腾讯财经
2026-08-19 14:50:00,219.74,220.45,221.64,218.69,103128247,-5.27,-2.00,33.65,腾讯财经
2026-08-19 15:00:05,219.74,220.45,221.64,218.69,103128247,-5.27,-2.00,33.65,腾讯财经
2026-08-19 15:10:00,219.74,220.45,221.64,218.69,103128247,-5.27,-2.00,33.65,腾讯财经
2026-08-19 15:20:01,219.74,220.45,221.64,218.69,103128247,-5.27,-2.00,33.65,腾讯财经
2026-08-19 15:30:00,219.74,220.45,221.64,218.69,103128247,-5.27,-2.00,33.65,腾讯财经
2026-08-19 15:40:03,219.74,220.45,221.64,218.69,103128247,-5.27,-2.00,33.65,腾讯财经
2026-08-19 15:50:00,219.74,220.45,221.64,218.69,103128247,-5.27,-2.00,33.65,腾讯财经
2026-08-19 16:00:04,219.74,220.45,221.64,218.69,103128247,-5.27,-2.00,33.65,腾讯财经
2026-08-19 16:10:00,219.74,220.45,221.64,218.69,103128247,-5.27,-2.00,33.65,腾讯财经
2026-08-19 16:20:00,219.74,220.45,221.64,218.69,103128247,-5.27,-2.00,33.65,腾讯财经
2026-08-19 16:30:00,219.74,220.45,221.64,218.69,103128247,-5.27,-2.00,33.65,腾讯财经
2026-08-19 16:40:01,219.74,220.45,221.64,218.69,103128247,-5.27,-2.00,33.65,腾讯财经
2026-08-19 16:50:04,219.74,220.45,221.64,218.69,103128247,-5.27,-2.00,33.65,腾讯财经
2026-08-19 17:00:02,219.74,220.45,221.64,218.69,103128247,-5.27,-2.00,33.65,腾讯财经
2026-08-19 17:10:01,219.74,220.45,221.64,218.69,103128247,-5.27,-2.00,33.65,腾讯财经
2026-08-19 17:20:05,219.74,220.45,221.64,218.69,103128247,-5.27,-2.00,33.65,腾讯财经
2026-08-19 17:30:04,219.74,220.45,221.64,218.69,103128247,-5.27,-2.00,33.65,腾讯财经
2026-08-19 19:25:37,219.74,220.45,221.64,218.69,103128247,-5.27,-2.00,33.65,腾讯财经
2026-08-19 19:30:05,219.74,220.45,221.64,218.69,103128247,-5.27,-2.00,33.65,腾讯财经
2026-08-19 19:40:01,219.74,220.45,221.64,218.69,103128247,-5.27,-2.00,33.65,腾讯财经
2026-08-19 19:50:00,219.74,220.45,221.64,218.69,103128247,-5.27,-2.00,33.65,腾讯财经
2026-08-19 20:00:03,219.74,220.45,221.64,218.69,103128247,-5.27,-2.00,33.65,腾讯财经
2026-08-19 20:10:03,219.74,220.45,221.64,218.69,103128247,-5.27,-2.00,33.65,腾讯财经
2026-08-19 20:20:01,219.74,220.45,221.64,218.69,103128247,-5.27,-2.00,33.65,腾讯财经
2026-08-19 20:30:05,219.74,220.45,221.64,218.69,103128247,-5.27,-2.00,33.65,腾讯财经
2026-08-19 20:40:00,219.74,220.45,221.64,218.69,103128247,-5.27,-2.00,33.65,腾讯财经
2026-08-19 20:50:00,219.74,220.45,221.64,218.69,103128247,-5.27,-2.00,33.65,腾讯财经
2026-08-19 21:00:00,219.74,220.45,221.64,218.69,103128247,-5.27,-2.00,33.65,腾讯财经
2026-08-19 21:10:05,219.74,220.45,221.64,218.69,103128247,-5.27,-2.00,33.65,腾讯财经
2026-08-19 21:20:04,219.74,220.45,221.64,218.69,103128247,-5.27,-2.00,33.65,腾讯财经
2026-08-19 21:30:00,219.74,0.00,0.00,0.00,2749641,0,0,33.65,腾讯财经
2026-08-19 21:40:05,219.53,221.67,222.87,219.53,8273202,-.21,0,33.62,腾讯财经
2026-08-19 21:50:01,219.04,221.67,222.87,218.91,12331262,-.70,0,33.54,腾讯财经
2026-08-19 22:00:00,218.59,221.67,222.87,217.91,16429191,-1.15,0,33.47,腾讯财经
2026-08-19 22:10:00,217.82,221.67,222.87,217.54,19559429,-1.92,0,33.36,腾讯财经
2026-08-19 22:20:03,217.03,221.67,222.87,216.76,23269098,-2.71,-1.00,33.24,腾讯财经
2026-08-19 22:30:01,218.08,221.67,222.87,216.76,25841797,-1.66,0,33.40,腾讯财经
2026-08-19 22:40:03,219.42,221.67,222.87,216.76,28994516,-.32,0,33.60,腾讯财经
2026-08-19 22:50:04,219.13,221.67,222.87,216.76,31122563,-.61,0,33.56,腾讯财经
2026-08-19 23:00:05,219.91,221.67,222.87,216.76,32889349,.17,0,33.68,腾讯财经
2026-08-19 23:10:03,219.15,221.67,222.87,216.76,34495179,-.59,0,33.56,腾讯财经
2026-08-19 23:20:03,219.62,221.67,222.87,216.76,35950564,-.12,0,33.63,腾讯财经
2026-08-19 23:30:05,219.27,221.67,222.87,216.76,37536262,-.47,0,33.58,腾讯财经
2026-08-19 23:40:04,218.99,221.67,222.87,216.76,38723659,-.75,0,33.54,腾讯财经
2026-08-19 23:50:04,218.88,221.67,222.87,216.76,40200104,-.86,0,33.52,腾讯财经
2026-08-20 00:00:05,219.31,221.67,222.87,216.76,41479853,-.43,0,33.58,腾讯财经
2026-08-20 00:10:03,220.62,221.67,222.87,216.76,43635979,.88,0,33.79,腾讯财经
2026-08-20 00:20:05,220.07,221.67,222.87,216.76,45521393,.33,0,33.70,腾讯财经
2026-08-20 00:30:03,219.40,221.67,222.87,216.76,46919950,-.34,0,33.60,腾讯财经
2026-08-20 00:40:03,219.49,221.67,222.87,216.76,48252934,-.25,0,33.61,腾讯财经
2026-08-20 00:50:04,219.13,221.67,222.87,216.76,49266745,-.61,0,33.56,腾讯财经
2026-08-20 01:00:04,218.92,221.67,222.87,216.76,50424743,-.82,0,33.53,腾讯财经
2026-08-20 01:10:04,218.97,221.67,222.87,216.76,51324859,-.77,0,33.53,腾讯财经
2026-08-20 01:20:05,218.98,221.67,222.87,216.76,52368015,-.76,0,33.53,腾讯财经
2026-08-20 01:30:03,218.99,221.67,222.87,216.76,53167375,-.75,0,33.54,腾讯财经
2026-08-20 01:40:04,218.92,221.67,222.87,216.76,54074947,-.82,0,33.53,腾讯财经
2026-08-20 01:50:04,219.25,221.67,222.87,216.76,55110158,-.49,0,33.58,腾讯财经
2026-08-20 02:00:03,219.06,221.67,222.87,216.76,55960677,-.68,0,33.55,腾讯财经
2026-08-20 02:10:05,218.91,221.67,222.87,216.76,57339580,-.83,0,33.52,腾讯财经
2026-08-20 02:20:04,219.05,221.67,222.87,216.76,58592557,-.69,0,33.55,腾讯财经
2026-08-20 02:30:00,219.10,221.67,222.87,216.76,59402216,-.64,0,33.55,腾讯财经
2026-08-20 02:40:04,219.49,221.67,222.87,216.76,60605860,-.25,0,33.61,腾讯财经
2026-08-20 02:50:04,219.63,221.67,222.87,216.76,61616596,-.11,0,33.63,腾讯财经
2026-08-20 03:00:01,219.44,221.67,222.87,216.76,62441606,-.30,0,33.60,腾讯财经
2026-08-20 03:10:04,219.54,221.67,222.87,216.76,63325367,-.20,0,33.62,腾讯财经
2026-08-20 03:20:04,219.77,221.67,222.87,216.76,64270938,.03,0,33.66,腾讯财经
2026-08-20 03:30:01,219.61,221.67,222.87,216.76,65464884,-.13,0,33.63,腾讯财经
2026-08-20 03:40:00,219.13,221.67,222.87,216.76,67086831,-.61,0,33.56,腾讯财经
2026-08-20 03:50:04,218.31,221.67,222.87,216.76,69047770,-1.43,0,33.43,腾讯财经
2026-08-20 04:00:00,217.46,221.67,222.87,216.76,76485155,-2.28,-1.00,33.30,腾讯财经
2026-08-20 04:10:00,217.56,221.67,222.87,216.76,96772402,-2.18,0,33.32,腾讯财经
2026-08-20 04:20:02,217.56,221.67,222.87,216.76,96717434,-2.18,0,33.32,腾讯财经
2026-08-20 04:30:01,217.56,221.67,222.87,216.76,96851024,-2.18,0,33.32,腾讯财经
2026-08-20 04:40:01,217.56,221.67,222.87,216.76,96854281,-2.18,0,33.32,腾讯财经
2026-08-20 04:50:05,217.56,221.67,222.87,216.76,96854281,-2.18,0,33.32,腾讯财经
2026-08-20 05:00:00,217.56,221.67,222.87,216.76,96854281,-2.18,0,33.32,腾讯财经
2026-08-20 05:10:02,217.56,221.67,222.87,216.76,96854281,-2.18,0,33.32,腾讯财经
2026-08-20 05:20:05,217.56,221.67,222.87,216.76,96854281,-2.18,0,33.32,腾讯财经
2026-08-20 05:30:00,217.56,221.67,222.87,216.76,96854281,-2.18,0,33.32,腾讯财经
2026-08-20 05:40:00,217.56,221.67,222.87,216.76,96854281,-2.18,0,33.32,腾讯财经
2026-08-20 05:50:00,217.56,221.67,222.87,216.76,96854281,-2.18,0,33.32,腾讯财经
2026-08-20 06:00:00,217.56,221.67,222.87,216.76,96854281,-2.18,0,33.32,腾讯财经
2026-08-20 06:10:00,217.56,221.67,222.87,216.76,96854281,-2.18,0,33.32,腾讯财经
2026-08-20 06:20:01,217.56,221.67,222.87,216.76,96854281,-2.18,0,33.32,腾讯财经
2026-08-20 06:30:00,217.56,221.67,222.87,216.76,96854281,-2.18,0,33.32,腾讯财经
2026-08-20 06:40:01,217.56,221.67,222.87,216.76,96854281,-2.18,0,33.32,腾讯财经
2026-08-20 06:50:04,217.56,221.67,222.87,216.76,96854281,-2.18,0,33.32,腾讯财经
2026-08-20 07:00:00,217.56,221.67,222.87,216.76,96854281,-2.18,0,33.32,腾讯财经
2026-08-20 07:10:00,217.56,221.67,222.87,216.76,96854281,-2.18,0,33.32,腾讯财经
2026-08-20 07:20:04,217.56,221.67,222.87,216.76,96854281,-2.18,0,33.32,腾讯财经
2026-08-20 07:30:00,217.56,221.67,222.87,216.76,96854281,-2.18,0,33.32,腾讯财经
2026-08-20 07:40:00,217.56,221.67,222.87,216.76,96854281,-2.18,0,33.32,腾讯财经
2026-08-20 08:28:01,217.56,221.67,222.87,216.76,96854281,-2.18,0,33.32,腾讯财经
2026-08-20 08:30:05,217.56,221.67,222.87,216.76,96854281,-2.18,0,33.32,腾讯财经
2026-08-20 08:40:05,217.56,221.67,222.87,216.76,96797314,-2.18,0,33.32,腾讯财经
2026-08-20 08:50:03,217.56,221.67,222.87,216.76,96797314,-2.18,0,33.32,腾讯财经
2026-08-20 09:00:01,217.56,221.67,222.87,216.76,96797314,-2.18,0,33.32,腾讯财经
2026-08-20 09:10:04,217.56,221.67,222.87,216.76,96797314,-2.18,0,33.32,腾讯财经
2026-08-20 09:20:01,217.56,221.67,222.87,216.76,96797314,-2.18,0,33.32,腾讯财经
2026-08-20 09:30:00,217.56,221.67,222.87,216.76,96797314,-2.18,0,33.32,腾讯财经
2026-08-20 09:40:00,217.56,221.67,222.87,216.76,96797314,-2.18,0,33.32,腾讯财经
2026-08-20 09:50:01,217.56,221.67,222.87,216.76,96797314,-2.18,0,33.32,腾讯财经
2026-08-20 10:00:04,217.56,221.67,222.87,216.76,96797314,-2.18,0,33.32,腾讯财经
2026-08-20 10:10:02,217.56,221.67,222.87,216.76,96797314,-2.18,0,33.32,腾讯财经
2026-08-20 10:20:02,217.56,221.67,222.87,216.76,96797314,-2.18,0,33.32,腾讯财经
2026-08-20 10:30:05,217.56,221.67,222.87,216.76,96797314,-2.18,0,33.32,腾讯财经
2026-08-20 10:40:00,217.56,221.67,222.87,216.76,96797314,-2.18,0,33.32,腾讯财经
2026-08-20 10:50:04,217.56,221.67,222.87,216.76,96797314,-2.18,0,33.32,腾讯财经
2026-08-20 11:00:00,217.56,221.67,222.87,216.76,96797314,-2.18,0,33.32,腾讯财经
2026-08-20 11:10:00,217.56,221.67,222.87,216.76,96797314,-2.18,0,33.32,腾讯财经
2026-08-20 11:20:01,217.56,221.67,222.87,216.76,96797314,-2.18,0,33.32,腾讯财经
2026-08-20 11:30:03,217.56,221.67,222.87,216.76,96797314,-2.18,0,33.32,腾讯财经
2026-08-20 11:40:01,217.56,221.67,222.87,216.76,96797314,-2.18,0,33.32,腾讯财经
2026-08-20 11:50:01,217.56,221.67,222.87,216.76,96797314,-2.18,0,33.32,腾讯财经
2026-08-20 12:00:00,217.56,221.67,222.87,216.76,96797314,-2.18,0,33.32,腾讯财经
2026-08-20 12:10:01,217.56,221.67,222.87,216.76,96797314,-2.18,0,33.32,腾讯财经
2026-08-20 12:20:01,217.56,221.67,222.87,216.76,96797314,-2.18,0,33.32,腾讯财经
2026-08-20 12:30:05,217.56,221.67,222.87,216.76,96797314,-2.18,0,33.32,腾讯财经
2026-08-20 12:40:01,217.56,221.67,222.87,216.76,96797314,-2.18,0,33.32,腾讯财经
2026-08-20 12:50:01,217.56,221.67,222.87,216.76,96797314,-2.18,0,33.32,腾讯财经
2026-08-20 13:00:02,217.56,221.67,222.87,216.76,96797314,-2.18,0,33.32,腾讯财经
2026-08-20 13:10:04,217.56,221.67,222.87,216.76,96797314,-2.18,0,33.32,腾讯财经
2026-08-20 13:20:00,217.56,221.67,222.87,216.76,96797314,-2.18,0,33.32,腾讯财经
2026-08-20 13:30:05,217.56,221.67,222.87,216.76,96797314,-2.18,0,33.32,腾讯财经
2026-08-20 13:40:01,217.56,221.67,222.87,216.76,96797314,-2.18,0,33.32,腾讯财经
2026-08-20 13:50:00,217.56,221.67,222.87,216.76,96797314,-2.18,0,33.32,腾讯财经
2026-08-20 14:00:00,217.56,221.67,222.87,216.76,96797314,-2.18,0,33.32,腾讯财经
2026-08-20 14:10:02,217.56,221.67,222.87,216.76,96797314,-2.18,0,33.32,腾讯财经
2026-08-20 14:20:02,217.56,221.67,222.87,216.76,96797314,-2.18,0,33.32,腾讯财经
2026-08-20 14:30:05,217.56,221.67,222.87,216.76,96797314,-2.18,0,33.32,腾讯财经
2026-08-20 14:40:01,217.56,221.67,222.87,216.76,96797314,-2.18,0,33.32,腾讯财经
2026-08-20 14:50:01,217.56,221.67,222.87,216.76,96797314,-2.18,0,33.32,腾讯财经
2026-08-20 15:00:03,217.56,221.67,222.87,216.76,96797314,-2.18,0,33.32,腾讯财经
2026-08-20 15:10:00,217.56,221.67,222.87,216.76,96797314,-2.18,0,33.32,腾讯财经
2026-08-20 15:20:01,217.56,221.67,222.87,216.76,96797314,-2.18,0,33.32,腾讯财经
2026-08-20 15:30:02,217.56,221.67,222.87,216.76,96797314,-2.18,0,33.32,腾讯财经
2026-08-20 15:40:04,217.56,221.67,222.87,216.76,96797314,-2.18,0,33.32,腾讯财经
2026-08-20 15:50:01,217.56,221.67,222.87,216.76,96797314,-2.18,0,33.32,腾讯财经
2026-08-20 16:00:00,217.56,221.67,222.87,216.76,96797314,-2.18,0,33.32,腾讯财经
2026-08-20 16:10:03,217.56,221.67,222.87,216.76,96797314,-2.18,0,33.32,腾讯财经
2026-08-20 16:20:05,217.56,221.67,222.87,216.76,96797314,-2.18,0,33.32,腾讯财经
2026-08-20 16:30:04,217.56,221.67,222.87,216.76,96797314,-2.18,0,33.32,腾讯财经
2026-08-20 16:40:04,217.56,221.67,222.87,216.76,96797314,-2.18,0,33.32,腾讯财经
2026-08-20 16:50:00,217.56,221.67,222.87,216.76,96797314,-2.18,0,33.32,腾讯财经
2026-08-20 17:00:02,217.56,221.67,222.87,216.76,96797314,-2.18,0,33.32,腾讯财经
2026-08-20 17:10:00,217.56,221.67,222.87,216.76,96797314,-2.18,0,33.32,腾讯财经
2026-08-20 17:20:02,217.56,221.67,222.87,216.76,96797314,-2.18,0,33.32,腾讯财经
2026-08-20 17:30:00,217.56,221.67,222.87,216.76,96797314,-2.18,0,33.32,腾讯财经
2026-08-20 17:40:01,217.56,221.67,222.87,216.76,96797314,-2.18,0,33.32,腾讯财经
2026-08-20 17:50:02,217.56,221.67,222.87,216.76,96797314,-2.18,0,33.32,腾讯财经
2026-08-20 18:00:05,217.56,221.67,222.87,216.76,96797314,-2.18,0,33.32,腾讯财经
2026-08-20 18:10:01,217.56,221.67,222.87,216.76,96797314,-2.18,0,33.32,腾讯财经
2026-08-20 18:20:01,217.56,221.67,222.87,216.76,96797314,-2.18,0,33.32,腾讯财经
2026-08-20 18:30:05,217.56,221.67,222.87,216.76,96797314,-2.18,0,33.32,腾讯财经
2026-08-20 18:40:01,217.56,221.67,222.87,216.76,96797314,-2.18,0,33.32,腾讯财经
2026-08-20 18:50:04,217.56,221.67,222.87,216.76,96797314,-2.18,0,33.32,腾讯财经
2026-08-20 19:00:01,217.56,221.67,222.87,216.76,96797314,-2.18,0,33.32,腾讯财经
2026-08-20 19:10:03,217.56,221.67,222.87,216.76,96797314,-2.18,0,33.32,腾讯财经
2026-08-20 19:20:02,217.56,221.67,222.87,216.76,96797314,-2.18,0,33.32,腾讯财经
2026-08-20 19:30:02,217.56,221.67,222.87,216.76,96797314,-2.18,0,33.32,腾讯财经
2026-08-20 19:40:01,217.56,221.67,222.87,216.76,96797314,-2.18,0,33.32,腾讯财经
2026-08-20 19:50:01,217.56,221.67,222.87,216.76,96797314,-2.18,0,33.32,腾讯财经
2026-08-20 20:00:02,217.56,221.67,222.87,216.76,96797314,-2.18,0,33.32,腾讯财经
2026-08-20 20:10:00,217.56,221.67,222.87,216.76,96797314,-2.18,0,33.32,腾讯财经
2026-08-20 20:20:01,217.56,221.67,222.87,216.76,96797314,-2.18,0,33.32,腾讯财经
2026-08-20 20:30:05,217.56,221.67,222.87,216.76,96797314,-2.18,0,33.32,腾讯财经
2026-08-20 20:40:02,217.56,221.67,222.87,216.76,96797314,-2.18,0,33.32,腾讯财经
2026-08-20 20:50:02,217.56,221.67,222.87,216.76,96797314,-2.18,0,33.32,腾讯财经
2026-08-20 21:00:03,217.56,221.67,222.87,216.76,96797314,-2.18,0,33.32,腾讯财经
2026-08-20 21:10:01,217.56,221.67,222.87,216.76,96797314,-2.18,0,33.32,腾讯财经
2026-08-20 21:20:03,217.56,221.67,222.87,216.76,96797314,-2.18,0,33.32,腾讯财经
2026-08-20 21:30:02,217.56,0.00,0.00,0.00,1910576,0,0,33.32,腾讯财经
2026-08-20 21:40:04,219.44,218.36,219.82,217.18,6719999,1.88,0,33.60,腾讯财经
2026-08-20 21:50:01,217.99,218.36,219.86,217.18,9662770,.43,0,33.38,腾讯财经
2026-08-20 22:00:01,217.66,218.36,219.86,217.18,12173279,.10,0,33.33,腾讯财经
2026-08-20 22:10:05,217.97,218.36,219.86,217.07,14199557,.41,0,33.38,腾讯财经
2026-08-20 22:20:01,217.14,218.36,219.86,217.07,15988773,-.42,0,33.25,腾讯财经
2026-08-20 22:30:05,217.46,218.36,219.86,216.71,19267400,-.10,0,33.30,腾讯财经
2026-08-20 22:40:01,218.42,218.36,219.86,216.71,21316437,.86,0,33.45,腾讯财经
2026-08-20 22:50:01,217.84,218.36,219.86,216.71,23542999,.28,0,33.36,腾讯财经
2026-08-20 23:00:02,217.69,218.36,219.86,216.71,25343841,.13,0,33.34,腾讯财经
2026-08-20 23:10:02,217.43,218.36,219.86,216.71,27143191,-.13,0,33.30,腾讯财经
2026-08-20 23:20:04,217.43,218.36,219.86,216.71,28729221,-.13,0,33.30,腾讯财经
2026-08-20 23:30:01,216.84,218.36,219.86,216.64,30681441,-.72,0,33.21,腾讯财经
2026-08-20 23:40:00,216.19,218.36,219.86,216.16,32360093,-1.37,0,33.11,腾讯财经
2026-08-20 23:50:02,216.03,218.36,219.86,215.66,34221100,-1.53,0,33.08,腾讯财经
2026-08-21 00:00:00,216.22,218.36,219.86,215.66,35524228,-1.34,0,33.11,腾讯财经
2026-08-21 00:10:01,216.56,218.36,219.86,215.66,36542563,-1.00,0,33.16,腾讯财经
2026-08-21 00:20:04,216.45,218.36,219.86,215.66,37855071,-1.11,0,33.15,腾讯财经
2026-08-21 00:30:05,216.84,218.36,219.86,215.66,38847915,-.72,0,33.21,腾讯财经
2026-08-21 00:40:02,216.89,218.36,219.86,215.66,39609064,-.67,0,33.21,腾讯财经
2026-08-21 00:50:03,216.97,218.36,219.86,215.66,40533405,-.59,0,33.23,腾讯财经
2026-08-21 01:00:01,217.83,218.36,219.86,215.66,42613721,.27,0,33.36,腾讯财经
2026-08-21 01:10:01,217.09,218.36,219.86,215.66,44790490,-.47,0,33.25,腾讯财经
2026-08-21 01:20:00,216.39,218.36,219.86,215.66,46148573,-1.17,0,33.14,腾讯财经
2026-08-21 01:30:01,216.35,218.36,219.86,215.66,47206453,-1.21,0,33.13,腾讯财经
2026-08-21 01:40:01,216.43,218.36,219.86,215.66,48129618,-1.13,0,33.14,腾讯财经
2026-08-21 01:50:01,216.71,218.36,219.86,215.66,48931856,-.85,0,33.19,腾讯财经
2026-08-21 02:00:01,216.80,218.36,219.86,215.66,49706568,-.76,0,33.20,腾讯财经
2026-08-21 02:10:04,216.56,218.36,219.86,215.66,50635790,-1.00,0,33.16,腾讯财经
2026-08-21 02:20:02,216.72,218.36,219.86,215.66,51420951,-.84,0,33.19,腾讯财经
2026-08-21 02:30:04,216.89,218.36,219.86,215.66,52263591,-.67,0,33.21,腾讯财经
2026-08-21 02:40:01,216.66,218.36,219.86,215.66,53220645,-.90,0,33.18,腾讯财经
2026-08-21 02:50:03,216.69,218.36,219.86,215.66,54401494,-.87,0,33.18,腾讯财经
2026-08-21 03:00:04,216.60,218.36,219.86,215.66,55358851,-.96,0,33.17,腾讯财经
2026-08-21 03:10:00,216.98,218.36,219.86,215.66,56472565,-.58,0,33.23,腾讯财经
2026-08-21 03:20:02,216.86,218.36,219.86,215.66,57507210,-.70,0,33.21,腾讯财经
2026-08-21 03:30:02,217.43,218.36,219.86,215.66,58827778,-.13,0,33.30,腾讯财经
2026-08-21 03:40:01,217.34,218.36,219.86,215.66,60157329,-.22,0,33.28,腾讯财经
2026-08-21 03:50:01,217.06,218.36,219.86,215.66,61626537,-.50,0,33.24,腾讯财经
2026-08-21 04:00:02,216.81,218.36,219.86,215.66,66259332,-.75,0,33.20,腾讯财经
2026-08-21 04:10:01,216.85,218.36,219.86,215.66,89631166,-.71,0,33.21,腾讯财经
2026-08-21 04:20:02,216.85,218.36,219.86,215.66,89736714,-.71,0,33.21,腾讯财经
2026-08-21 04:30:04,216.85,218.36,219.86,215.66,89781652,-.71,0,33.21,腾讯财经
2026-08-21 04:40:01,216.85,218.36,219.86,215.66,89800743,-.71,0,33.21,腾讯财经
2026-08-21 04:50:01,216.85,218.36,219.86,215.66,89820584,-.71,0,33.21,腾讯财经
2026-08-21 05:00:03,216.85,218.36,219.86,215.66,89838813,-.71,0,33.21,腾讯财经
2026-08-21 05:10:01,216.85,218.36,219.86,215.66,89860169,-.71,0,33.21,腾讯财经
2026-08-21 05:20:02,216.85,218.36,219.86,215.66,92178813,-.71,0,33.21,腾讯财经
2026-08-21 05:30:02,216.85,218.36,219.86,215.66,92189371,-.71,0,33.21,腾讯财经
2026-08-21 05:40:01,216.85,218.36,219.86,215.66,92199312,-.71,0,33.21,腾讯财经
2026-08-21 05:50:02,216.85,218.36,219.86,215.66,92221148,-.71,0,33.21,腾讯财经
2026-08-21 06:00:04,216.85,218.36,219.86,215.66,92241120,-.71,0,33.21,腾讯财经
2026-08-21 06:10:01,216.85,218.36,219.86,215.66,92259843,-.71,0,33.21,腾讯财经
2026-08-21 06:20:02,216.85,218.36,219.86,215.66,92304107,-.71,0,33.21,腾讯财经
2026-08-21 06:30:05,216.85,218.36,219.86,215.66,92333532,-.71,0,33.21,腾讯财经
2026-08-21 06:40:04,216.85,218.36,219.86,215.66,92343664,-.71,0,33.21,腾讯财经
2026-08-21 06:50:02,216.85,218.36,219.86,215.66,92352079,-.71,0,33.21,腾讯财经
2026-08-21 07:00:06,216.85,218.36,219.86,215.66,92366871,-.71,0,33.21,腾讯财经
2026-08-21 07:10:04,216.85,218.36,219.86,215.66,92377564,-.71,0,33.21,腾讯财经
2026-08-21 07:20:00,216.85,218.36,219.86,215.66,92388218,-.71,0,33.21,腾讯财经
2026-08-21 07:30:00,216.85,218.36,219.86,215.66,92399507,-.71,0,33.21,腾讯财经
2026-08-21 07:40:01,216.85,218.36,219.86,215.66,92417446,-.71,0,33.21,腾讯财经
2026-08-21 07:50:05,216.85,218.36,219.86,215.66,92432005,-.71,0,33.21,腾讯财经
2026-08-21 08:00:02,216.85,218.36,219.86,215.66,92457017,-.71,0,33.21,腾讯财经
2026-08-21 08:10:03,216.85,218.36,219.86,215.66,92457017,-.71,0,33.21,腾讯财经
2026-08-21 08:20:02,216.85,218.36,219.86,215.66,92457037,-.71,0,33.21,腾讯财经
2026-08-21 08:30:04,216.85,218.36,219.86,215.66,92457037,-.71,0,33.21,腾讯财经
2026-08-21 08:40:01,216.85,218.36,219.86,215.66,92457037,-.71,0,33.21,腾讯财经
2026-08-21 08:50:03,216.85,218.36,219.86,215.66,92457037,-.71,0,33.21,腾讯财经
2026-08-21 09:00:02,216.85,218.36,219.86,215.66,92457037,-.71,0,33.21,腾讯财经
2026-08-21 09:10:04,216.85,218.36,219.86,215.66,92457037,-.71,0,33.21,腾讯财经
2026-08-21 09:20:01,216.85,218.36,219.86,215.66,92457037,-.71,0,33.21,腾讯财经
2026-08-21 09:40:02,216.85,218.36,219.86,215.66,92457037,-.71,0,33.21,腾讯财经
2026-08-21 09:50:04,216.85,218.36,219.86,215.66,92457037,-.71,0,33.21,腾讯财经
2026-08-21 10:00:04,216.85,218.36,219.86,215.66,92457037,-.71,0,33.21,腾讯财经
2026-08-21 10:10:00,216.85,218.36,219.86,215.66,92457037,-.71,0,33.21,腾讯财经
2026-08-21 10:20:04,216.85,218.36,219.86,215.66,92457037,-.71,0,33.21,腾讯财经
2026-08-21 10:30:00,216.85,218.36,219.86,215.66,92457037,-.71,0,33.21,腾讯财经
2026-08-21 10:40:04,216.85,218.36,219.86,215.66,92457037,-.71,0,33.21,腾讯财经
2026-08-21 10:50:05,216.85,218.36,219.86,215.66,92457037,-.71,0,33.21,腾讯财经
2026-08-21 11:00:00,216.85,218.36,219.86,215.66,92457037,-.71,0,33.21,腾讯财经
2026-08-21 11:10:02,216.85,218.36,219.86,215.66,92457037,-.71,0,33.21,腾讯财经
2026-08-21 11:20:00,216.85,218.36,219.86,215.66,92457037,-.71,0,33.21,腾讯财经
2026-08-21 11:30:03,216.85,218.36,219.86,215.66,92457037,-.71,0,33.21,腾讯财经
2026-08-21 11:40:00,216.85,218.36,219.86,215.66,92457037,-.71,0,33.21,腾讯财经
2026-08-21 11:50:02,216.85,218.36,219.86,215.66,92457037,-.71,0,33.21,腾讯财经
2026-08-21 12:00:04,216.85,218.36,219.86,215.66,92457037,-.71,0,33.21,腾讯财经
2026-08-21 12:10:04,216.85,218.36,219.86,215.66,92457037,-.71,0,33.21,腾讯财经
2026-08-21 12:20:03,216.85,218.36,219.86,215.66,92457037,-.71,0,33.21,腾讯财经
2026-08-21 12:30:04,216.85,218.36,219.86,215.66,92457037,-.71,0,33.21,腾讯财经
2026-08-21 12:40:03,216.85,218.36,219.86,215.66,92457037,-.71,0,33.21,腾讯财经
2026-08-21 12:50:00,216.85,218.36,219.86,215.66,92457037,-.71,0,33.21,腾讯财经
2026-08-21 13:00:00,216.85,218.36,219.86,215.66,92457037,-.71,0,33.21,腾讯财经
2026-08-21 13:10:03,216.85,218.36,219.86,215.66,92457037,-.71,0,33.21,腾讯财经
2026-08-21 13:20:00,216.85,218.36,219.86,215.66,92457037,-.71,0,33.21,腾讯财经
2026-08-21 13:30:01,216.85,218.36,219.86,215.66,92457037,-.71,0,33.21,腾讯财经
2026-08-21 13:40:05,216.85,218.36,219.86,215.66,92457037,-.71,0,33.21,腾讯财经
2026-08-21 13:50:04,216.85,218.36,219.86,215.66,92457037,-.71,0,33.21,腾讯财经
2026-08-21 14:00:02,216.85,218.36,219.86,215.66,92457037,-.71,0,33.21,腾讯财经
2026-08-21 14:10:00,216.85,218.36,219.86,215.66,92457037,-.71,0,33.21,腾讯财经
2026-08-21 14:20:05,216.85,218.36,219.86,215.66,92457037,-.71,0,33.21,腾讯财经
2026-08-21 14:30:00,216.85,218.36,219.86,215.66,92457037,-.71,0,33.21,腾讯财经
2026-08-21 14:40:01,216.85,218.36,219.86,215.66,92457037,-.71,0,33.21,腾讯财经
2026-08-21 14:50:05,216.85,218.36,219.86,215.66,92457037,-.71,0,33.21,腾讯财经
2026-08-21 15:00:00,216.85,218.36,219.86,215.66,92457037,-.71,0,33.21,腾讯财经
2026-08-21 15:10:03,216.85,218.36,219.86,215.66,92457037,-.71,0,33.21,腾讯财经
2026-08-21 15:20:03,216.85,218.36,219.86,215.66,92457037,-.71,0,33.21,腾讯财经
2026-08-21 15:30:00,216.85,218.36,219.86,215.66,92457037,-.71,0,33.21,腾讯财经
2026-08-21 15:40:05,216.85,218.36,219.86,215.66,92457037,-.71,0,33.21,腾讯财经
2026-08-21 15:50:00,216.85,218.36,219.86,215.66,92457037,-.71,0,33.21,腾讯财经
2026-08-21 16:00:05,216.85,218.36,219.86,215.66,92457037,-.71,0,33.21,腾讯财经
2026-08-21 16:10:03,216.85,218.36,219.86,215.66,92457037,-.71,0,33.21,腾讯财经
2026-08-21 16:20:00,216.85,218.36,219.86,215.66,92457037,-.71,0,33.21,腾讯财经
2026-08-21 16:30:02,216.85,218.36,219.86,215.66,92457037,-.71,0,33.21,腾讯财经
2026-08-21 16:40:04,216.85,218.36,219.86,215.66,92457037,-.71,0,33.21,腾讯财经
2026-08-21 16:50:05,216.85,218.36,219.86,215.66,92457037,-.71,0,33.21,腾讯财经
2026-08-21 17:00:04,216.85,218.36,219.86,215.66,92457037,-.71,0,33.21,腾讯财经
2026-08-21 17:10:04,216.85,218.36,219.86,215.66,92457037,-.71,0,33.21,腾讯财经
2026-08-21 17:20:04,216.85,218.36,219.86,215.66,92457037,-.71,0,33.21,腾讯财经
2026-08-21 17:30:04,216.85,218.36,219.86,215.66,92457037,-.71,0,33.21,腾讯财经
2026-08-21 17:40:04,216.85,218.36,219.86,215.66,92457037,-.71,0,33.21,腾讯财经
2026-08-21 17:50:05,216.85,218.36,219.86,215.66,92457037,-.71,0,33.21,腾讯财经
2026-08-21 18:00:04,216.85,218.36,219.86,215.66,92457037,-.71,0,33.21,腾讯财经
2026-08-21 18:10:04,216.85,218.36,219.86,215.66,92457037,-.71,0,33.21,腾讯财经
2026-08-21 18:20:04,216.85,218.36,219.86,215.66,92457037,-.71,0,33.21,腾讯财经
2026-08-21 18:30:04,216.85,218.36,219.86,215.66,92457037,-.71,0,33.21,腾讯财经
2026-08-21 18:40:04,216.85,218.36,219.86,215.66,92457037,-.71,0,33.21,腾讯财经
2026-08-21 18:50:04,216.85,218.36,219.86,215.66,92457037,-.71,0,33.21,腾讯财经
2026-08-21 19:00:04,216.85,218.36,219.86,215.66,92457037,-.71,0,33.21,腾讯财经
2026-08-21 19:10:04,216.85,218.36,219.86,215.66,92457037,-.71,0,33.21,腾讯财经
2026-08-21 19:20:04,216.85,218.36,219.86,215.66,92457037,-.71,0,33.21,腾讯财经
2026-08-21 19:30:04,216.85,218.36,219.86,215.66,92457037,-.71,0,33.21,腾讯财经
2026-08-21 19:40:04,216.85,218.36,219.86,215.66,92457037,-.71,0,33.21,腾讯财经
2026-08-21 19:50:00,216.85,218.36,219.86,215.66,92457037,-.71,0,33.21,腾讯财经
2026-08-21 20:00:00,216.85,218.36,219.86,215.66,92457037,-.71,0,33.21,腾讯财经
2026-08-21 20:10:04,216.85,218.36,219.86,215.66,92457037,-.71,0,33.21,腾讯财经
2026-08-21 20:20:04,216.85,218.36,219.86,215.66,92457037,-.71,0,33.21,腾讯财经
2026-08-21 20:30:01,216.85,218.36,219.86,215.66,92457037,-.71,0,33.21,腾讯财经
2026-08-21 20:40:05,216.85,218.36,219.86,215.66,92457037,-.71,0,33.21,腾讯财经
2026-08-21 20:50:04,216.85,218.36,219.86,215.66,92457037,-.71,0,33.21,腾讯财经
2026-08-21 21:00:05,216.85,218.36,219.86,215.66,92457037,-.71,0,33.21,腾讯财经
2026-08-21 21:10:04,216.85,218.36,219.86,215.66,92457037,-.71,0,33.21,腾讯财经
2026-08-21 21:20:04,216.85,218.36,219.86,215.66,92457037,-.71,0,33.21,腾讯财经
2026-08-21 21:30:04,216.85,0.00,0.00,0.00,2438571,0,0,33.21,腾讯财经
2026-08-21 21:40:04,217.46,218.42,218.74,216.85,15241537,.61,0,33.30,腾讯财经
2026-08-21 21:50:04,217.05,218.42,218.74,216.73,17991696,.20,0,33.24,腾讯财经
2026-08-21 22:00:04,216.63,218.42,218.74,215.91,21205089,-.22,0,33.17,腾讯财经
2026-08-21 22:10:05,216.20,218.42,218.74,215.91,23390818,-.65,0,33.11,腾讯财经
2026-08-21 22:20:04,215.21,218.42,218.74,215.08,28128375,-1.64,0,32.96,腾讯财经
2026-08-21 22:30:05,214.67,218.42,218.74,214.59,32275699,-2.18,-1.00,32.87,腾讯财经
2026-08-21 22:40:04,214.94,218.42,218.74,214.50,34800496,-1.91,0,32.92,腾讯财经
2026-08-21 22:50:04,215.12,218.42,218.74,214.50,36596340,-1.73,0,32.94,腾讯财经
2026-08-21 23:00:00,214.81,218.42,218.74,214.50,38640984,-2.04,0,32.90,腾讯财经
2026-08-21 23:10:04,215.51,218.42,218.74,214.50,40285240,-1.34,0,33.00,腾讯财经
2026-08-21 23:20:05,215.50,218.42,218.74,214.50,42061291,-1.35,0,33.00,腾讯财经
2026-08-21 23:30:04,215.83,218.42,218.74,214.50,43268496,-1.02,0,33.05,腾讯财经
2026-08-21 23:40:04,216.50,218.42,218.74,214.50,45216098,-.35,0,33.15,腾讯财经
2026-08-21 23:50:04,215.98,218.42,218.74,214.50,47452964,-.87,0,33.08,腾讯财经
2026-08-22 00:00:00,216.15,218.42,218.74,214.50,48897820,-.70,0,33.10,腾讯财经
2026-08-22 00:10:04,215.86,218.42,218.74,214.50,50325170,-.99,0,33.06,腾讯财经
2026-08-22 00:20:04,215.54,218.42,218.74,214.50,51617871,-1.31,0,33.01,腾讯财经
2026-08-22 00:30:05,215.67,218.42,218.74,214.50,52845974,-1.18,0,33.03,腾讯财经
2026-08-22 00:40:04,215.62,218.42,218.74,214.50,53706843,-1.23,0,33.02,腾讯财经
2026-08-22 00:50:04,215.45,218.42,218.74,214.50,54476336,-1.40,0,32.99,腾讯财经
2026-08-22 01:00:05,215.27,218.42,218.74,214.50,55601718,-1.58,0,32.97,腾讯财经
2026-08-22 01:10:04,215.50,218.42,218.74,214.50,56676386,-1.35,0,33.00,腾讯财经
2026-08-22 01:20:01,215.20,218.42,218.74,214.50,57998294,-1.65,0,32.96,腾讯财经
2026-08-22 01:30:04,215.10,218.42,218.74,214.50,60342419,-1.75,0,32.94,腾讯财经
2026-08-22 01:40:05,215.38,218.42,218.74,214.50,61480035,-1.47,0,32.98,腾讯财经
2026-08-22 01:50:04,215.81,218.42,218.74,214.50,62710485,-1.04,0,33.05,腾讯财经
2026-08-22 02:00:04,215.78,218.42,218.74,214.50,64305075,-1.07,0,33.04,腾讯财经
2026-08-22 02:10:04,215.88,218.42,218.74,214.50,65543743,-.97,0,33.06,腾讯财经
2026-08-22 02:20:04,215.89,218.42,218.74,214.50,66510971,-.96,0,33.06,腾讯财经
2026-08-22 02:30:04,215.41,218.42,218.74,214.50,67533281,-1.44,0,32.99,腾讯财经
2026-08-22 02:40:04,215.23,218.42,218.74,214.50,68599266,-1.62,0,32.96,腾讯财经
2026-08-22 02:50:04,215.26,218.42,218.74,214.50,69576277,-1.59,0,32.96,腾讯财经
2026-08-22 03:00:04,215.31,218.42,218.74,214.50,70629662,-1.54,0,32.97,腾讯财经
2026-08-22 03:10:04,215.22,218.42,218.74,214.50,71574861,-1.63,0,32.96,腾讯财经
2026-08-22 03:20:05,214.96,218.42,218.74,214.50,73059512,-1.89,0,32.92,腾讯财经
2026-08-22 03:30:04,214.88,218.42,218.74,214.50,74063220,-1.97,0,32.91,腾讯财经
2026-08-22 03:40:04,215.04,218.42,218.74,214.50,75500108,-1.81,0,32.93,腾讯财经
2026-08-22 03:50:04,215.14,218.42,218.74,214.50,77165367,-1.71,0,32.95,腾讯财经
2026-08-22 04:00:04,214.72,218.42,218.74,214.50,82607195,-2.13,0,32.88,腾讯财经
2026-08-22 04:10:03,214.72,218.42,218.74,214.50,97491269,-2.13,0,32.88,腾讯财经
2026-08-22 04:20:04,214.75,218.42,218.74,214.50,97942061,-2.10,0,32.89,腾讯财经
2026-08-22 04:30:04,214.72,218.42,218.74,214.50,98115240,-2.13,0,32.88,腾讯财经
2026-08-22 04:40:04,214.72,218.42,218.74,214.50,98192609,-2.13,0,32.88,腾讯财经
2026-08-22 04:50:04,214.72,218.42,218.74,214.50,98250178,-2.13,0,32.88,腾讯财经
2026-08-22 05:00:04,214.72,218.42,218.74,214.50,98278535,-2.13,0,32.88,腾讯财经
2026-08-22 05:10:04,214.72,218.42,218.74,214.50,98322536,-2.13,0,32.88,腾讯财经
2026-08-22 05:20:04,214.72,218.42,218.74,214.50,98348020,-2.13,0,32.88,腾讯财经
2026-08-22 05:30:04,214.72,218.42,218.74,214.50,98370065,-2.13,0,32.88,腾讯财经
2026-08-22 05:40:04,214.72,218.42,218.74,214.50,98393072,-2.13,0,32.88,腾讯财经
2026-08-22 05:50:04,214.72,218.42,218.74,214.50,98469255,-2.13,0,32.88,腾讯财经
2026-08-22 06:00:04,214.72,218.42,218.74,214.50,98501640,-2.13,0,32.88,腾讯财经
2026-08-22 06:10:04,214.72,218.42,218.74,214.50,98536696,-2.13,0,32.88,腾讯财经
2026-08-22 06:20:04,214.72,218.42,218.74,214.50,98561019,-2.13,0,32.88,腾讯财经
2026-08-22 06:30:05,214.72,218.42,218.74,214.50,98587220,-2.13,0,32.88,腾讯财经
2026-08-22 06:40:03,214.72,218.42,218.74,214.50,98640108,-2.13,0,32.88,腾讯财经
2026-08-22 06:50:03,214.72,218.42,218.74,214.50,98663655,-2.13,0,32.88,腾讯财经
2026-08-22 07:00:04,214.72,218.42,218.74,214.50,98699284,-2.13,0,32.88,腾讯财经
2026-08-22 07:10:03,214.72,218.42,218.74,214.50,98715693,-2.13,0,32.88,腾讯财经
2026-08-22 07:20:03,214.72,218.42,218.74,214.50,98743235,-2.13,0,32.88,腾讯财经
2026-08-22 07:30:03,214.72,218.42,218.74,214.50,98773542,-2.13,0,32.88,腾讯财经
2026-08-22 07:40:03,214.72,218.42,218.74,214.50,98791286,-2.13,0,32.88,腾讯财经
2026-08-22 07:50:04,214.72,218.42,218.74,214.50,98813524,-2.13,0,32.88,腾讯财经
2026-08-22 08:00:04,214.72,218.42,218.74,214.50,98869300,-2.13,0,32.88,腾讯财经
2026-08-22 08:10:04,214.72,218.42,218.74,214.50,98869300,-2.13,0,32.88,腾讯财经
2026-08-22 08:20:04,214.72,218.42,218.74,214.50,98869300,-2.13,0,32.88,腾讯财经
2026-08-22 08:30:04,214.72,218.42,218.74,214.50,98869300,-2.13,0,32.88,腾讯财经
2026-08-22 08:40:04,214.72,218.42,218.74,214.50,98869300,-2.13,0,32.88,腾讯财经
2026-08-22 08:50:03,214.72,218.42,218.74,214.50,98869300,-2.13,0,32.88,腾讯财经
2026-08-22 09:00:03,214.72,218.42,218.74,214.50,98869300,-2.13,0,32.88,腾讯财经
2026-08-22 09:10:04,214.72,218.42,218.74,214.50,98869300,-2.13,0,32.88,腾讯财经
2026-08-22 09:20:04,214.72,218.42,218.74,214.50,98869300,-2.13,0,32.88,腾讯财经
2026-08-22 09:30:04,214.72,218.42,218.74,214.50,98869300,-2.13,0,32.88,腾讯财经
2026-08-22 09:40:03,214.72,218.42,218.74,214.50,98869300,-2.13,0,32.88,腾讯财经
2026-08-22 09:50:04,214.72,218.42,218.74,214.50,98869300,-2.13,0,32.88,腾讯财经
2026-08-22 10:00:04,214.72,218.42,218.74,214.50,98869300,-2.13,0,32.88,腾讯财经
2026-08-22 10:10:04,214.72,218.42,218.74,214.50,98869300,-2.13,0,32.88,腾讯财经
2026-08-22 10:20:04,214.72,218.42,218.74,214.50,98869300,-2.13,0,32.88,腾讯财经
2026-08-22 10:30:03,214.72,218.42,218.74,214.50,98869300,-2.13,0,32.88,腾讯财经
2026-08-22 10:40:05,214.72,218.42,218.74,214.50,98869300,-2.13,0,32.88,腾讯财经
2026-08-22 10:50:04,214.72,218.42,218.74,214.50,98869300,-2.13,0,32.88,腾讯财经
2026-08-22 11:00:05,214.72,218.42,218.74,214.50,98869300,-2.13,0,32.88,腾讯财经
2026-08-22 11:10:04,214.72,218.42,218.74,214.50,98869300,-2.13,0,32.88,腾讯财经
2026-08-22 11:20:05,214.72,218.42,218.74,214.50,98869300,-2.13,0,32.88,腾讯财经
2026-08-22 11:30:04,214.72,218.42,218.74,214.50,98869300,-2.13,0,32.88,腾讯财经
2026-08-22 11:40:05,214.72,218.42,218.74,214.50,98869300,-2.13,0,32.88,腾讯财经
2026-08-22 11:50:05,214.72,218.42,218.74,214.50,98869300,-2.13,0,32.88,腾讯财经
2026-08-22 12:00:04,214.72,218.42,218.74,214.50,98869300,-2.13,0,32.88,腾讯财经
2026-08-22 12:10:03,214.72,218.42,218.74,214.50,98869300,-2.13,0,32.88,腾讯财经
2026-08-22 12:20:03,214.72,218.42,218.74,214.50,98869300,-2.13,0,32.88,腾讯财经
2026-08-22 12:30:03,214.72,218.42,218.74,214.50,98869300,-2.13,0,32.88,腾讯财经
2026-08-22 12:40:04,214.72,218.42,218.74,214.50,98869300,-2.13,0,32.88,腾讯财经
2026-08-22 12:50:04,214.72,218.42,218.74,214.50,98869300,-2.13,0,32.88,腾讯财经
2026-08-22 13:00:05,214.72,218.42,218.74,214.50,98869300,-2.13,0,32.88,腾讯财经
2026-08-22 13:10:04,214.72,218.42,218.74,214.50,98869300,-2.13,0,32.88,腾讯财经
2026-08-22 13:20:04,214.72,218.42,218.74,214.50,98869300,-2.13,0,32.88,腾讯财经
2026-08-22 13:30:04,214.72,218.42,218.74,214.50,98869300,-2.13,0,32.88,腾讯财经
2026-08-22 13:40:04,214.72,218.42,218.74,214.50,98869300,-2.13,0,32.88,腾讯财经
2026-08-22 13:50:04,214.72,218.42,218.74,214.50,98869300,-2.13,0,32.88,腾讯财经
2026-08-22 14:00:04,214.72,218.42,218.74,214.50,98869300,-2.13,0,32.88,腾讯财经
2026-08-22 14:10:03,214.72,218.42,218.74,214.50,98869300,-2.13,0,32.88,腾讯财经
2026-08-22 14:20:04,214.72,218.42,218.74,214.50,98869300,-2.13,0,32.88,腾讯财经
2026-08-22 14:30:04,214.72,218.42,218.74,214.50,98869300,-2.13,0,32.88,腾讯财经
2026-08-22 14:40:04,214.72,218.42,218.74,214.50,98869300,-2.13,0,32.88,腾讯财经
2026-08-22 14:50:04,214.72,218.42,218.74,214.50,98869300,-2.13,0,32.88,腾讯财经
2026-08-22 15:00:04,214.72,218.42,218.74,214.50,98869300,-2.13,0,32.88,腾讯财经
2026-08-22 15:10:04,214.72,218.42,218.74,214.50,98869300,-2.13,0,32.88,腾讯财经
2026-08-22 15:20:04,214.72,218.42,218.74,214.50,98869300,-2.13,0,32.88,腾讯财经
2026-08-22 15:30:04,214.72,218.42,218.74,214.50,98869300,-2.13,0,32.88,腾讯财经
2026-08-22 15:40:04,214.72,218.42,218.74,214.50,98869300,-2.13,0,32.88,腾讯财经
2026-08-22 15:50:04,214.72,218.42,218.74,214.50,98869300,-2.13,0,32.88,腾讯财经
2026-08-22 16:00:05,214.72,218.42,218.74,214.50,98869300,-2.13,0,32.88,腾讯财经
2026-08-22 16:10:04,214.72,218.42,218.74,214.50,98869300,-2.13,0,32.88,腾讯财经
2026-08-22 16:20:04,214.72,218.42,218.74,214.50,98869300,-2.13,0,32.88,腾讯财经
2026-08-22 16:30:00,214.72,218.42,218.74,214.50,98869300,-2.13,0,32.88,腾讯财经
2026-08-22 16:40:04,214.72,218.42,218.74,214.50,98869300,-2.13,0,32.88,腾讯财经
2026-08-22 16:50:04,214.72,218.42,218.74,214.50,98869300,-2.13,0,32.88,腾讯财经
2026-08-22 17:00:04,214.72,218.42,218.74,214.50,98869300,-2.13,0,32.88,腾讯财经
2026-08-22 17:10:04,214.72,218.42,218.74,214.50,98869300,-2.13,0,32.88,腾讯财经
2026-08-22 17:20:04,214.72,218.42,218.74,214.50,98869300,-2.13,0,32.88,腾讯财经
2026-08-22 17:30:04,214.72,218.42,218.74,214.50,98869300,-2.13,0,32.88,腾讯财经
2026-08-22 17:40:04,214.72,218.42,218.74,214.50,98869300,-2.13,0,32.88,腾讯财经
2026-08-22 17:50:04,214.72,218.42,218.74,214.50,98869300,-2.13,0,32.88,腾讯财经
2026-08-22 18:00:04,214.72,218.42,218.74,214.50,98869300,-2.13,0,32.88,腾讯财经
2026-08-22 18:10:04,214.72,218.42,218.74,214.50,98869300,-2.13,0,32.88,腾讯财经
2026-08-22 18:20:04,214.72,218.42,218.74,214.50,98869300,-2.13,0,32.88,腾讯财经
2026-08-22 18:30:04,214.72,218.42,218.74,214.50,98869300,-2.13,0,32.88,腾讯财经
2026-08-22 18:40:04,214.72,218.42,218.74,214.50,98869300,-2.13,0,32.88,腾讯财经
2026-08-22 18:50:05,214.72,218.42,218.74,214.50,98869300,-2.13,0,32.88,腾讯财经
2026-08-22 19:00:04,214.72,218.42,218.74,214.50,98869300,-2.13,0,32.88,腾讯财经
2026-08-22 19:10:05,214.72,218.42,218.74,214.50,98869300,-2.13,0,32.88,腾讯财经
2026-08-22 19:20:04,214.72,218.42,218.74,214.50,98869300,-2.13,0,32.88,腾讯财经
2026-08-22 19:30:04,214.72,218.42,218.74,214.50,98869300,-2.13,0,32.88,腾讯财经
2026-08-22 19:40:04,214.72,218.42,218.74,214.50,98869300,-2.13,0,32.88,腾讯财经
2026-08-22 19:50:04,214.72,218.42,218.74,214.50,98869300,-2.13,0,32.88,腾讯财经
2026-08-22 20:00:05,214.72,218.42,218.74,214.50,98869300,-2.13,0,32.88,腾讯财经
2026-08-22 20:10:04,214.72,218.42,218.74,214.50,98869300,-2.13,0,32.88,腾讯财经
2026-08-22 20:20:04,214.72,218.42,218.74,214.50,98869300,-2.13,0,32.88,腾讯财经
2026-08-22 20:30:05,214.72,218.42,218.74,214.50,98869300,-2.13,0,32.88,腾讯财经
2026-08-22 20:40:04,214.72,218.42,218.74,214.50,98869300,-2.13,0,32.88,腾讯财经
2026-08-22 20:50:04,214.72,218.42,218.74,214.50,98869300,-2.13,0,32.88,腾讯财经
2026-08-22 21:00:04,214.72,218.42,218.74,214.50,98869300,-2.13,0,32.88,腾讯财经
2026-08-22 21:10:04,214.72,218.42,218.74,214.50,98869300,-2.13,0,32.88,腾讯财经
2026-08-22 21:20:04,214.72,218.42,218.74,214.50,98869300,-2.13,0,32.88,腾讯财经
2026-08-22 21:30:04,214.72,218.42,218.74,214.50,98869300,-2.13,0,32.88,腾讯财经
2026-08-22 21:40:04,214.72,218.42,218.74,214.50,98869300,-2.13,0,32.88,腾讯财经
2026-08-22 21:50:04,214.72,218.42,218.74,214.50,98869300,-2.13,0,32.88,腾讯财经
2026-08-22 22:00:04,214.72,218.42,218.74,214.50,98869300,-2.13,0,32.88,腾讯财经
2026-08-22 22:10:04,214.72,218.42,218.74,214.50,98869300,-2.13,0,32.88,腾讯财经
2026-08-22 22:20:04,214.72,218.42,218.74,214.50,98869300,-2.13,0,32.88,腾讯财经
2026-08-22 22:30:04,214.72,218.42,218.74,214.50,98869300,-2.13,0,32.88,腾讯财经
2026-08-22 22:40:04,214.72,218.42,218.74,214.50,98869300,-2.13,0,32.88,腾讯财经
2026-08-22 22:50:04,214.72,218.42,218.74,214.50,98869300,-2.13,0,32.88,腾讯财经
2026-08-22 23:00:04,214.72,218.42,218.74,214.50,98869300,-2.13,0,32.88,腾讯财经
2026-08-22 23:10:04,214.72,218.42,218.74,214.50,98869300,-2.13,0,32.88,腾讯财经
2026-08-22 23:20:04,214.72,218.42,218.74,214.50,98869300,-2.13,0,32.88,腾讯财经
2026-08-22 23:30:01,214.72,218.42,218.74,214.50,98869300,-2.13,0,32.88,腾讯财经
2026-08-22 23:40:05,214.72,218.42,218.74,214.50,98869300,-2.13,0,32.88,腾讯财经
2026-08-22 23:50:04,214.72,218.42,218.74,214.50,98869300,-2.13,0,32.88,腾讯财经
2026-08-23 00:00:00,214.72,218.42,218.74,214.50,98869300,-2.13,0,32.88,腾讯财经
2026-08-23 00:10:04,214.72,218.42,218.74,214.50,98869300,-2.13,0,32.88,腾讯财经
2026-08-23 00:20:04,214.72,218.42,218.74,214.50,98869300,-2.13,0,32.88,腾讯财经
2026-08-23 00:30:04,214.72,218.42,218.74,214.50,98869300,-2.13,0,32.88,腾讯财经
2026-08-23 00:40:04,214.72,218.42,218.74,214.50,98869300,-2.13,0,32.88,腾讯财经
2026-08-23 00:50:02,214.72,218.42,218.74,214.50,98869300,-2.13,0,32.88,腾讯财经
2026-08-23 01:00:05,214.72,218.42,218.74,214.50,98869300,-2.13,0,32.88,腾讯财经
2026-08-23 01:10:04,214.72,218.42,218.74,214.50,98869300,-2.13,0,32.88,腾讯财经
2026-08-23 01:20:04,214.72,218.42,218.74,214.50,98869300,-2.13,0,32.88,腾讯财经
2026-08-23 01:30:04,214.72,218.42,218.74,214.50,98869300,-2.13,0,32.88,腾讯财经
2026-08-23 01:40:04,214.72,218.42,218.74,214.50,98869300,-2.13,0,32.88,腾讯财经
2026-08-23 01:50:04,214.72,218.42,218.74,214.50,98869300,-2.13,0,32.88,腾讯财经
2026-08-23 02:00:04,214.72,218.42,218.74,214.50,98869300,-2.13,0,32.88,腾讯财经
2026-08-23 02:10:04,214.72,218.42,218.74,214.50,98869300,-2.13,0,32.88,腾讯财经
2026-08-23 02:20:05,214.72,218.42,218.74,214.50,98869300,-2.13,0,32.88,腾讯财经
2026-08-23 02:30:01,214.72,218.42,218.74,214.50,98869300,-2.13,0,32.88,腾讯财经
2026-08-23 02:40:04,214.72,218.42,218.74,214.50,98869300,-2.13,0,32.88,腾讯财经
2026-08-23 02:50:04,214.72,218.42,218.74,214.50,98869300,-2.13,0,32.88,腾讯财经
2026-08-23 03:00:04,214.72,218.42,218.74,214.50,98869300,-2.13,0,32.88,腾讯财经
2026-08-23 03:10:04,214.72,218.42,218.74,214.50,98869300,-2.13,0,32.88,腾讯财经
2026-08-23 03:20:05,214.72,218.42,218.74,214.50,98869300,-2.13,0,32.88,腾讯财经
2026-08-23 03:30:04,214.72,218.42,218.74,214.50,98869300,-2.13,0,32.88,腾讯财经
2026-08-23 03:40:04,214.72,218.42,218.74,214.50,98869300,-2.13,0,32.88,腾讯财经
2026-08-23 03:50:01,214.72,218.42,218.74,214.50,98869300,-2.13,0,32.88,腾讯财经
2026-08-23 04:00:04,214.72,218.42,218.74,214.50,98869300,-2.13,0,32.88,腾讯财经
2026-08-23 04:10:04,214.72,218.42,218.74,214.50,98869300,-2.13,0,32.88,腾讯财经
2026-08-23 04:20:04,214.72,218.42,218.74,214.50,98869300,-2.13,0,32.88,腾讯财经
2026-08-23 04:30:04,214.72,218.42,218.74,214.50,98869300,-2.13,0,32.88,腾讯财经
2026-08-23 04:40:02,214.72,218.42,218.74,214.50,98869300,-2.13,0,32.88,腾讯财经
2026-08-23 04:50:04,214.72,218.42,218.74,214.50,98869300,-2.13,0,32.88,腾讯财经
2026-08-23 05:00:04,214.72,218.42,218.74,214.50,98869300,-2.13,0,32.88,腾讯财经
2026-08-23 05:10:04,214.72,218.42,218.74,214.50,98869300,-2.13,0,32.88,腾讯财经
2026-08-23 05:20:04,214.72,218.42,218.74,214.50,98869300,-2.13,0,32.88,腾讯财经
2026-08-23 05:30:04,214.72,218.42,218.74,214.50,98869300,-2.13,0,32.88,腾讯财经
2026-08-23 05:40:04,214.72,218.42,218.74,214.50,98869300,-2.13,0,32.88,腾讯财经
2026-08-23 05:50:04,214.72,218.42,218.74,214.50,98869300,-2.13,0,32.88,腾讯财经
2026-08-23 06:00:04,214.72,218.42,218.74,214.50,98869300,-2.13,0,32.88,腾讯财经
2026-08-23 06:10:04,214.72,218.42,218.74,214.50,98869300,-2.13,0,32.88,腾讯财经
2026-08-23 06:20:04,214.72,218.42,218.74,214.50,98869300,-2.13,0,32.88,腾讯财经
2026-08-23 06:30:04,214.72,218.42,218.74,214.50,98869300,-2.13,0,32.88,腾讯财经
2026-08-23 06:40:04,214.72,218.42,218.74,214.50,98869300,-2.13,0,32.88,腾讯财经
2026-08-23 06:50:04,214.72,218.42,218.74,214.50,98869300,-2.13,0,32.88,腾讯财经
2026-08-23 07:00:04,214.72,218.42,218.74,214.50,98869300,-2.13,0,32.88,腾讯财经
2026-08-23 07:10:05,214.72,218.42,218.74,214.50,98869300,-2.13,0,32.88,腾讯财经
2026-08-23 07:20:04,214.72,218.42,218.74,214.50,98869300,-2.13,0,32.88,腾讯财经
2026-08-23 07:30:04,214.72,218.42,218.74,214.50,98869300,-2.13,0,32.88,腾讯财经
2026-08-23 07:40:05,214.72,218.42,218.74,214.50,98869300,-2.13,0,32.88,腾讯财经
2026-08-23 07:50:04,214.72,218.42,218.74,214.50,98869300,-2.13,0,32.88,腾讯财经
2026-08-23 08:00:05,214.72,218.42,218.74,214.50,98869300,-2.13,0,32.88,腾讯财经
2026-08-23 08:10:05,214.72,218.42,218.74,214.50,98869300,-2.13,0,32.88,腾讯财经
2026-08-23 08:20:04,214.72,218.42,218.74,214.50,98869300,-2.13,0,32.88,腾讯财经
2026-08-23 08:30:04,214.72,218.42,218.74,214.50,98869300,-2.13,0,32.88,腾讯财经
2026-08-23 08:40:04,214.72,218.42,218.74,214.50,98869300,-2.13,0,32.88,腾讯财经
2026-08-23 08:50:04,214.72,218.42,218.74,214.50,98869300,-2.13,0,32.88,腾讯财经
2026-08-23 09:00:04,214.72,218.42,218.74,214.50,98869300,-2.13,0,32.88,腾讯财经
2026-08-23 09:10:05,214.72,218.42,218.74,214.50,98869300,-2.13,0,32.88,腾讯财经
2026-08-23 09:20:04,214.72,218.42,218.74,214.50,98869300,-2.13,0,32.88,腾讯财经
2026-08-23 09:30:04,214.72,218.42,218.74,214.50,98869300,-2.13,0,32.88,腾讯财经
2026-08-23 09:40:05,214.72,218.42,218.74,214.50,98869300,-2.13,0,32.88,腾讯财经
2026-08-23 09:50:04,214.72,218.42,218.74,214.50,98869300,-2.13,0,32.88,腾讯财经
2026-08-23 10:00:04,214.72,218.42,218.74,214.50,98869300,-2.13,0,32.88,腾讯财经
2026-08-23 10:10:04,214.72,218.42,218.74,214.50,98869300,-2.13,0,32.88,腾讯财经
2026-08-23 10:20:04,214.72,218.42,218.74,214.50,98869300,-2.13,0,32.88,腾讯财经
2026-08-23 10:30:04,214.72,218.42,218.74,214.50,98869300,-2.13,0,32.88,腾讯财经
2026-08-23 10:40:04,214.72,218.42,218.74,214.50,98869300,-2.13,0,32.88,腾讯财经
2026-08-23 10:50:00,214.72,218.42,218.74,214.50,98869300,-2.13,0,32.88,腾讯财经
2026-08-23 11:00:04,214.72,218.42,218.74,214.50,98869300,-2.13,0,32.88,腾讯财经
2026-08-23 11:10:05,214.72,218.42,218.74,214.50,98869300,-2.13,0,32.88,腾讯财经
2026-08-23 11:20:04,214.72,218.42,218.74,214.50,98869300,-2.13,0,32.88,腾讯财经
2026-08-23 11:30:04,214.72,218.42,218.74,214.50,98869300,-2.13,0,32.88,腾讯财经
2026-08-23 11:40:04,214.72,218.42,218.74,214.50,98869300,-2.13,0,32.88,腾讯财经
2026-08-23 11:50:04,214.72,218.42,218.74,214.50,98869300,-2.13,0,32.88,腾讯财经
2026-08-23 12:00:04,214.72,218.42,218.74,214.50,98869300,-2.13,0,32.88,腾讯财经
2026-08-23 12:10:04,214.72,218.42,218.74,214.50,98869300,-2.13,0,32.88,腾讯财经
2026-08-23 12:20:04,214.72,218.42,218.74,214.50,98869300,-2.13,0,32.88,腾讯财经
2026-08-23 12:30:04,214.72,218.42,218.74,214.50,98869300,-2.13,0,32.88,腾讯财经
2026-08-23 12:40:04,214.72,218.42,218.74,214.50,98869300,-2.13,0,32.88,腾讯财经
2026-08-23 12:50:04,214.72,218.42,218.74,214.50,98869300,-2.13,0,32.88,腾讯财经
2026-08-23 13:00:04,214.72,218.42,218.74,214.50,98869300,-2.13,0,32.88,腾讯财经
2026-08-23 13:10:05,214.72,218.42,218.74,214.50,98869300,-2.13,0,32.88,腾讯财经
2026-08-23 13:20:04,214.72,218.42,218.74,214.50,98869300,-2.13,0,32.88,腾讯财经
2026-08-23 13:30:05,214.72,218.42,218.74,214.50,98869300,-2.13,0,32.88,腾讯财经
2026-08-23 13:40:05,214.72,218.42,218.74,214.50,98869300,-2.13,0,32.88,腾讯财经
2026-08-23 13:50:04,214.72,218.42,218.74,214.50,98869300,-2.13,0,32.88,腾讯财经
2026-08-23 14:00:04,214.72,218.42,218.74,214.50,98869300,-2.13,0,32.88,腾讯财经
2026-08-23 14:10:04,214.72,218.42,218.74,214.50,98869300,-2.13,0,32.88,腾讯财经
2026-08-23 14:20:04,214.72,218.42,218.74,214.50,98869300,-2.13,0,32.88,腾讯财经
2026-08-23 14:30:04,214.72,218.42,218.74,214.50,98869300,-2.13,0,32.88,腾讯财经
2026-08-23 14:40:04,214.72,218.42,218.74,214.50,98869300,-2.13,0,32.88,腾讯财经
2026-08-23 14:50:04,214.72,218.42,218.74,214.50,98869300,-2.13,0,32.88,腾讯财经
2026-08-23 15:00:04,214.72,218.42,218.74,214.50,98869300,-2.13,0,32.88,腾讯财经
2026-08-23 15:10:04,214.72,218.42,218.74,214.50,98869300,-2.13,0,32.88,腾讯财经
2026-08-23 15:20:04,214.72,218.42,218.74,214.50,98869300,-2.13,0,32.88,腾讯财经
2026-08-23 15:30:04,214.72,218.42,218.74,214.50,98869300,-2.13,0,32.88,腾讯财经
2026-08-23 15:40:03,214.72,218.42,218.74,214.50,98869300,-2.13,0,32.88,腾讯财经
2026-08-23 15:50:03,214.72,218.42,218.74,214.50,98869300,-2.13,0,32.88,腾讯财经
2026-08-23 16:00:04,214.72,218.42,218.74,214.50,98869300,-2.13,0,32.88,腾讯财经
2026-08-23 16:10:03,214.72,218.42,218.74,214.50,98869300,-2.13,0,32.88,腾讯财经
2026-08-23 16:20:03,214.72,218.42,218.74,214.50,98869300,-2.13,0,32.88,腾讯财经
2026-08-23 16:30:04,214.72,218.42,218.74,214.50,98869300,-2.13,0,32.88,腾讯财经
2026-08-23 16:40:04,214.72,218.42,218.74,214.50,98869300,-2.13,0,32.88,腾讯财经
2026-08-23 16:50:03,214.72,218.42,218.74,214.50,98869300,-2.13,0,32.88,腾讯财经
2026-08-23 17:00:05,214.72,218.42,218.74,214.50,98869300,-2.13,0,32.88,腾讯财经
2026-08-23 17:10:00,214.72,218.42,218.74,214.50,98869300,-2.13,0,32.88,腾讯财经
2026-08-23 17:20:04,214.72,218.42,218.74,214.50,98869300,-2.13,0,32.88,腾讯财经
2026-08-23 17:30:04,214.72,218.42,218.74,214.50,98869300,-2.13,0,32.88,腾讯财经
2026-08-23 17:40:04,214.72,218.42,218.74,214.50,98869300,-2.13,0,32.88,腾讯财经
2026-08-23 17:50:04,214.72,218.42,218.74,214.50,98869300,-2.13,0,32.88,腾讯财经
2026-08-23 18:00:05,214.72,218.42,218.74,214.50,98869300,-2.13,0,32.88,腾讯财经
2026-08-23 18:10:04,214.72,218.42,218.74,214.50,98869300,-2.13,0,32.88,腾讯财经
2026-08-23 18:20:04,214.72,218.42,218.74,214.50,98869300,-2.13,0,32.88,腾讯财经
2026-08-23 18:30:06,214.72,218.42,218.74,214.50,98869300,-2.13,0,32.88,腾讯财经
2026-08-23 18:40:03,214.72,218.42,218.74,214.50,98869300,-2.13,0,32.88,腾讯财经
2026-08-23 18:50:05,214.72,218.42,218.74,214.50,98869300,-2.13,0,32.88,腾讯财经
2026-08-23 19:00:04,214.72,218.42,218.74,214.50,98869300,-2.13,0,32.88,腾讯财经
2026-08-23 19:10:04,214.72,218.42,218.74,214.50,98869300,-2.13,0,32.88,腾讯财经
2026-08-23 19:20:05,214.72,218.42,218.74,214.50,98869300,-2.13,0,32.88,腾讯财经
2026-08-23 19:30:04,214.72,218.42,218.74,214.50,98869300,-2.13,0,32.88,腾讯财经
2026-08-23 19:40:05,214.72,218.42,218.74,214.50,98869300,-2.13,0,32.88,腾讯财经
2026-08-23 19:50:04,214.72,218.42,218.74,214.50,98869300,-2.13,0,32.88,腾讯财经
2026-08-23 20:00:06,214.72,218.42,218.74,214.50,98869300,-2.13,0,32.88,腾讯财经
2026-08-23 20:10:04,214.72,218.42,218.74,214.50,98869300,-2.13,0,32.88,腾讯财经
2026-08-23 20:20:04,214.72,218.42,218.74,214.50,98869300,-2.13,0,32.88,腾讯财经
2026-08-23 20:30:04,214.72,218.42,218.74,214.50,98869300,-2.13,0,32.88,腾讯财经
2026-08-23 20:40:05,214.72,218.42,218.74,214.50,98869300,-2.13,0,32.88,腾讯财经
2026-08-23 20:50:05,214.72,218.42,218.74,214.50,98869300,-2.13,0,32.88,腾讯财经
2026-08-23 21:00:04,214.72,218.42,218.74,214.50,98869300,-2.13,0,32.88,腾讯财经
2026-08-23 21:10:03,214.72,218.42,218.74,214.50,98869300,-2.13,0,32.88,腾讯财经
2026-08-23 21:20:04,214.72,218.42,218.74,214.50,98869300,-2.13,0,32.88,腾讯财经
2026-08-23 21:30:04,214.72,218.42,218.74,214.50,98869300,-2.13,0,32.88,腾讯财经
2026-08-23 21:40:04,214.72,218.42,218.74,214.50,98869300,-2.13,0,32.88,腾讯财经
2026-08-23 21:50:04,214.72,218.42,218.74,214.50,98869300,-2.13,0,32.88,腾讯财经
2026-08-23 22:00:04,214.72,218.42,218.74,214.50,98869300,-2.13,0,32.88,腾讯财经
2026-08-23 22:10:04,214.72,218.42,218.74,214.50,98869300,-2.13,0,32.88,腾讯财经
2026-08-23 22:20:04,214.72,218.42,218.74,214.50,98869300,-2.13,0,32.88,腾讯财经
2026-08-23 22:30:00,214.72,218.42,218.74,214.50,98869300,-2.13,0,32.88,腾讯财经
2026-08-23 22:40:04,214.72,218.42,218.74,214.50,98869300,-2.13,0,32.88,腾讯财经
2026-08-23 22:50:05,214.72,218.42,218.74,214.50,98869300,-2.13,0,32.88,腾讯财经
2026-08-23 23:00:04,214.72,218.42,218.74,214.50,98869300,-2.13,0,32.88,腾讯财经
2026-08-23 23:10:03,214.72,218.42,218.74,214.50,98869300,-2.13,0,32.88,腾讯财经
2026-08-23 23:20:05,214.72,218.42,218.74,214.50,98869300,-2.13,0,32.88,腾讯财经
2026-08-23 23:30:04,214.72,218.42,218.74,214.50,98869300,-2.13,0,32.88,腾讯财经
2026-08-23 23:40:04,214.72,218.42,218.74,214.50,98869300,-2.13,0,32.88,腾讯财经
2026-08-23 23:50:04,214.72,218.42,218.74,214.50,98869300,-2.13,0,32.88,腾讯财经
2026-08-24 00:00:02,214.72,218.42,218.74,214.50,98869300,-2.13,0,32.88,腾讯财经
2026-08-24 00:10:05,214.72,218.42,218.74,214.50,98869300,-2.13,0,32.88,腾讯财经
2026-08-24 00:20:04,214.72,218.42,218.74,214.50,98869300,-2.13,0,32.88,腾讯财经
2026-08-24 00:30:04,214.72,218.42,218.74,214.50,98869300,-2.13,0,32.88,腾讯财经
2026-08-24 00:40:04,214.72,218.42,218.74,214.50,98869300,-2.13,0,32.88,腾讯财经
2026-08-24 00:50:04,214.72,218.42,218.74,214.50,98869300,-2.13,0,32.88,腾讯财经
2026-08-24 01:00:04,214.72,218.42,218.74,214.50,98869300,-2.13,0,32.88,腾讯财经
2026-08-24 01:10:04,214.72,218.42,218.74,214.50,98869300,-2.13,0,32.88,腾讯财经
2026-08-24 01:20:05,214.72,218.42,218.74,214.50,98869300,-2.13,0,32.88,腾讯财经
2026-08-24 01:30:04,214.72,218.42,218.74,214.50,98869300,-2.13,0,32.88,腾讯财经
2026-08-24 01:40:04,214.72,218.42,218.74,214.50,98869300,-2.13,0,32.88,腾讯财经
2026-08-24 01:50:02,214.72,218.42,218.74,214.50,98869300,-2.13,0,32.88,腾讯财经
2026-08-24 02:00:04,214.72,218.42,218.74,214.50,98869300,-2.13,0,32.88,腾讯财经
2026-08-24 02:10:04,214.72,218.42,218.74,214.50,98869300,-2.13,0,32.88,腾讯财经
2026-08-24 02:20:04,214.72,218.42,218.74,214.50,98869300,-2.13,0,32.88,腾讯财经
2026-08-24 02:30:04,214.72,218.42,218.74,214.50,98869300,-2.13,0,32.88,腾讯财经
2026-08-24 02:40:04,214.72,218.42,218.74,214.50,98869300,-2.13,0,32.88,腾讯财经
2026-08-24 02:50:04,214.72,218.42,218.74,214.50,98869300,-2.13,0,32.88,腾讯财经
2026-08-24 03:00:04,214.72,218.42,218.74,214.50,98869300,-2.13,0,32.88,腾讯财经
2026-08-24 03:10:04,214.72,218.42,218.74,214.50,98869300,-2.13,0,32.88,腾讯财经
2026-08-24 03:20:04,214.72,218.42,218.74,214.50,98869300,-2.13,0,32.88,腾讯财经
2026-08-24 03:30:05,214.72,218.42,218.74,214.50,98869300,-2.13,0,32.88,腾讯财经
2026-08-24 03:40:04,214.72,218.42,218.74,214.50,98869300,-2.13,0,32.88,腾讯财经
2026-08-24 03:50:04,214.72,218.42,218.74,214.50,98869300,-2.13,0,32.88,腾讯财经
2026-08-24 04:00:04,214.72,218.42,218.74,214.50,98869300,-2.13,0,32.88,腾讯财经
2026-08-24 04:10:04,214.72,218.42,218.74,214.50,98869300,-2.13,0,32.88,腾讯财经
2026-08-24 04:20:04,214.72,218.42,218.74,214.50,98869300,-2.13,0,32.88,腾讯财经
2026-08-24 04:30:04,214.72,218.42,218.74,214.50,98869300,-2.13,0,32.88,腾讯财经
2026-08-24 04:40:04,214.72,218.42,218.74,214.50,98869300,-2.13,0,32.88,腾讯财经
2026-08-24 04:50:04,214.72,218.42,218.74,214.50,98869300,-2.13,0,32.88,腾讯财经
2026-08-24 05:00:04,214.72,218.42,218.74,214.50,98869300,-2.13,0,32.88,腾讯财经
2026-08-24 05:10:04,214.72,218.42,218.74,214.50,98869300,-2.13,0,32.88,腾讯财经
2026-08-24 05:20:04,214.72,218.42,218.74,214.50,98869300,-2.13,0,32.88,腾讯财经
2026-08-24 05:30:04,214.72,218.42,218.74,214.50,98869300,-2.13,0,32.88,腾讯财经
2026-08-24 05:40:04,214.72,218.42,218.74,214.50,98869300,-2.13,0,32.88,腾讯财经
2026-08-24 05:50:04,214.72,218.42,218.74,214.50,98869300,-2.13,0,32.88,腾讯财经
2026-08-24 06:00:04,214.72,218.42,218.74,214.50,98869300,-2.13,0,32.88,腾讯财经
2026-08-24 06:10:04,214.72,218.42,218.74,214.50,98869300,-2.13,0,32.88,腾讯财经
2026-08-24 06:20:04,214.72,218.42,218.74,214.50,98869300,-2.13,0,32.88,腾讯财经
2026-08-24 06:30:04,214.72,218.42,218.74,214.50,98869300,-2.13,0,32.88,腾讯财经
2026-08-24 06:40:04,214.72,218.42,218.74,214.50,98869300,-2.13,0,32.88,腾讯财经
2026-08-24 06:50:04,214.72,218.42,218.74,214.50,98869300,-2.13,0,32.88,腾讯财经
2026-08-24 07:00:05,214.72,218.42,218.74,214.50,98869300,-2.13,0,32.88,腾讯财经
2026-08-24 07:10:05,214.72,218.42,218.74,214.50,98869300,-2.13,0,32.88,腾讯财经
2026-08-24 07:20:05,214.72,218.42,218.74,214.50,98869300,-2.13,0,32.88,腾讯财经
2026-08-24 07:30:04,214.72,218.42,218.74,214.50,98869300,-2.13,0,32.88,腾讯财经
2026-08-24 07:40:04,214.72,218.42,218.74,214.50,98869300,-2.13,0,32.88,腾讯财经
2026-08-24 07:50:04,214.72,218.42,218.74,214.50,98869300,-2.13,0,32.88,腾讯财经
2026-08-24 08:00:04,214.72,218.42,218.74,214.50,98869300,-2.13,0,32.88,腾讯财经
2026-08-24 08:10:04,214.72,218.42,218.74,214.50,98869300,-2.13,0,32.88,腾讯财经
2026-08-24 08:20:04,214.72,218.42,218.74,214.50,98869300,-2.13,0,32.88,腾讯财经
2026-08-24 08:30:05,214.72,218.42,218.74,214.50,98869300,-2.13,0,32.88,腾讯财经
2026-08-24 08:40:01,214.72,218.42,218.74,214.50,98869300,-2.13,0,32.88,腾讯财经
2026-08-24 08:50:04,214.72,218.42,218.74,214.50,98869300,-2.13,0,32.88,腾讯财经
2026-08-24 09:00:04,214.72,218.42,218.74,214.50,98869300,-2.13,0,32.88,腾讯财经
2026-08-24 09:10:05,214.72,218.42,218.74,214.50,98869300,-2.13,0,32.88,腾讯财经
2026-08-24 09:20:04,214.72,218.42,218.74,214.50,98869300,-2.13,0,32.88,腾讯财经
2026-08-24 09:30:04,214.72,218.42,218.74,214.50,98869300,-2.13,0,32.88,腾讯财经
2026-08-24 09:40:04,214.72,218.42,218.74,214.50,98869300,-2.13,0,32.88,腾讯财经
2026-08-24 09:50:04,214.72,218.42,218.74,214.50,98869300,-2.13,0,32.88,腾讯财经
2026-08-24 10:00:05,214.72,218.42,218.74,214.50,98869300,-2.13,0,32.88,腾讯财经
2026-08-24 10:10:04,214.72,218.42,218.74,214.50,98869300,-2.13,0,32.88,腾讯财经
2026-08-24 10:20:04,214.72,218.42,218.74,214.50,98869300,-2.13,0,32.88,腾讯财经
2026-08-24 10:30:05,214.72,218.42,218.74,214.50,98869300,-2.13,0,32.88,腾讯财经
2026-08-24 10:40:04,214.72,218.42,218.74,214.50,98869300,-2.13,0,32.88,腾讯财经
2026-08-24 10:50:02,214.72,218.42,218.74,214.50,98869300,-2.13,0,32.88,腾讯财经
2026-08-24 11:00:04,214.72,218.42,218.74,214.50,98869300,-2.13,0,32.88,腾讯财经
2026-08-24 11:10:04,214.72,218.42,218.74,214.50,98869300,-2.13,0,32.88,腾讯财经
2026-08-24 11:20:05,214.72,218.42,218.74,214.50,98869300,-2.13,0,32.88,腾讯财经
2026-08-24 11:30:04,214.72,218.42,218.74,214.50,98869300,-2.13,0,32.88,腾讯财经
2026-08-24 11:40:04,214.72,218.42,218.74,214.50,98869300,-2.13,0,32.88,腾讯财经
2026-08-24 11:50:04,214.72,218.42,218.74,214.50,98869300,-2.13,0,32.88,腾讯财经
2026-08-24 12:00:04,214.72,218.42,218.74,214.50,98869300,-2.13,0,32.88,腾讯财经
2026-08-24 12:10:05,214.72,218.42,218.74,214.50,98869300,-2.13,0,32.88,腾讯财经
2026-08-24 12:20:04,214.72,218.42,218.74,214.50,98869300,-2.13,0,32.88,腾讯财经
2026-08-24 12:30:04,214.72,218.42,218.74,214.50,98869300,-2.13,0,32.88,腾讯财经
2026-08-24 12:40:04,214.72,218.42,218.74,214.50,98869300,-2.13,0,32.88,腾讯财经
2026-08-24 12:50:04,214.72,218.42,218.74,214.50,98869300,-2.13,0,32.88,腾讯财经
2026-08-24 13:00:04,214.72,218.42,218.74,214.50,98869300,-2.13,0,32.88,腾讯财经
2026-08-24 13:10:04,214.72,218.42,218.74,214.50,98869300,-2.13,0,32.88,腾讯财经
2026-08-24 13:20:04,214.72,218.42,218.74,214.50,98869300,-2.13,0,32.88,腾讯财经
2026-08-24 13:30:04,214.72,218.42,218.74,214.50,98869300,-2.13,0,32.88,腾讯财经
2026-08-24 13:40:04,214.72,218.42,218.74,214.50,98869300,-2.13,0,32.88,腾讯财经
2026-08-24 13:50:05,214.72,218.42,218.74,214.50,98869300,-2.13,0,32.88,腾讯财经
2026-08-24 14:00:04,214.72,218.42,218.74,214.50,98869300,-2.13,0,32.88,腾讯财经
2026-08-24 14:10:04,214.72,218.42,218.74,214.50,98869300,-2.13,0,32.88,腾讯财经
2026-08-24 14:20:04,214.72,218.42,218.74,214.50,98869300,-2.13,0,32.88,腾讯财经
2026-08-24 14:30:04,214.72,218.42,218.74,214.50,98869300,-2.13,0,32.88,腾讯财经
2026-08-24 14:40:04,214.72,218.42,218.74,214.50,98869300,-2.13,0,32.88,腾讯财经
2026-08-24 14:50:04,214.72,218.42,218.74,214.50,98869300,-2.13,0,32.88,腾讯财经
2026-08-24 15:00:04,214.72,218.42,218.74,214.50,98869300,-2.13,0,32.88,腾讯财经
2026-08-24 15:10:04,214.72,218.42,218.74,214.50,98869300,-2.13,0,32.88,腾讯财经
2026-08-24 15:20:04,214.72,218.42,218.74,214.50,98869300,-2.13,0,32.88,腾讯财经
2026-08-24 15:30:04,214.72,218.42,218.74,214.50,98869300,-2.13,0,32.88,腾讯财经
2026-08-24 15:40:04,214.72,218.42,218.74,214.50,98869300,-2.13,0,32.88,腾讯财经
2026-08-24 15:50:04,214.72,218.42,218.74,214.50,98869300,-2.13,0,32.88,腾讯财经
2026-08-24 16:00:05,214.72,218.42,218.74,214.50,98869300,-2.13,0,32.88,腾讯财经
2026-08-24 16:10:04,214.72,218.42,218.74,214.50,98869300,-2.13,0,32.88,腾讯财经
2026-08-24 16:20:04,214.72,218.42,218.74,214.50,98869300,-2.13,0,32.88,腾讯财经
2026-08-24 16:30:04,214.72,218.42,218.74,214.50,98869300,-2.13,0,32.88,腾讯财经
2026-08-24 16:40:04,214.72,218.42,218.74,214.50,98869300,-2.13,0,32.88,腾讯财经
2026-08-24 16:50:04,214.72,218.42,218.74,214.50,98869300,-2.13,0,32.88,腾讯财经
2026-08-24 17:00:04,214.72,218.42,218.74,214.50,98869300,-2.13,0,32.88,腾讯财经
2026-08-24 17:10:04,214.72,218.42,218.74,214.50,98869300,-2.13,0,32.88,腾讯财经
2026-08-24 17:20:05,214.72,218.42,218.74,214.50,98869300,-2.13,0,32.88,腾讯财经
2026-08-24 17:30:05,214.72,218.42,218.74,214.50,98869300,-2.13,0,32.88,腾讯财经
2026-08-24 17:40:05,214.72,218.42,218.74,214.50,98869300,-2.13,0,32.88,腾讯财经
2026-08-24 17:50:04,214.72,218.42,218.74,214.50,98869300,-2.13,0,32.88,腾讯财经
2026-08-24 18:00:03,214.72,218.42,218.74,214.50,98869300,-2.13,0,32.88,腾讯财经
2026-08-24 18:10:04,214.72,218.42,218.74,214.50,98869300,-2.13,0,32.88,腾讯财经
2026-08-24 18:20:04,214.72,218.42,218.74,214.50,98869300,-2.13,0,32.88,腾讯财经
2026-08-24 18:30:04,214.72,218.42,218.74,214.50,98869300,-2.13,0,32.88,腾讯财经
2026-08-24 18:40:04,214.72,218.42,218.74,214.50,98869300,-2.13,0,32.88,腾讯财经
2026-08-24 18:50:05,214.72,218.42,218.74,214.50,98869300,-2.13,0,32.88,腾讯财经
2026-08-24 19:00:04,214.72,218.42,218.74,214.50,98869300,-2.13,0,32.88,腾讯财经
2026-08-24 19:10:04,214.72,218.42,218.74,214.50,98869300,-2.13,0,32.88,腾讯财经
2026-08-24 19:20:03,214.72,218.42,218.74,214.50,98869300,-2.13,0,32.88,腾讯财经
2026-08-24 19:30:05,214.72,218.42,218.74,214.50,98869300,-2.13,0,32.88,腾讯财经
2026-08-24 19:40:04,214.72,218.42,218.74,214.50,98869300,-2.13,0,32.88,腾讯财经
2026-08-24 19:50:04,214.72,218.42,218.74,214.50,98869300,-2.13,0,32.88,腾讯财经
2026-08-24 20:00:04,214.72,218.42,218.74,214.50,98869300,-2.13,0,32.88,腾讯财经
2026-08-24 20:10:04,214.72,218.42,218.74,214.50,98869300,-2.13,0,32.88,腾讯财经
2026-08-24 20:20:03,214.72,218.42,218.74,214.50,98869300,-2.13,0,32.88,腾讯财经
2026-08-24 20:30:05,214.72,218.42,218.74,214.50,98869300,-2.13,0,32.88,腾讯财经
2026-08-24 20:40:04,214.72,218.42,218.74,214.50,98869300,-2.13,0,32.88,腾讯财经
2026-08-24 20:50:05,214.72,218.42,218.74,214.50,98869300,-2.13,0,32.88,腾讯财经
2026-08-24 21:00:05,214.72,218.42,218.74,214.50,98869300,-2.13,0,32.88,腾讯财经
2026-08-24 21:10:04,214.72,218.42,218.74,214.50,98869300,-2.13,0,32.88,腾讯财经
2026-08-24 21:20:04,214.72,218.42,218.74,214.50,98869300,-2.13,0,32.88,腾讯财经
2026-08-24 21:30:04,215.44,215.38,215.45,215.38,2984409,.72,0,32.99,腾讯财经
2026-08-24 21:40:04,212.71,215.38,215.59,212.40,9946836,-2.01,0,32.57,腾讯财经
2026-08-24 21:50:03,209.68,215.53,215.59,209.37,17954635,-5.04,-2.00,32.11,腾讯财经
2026-08-24 22:00:04,209.85,215.53,215.59,209.02,22753391,-4.87,-2.00,32.14,腾讯财经
2026-08-24 22:10:04,209.31,215.53,215.59,208.89,27132960,-5.41,-2.00,32.05,腾讯财经
2026-08-24 22:20:04,208.81,215.53,215.59,208.62,30594187,-5.91,-2.00,31.98,腾讯财经
2026-08-24 22:30:04,209.31,215.53,215.59,208.62,33310649,-5.41,-2.00,32.05,腾讯财经
2026-08-24 22:40:04,210.10,215.53,215.59,208.62,36404785,-4.62,-2.00,32.18,腾讯财经
2026-08-24 22:50:04,209.93,215.53,215.59,208.62,39007081,-4.79,-2.00,32.15,腾讯财经
2026-08-24 23:00:05,209.70,215.53,215.59,208.62,41385548,-5.02,-2.00,32.11,腾讯财经
2026-08-24 23:10:04,209.10,215.53,215.59,208.62,44409015,-5.62,-2.00,32.02,腾讯财经
2026-08-24 23:20:04,209.16,215.53,215.59,208.62,46630543,-5.56,-2.00,32.03,腾讯财经
2026-08-24 23:30:04,209.85,215.53,215.59,208.62,49388017,-4.87,-2.00,32.14,腾讯财经
2026-08-24 23:40:04,210.18,215.53,215.59,208.62,51391701,-4.54,-2.00,32.19,腾讯财经
2026-08-24 23:50:04,210.32,215.53,215.59,208.62,53980954,-4.40,-2.00,32.21,腾讯财经
2026-08-25 00:00:04,210.21,215.53,215.59,208.62,55574027,-4.51,-2.00,32.19,腾讯财经
2026-08-25 00:10:04,210.25,215.53,215.59,208.62,57827020,-4.47,-2.00,32.20,腾讯财经
2026-08-25 00:20:04,210.73,215.53,215.59,208.62,59478018,-3.99,-1.00,32.27,腾讯财经
2026-08-25 00:30:04,210.67,215.53,215.59,208.62,61841945,-4.05,-1.00,32.26,腾讯财经
2026-08-25 00:40:04,210.41,215.53,215.59,208.62,63347409,-4.31,-2.00,32.22,腾讯财经
2026-08-25 00:50:04,210.21,215.53,215.59,208.62,64535539,-4.51,-2.00,32.19,腾讯财经
2026-08-25 01:00:05,209.68,215.53,215.59,208.62,65951001,-5.04,-2.00,32.11,腾讯财经
2026-08-25 01:10:04,210.07,215.53,215.59,208.62,67162359,-4.65,-2.00,32.17,腾讯财经
2026-08-25 01:20:04,209.76,215.53,215.59,208.62,68551436,-4.96,-2.00,32.12,腾讯财经
2026-08-25 01:30:03,209.28,215.53,215.59,208.62,70104360,-5.44,-2.00,32.05,腾讯财经
2026-08-25 01:40:04,209.56,215.53,215.59,208.62,71593728,-5.16,-2.00,32.09,腾讯财经
2026-08-25 01:50:04,209.59,215.53,215.59,208.62,72464322,-5.13,-2.00,32.10,腾讯财经
2026-08-25 02:00:04,209.57,215.53,215.59,208.62,73274337,-5.15,-2.00,32.09,腾讯财经
2026-08-25 02:10:04,209.87,215.53,215.59,208.62,74475637,-4.85,-2.00,32.14,腾讯财经
2026-08-25 02:20:04,209.78,215.53,215.59,208.62,75934739,-4.94,-2.00,32.13,腾讯财经
2026-08-25 02:30:04,210.39,215.53,215.59,208.62,77299153,-4.33,-2.00,32.22,腾讯财经
2026-08-25 02:40:04,209.91,215.53,215.59,208.62,78921783,-4.81,-2.00,32.15,腾讯财经
2026-08-25 02:50:05,209.58,215.53,215.59,208.62,80292685,-5.14,-2.00,32.09,腾讯财经
2026-08-25 03:00:04,209.30,215.53,215.59,208.62,81772279,-5.42,-2.00,32.05,腾讯财经
2026-08-25 03:10:04,209.14,215.53,215.59,208.62,83275066,-5.58,-2.00,32.03,腾讯财经
2026-08-25 03:20:04,209.50,215.53,215.59,208.62,84978648,-5.22,-2.00,32.08,腾讯财经
2026-08-25 03:30:04,209.37,215.53,215.59,208.62,86532776,-5.35,-2.00,32.06,腾讯财经
2026-08-25 03:40:04,208.67,215.53,215.59,208.58,89680379,-6.05,-2.00,31.96,腾讯财经
2026-08-25 03:50:00,208.51,215.53,215.59,208.34,92298611,-6.21,-2.00,31.93,腾讯财经
2026-08-25 04:00:03,208.44,215.53,215.59,207.37,102159472,-6.28,-2.00,31.92,腾讯财经
2026-08-25 04:10:05,208.48,215.53,215.59,207.37,133102202,-6.24,-2.00,31.93,腾讯财经
2026-08-25 04:20:04,208.48,215.53,215.59,207.25,131684224,-6.24,-2.00,31.93,腾讯财经
2026-08-25 04:30:05,208.48,215.53,215.59,207.25,133146789,-6.24,-2.00,31.93,腾讯财经
2026-08-25 04:40:05,208.48,215.53,215.59,207.25,133148912,-6.24,-2.00,31.93,腾讯财经
2026-08-25 04:50:04,208.48,215.53,215.59,207.25,133148912,-6.24,-2.00,31.93,腾讯财经
2026-08-25 05:00:05,208.48,215.53,215.59,207.25,134376658,-6.24,-2.00,31.93,腾讯财经
2026-08-25 05:10:04,208.48,215.53,215.59,207.25,134487210,-6.24,-2.00,31.93,腾讯财经
2026-08-25 05:20:04,208.48,215.53,215.59,207.25,134541457,-6.24,-2.00,31.93,腾讯财经
2026-08-25 05:30:04,208.48,215.53,215.59,207.25,134597309,-6.24,-2.00,31.93,腾讯财经
2026-08-25 05:40:03,208.48,215.53,215.59,207.25,134626394,-6.24,-2.00,31.93,腾讯财经
2026-08-25 05:50:04,208.48,215.53,215.59,207.25,134673818,-6.24,-2.00,31.93,腾讯财经
2026-08-25 06:00:03,208.48,215.53,215.59,207.25,134719237,-6.24,-2.00,31.93,腾讯财经
2026-08-25 06:10:04,208.48,215.53,215.59,207.25,134778335,-6.24,-2.00,31.93,腾讯财经
2026-08-25 06:20:05,208.48,215.53,215.59,207.25,134814796,-6.24,-2.00,31.93,腾讯财经
2026-08-25 06:30:04,208.48,215.53,215.59,207.25,134847217,-6.24,-2.00,31.93,腾讯财经
2026-08-25 06:40:04,208.48,215.53,215.59,207.25,134881176,-6.24,-2.00,31.93,腾讯财经
2026-08-25 06:50:05,208.48,215.53,215.59,207.25,134903194,-6.24,-2.00,31.93,腾讯财经
2026-08-25 07:00:04,208.48,215.53,215.59,207.25,134942285,-6.24,-2.00,31.93,腾讯财经
2026-08-25 07:10:04,208.48,215.53,215.59,207.25,134967898,-6.24,-2.00,31.93,腾讯财经
2026-08-25 07:20:04,208.48,215.53,215.59,207.25,135004184,-6.24,-2.00,31.93,腾讯财经
2026-08-25 07:30:04,208.48,215.53,215.59,207.25,135033705,-6.24,-2.00,31.93,腾讯财经
2026-08-25 07:40:05,208.48,215.53,215.59,207.25,135074170,-6.24,-2.00,31.93,腾讯财经
2026-08-25 07:50:05,208.48,215.53,215.59,207.25,135123707,-6.24,-2.00,31.93,腾讯财经
2026-08-25 08:00:04,208.48,215.53,215.59,207.25,135186430,-6.24,-2.00,31.93,腾讯财经
2026-08-25 08:10:04,208.48,215.53,215.59,207.25,135186430,-6.24,-2.00,31.93,腾讯财经
2026-08-25 08:20:04,208.48,215.53,215.59,207.25,135187288,-6.24,-2.00,31.93,腾讯财经
2026-08-25 08:30:04,208.48,215.53,215.59,207.25,135187288,-6.24,-2.00,31.93,腾讯财经
2026-08-25 08:40:04,208.48,215.53,215.59,207.25,135187288,-6.24,-2.00,31.93,腾讯财经
2026-08-25 08:50:05,208.48,215.53,215.59,207.25,135187288,-6.24,-2.00,31.93,腾讯财经
2026-08-25 09:00:04,208.48,215.53,215.59,207.25,135187288,-6.24,-2.00,31.93,腾讯财经
2026-08-25 09:10:04,208.48,215.53,215.59,207.25,135187288,-6.24,-2.00,31.93,腾讯财经
2026-08-25 09:20:04,208.48,215.53,215.59,207.25,135187288,-6.24,-2.00,31.93,腾讯财经
2026-08-25 09:30:04,208.48,215.53,215.59,207.25,135187288,-6.24,-2.00,31.93,腾讯财经
2026-08-25 09:40:04,208.48,215.53,215.59,207.25,135187288,-6.24,-2.00,31.93,腾讯财经
2026-08-25 09:50:04,208.48,215.53,215.59,207.25,135187288,-6.24,-2.00,31.93,腾讯财经
2026-08-25 10:00:04,208.48,215.53,215.59,207.25,135187288,-6.24,-2.00,31.93,腾讯财经
2026-08-25 10:10:04,208.48,215.53,215.59,207.25,135187288,-6.24,-2.00,31.93,腾讯财经
2026-08-25 10:20:05,208.48,215.53,215.59,207.25,135187288,-6.24,-2.00,31.93,腾讯财经
2026-08-25 10:30:05,208.48,215.53,215.59,207.25,135187288,-6.24,-2.00,31.93,腾讯财经
2026-08-25 10:40:05,208.48,215.53,215.59,207.25,135187288,-6.24,-2.00,31.93,腾讯财经
2026-08-25 10:50:05,208.48,215.53,215.59,207.25,135187288,-6.24,-2.00,31.93,腾讯财经
2026-08-25 11:00:04,208.48,215.53,215.59,207.25,135187288,-6.24,-2.00,31.93,腾讯财经
2026-08-25 11:10:04,208.48,215.53,215.59,207.25,135187288,-6.24,-2.00,31.93,腾讯财经
2026-08-25 11:20:04,208.48,215.53,215.59,207.25,135187288,-6.24,-2.00,31.93,腾讯财经
2026-08-25 11:30:04,208.48,215.53,215.59,207.25,135187288,-6.24,-2.00,31.93,腾讯财经
2026-08-25 11:40:04,208.48,215.53,215.59,207.25,135187288,-6.24,-2.00,31.93,腾讯财经
2026-08-25 11:50:04,208.48,215.53,215.59,207.25,135187288,-6.24,-2.00,31.93,腾讯财经
2026-08-25 12:00:04,208.48,215.53,215.59,207.25,135187288,-6.24,-2.00,31.93,腾讯财经
2026-08-25 12:10:04,208.48,215.53,215.59,207.25,135187288,-6.24,-2.00,31.93,腾讯财经
2026-08-25 12:20:04,208.48,215.53,215.59,207.25,135187288,-6.24,-2.00,31.93,腾讯财经
2026-08-25 12:30:05,208.48,215.53,215.59,207.25,135187288,-6.24,-2.00,31.93,腾讯财经
2026-08-25 12:40:04,208.48,215.53,215.59,207.25,135187288,-6.24,-2.00,31.93,腾讯财经
2026-08-25 12:50:03,208.48,215.53,215.59,207.25,135187288,-6.24,-2.00,31.93,腾讯财经
2026-08-25 13:00:04,208.48,215.53,215.59,207.25,135187288,-6.24,-2.00,31.93,腾讯财经
2026-08-25 13:10:04,208.48,215.53,215.59,207.25,135187288,-6.24,-2.00,31.93,腾讯财经
2026-08-25 13:20:04,208.48,215.53,215.59,207.25,135187288,-6.24,-2.00,31.93,腾讯财经
2026-08-25 13:30:05,208.48,215.53,215.59,207.25,135187288,-6.24,-2.00,31.93,腾讯财经
2026-08-25 13:40:04,208.48,215.53,215.59,207.25,135187288,-6.24,-2.00,31.93,腾讯财经
2026-08-25 13:50:04,208.48,215.53,215.59,207.25,135187288,-6.24,-2.00,31.93,腾讯财经
2026-08-25 14:00:04,208.48,215.53,215.59,207.25,135187288,-6.24,-2.00,31.93,腾讯财经
2026-08-25 14:10:04,208.48,215.53,215.59,207.25,135187288,-6.24,-2.00,31.93,腾讯财经
2026-08-25 14:20:04,208.48,215.53,215.59,207.25,135187288,-6.24,-2.00,31.93,腾讯财经
2026-08-25 14:30:04,208.48,215.53,215.59,207.25,135187288,-6.24,-2.00,31.93,腾讯财经
2026-08-25 14:40:04,208.48,215.53,215.59,207.25,135187288,-6.24,-2.00,31.93,腾讯财经
2026-08-25 14:50:04,208.48,215.53,215.59,207.25,135187288,-6.24,-2.00,31.93,腾讯财经
2026-08-25 15:00:04,208.48,215.53,215.59,207.25,135187288,-6.24,-2.00,31.93,腾讯财经
2026-08-25 15:10:04,208.48,215.53,215.59,207.25,135187288,-6.24,-2.00,31.93,腾讯财经
2026-08-25 15:20:04,208.48,215.53,215.59,207.25,135187288,-6.24,-2.00,31.93,腾讯财经
2026-08-25 15:30:04,208.48,215.53,215.59,207.25,135187288,-6.24,-2.00,31.93,腾讯财经
2026-08-25 15:40:04,208.48,215.53,215.59,207.25,135187288,-6.24,-2.00,31.93,腾讯财经
2026-08-25 15:50:04,208.48,215.53,215.59,207.25,135187288,-6.24,-2.00,31.93,腾讯财经
2026-08-25 16:00:04,208.48,215.53,215.59,207.25,135187288,-6.24,-2.00,31.93,腾讯财经
2026-08-25 16:10:04,208.48,215.53,215.59,207.25,135187288,-6.24,-2.00,31.93,腾讯财经
2026-08-25 16:20:04,208.48,215.53,215.59,207.25,135187288,-6.24,-2.00,31.93,腾讯财经
2026-08-25 16:30:04,208.48,215.53,215.59,207.25,135187288,-6.24,-2.00,31.93,腾讯财经
2026-08-25 16:40:00,208.48,215.53,215.59,207.25,135187288,-6.24,-2.00,31.93,腾讯财经
2026-08-25 16:50:04,208.48,215.53,215.59,207.25,135187288,-6.24,-2.00,31.93,腾讯财经
2026-08-25 17:00:04,208.48,215.53,215.59,207.25,135187288,-6.24,-2.00,31.93,腾讯财经
2026-08-25 17:10:05,208.48,215.53,215.59,207.25,135187288,-6.24,-2.00,31.93,腾讯财经
2026-08-25 17:20:04,208.48,215.53,215.59,207.25,135187288,-6.24,-2.00,31.93,腾讯财经
2026-08-25 17:30:03,208.48,215.53,215.59,207.25,135187288,-6.24,-2.00,31.93,腾讯财经
2026-08-25 17:40:00,208.48,215.53,215.59,207.25,135187288,-6.24,-2.00,31.93,腾讯财经
2026-08-25 17:50:04,208.48,215.53,215.59,207.25,135187288,-6.24,-2.00,31.93,腾讯财经
2026-08-25 18:00:04,208.48,215.53,215.59,207.25,135187288,-6.24,-2.00,31.93,腾讯财经
2026-08-25 18:10:04,208.48,215.53,215.59,207.25,135187288,-6.24,-2.00,31.93,腾讯财经
2026-08-25 18:20:04,208.48,215.53,215.59,207.25,135187288,-6.24,-2.00,31.93,腾讯财经
2026-08-25 18:30:04,208.48,215.53,215.59,207.25,135187288,-6.24,-2.00,31.93,腾讯财经
2026-08-25 18:40:04,208.48,215.53,215.59,207.25,135187288,-6.24,-2.00,31.93,腾讯财经
2026-08-25 18:50:05,208.48,215.53,215.59,207.25,135187288,-6.24,-2.00,31.93,腾讯财经
2026-08-25 19:00:05,208.48,215.53,215.59,207.25,135187288,-6.24,-2.00,31.93,腾讯财经
2026-08-25 19:10:05,208.48,215.53,215.59,207.25,135187288,-6.24,-2.00,31.93,腾讯财经
2026-08-25 19:20:04,208.48,215.53,215.59,207.25,135187288,-6.24,-2.00,31.93,腾讯财经
2026-08-25 19:30:04,208.48,215.53,215.59,207.25,135187288,-6.24,-2.00,31.93,腾讯财经
2026-08-25 19:40:04,208.48,215.53,215.59,207.25,135187288,-6.24,-2.00,31.93,腾讯财经
2026-08-25 19:50:04,208.48,215.53,215.59,207.25,135187288,-6.24,-2.00,31.93,腾讯财经
2026-08-25 20:00:05,208.48,215.53,215.59,207.25,135187288,-6.24,-2.00,31.93,腾讯财经
2026-08-25 20:10:04,208.48,215.53,215.59,207.25,135187288,-6.24,-2.00,31.93,腾讯财经
2026-08-25 20:20:04,208.48,215.53,215.59,207.25,135187288,-6.24,-2.00,31.93,腾讯财经
2026-08-25 20:30:00,208.48,215.53,215.59,207.25,135187288,-6.24,-2.00,31.93,腾讯财经
2026-08-25 20:40:05,208.48,215.53,215.59,207.25,135187288,-6.24,-2.00,31.93,腾讯财经
2026-08-25 20:50:04,208.48,215.53,215.59,207.25,135187288,-6.24,-2.00,31.93,腾讯财经
2026-08-25 21:00:04,208.48,215.53,215.59,207.25,135187288,-6.24,-2.00,31.93,腾讯财经
2026-08-25 21:10:04,208.48,215.53,215.59,207.25,135187288,-6.24,-2.00,31.93,腾讯财经
2026-08-25 21:20:04,208.48,215.53,215.59,207.25,135187288,-6.24,-2.00,31.93,腾讯财经
2026-08-25 21:30:01,208.48,0.00,0.00,0.00,4160291,0,0,31.93,腾讯财经
2026-08-25 21:40:05,211.74,211.03,212.28,210.11,12595996,3.26,1.00,32.43,腾讯财经
2026-08-25 21:50:04,214.08,211.03,214.36,210.11,18376825,5.60,2.00,32.78,腾讯财经
2026-08-25 22:00:03,213.51,211.03,214.73,210.11,23383674,5.03,2.00,32.70,腾讯财经
2026-08-25 22:10:04,213.34,211.03,214.73,210.11,27740553,4.86,2.00,32.67,腾讯财经
2026-08-25 22:20:05,213.22,211.03,214.73,210.11,30896918,4.74,2.00,32.65,腾讯财经
2026-08-25 22:30:04,211.82,211.03,214.73,210.11,34049732,3.34,1.00,32.44,腾讯财经
2026-08-25 22:40:04,211.57,211.03,214.73,210.11,37799758,3.09,1.00,32.40,腾讯财经
2026-08-25 22:50:04,211.60,211.03,214.73,210.11,40045850,3.12,1.00,32.40,腾讯财经
2026-08-25 23:00:04,211.03,211.03,214.73,210.11,42273193,2.55,1.00,32.32,腾讯财经
2026-08-25 23:10:04,210.54,211.03,214.73,210.11,45013702,2.06,0,32.24,腾讯财经
2026-08-25 23:20:04,210.44,211.03,214.73,210.11,47168898,1.96,0,32.23,腾讯财经
2026-08-25 23:30:04,211.19,211.03,214.73,210.11,49597389,2.71,1.00,32.34,腾讯财经
2026-08-25 23:40:04,211.06,211.03,214.73,210.11,51632197,2.58,1.00,32.32,腾讯财经
2026-08-25 23:50:04,210.95,211.03,214.73,210.11,53033234,2.47,1.00,32.30,腾讯财经
2026-08-26 00:00:00,211.63,211.03,214.73,210.11,54654783,3.15,1.00,32.41,腾讯财经
2026-08-26 00:10:04,211.69,211.03,214.73,210.11,56189871,3.21,1.00,32.42,腾讯财经
2026-08-26 00:20:04,212.08,211.03,214.73,210.11,57520843,3.60,1.00,32.48,腾讯财经
2026-08-26 00:30:04,212.22,211.03,214.73,210.11,58980010,3.74,1.00,32.50,腾讯财经
2026-08-26 00:40:04,212.48,211.03,214.73,210.11,60763083,4.00,1.00,32.54,腾讯财经
2026-08-26 00:50:04,212.42,211.03,214.73,210.11,61999807,3.94,1.00,32.53,腾讯财经
2026-08-26 01:00:04,212.18,211.03,214.73,210.11,62904794,3.70,1.00,32.49,腾讯财经
2026-08-26 01:10:04,211.85,211.03,214.73,210.11,65183296,3.37,1.00,32.44,腾讯财经
2026-08-26 01:20:04,212.29,211.03,214.73,210.11,66245884,3.81,1.00,32.51,腾讯财经
2026-08-26 01:30:04,212.27,211.03,214.73,210.11,67233577,3.79,1.00,32.51,腾讯财经
2026-08-26 01:40:04,212.33,211.03,214.73,210.11,68259639,3.85,1.00,32.52,腾讯财经
2026-08-26 01:50:04,212.31,211.03,214.73,210.11,69204343,3.83,1.00,32.51,腾讯财经
2026-08-26 02:00:04,212.37,211.03,214.73,210.11,70070929,3.89,1.00,32.52,腾讯财经
2026-08-26 02:10:04,212.25,211.03,214.73,210.11,71291146,3.77,1.00,32.50,腾讯财经
2026-08-26 02:20:05,212.01,211.03,214.73,210.11,72241956,3.53,1.00,32.47,腾讯财经
2026-08-26 02:30:05,212.26,211.03,214.73,210.11,73128058,3.78,1.00,32.50,腾讯财经
2026-08-26 02:40:04,212.88,211.03,214.73,210.11,74826627,4.40,2.00,32.60,腾讯财经
2026-08-26 02:50:04,213.14,211.03,214.73,210.11,76397854,4.66,2.00,32.64,腾讯财经
2026-08-26 03:00:04,213.18,211.03,214.73,210.11,77793895,4.70,2.00,32.65,腾讯财经
2026-08-26 03:10:04,212.95,211.03,214.73,210.11,79887113,4.47,2.00,32.61,腾讯财经
2026-08-26 03:20:04,211.96,211.03,214.73,210.11,82039148,3.48,1.00,32.46,腾讯财经
2026-08-26 03:30:04,212.03,211.03,214.73,210.11,83538841,3.55,1.00,32.47,腾讯财经
2026-08-26 03:40:04,212.45,211.03,214.73,210.11,85397550,3.97,1.00,32.53,腾讯财经
2026-08-26 03:50:04,212.44,211.03,214.73,210.11,87347959,3.96,1.00,32.53,腾讯财经
2026-08-26 04:00:04,213.00,211.03,214.73,210.11,92456816,4.52,2.00,32.62,腾讯财经
2026-08-26 04:10:04,213.05,211.03,214.73,210.11,118537359,4.57,2.00,32.63,腾讯财经
2026-08-26 04:20:04,213.05,211.03,214.73,210.11,118904236,4.57,2.00,32.63,腾讯财经
2026-08-26 04:30:04,213.05,211.03,214.73,210.11,119078205,4.57,2.00,32.63,腾讯财经
2026-08-26 04:40:04,213.05,211.03,214.73,210.11,119187842,4.57,2.00,32.63,腾讯财经
2026-08-26 04:50:04,213.05,211.03,214.73,210.11,119300953,4.57,2.00,32.63,腾讯财经
2026-08-26 05:00:04,213.05,211.03,214.73,210.11,120441000,4.57,2.00,32.63,腾讯财经
2026-08-26 05:10:04,213.05,211.03,214.73,210.11,120499440,4.57,2.00,32.63,腾讯财经
2026-08-26 05:20:05,213.05,211.03,214.73,210.11,120548901,4.57,2.00,32.63,腾讯财经
2026-08-26 05:30:05,213.05,211.03,214.73,210.11,120650430,4.57,2.00,32.63,腾讯财经
2026-08-26 05:40:04,213.05,211.03,214.73,210.11,121416002,4.57,2.00,32.63,腾讯财经
2026-08-26 05:50:04,213.05,211.03,214.73,210.11,121479442,4.57,2.00,32.63,腾讯财经
2026-08-26 06:00:04,213.05,211.03,214.73,210.11,121530475,4.57,2.00,32.63,腾讯财经
2026-08-26 06:10:04,213.05,211.03,214.73,210.11,121700558,4.57,2.00,32.63,腾讯财经
2026-08-26 06:20:04,213.05,211.03,214.73,210.11,121758812,4.57,2.00,32.63,腾讯财经
2026-08-26 06:30:04,213.05,211.03,214.73,210.11,121835305,4.57,2.00,32.63,腾讯财经
2026-08-26 06:40:04,213.05,211.03,214.73,210.11,121886804,4.57,2.00,32.63,腾讯财经
2026-08-26 06:50:05,213.05,211.03,214.73,210.11,121951672,4.57,2.00,32.63,腾讯财经
2026-08-26 07:00:04,213.05,211.03,214.73,210.11,121981475,4.57,2.00,32.63,腾讯财经
2026-08-26 07:10:04,213.05,211.03,214.73,210.11,122021297,4.57,2.00,32.63,腾讯财经
2026-08-26 07:20:04,213.05,211.03,214.73,210.11,122072173,4.57,2.00,32.63,腾讯财经
2026-08-26 07:30:04,213.05,211.03,214.73,210.11,122118463,4.57,2.00,32.63,腾讯财经
2026-08-26 07:40:04,213.05,211.03,214.73,210.11,122156975,4.57,2.00,32.63,腾讯财经
2026-08-26 07:50:04,213.05,211.03,214.73,210.11,122221813,4.57,2.00,32.63,腾讯财经
2026-08-26 08:00:04,213.05,211.03,214.73,210.11,122309019,4.57,2.00,32.63,腾讯财经
2026-08-26 08:10:04,213.05,211.03,214.73,210.11,122309019,4.57,2.00,32.63,腾讯财经
2026-08-26 08:20:05,213.05,211.03,214.73,210.11,122309019,4.57,2.00,32.63,腾讯财经
2026-08-26 08:30:04,213.05,211.03,214.73,210.11,122309019,4.57,2.00,32.63,腾讯财经
2026-08-26 08:40:04,213.05,211.03,214.73,210.11,122309019,4.57,2.00,32.63,腾讯财经
2026-08-26 08:50:04,213.05,211.03,214.73,210.11,122309019,4.57,2.00,32.63,腾讯财经
2026-08-26 09:00:04,213.05,211.03,214.73,210.11,122309019,4.57,2.00,32.63,腾讯财经
2026-08-26 09:10:04,213.05,211.03,214.73,210.11,122309019,4.57,2.00,32.63,腾讯财经
2026-08-26 09:20:05,213.05,211.03,214.73,210.11,122309019,4.57,2.00,32.63,腾讯财经
2026-08-26 09:30:04,213.05,211.03,214.73,210.11,122309019,4.57,2.00,32.63,腾讯财经
2026-08-26 09:40:04,213.05,211.03,214.73,210.11,122309019,4.57,2.00,32.63,腾讯财经
2026-08-26 09:50:04,213.05,211.03,214.73,210.11,122309019,4.57,2.00,32.63,腾讯财经
2026-08-26 10:00:04,213.05,211.03,214.73,210.11,122309019,4.57,2.00,32.63,腾讯财经
2026-08-26 10:10:04,213.05,211.03,214.73,210.11,122309019,4.57,2.00,32.63,腾讯财经
2026-08-26 10:20:04,213.05,211.03,214.73,210.11,122309019,4.57,2.00,32.63,腾讯财经
2026-08-26 10:30:04,213.05,211.03,214.73,210.11,122309019,4.57,2.00,32.63,腾讯财经
2026-08-26 10:40:04,213.05,211.03,214.73,210.11,122309019,4.57,2.00,32.63,腾讯财经
2026-08-26 10:50:04,213.05,211.03,214.73,210.11,122309019,4.57,2.00,32.63,腾讯财经
2026-08-26 11:00:05,213.05,211.03,214.73,210.11,122309019,4.57,2.00,32.63,腾讯财经
2026-08-26 11:10:04,213.05,211.03,214.73,210.11,122309019,4.57,2.00,32.63,腾讯财经
2026-08-26 11:20:04,213.05,211.03,214.73,210.11,122309019,4.57,2.00,32.63,腾讯财经
2026-08-26 11:30:04,213.05,211.03,214.73,210.11,122309019,4.57,2.00,32.63,腾讯财经
2026-08-26 11:40:04,213.05,211.03,214.73,210.11,122309019,4.57,2.00,32.63,腾讯财经
2026-08-26 11:50:04,213.05,211.03,214.73,210.11,122309019,4.57,2.00,32.63,腾讯财经
2026-08-26 12:00:06,213.05,211.03,214.73,210.11,122309019,4.57,2.00,32.63,腾讯财经
2026-08-26 12:10:03,213.05,211.03,214.73,210.11,122309019,4.57,2.00,32.63,腾讯财经
2026-08-26 12:20:04,213.05,211.03,214.73,210.11,122309019,4.57,2.00,32.63,腾讯财经
2026-08-26 12:30:06,213.05,211.03,214.73,210.11,122309019,4.57,2.00,32.63,腾讯财经
2026-08-26 12:40:03,213.05,211.03,214.73,210.11,122309019,4.57,2.00,32.63,腾讯财经
2026-08-26 12:50:04,213.05,211.03,214.73,210.11,122309019,4.57,2.00,32.63,腾讯财经
2026-08-26 13:00:04,213.05,211.03,214.73,210.11,122309019,4.57,2.00,32.63,腾讯财经
2026-08-26 13:10:05,213.05,211.03,214.73,210.11,122309019,4.57,2.00,32.63,腾讯财经
2026-08-26 13:20:04,213.05,211.03,214.73,210.11,122309019,4.57,2.00,32.63,腾讯财经
2026-08-26 13:30:03,213.05,211.03,214.73,210.11,122309019,4.57,2.00,32.63,腾讯财经
2026-08-26 13:40:03,213.05,211.03,214.73,210.11,122309019,4.57,2.00,32.63,腾讯财经
2026-08-26 13:50:04,213.05,211.03,214.73,210.11,122309019,4.57,2.00,32.63,腾讯财经
2026-08-26 14:00:04,213.05,211.03,214.73,210.11,122309019,4.57,2.00,32.63,腾讯财经
2026-08-26 14:10:04,213.05,211.03,214.73,210.11,122309019,4.57,2.00,32.63,腾讯财经
2026-08-26 14:20:04,213.05,211.03,214.73,210.11,122309019,4.57,2.00,32.63,腾讯财经
2026-08-26 14:30:03,213.05,211.03,214.73,210.11,122309019,4.57,2.00,32.63,腾讯财经
2026-08-26 14:40:03,213.05,211.03,214.73,210.11,122309019,4.57,2.00,32.63,腾讯财经
2026-08-26 14:50:04,213.05,211.03,214.73,210.11,122309019,4.57,2.00,32.63,腾讯财经
2026-08-26 15:00:00,213.05,211.03,214.73,210.11,122309019,4.57,2.00,32.63,腾讯财经
2026-08-26 15:10:05,213.05,211.03,214.73,210.11,122309019,4.57,2.00,32.63,腾讯财经
2026-08-26 15:20:04,213.05,211.03,214.73,210.11,122309019,4.57,2.00,32.63,腾讯财经
2026-08-26 15:30:04,213.05,211.03,214.73,210.11,122309019,4.57,2.00,32.63,腾讯财经
2026-08-26 15:40:05,213.05,211.03,214.73,210.11,122309019,4.57,2.00,32.63,腾讯财经
2026-08-26 15:50:00,213.05,211.03,214.73,210.11,122309019,4.57,2.00,32.63,腾讯财经
2026-08-26 16:00:00,213.05,211.03,214.73,210.11,122309019,4.57,2.00,32.63,腾讯财经
2026-08-26 16:10:03,213.05,211.03,214.73,210.11,122309019,4.57,2.00,32.63,腾讯财经
2026-08-26 16:20:03,213.05,211.03,214.73,210.11,122309019,4.57,2.00,32.63,腾讯财经
2026-08-26 16:40:04,213.05,211.03,214.73,210.11,122309019,4.57,2.00,32.63,腾讯财经
2026-08-26 16:50:00,213.05,211.03,214.73,210.11,122309019,4.57,2.00,32.63,腾讯财经
2026-08-26 17:00:00,213.05,211.03,214.73,210.11,122309019,4.57,2.00,32.63,腾讯财经
2026-08-26 17:10:02,213.05,211.03,214.73,210.11,122309019,4.57,2.00,32.63,腾讯财经
2026-08-26 17:20:03,213.05,211.03,214.73,210.11,122309019,4.57,2.00,32.63,腾讯财经
2026-08-26 17:30:00,213.05,211.03,214.73,210.11,122309019,4.57,2.00,32.63,腾讯财经
2026-08-26 17:40:00,213.05,211.03,214.73,210.11,122309019,4.57,2.00,32.63,腾讯财经
2026-08-26 17:50:03,213.05,211.03,214.73,210.11,122309019,4.57,2.00,32.63,腾讯财经
2026-08-26 18:00:02,213.05,211.03,214.73,210.11,122309019,4.57,2.00,32.63,腾讯财经
2026-08-26 18:10:04,213.05,211.03,214.73,210.11,122309019,4.57,2.00,32.63,腾讯财经
2026-08-26 18:20:02,213.05,211.03,214.73,210.11,122309019,4.57,2.00,32.63,腾讯财经
2026-08-26 18:30:01,213.05,211.03,214.73,210.11,122309019,4.57,2.00,32.63,腾讯财经
2026-08-26 18:40:02,213.05,211.03,214.73,210.11,122309019,4.57,2.00,32.63,腾讯财经
2026-08-26 18:50:00,213.05,211.03,214.73,210.11,122309019,4.57,2.00,32.63,腾讯财经
2026-08-26 19:00:04,213.05,211.03,214.73,210.11,122309019,4.57,2.00,32.63,腾讯财经
2026-08-26 19:10:02,213.05,211.03,214.73,210.11,122309019,4.57,2.00,32.63,腾讯财经
2026-08-26 19:20:00,213.05,211.03,214.73,210.11,122309019,4.57,2.00,32.63,腾讯财经
2026-08-26 19:30:00,213.05,211.03,214.73,210.11,122309019,4.57,2.00,32.63,腾讯财经
2026-08-26 19:40:01,213.05,211.03,214.73,210.11,122309019,4.57,2.00,32.63,腾讯财经
2026-08-26 19:50:00,213.05,211.03,214.73,210.11,122309019,4.57,2.00,32.63,腾讯财经
2026-08-26 20:00:00,213.05,211.03,214.73,210.11,122309019,4.57,2.00,32.63,腾讯财经
2026-08-26 20:10:02,213.05,211.03,214.73,210.11,122309019,4.57,2.00,32.63,腾讯财经
2026-08-26 20:20:05,213.05,211.03,214.73,210.11,122309019,4.57,2.00,32.63,腾讯财经
2026-08-26 20:30:04,213.05,211.03,214.73,210.11,122309019,4.57,2.00,32.63,腾讯财经
2026-08-26 20:40:05,213.05,211.03,214.73,210.11,122309019,4.57,2.00,32.63,腾讯财经
2026-08-26 20:50:00,213.05,211.03,214.73,210.11,122309019,4.57,2.00,32.63,腾讯财经
2026-08-26 21:00:02,213.05,211.03,214.73,210.11,122309019,4.57,2.00,32.63,腾讯财经
2026-08-26 21:10:01,213.05,211.03,214.73,210.11,122309019,4.57,2.00,32.63,腾讯财经
2026-08-26 21:20:05,213.05,211.03,214.73,210.11,122309019,4.57,2.00,32.63,腾讯财经
2026-08-26 21:30:00,213.05,0.00,0.00,0.00,3089093,0,0,32.63,腾讯财经
2026-08-26 21:40:02,211.68,212.42,213.60,210.78,10011223,-1.37,0,32.42,腾讯财经
2026-08-26 21:50:02,212.65,212.64,213.60,210.78,14093051,-.40,0,32.56,腾讯财经
2026-08-26 22:00:01,212.64,212.64,213.60,210.78,16664821,-.41,0,32.56,腾讯财经
2026-08-26 22:10:02,211.73,212.64,213.60,210.78,18962614,-1.32,0,32.42,腾讯财经
2026-08-26 22:20:00,211.17,212.64,213.60,210.78,21326976,-1.88,0,32.34,腾讯财经
2026-08-26 22:30:03,210.50,212.64,213.60,210.19,25203131,-2.55,-1.00,32.24,腾讯财经
2026-08-26 22:40:00,210.65,212.64,213.60,210.08,27565038,-2.40,-1.00,32.26,腾讯财经
2026-08-26 22:50:01,211.04,212.64,213.60,210.08,30090483,-2.01,0,32.32,腾讯财经
2026-08-26 23:00:01,211.07,212.64,213.60,210.08,32168452,-1.98,0,32.32,腾讯财经
2026-08-26 23:10:02,211.27,212.64,213.60,210.08,33796200,-1.78,0,32.35,腾讯财经
2026-08-26 23:20:00,210.74,212.64,213.60,210.08,35714859,-2.31,-1.00,32.27,腾讯财经
2026-08-26 23:30:05,211.08,212.64,213.60,210.08,37517835,-1.97,0,32.33,腾讯财经
2026-08-26 23:40:03,211.09,212.64,213.60,210.08,38887179,-1.96,0,32.33,腾讯财经
2026-08-26 23:50:04,211.42,212.64,213.60,210.08,40178795,-1.63,0,32.38,腾讯财经
2026-08-27 00:00:03,210.66,212.64,213.60,210.08,41904475,-2.39,-1.00,32.26,腾讯财经
2026-08-27 00:10:02,210.23,212.64,213.60,210.08,44176865,-2.82,-1.00,32.19,腾讯财经
2026-08-27 00:20:01,210.17,212.64,213.60,209.76,46755379,-2.88,-1.00,32.18,腾讯财经
2026-08-27 00:30:05,210.18,212.64,213.60,209.76,48234753,-2.87,-1.00,32.19,腾讯财经
2026-08-27 00:40:05,209.70,212.64,213.60,209.68,50339220,-3.35,-1.00,32.11,腾讯财经
2026-08-27 00:50:03,209.71,212.64,213.60,209.52,52403748,-3.34,-1.00,32.11,腾讯财经
2026-08-27 01:00:04,209.88,212.64,213.60,209.47,54181430,-3.17,-1.00,32.14,腾讯财经
2026-08-27 01:10:03,209.97,212.64,213.60,209.47,55719338,-3.08,-1.00,32.15,腾讯财经
2026-08-27 01:20:01,210.10,212.64,213.60,209.47,57231336,-2.95,-1.00,32.17,腾讯财经
2026-08-27 01:30:04,210.06,212.64,213.60,209.47,58701938,-2.99,-1.00,32.17,腾讯财经
2026-08-27 01:40:03,210.02,212.64,213.60,209.47,60168890,-3.03,-1.00,32.16,腾讯财经
2026-08-27 01:50:02,210.50,212.64,213.60,209.47,62562937,-2.55,-1.00,32.24,腾讯财经
2026-08-27 02:00:00,210.57,212.64,213.60,209.47,64060703,-2.48,-1.00,32.25,腾讯财经
2026-08-27 02:10:01,210.90,212.64,213.60,209.47,65617568,-2.15,-1.00,32.30,腾讯财经
2026-08-27 02:20:01,210.59,212.64,213.60,209.47,67750853,-2.46,-1.00,32.25,腾讯财经
2026-08-27 02:30:00,210.79,212.64,213.60,209.47,69293273,-2.26,-1.00,32.28,腾讯财经
2026-08-27 02:40:03,210.75,212.64,213.60,209.47,71125270,-2.30,-1.00,32.27,腾讯财经
2026-08-27 02:50:03,211.16,212.64,213.60,209.47,73512885,-1.89,0,32.34,腾讯财经
2026-08-27 03:00:05,211.06,212.64,213.60,209.47,75809999,-1.99,0,32.32,腾讯财经
2026-08-27 03:10:03,211.06,212.64,213.60,209.47,78251158,-1.99,0,32.32,腾讯财经
2026-08-27 03:20:03,211.19,212.64,213.60,209.47,80662796,-1.86,0,32.34,腾讯财经
2026-08-27 03:30:04,210.89,212.64,213.60,209.47,83047101,-2.16,-1.00,32.30,腾讯财经
2026-08-27 03:40:04,210.06,212.64,213.60,209.47,86609447,-2.99,-1.00,32.17,腾讯财经
2026-08-27 03:50:04,209.90,212.64,213.60,209.47,92182942,-3.15,-1.00,32.14,腾讯财经
2026-08-27 04:00:05,209.85,212.64,213.60,209.23,102931779,-3.20,-1.00,32.14,腾讯财经
2026-08-27 04:10:00,209.66,212.64,213.60,209.23,127888594,-3.39,-1.00,32.11,腾讯财经
2026-08-27 04:20:03,209.66,212.64,213.60,209.23,128962784,-3.39,-1.00,32.11,腾讯财经
2026-08-27 04:30:00,209.66,212.64,213.60,209.23,137839987,-3.39,-1.00,32.11,腾讯财经
2026-08-27 04:40:00,209.66,212.64,213.60,209.23,141329046,-3.39,-1.00,32.11,腾讯财经
2026-08-27 04:50:00,209.66,212.64,213.60,209.23,143243045,-3.39,-1.00,32.11,腾讯财经
2026-08-27 05:00:04,209.66,212.64,213.60,209.23,145067964,-3.39,-1.00,32.11,腾讯财经
2026-08-27 05:10:05,209.66,212.64,213.60,209.23,154401210,-3.39,-1.00,32.11,腾讯财经
2026-08-27 05:20:05,209.66,212.64,213.60,209.23,161526331,-3.39,-1.00,32.11,腾讯财经
2026-08-27 05:30:00,209.66,212.64,213.60,209.23,165617507,-3.39,-1.00,32.11,腾讯财经
2026-08-27 05:40:01,209.66,212.64,213.60,209.23,168258366,-3.39,-1.00,32.11,腾讯财经
2026-08-27 05:50:02,209.66,212.64,213.60,209.23,170022780,-3.39,-1.00,32.11,腾讯财经
2026-08-27 06:00:00,209.66,212.64,213.60,209.23,173653388,-3.39,-1.00,32.11,腾讯财经
2026-08-27 06:10:02,209.66,212.64,213.60,209.23,174974099,-3.39,-1.00,32.11,腾讯财经
2026-08-27 06:20:00,209.66,212.64,213.60,209.23,175739090,-3.39,-1.00,32.11,腾讯财经
2026-08-27 06:30:00,209.66,212.64,213.60,209.23,176349539,-3.39,-1.00,32.11,腾讯财经
2026-08-27 06:40:01,209.66,212.64,213.60,209.23,176914191,-3.39,-1.00,32.11,腾讯财经
2026-08-27 06:50:01,209.66,212.64,213.60,209.23,177340851,-3.39,-1.00,32.11,腾讯财经
2026-08-27 07:00:04,209.66,212.64,213.60,209.23,177658972,-3.39,-1.00,32.11,腾讯财经
2026-08-27 07:10:01,209.66,212.64,213.60,209.23,178030190,-3.39,-1.00,32.11,腾讯财经
2026-08-27 07:20:01,209.66,212.64,213.60,209.23,178282592,-3.39,-1.00,32.11,腾讯财经
2026-08-27 07:30:01,209.66,212.64,213.60,209.23,178531651,-3.39,-1.00,32.11,腾讯财经
2026-08-27 07:40:00,209.66,212.64,213.60,209.23,178789178,-3.39,-1.00,32.11,腾讯财经
2026-08-27 07:50:00,209.66,212.64,213.60,209.23,179130599,-3.39,-1.00,32.11,腾讯财经
2026-08-27 08:00:00,209.66,212.64,213.60,209.23,179869383,-3.39,-1.00,32.11,腾讯财经
2026-08-27 08:10:01,209.66,212.64,213.60,209.23,179900003,-3.39,-1.00,32.11,腾讯财经
2026-08-27 08:20:04,209.66,212.64,213.60,209.23,179900003,-3.39,-1.00,32.11,腾讯财经
2026-08-27 08:30:01,209.66,212.64,213.60,209.23,179900003,-3.39,-1.00,32.11,腾讯财经
2026-08-27 08:40:05,209.66,212.64,213.60,209.23,179900003,-3.39,-1.00,32.11,腾讯财经
2026-08-27 08:50:04,209.66,212.64,213.60,209.23,179900003,-3.39,-1.00,32.11,腾讯财经
2026-08-27 09:00:04,209.66,212.64,213.60,209.23,179900003,-3.39,-1.00,32.11,腾讯财经
2026-08-27 09:10:04,209.66,212.64,213.60,209.23,179900003,-3.39,-1.00,32.11,腾讯财经
2026-08-27 09:20:05,209.66,212.64,213.60,209.23,179900003,-3.39,-1.00,32.11,腾讯财经
2026-08-27 09:30:04,209.66,212.64,213.60,209.23,179900003,-3.39,-1.00,32.11,腾讯财经
2026-08-27 09:40:05,209.66,212.64,213.60,209.23,179900003,-3.39,-1.00,32.11,腾讯财经
2026-08-27 09:50:00,209.66,212.64,213.60,209.23,179900003,-3.39,-1.00,32.11,腾讯财经
2026-08-27 10:00:04,209.66,212.64,213.60,209.23,179900003,-3.39,-1.00,32.11,腾讯财经
2026-08-27 10:10:01,209.66,212.64,213.60,209.23,179900003,-3.39,-1.00,32.11,腾讯财经
2026-08-27 10:20:00,209.66,212.64,213.60,209.23,179900003,-3.39,-1.00,32.11,腾讯财经
2026-08-27 10:30:01,209.66,212.64,213.60,209.23,179900003,-3.39,-1.00,32.11,腾讯财经
2026-08-27 10:40:04,209.66,212.64,213.60,209.23,179900003,-3.39,-1.00,32.11,腾讯财经
2026-08-27 10:50:01,209.66,212.64,213.60,209.23,179900003,-3.39,-1.00,32.11,腾讯财经
2026-08-27 11:00:00,209.66,212.64,213.60,209.23,179900003,-3.39,-1.00,32.11,腾讯财经
2026-08-27 11:10:04,209.66,212.64,213.60,209.23,179900003,-3.39,-1.00,32.11,腾讯财经
2026-08-27 11:20:00,209.66,212.64,213.60,209.23,179900003,-3.39,-1.00,32.11,腾讯财经
2026-08-27 11:30:05,209.66,212.64,213.60,209.23,179900003,-3.39,-1.00,32.11,腾讯财经
2026-08-27 11:40:00,209.66,212.64,213.60,209.23,179900003,-3.39,-1.00,32.11,腾讯财经
2026-08-27 11:50:00,209.66,212.64,213.60,209.23,179900003,-3.39,-1.00,32.11,腾讯财经
2026-08-27 12:00:01,209.66,212.64,213.60,209.23,179900003,-3.39,-1.00,32.11,腾讯财经
2026-08-27 12:10:04,209.66,212.64,213.60,209.23,179900003,-3.39,-1.00,32.11,腾讯财经
2026-08-27 12:20:01,209.66,212.64,213.60,209.23,179900003,-3.39,-1.00,32.11,腾讯财经
2026-08-27 12:30:04,209.66,212.64,213.60,209.23,179900003,-3.39,-1.00,32.11,腾讯财经
2026-08-27 12:40:01,209.66,212.64,213.60,209.23,179900003,-3.39,-1.00,32.11,腾讯财经
2026-08-27 12:50:00,209.66,212.64,213.60,209.23,179900003,-3.39,-1.00,32.11,腾讯财经
2026-08-27 13:00:00,209.66,212.64,213.60,209.23,179900003,-3.39,-1.00,32.11,腾讯财经
2026-08-27 13:10:01,209.66,212.64,213.60,209.23,179900003,-3.39,-1.00,32.11,腾讯财经
2026-08-27 13:20:00,209.66,212.64,213.60,209.23,179900003,-3.39,-1.00,32.11,腾讯财经
2026-08-27 13:30:02,209.66,212.64,213.60,209.23,179900003,-3.39,-1.00,32.11,腾讯财经
2026-08-27 13:40:04,209.66,212.64,213.60,209.23,179900003,-3.39,-1.00,32.11,腾讯财经
2026-08-27 13:50:04,209.66,212.64,213.60,209.23,179900003,-3.39,-1.00,32.11,腾讯财经
2026-08-27 14:00:05,209.66,212.64,213.60,209.23,179900003,-3.39,-1.00,32.11,腾讯财经
2026-08-27 14:10:00,209.66,212.64,213.60,209.23,179900003,-3.39,-1.00,32.11,腾讯财经
2026-08-27 14:20:02,209.66,212.64,213.60,209.23,179900003,-3.39,-1.00,32.11,腾讯财经
2026-08-27 14:30:00,209.66,212.64,213.60,209.23,179900003,-3.39,-1.00,32.11,腾讯财经
2026-08-27 14:40:04,209.66,212.64,213.60,209.23,179900003,-3.39,-1.00,32.11,腾讯财经
2026-08-27 14:50:04,209.66,212.64,213.60,209.23,179900003,-3.39,-1.00,32.11,腾讯财经
2026-08-27 15:00:00,209.66,212.64,213.60,209.23,179900003,-3.39,-1.00,32.11,腾讯财经
2026-08-27 15:10:04,209.66,212.64,213.60,209.23,179900003,-3.39,-1.00,32.11,腾讯财经
2026-08-27 15:20:01,209.66,212.64,213.60,209.23,179900003,-3.39,-1.00,32.11,腾讯财经
2026-08-27 15:30:05,209.66,212.64,213.60,209.23,179900003,-3.39,-1.00,32.11,腾讯财经
2026-08-27 15:40:01,209.66,212.64,213.60,209.23,179900003,-3.39,-1.00,32.11,腾讯财经
2026-08-27 15:50:00,209.66,212.64,213.60,209.23,179900003,-3.39,-1.00,32.11,腾讯财经
2026-08-27 16:00:00,209.66,212.64,213.60,209.23,179900003,-3.39,-1.00,32.11,腾讯财经
2026-08-27 16:10:00,209.66,212.64,213.60,209.23,179900003,-3.39,-1.00,32.11,腾讯财经
2026-08-27 16:20:00,209.66,212.64,213.60,209.23,179900003,-3.39,-1.00,32.11,腾讯财经
2026-08-27 16:30:01,209.66,212.64,213.60,209.23,179900003,-3.39,-1.00,32.11,腾讯财经
2026-08-27 16:40:04,209.66,212.64,213.60,209.23,179900003,-3.39,-1.00,32.11,腾讯财经
2026-08-27 16:50:04,209.66,212.64,213.60,209.23,179900003,-3.39,-1.00,32.11,腾讯财经
2026-08-27 17:00:00,209.66,212.64,213.60,209.23,179900003,-3.39,-1.00,32.11,腾讯财经
2026-08-27 17:10:03,209.66,212.64,213.60,209.23,179900003,-3.39,-1.00,32.11,腾讯财经
2026-08-27 17:20:00,209.66,212.64,213.60,209.23,179900003,-3.39,-1.00,32.11,腾讯财经
2026-08-27 17:30:00,209.66,212.64,213.60,209.23,179900003,-3.39,-1.00,32.11,腾讯财经
2026-08-27 17:40:04,209.66,212.64,213.60,209.23,179900003,-3.39,-1.00,32.11,腾讯财经
2026-08-27 17:50:01,209.66,212.64,213.60,209.23,179900003,-3.39,-1.00,32.11,腾讯财经
2026-08-27 18:00:00,209.66,212.64,213.60,209.23,179900003,-3.39,-1.00,32.11,腾讯财经
2026-08-27 18:10:04,209.66,212.64,213.60,209.23,179900003,-3.39,-1.00,32.11,腾讯财经
2026-08-27 18:20:05,209.66,212.64,213.60,209.23,179900003,-3.39,-1.00,32.11,腾讯财经
2026-08-27 18:30:00,209.66,212.64,213.60,209.23,179900003,-3.39,-1.00,32.11,腾讯财经
2026-08-27 18:40:00,209.66,212.64,213.60,209.23,179900003,-3.39,-1.00,32.11,腾讯财经
2026-08-27 18:50:00,209.66,212.64,213.60,209.23,179900003,-3.39,-1.00,32.11,腾讯财经
2026-08-27 19:00:01,209.66,212.64,213.60,209.23,179900003,-3.39,-1.00,32.11,腾讯财经
2026-08-27 19:10:03,209.66,212.64,213.60,209.23,179900003,-3.39,-1.00,32.11,腾讯财经
2026-08-27 19:20:00,209.66,212.64,213.60,209.23,179900003,-3.39,-1.00,32.11,腾讯财经
2026-08-27 19:30:01,209.66,212.64,213.60,209.23,179900003,-3.39,-1.00,32.11,腾讯财经
2026-08-27 19:40:01,209.66,212.64,213.60,209.23,179900003,-3.39,-1.00,32.11,腾讯财经
2026-08-27 19:50:02,209.66,212.64,213.60,209.23,179900003,-3.39,-1.00,32.11,腾讯财经
2026-08-27 20:00:03,209.66,212.64,213.60,209.23,179900003,-3.39,-1.00,32.11,腾讯财经
2026-08-27 20:10:01,209.66,212.64,213.60,209.23,179900003,-3.39,-1.00,32.11,腾讯财经
2026-08-27 20:20:01,209.66,212.64,213.60,209.23,179900003,-3.39,-1.00,32.11,腾讯财经
2026-08-27 20:30:00,209.66,212.64,213.60,209.23,179900003,-3.39,-1.00,32.11,腾讯财经
2026-08-27 20:40:01,209.66,212.64,213.60,209.23,179900003,-3.39,-1.00,32.11,腾讯财经
2026-08-27 20:50:00,209.66,212.64,213.60,209.23,179900003,-3.39,-1.00,32.11,腾讯财经
2026-08-27 21:00:01,209.66,212.64,213.60,209.23,179900003,-3.39,-1.00,32.11,腾讯财经
2026-08-27 21:10:04,209.66,212.64,213.60,209.23,179900003,-3.39,-1.00,32.11,腾讯财经
2026-08-27 21:20:04,209.66,212.64,213.60,209.23,179900003,-3.39,-1.00,32.11,腾讯财经
2026-08-27 21:30:03,222.44,222.59,222.59,222.44,18758892,12.78,6.00,28.12,腾讯财经
2026-08-27 21:40:01,222.80,222.59,225.50,220.90,48210552,13.14,6.00,28.17,腾讯财经
2026-08-27 21:50:00,222.58,222.86,225.83,220.90,66219661,12.92,6.00,28.14,腾讯财经
2026-08-27 22:00:00,223.90,222.86,225.83,220.90,77731696,14.24,6.00,28.31,腾讯财经
2026-08-27 22:10:00,224.70,222.86,225.83,220.90,89478977,15.04,7.00,28.41,腾讯财经
2026-08-27 22:20:04,225.57,222.86,226.15,220.90,98466799,15.91,7.00,28.52,腾讯财经
2026-08-27 22:30:05,225.75,222.86,226.40,220.90,107495414,16.09,7.00,28.54,腾讯财经
2026-08-27 22:40:00,223.54,222.86,226.40,220.90,114023560,13.88,6.00,28.26,腾讯财经
2026-08-27 22:50:05,225.13,222.86,226.40,220.90,118790437,15.47,7.00,28.46,腾讯财经
2026-08-27 23:00:01,226.75,222.86,226.92,220.90,125670782,17.09,8.00,28.67,腾讯财经
2026-08-27 23:10:00,225.23,222.86,227.31,220.90,134094689,15.57,7.00,28.47,腾讯财经
2026-08-27 23:20:01,225.59,222.86,227.31,220.90,138214711,15.93,7.00,28.52,腾讯财经
2026-08-27 23:30:00,225.39,222.86,227.31,220.90,141168256,15.73,7.00,28.49,腾讯财经
2026-08-27 23:40:01,225.56,222.86,227.31,220.90,144462938,15.90,7.00,28.52,腾讯财经
2026-08-27 23:50:00,224.94,222.86,227.31,220.90,147137518,15.28,7.00,28.44,腾讯财经
2026-08-28 00:00:01,226.28,222.86,227.31,220.90,151745618,16.62,7.00,28.61,腾讯财经
2026-08-28 00:10:00,227.27,222.86,227.31,220.90,156313557,17.61,8.00,28.73,腾讯财经
2026-08-28 00:20:00,227.67,222.86,227.77,220.90,161044567,18.01,8.00,28.78,腾讯财经
2026-08-28 00:30:00,228.42,222.86,228.64,220.90,167787172,18.76,8.00,28.88,腾讯财经
2026-08-28 00:40:04,229.67,222.86,229.77,220.90,174943019,20.01,9.00,29.04,腾讯财经
2026-08-28 00:50:02,229.02,222.86,229.85,220.90,180188780,19.36,9.00,28.95,腾讯财经
2026-08-28 01:00:00,229.55,222.86,229.85,220.90,183899784,19.89,9.00,29.02,腾讯财经
2026-08-28 01:10:01,229.83,222.86,229.91,220.90,187780366,20.17,9.00,29.06,腾讯财经
2026-08-28 01:20:01,229.84,222.86,229.99,220.90,191665954,20.18,9.00,29.06,腾讯财经
2026-08-28 01:30:02,229.24,222.86,230.47,220.90,200341655,19.58,9.00,28.98,腾讯财经
2026-08-28 01:40:02,229.27,222.86,230.47,220.90,203812056,19.61,9.00,28.98,腾讯财经
2026-08-28 01:50:00,228.63,222.86,230.47,220.90,206566762,18.97,9.00,28.90,腾讯财经
2026-08-28 02:00:02,228.34,222.86,230.47,220.90,209660098,18.68,8.00,28.87,腾讯财经
2026-08-28 02:10:00,227.75,222.86,230.47,220.90,213174316,18.09,8.00,28.79,腾讯财经
2026-08-28 02:20:01,227.62,222.86,230.47,220.90,216222540,17.96,8.00,28.78,腾讯财经
2026-08-28 02:30:00,226.23,222.86,230.47,220.90,221085268,16.57,7.00,28.60,腾讯财经
2026-08-28 02:40:04,226.73,222.86,230.47,220.90,225909310,17.07,8.00,28.66,腾讯财经
2026-08-28 02:50:02,225.88,222.86,230.47,220.90,229222911,16.22,7.00,28.56,腾讯财经
2026-08-28 03:00:00,225.98,222.86,230.47,220.90,232528584,16.32,7.00,28.57,腾讯财经
2026-08-28 03:10:04,226.46,222.86,230.47,220.90,236532696,16.80,8.00,28.63,腾讯财经
2026-08-28 03:20:00,226.65,222.86,230.47,220.90,239977886,16.99,8.00,28.65,腾讯财经
2026-08-28 03:30:00,227.27,222.86,230.47,220.90,244236499,17.61,8.00,28.73,腾讯财经
2026-08-28 03:40:02,228.57,222.86,230.47,220.90,249366649,18.91,9.00,28.90,腾讯财经
2026-08-28 03:50:03,228.30,222.86,230.47,220.90,253599303,18.64,8.00,28.86,腾讯财经
2026-08-28 04:00:01,228.05,222.86,230.47,220.90,262373770,18.39,8.00,28.83,腾讯财经
2026-08-28 04:10:00,227.98,222.86,230.47,220.90,293173027,18.32,8.00,28.82,腾讯财经
2026-08-28 04:20:01,227.98,222.86,230.47,220.90,293743193,18.32,8.00,28.82,腾讯财经
2026-08-28 04:30:04,227.98,222.86,230.47,220.90,294643833,18.32,8.00,28.82,腾讯财经
2026-08-28 04:40:00,227.98,222.86,230.47,220.90,294760017,18.32,8.00,28.82,腾讯财经
2026-08-28 04:50:00,227.98,222.86,230.47,220.90,297089519,18.32,8.00,28.82,腾讯财经
2026-08-28 05:00:02,227.98,222.86,230.47,220.90,297195185,18.32,8.00,28.82,腾讯财经
2026-08-28 05:10:02,227.98,222.86,230.47,220.90,297267700,18.32,8.00,28.82,腾讯财经
2026-08-28 05:20:01,227.98,222.86,230.47,220.90,297366647,18.32,8.00,28.82,腾讯财经
2026-08-28 05:30:01,227.98,222.86,230.47,220.90,297767043,18.32,8.00,28.82,腾讯财经
2026-08-28 05:40:00,227.98,222.86,230.47,220.90,297807638,18.32,8.00,28.82,腾讯财经
2026-08-28 05:50:01,227.98,222.86,230.47,220.90,297943071,18.32,8.00,28.82,腾讯财经
2026-08-28 06:00:00,227.98,222.86,230.47,220.90,298113391,18.32,8.00,28.82,腾讯财经
2026-08-28 06:10:01,227.98,222.86,230.47,220.90,298205764,18.32,8.00,28.82,腾讯财经
2026-08-28 06:20:01,227.98,222.86,230.47,220.90,298286870,18.32,8.00,28.82,腾讯财经
2026-08-28 06:30:01,227.98,222.86,230.47,220.90,298378970,18.32,8.00,28.82,腾讯财经
2026-08-28 06:40:03,227.98,222.86,230.47,220.90,298444284,18.32,8.00,28.82,腾讯财经
2026-08-28 06:50:02,227.98,222.86,230.47,220.90,298490711,18.32,8.00,28.82,腾讯财经
2026-08-28 07:00:04,227.98,222.86,230.47,220.90,298564213,18.32,8.00,28.82,腾讯财经
2026-08-28 07:10:01,227.98,222.86,230.47,220.90,298610234,18.32,8.00,28.82,腾讯财经
2026-08-28 07:20:03,227.98,222.86,230.47,220.90,298658355,18.32,8.00,28.82,腾讯财经
2026-08-28 07:30:05,227.98,222.86,230.47,220.90,298700097,18.32,8.00,28.82,腾讯财经
2026-08-28 07:40:01,227.98,222.86,230.47,220.90,298760352,18.32,8.00,28.82,腾讯财经
2026-08-28 07:50:05,227.98,222.86,230.47,220.90,298841716,18.32,8.00,28.82,腾讯财经
2026-08-28 08:00:04,227.98,222.86,230.47,220.90,298909822,18.32,8.00,28.82,腾讯财经
2026-08-28 08:10:00,227.98,222.86,230.47,220.90,298909822,18.32,8.00,28.82,腾讯财经
2026-08-28 08:20:00,227.98,222.86,230.47,220.90,298909822,18.32,8.00,28.82,腾讯财经
2026-08-28 08:30:00,227.98,222.86,230.47,220.90,298909822,18.32,8.00,28.82,腾讯财经
2026-08-28 08:40:01,227.98,222.86,230.47,220.90,298909822,18.32,8.00,28.82,腾讯财经
2026-08-28 08:50:00,227.98,222.86,230.47,220.90,298909822,18.32,8.00,28.82,腾讯财经
2026-08-28 09:00:02,227.98,222.86,230.47,220.90,298909822,18.32,8.00,28.82,腾讯财经
2026-08-28 09:10:02,227.98,222.86,230.47,220.90,298909822,18.32,8.00,28.82,腾讯财经
2026-08-28 09:20:03,227.98,222.86,230.47,220.90,298909822,18.32,8.00,28.82,腾讯财经
2026-08-28 09:30:00,227.98,222.86,230.47,220.90,298909822,18.32,8.00,28.82,腾讯财经
2026-08-28 09:40:05,227.98,222.86,230.47,220.90,298909822,18.32,8.00,28.82,腾讯财经
2026-08-28 09:50:00,227.98,222.86,230.47,220.90,298909822,18.32,8.00,28.82,腾讯财经
2026-08-28 10:00:01,227.98,222.86,230.47,220.90,298909822,18.32,8.00,28.82,腾讯财经
2026-08-28 10:10:03,227.98,222.86,230.47,220.90,298909822,18.32,8.00,28.82,腾讯财经
2026-08-28 10:20:01,227.98,222.86,230.47,220.90,298909822,18.32,8.00,28.82,腾讯财经
2026-08-28 10:30:01,227.98,222.86,230.47,220.90,298909822,18.32,8.00,28.82,腾讯财经
2026-08-28 10:40:01,227.98,222.86,230.47,220.90,298909822,18.32,8.00,28.82,腾讯财经
2026-08-28 10:50:03,227.98,222.86,230.47,220.90,298909822,18.32,8.00,28.82,腾讯财经
2026-08-28 11:00:00,227.98,222.86,230.47,220.90,298909822,18.32,8.00,28.82,腾讯财经
2026-08-28 11:10:00,227.98,222.86,230.47,220.90,298909822,18.32,8.00,28.82,腾讯财经
2026-08-28 11:20:02,227.98,222.86,230.47,220.90,298909822,18.32,8.00,28.82,腾讯财经
2026-08-28 11:30:01,227.98,222.86,230.47,220.90,298909822,18.32,8.00,28.82,腾讯财经
2026-08-28 11:40:00,227.98,222.86,230.47,220.90,298909822,18.32,8.00,28.82,腾讯财经
2026-08-28 11:50:03,227.98,222.86,230.47,220.90,298909822,18.32,8.00,28.82,腾讯财经
2026-08-28 12:00:00,227.98,222.86,230.47,220.90,298909822,18.32,8.00,28.82,腾讯财经
2026-08-28 12:10:03,227.98,222.86,230.47,220.90,298909822,18.32,8.00,28.82,腾讯财经
2026-08-28 12:20:00,227.98,222.86,230.47,220.90,298909822,18.32,8.00,28.82,腾讯财经
2026-08-28 12:30:04,227.98,222.86,230.47,220.90,298909822,18.32,8.00,28.82,腾讯财经
2026-08-28 12:40:00,227.98,222.86,230.47,220.90,298909822,18.32,8.00,28.82,腾讯财经
2026-08-28 12:50:00,227.98,222.86,230.47,220.90,298909822,18.32,8.00,28.82,腾讯财经
2026-08-28 13:00:05,227.98,222.86,230.47,220.90,298909822,18.32,8.00,28.82,腾讯财经
2026-08-28 13:10:00,227.98,222.86,230.47,220.90,298909822,18.32,8.00,28.82,腾讯财经
2026-08-28 13:20:00,227.98,222.86,230.47,220.90,298909822,18.32,8.00,28.82,腾讯财经
2026-08-28 13:30:01,227.98,222.86,230.47,220.90,298909822,18.32,8.00,28.82,腾讯财经
2026-08-28 13:40:02,227.98,222.86,230.47,220.90,298909822,18.32,8.00,28.82,腾讯财经
2026-08-28 13:50:04,227.98,222.86,230.47,220.90,298909822,18.32,8.00,28.82,腾讯财经
2026-08-28 14:00:02,227.98,222.86,230.47,220.90,298909822,18.32,8.00,28.82,腾讯财经
2026-08-28 14:10:00,227.98,222.86,230.47,220.90,298909822,18.32,8.00,28.82,腾讯财经
2026-08-28 14:20:00,227.98,222.86,230.47,220.90,298909822,18.32,8.00,28.82,腾讯财经
2026-08-28 14:30:00,227.98,222.86,230.47,220.90,298909822,18.32,8.00,28.82,腾讯财经
2026-08-28 14:40:00,227.98,222.86,230.47,220.90,298909822,18.32,8.00,28.82,腾讯财经
2026-08-28 14:50:02,227.98,222.86,230.47,220.90,298909822,18.32,8.00,28.82,腾讯财经
2026-08-28 15:00:00,227.98,222.86,230.47,220.90,298909822,18.32,8.00,28.82,腾讯财经
2026-08-28 15:10:00,227.98,222.86,230.47,220.90,298909822,18.32,8.00,28.82,腾讯财经
2026-08-28 15:20:04,227.98,222.86,230.47,220.90,298909822,18.32,8.00,28.82,腾讯财经
2026-08-28 15:30:03,227.98,222.86,230.47,220.90,298909822,18.32,8.00,28.82,腾讯财经
2026-08-28 15:40:02,227.98,222.86,230.47,220.90,298909822,18.32,8.00,28.82,腾讯财经
2026-08-28 15:50:00,227.98,222.86,230.47,220.90,298909822,18.32,8.00,28.82,腾讯财经
2026-08-28 16:00:02,227.98,222.86,230.47,220.90,298909822,18.32,8.00,28.82,腾讯财经
2026-08-28 16:10:01,227.98,222.86,230.47,220.90,298909822,18.32,8.00,28.82,腾讯财经
2026-08-28 16:20:00,227.98,222.86,230.47,220.90,298909822,18.32,8.00,28.82,腾讯财经
2026-08-28 16:30:03,227.98,222.86,230.47,220.90,298909822,18.32,8.00,28.82,腾讯财经
2026-08-28 16:40:00,227.98,222.86,230.47,220.90,298909822,18.32,8.00,28.82,腾讯财经
2026-08-28 16:50:02,227.98,222.86,230.47,220.90,298909822,18.32,8.00,28.82,腾讯财经
2026-08-28 17:00:04,227.98,222.86,230.47,220.90,298909822,18.32,8.00,28.82,腾讯财经
2026-08-28 17:10:04,227.98,222.86,230.47,220.90,298909822,18.32,8.00,28.82,腾讯财经
2026-08-28 17:20:01,227.98,222.86,230.47,220.90,298909822,18.32,8.00,28.82,腾讯财经
2026-08-28 17:30:00,227.98,222.86,230.47,220.90,298909822,18.32,8.00,28.82,腾讯财经
2026-08-28 17:40:00,227.98,222.86,230.47,220.90,298909822,18.32,8.00,28.82,腾讯财经
2026-08-28 17:50:02,227.98,222.86,230.47,220.90,298909822,18.32,8.00,28.82,腾讯财经
2026-08-28 18:00:01,227.98,222.86,230.47,220.90,298909822,18.32,8.00,28.82,腾讯财经
2026-08-28 18:10:02,227.98,222.86,230.47,220.90,298909822,18.32,8.00,28.82,腾讯财经
2026-08-28 18:20:02,227.98,222.86,230.47,220.90,298909822,18.32,8.00,28.82,腾讯财经
2026-08-28 18:30:02,227.98,222.86,230.47,220.90,298909822,18.32,8.00,28.82,腾讯财经
2026-08-28 18:40:01,227.98,222.86,230.47,220.90,298909822,18.32,8.00,28.82,腾讯财经
2026-08-28 18:50:00,227.98,222.86,230.47,220.90,298909822,18.32,8.00,28.82,腾讯财经
2026-08-28 19:00:02,227.98,222.86,230.47,220.90,298909822,18.32,8.00,28.82,腾讯财经
2026-08-28 19:10:03,227.98,222.86,230.47,220.90,298909822,18.32,8.00,28.82,腾讯财经
2026-08-28 19:20:00,227.98,222.86,230.47,220.90,298909822,18.32,8.00,28.82,腾讯财经
2026-08-28 19:30:02,227.98,222.86,230.47,220.90,298909822,18.32,8.00,28.82,腾讯财经
2026-08-28 19:40:03,227.98,222.86,230.47,220.90,298909822,18.32,8.00,28.82,腾讯财经
2026-08-28 19:50:02,227.98,222.86,230.47,220.90,298909822,18.32,8.00,28.82,腾讯财经
2026-08-28 20:00:01,227.98,222.86,230.47,220.90,298909822,18.32,8.00,28.82,腾讯财经
2026-08-28 20:10:00,227.98,222.86,230.47,220.90,298909822,18.32,8.00,28.82,腾讯财经
2026-08-28 20:20:02,227.98,222.86,230.47,220.90,298909822,18.32,8.00,28.82,腾讯财经
2026-08-28 20:30:03,227.98,222.86,230.47,220.90,298909822,18.32,8.00,28.82,腾讯财经
2026-08-28 20:40:02,227.98,222.86,230.47,220.90,298909822,18.32,8.00,28.82,腾讯财经
2026-08-28 20:50:00,227.98,222.86,230.47,220.90,298909822,18.32,8.00,28.82,腾讯财经
2026-08-28 21:00:00,227.98,222.86,230.47,220.90,298909822,18.32,8.00,28.82,腾讯财经
2026-08-28 21:10:03,227.98,222.86,230.47,220.90,298909822,18.32,8.00,28.82,腾讯财经
2026-08-28 21:20:00,227.98,222.86,230.47,220.90,298909822,18.32,8.00,28.82,腾讯财经
2026-08-28 21:30:00,227.98,0.00,0.00,0.00,5573552,0,0,28.82,腾讯财经
2026-08-28 21:40:04,227.56,227.33,227.94,226.05,15884740,-.42,0,28.77,腾讯财经
2026-08-28 21:50:02,226.09,227.36,229.26,226.05,22883073,-1.89,0,28.58,腾讯财经
2026-08-28 22:00:00,225.39,227.36,229.26,224.66,29615494,-2.59,-1.00,28.49,腾讯财经
2026-08-28 22:10:03,224.33,227.36,229.26,224.25,34583298,-3.65,-1.00,28.36,腾讯财经
2026-08-28 22:20:00,224.27,227.36,229.26,223.25,40273495,-3.71,-1.00,28.35,腾讯财经
2026-08-28 22:30:00,225.11,227.36,229.26,223.25,45710404,-2.87,-1.00,28.46,腾讯财经
2026-08-28 22:40:00,225.16,227.36,229.26,223.25,49406679,-2.82,-1.00,28.47,腾讯财经
2026-08-28 22:50:00,225.88,227.36,229.26,223.25,53107680,-2.10,0,28.56,腾讯财经
2026-08-28 23:00:02,226.73,227.36,229.26,223.25,56526090,-1.25,0,28.66,腾讯财经
2026-08-28 23:10:01,224.96,227.36,229.26,223.25,59728170,-3.02,-1.00,28.44,腾讯财经
2026-08-28 23:20:02,223.77,227.36,229.26,223.25,63898404,-4.21,-1.00,28.29,腾讯财经
2026-08-28 23:30:03,224.00,227.36,229.26,223.25,67991813,-3.98,-1.00,28.32,腾讯财经
2026-08-28 23:40:04,223.59,227.36,229.26,223.25,70623320,-4.39,-1.00,28.27,腾讯财经
2026-08-28 23:50:00,222.58,227.36,229.26,222.34,75019340,-5.40,-2.00,28.14,腾讯财经
2026-08-29 00:00:02,221.29,227.36,229.26,221.04,80767759,-6.69,-2.00,27.98,腾讯财经
2026-08-29 00:10:03,221.13,227.36,229.26,220.37,86153867,-6.85,-3.00,27.96,腾讯财经
2026-08-29 00:20:03,220.25,227.36,229.26,219.96,90798209,-7.73,-3.00,27.84,腾讯财经
2026-08-29 00:30:00,220.19,227.36,229.26,219.94,93853989,-7.79,-3.00,27.84,腾讯财经
2026-08-29 00:40:01,220.27,227.36,229.26,219.94,96862163,-7.71,-3.00,27.85,腾讯财经
2026-08-29 00:50:03,220.75,227.36,229.26,219.77,100961969,-7.23,-3.00,27.91,腾讯财经
2026-08-29 01:00:04,219.79,227.36,229.26,219.76,103786583,-8.19,-3.00,27.79,腾讯财经
2026-08-29 01:10:05,218.09,227.36,229.26,218.09,109378119,-9.89,-4.00,27.57,腾讯财经
2026-08-29 01:20:02,219.05,227.36,229.26,217.89,113546531,-8.93,-3.00,27.69,腾讯财经
2026-08-29 01:30:00,218.73,227.36,229.26,217.89,116227819,-9.25,-4.00,27.65,腾讯财经
2026-08-29 01:40:03,219.10,227.36,229.26,217.89,118842525,-8.88,-3.00,27.70,腾讯财经
2026-08-29 01:50:00,219.61,227.36,229.26,217.89,121450748,-8.37,-3.00,27.76,腾讯财经
2026-08-29 02:00:00,219.33,227.36,229.26,217.89,123653195,-8.65,-3.00,27.73,腾讯财经
2026-08-29 02:10:03,218.61,227.36,229.26,217.89,126147045,-9.37,-4.00,27.64,腾讯财经
2026-08-29 02:20:00,218.51,227.36,229.26,217.89,127914288,-9.47,-4.00,27.62,腾讯财经
2026-08-29 02:30:02,218.31,227.36,229.26,217.89,130021694,-9.67,-4.00,27.60,腾讯财经
2026-08-29 02:40:04,218.20,227.36,229.26,217.89,132224382,-9.78,-4.00,27.59,腾讯财经
2026-08-29 02:50:04,217.83,227.36,229.26,217.70,135174183,-10.15,-4.00,27.54,腾讯财经
2026-08-29 03:00:04,217.36,227.36,229.26,216.81,140543130,-10.62,-4.00,27.48,腾讯财经
2026-08-29 03:10:02,217.46,227.36,229.26,216.81,143886447,-10.52,-4.00,27.49,腾讯财经
2026-08-29 03:20:03,217.52,227.36,229.26,216.81,146855532,-10.46,-4.00,27.50,腾讯财经
2026-08-29 03:30:00,217.32,227.36,229.26,216.81,149599510,-10.66,-4.00,27.47,腾讯财经
2026-08-29 03:40:03,217.32,227.36,229.26,216.81,152644971,-10.66,-4.00,27.47,腾讯财经
2026-08-29 03:50:01,217.34,227.36,229.26,216.81,156673182,-10.64,-4.00,27.48,腾讯财经
2026-08-29 04:00:02,217.57,227.36,229.26,216.81,167410896,-10.41,-4.00,27.51,腾讯财经
2026-08-29 04:10:03,217.55,227.36,229.26,216.81,193084782,-10.43,-4.00,27.50,腾讯财经
2026-08-29 04:20:00,217.55,227.36,229.26,216.81,193285459,-10.43,-4.00,27.50,腾讯财经
2026-08-29 04:30:04,217.55,227.36,229.26,216.81,193513080,-10.43,-4.00,27.50,腾讯财经
2026-08-29 04:40:02,217.55,227.36,229.26,216.81,193672974,-10.43,-4.00,27.50,腾讯财经
2026-08-29 04:50:02,217.55,227.36,229.26,216.81,193771337,-10.43,-4.00,27.50,腾讯财经
2026-08-29 05:00:04,217.55,227.36,229.26,216.81,194036188,-10.43,-4.00,27.50,腾讯财经
2026-08-29 05:10:00,217.55,227.36,229.26,216.81,194089319,-10.43,-4.00,27.50,腾讯财经
2026-08-29 05:20:00,217.55,227.36,229.26,216.81,194147777,-10.43,-4.00,27.50,腾讯财经
2026-08-29 05:30:00,217.55,227.36,229.26,216.81,194217366,-10.43,-4.00,27.50,腾讯财经
2026-08-29 05:40:01,217.55,227.36,229.26,216.81,194261744,-10.43,-4.00,27.50,腾讯财经
2026-08-29 05:50:03,217.55,227.36,229.26,216.81,194306699,-10.43,-4.00,27.50,腾讯财经
2026-08-29 06:00:02,217.55,227.36,229.26,216.81,194534735,-10.43,-4.00,27.50,腾讯财经
2026-08-29 06:10:00,217.55,227.36,229.26,216.81,194576581,-10.43,-4.00,27.50,腾讯财经
2026-08-29 06:20:04,217.55,227.36,229.26,216.81,194602875,-10.43,-4.00,27.50,腾讯财经
2026-08-29 06:30:05,217.55,227.36,229.26,216.81,194665883,-10.43,-4.00,27.50,腾讯财经
2026-08-29 06:40:00,217.55,227.36,229.26,216.81,194683875,-10.43,-4.00,27.50,腾讯财经
2026-08-29 06:50:04,217.55,227.36,229.26,216.81,194755162,-10.43,-4.00,27.50,腾讯财经
2026-08-29 07:00:00,217.55,227.36,229.26,216.81,194792346,-10.43,-4.00,27.50,腾讯财经
2026-08-29 07:10:02,217.55,227.36,229.26,216.81,194822980,-10.43,-4.00,27.50,腾讯财经
2026-08-29 07:20:00,217.55,227.36,229.26,216.81,194862657,-10.43,-4.00,27.50,腾讯财经
2026-08-29 07:30:00,217.55,227.36,229.26,216.81,194910246,-10.43,-4.00,27.50,腾讯财经
2026-08-29 07:40:04,217.55,227.36,229.26,216.81,194951300,-10.43,-4.00,27.50,腾讯财经
2026-08-29 07:50:04,217.55,227.36,229.26,216.81,195019080,-10.43,-4.00,27.50,腾讯财经
2026-08-29 08:00:00,217.55,227.36,229.26,216.81,195107946,-10.43,-4.00,27.50,腾讯财经
2026-08-29 08:10:01,217.55,227.36,229.26,216.81,195116417,-10.43,-4.00,27.50,腾讯财经
2026-08-29 08:20:02,217.55,227.36,229.26,216.81,195116417,-10.43,-4.00,27.50,腾讯财经
2026-08-29 08:30:00,217.55,227.36,229.26,216.81,195116417,-10.43,-4.00,27.50,腾讯财经
2026-08-29 08:40:03,217.55,227.36,229.26,216.81,195116417,-10.43,-4.00,27.50,腾讯财经
2026-08-29 08:50:00,217.55,227.36,229.26,216.81,195116417,-10.43,-4.00,27.50,腾讯财经
2026-08-29 09:00:00,217.55,227.36,229.26,216.81,195116417,-10.43,-4.00,27.50,腾讯财经
2026-08-29 09:10:00,217.55,227.36,229.26,216.81,195116417,-10.43,-4.00,27.50,腾讯财经
2026-08-29 09:20:00,217.55,227.36,229.26,216.81,195116417,-10.43,-4.00,27.50,腾讯财经
2026-08-29 09:30:05,217.55,227.36,229.26,216.81,195116417,-10.43,-4.00,27.50,腾讯财经
2026-08-29 09:40:00,217.55,227.36,229.26,216.81,195116417,-10.43,-4.00,27.50,腾讯财经
2026-08-29 09:50:00,217.55,227.36,229.26,216.81,195116417,-10.43,-4.00,27.50,腾讯财经
2026-08-29 10:00:04,217.55,227.36,229.26,216.81,195116417,-10.43,-4.00,27.50,腾讯财经
2026-08-29 10:10:00,217.55,227.36,229.26,216.81,195116417,-10.43,-4.00,27.50,腾讯财经
2026-08-29 10:20:01,217.55,227.36,229.26,216.81,195116417,-10.43,-4.00,27.50,腾讯财经
2026-08-29 10:30:03,217.55,227.36,229.26,216.81,195116417,-10.43,-4.00,27.50,腾讯财经
2026-08-29 10:40:02,217.55,227.36,229.26,216.81,195116417,-10.43,-4.00,27.50,腾讯财经
2026-08-29 10:50:01,217.55,227.36,229.26,216.81,195116417,-10.43,-4.00,27.50,腾讯财经
2026-08-29 11:00:00,217.55,227.36,229.26,216.81,195116417,-10.43,-4.00,27.50,腾讯财经
2026-08-29 11:10:02,217.55,227.36,229.26,216.81,195116417,-10.43,-4.00,27.50,腾讯财经
2026-08-29 11:20:04,217.55,227.36,229.26,216.81,195116417,-10.43,-4.00,27.50,腾讯财经
2026-08-29 11:30:01,217.55,227.36,229.26,216.81,195116417,-10.43,-4.00,27.50,腾讯财经
2026-08-29 11:40:00,217.55,227.36,229.26,216.81,195116417,-10.43,-4.00,27.50,腾讯财经
2026-08-29 11:50:05,217.55,227.36,229.26,216.81,195116417,-10.43,-4.00,27.50,腾讯财经
2026-08-29 12:00:01,217.55,227.36,229.26,216.81,195116417,-10.43,-4.00,27.50,腾讯财经
2026-08-29 12:10:01,217.55,227.36,229.26,216.81,195116417,-10.43,-4.00,27.50,腾讯财经
2026-08-29 12:20:00,217.55,227.36,229.26,216.81,195116417,-10.43,-4.00,27.50,腾讯财经
2026-08-29 12:30:05,217.55,227.36,229.26,216.81,195116417,-10.43,-4.00,27.50,腾讯财经
2026-08-29 12:40:01,217.55,227.36,229.26,216.81,195116417,-10.43,-4.00,27.50,腾讯财经
2026-08-29 12:50:01,217.55,227.36,229.26,216.81,195116417,-10.43,-4.00,27.50,腾讯财经
2026-08-29 13:00:03,217.55,227.36,229.26,216.81,195116417,-10.43,-4.00,27.50,腾讯财经
2026-08-29 13:10:00,217.55,227.36,229.26,216.81,195116417,-10.43,-4.00,27.50,腾讯财经
2026-08-29 13:20:01,217.55,227.36,229.26,216.81,195116417,-10.43,-4.00,27.50,腾讯财经
2026-08-29 13:30:00,217.55,227.36,229.26,216.81,195116417,-10.43,-4.00,27.50,腾讯财经
2026-08-29 13:40:02,217.55,227.36,229.26,216.81,195116417,-10.43,-4.00,27.50,腾讯财经
2026-08-29 13:50:05,217.55,227.36,229.26,216.81,195116417,-10.43,-4.00,27.50,腾讯财经
2026-08-29 14:00:02,217.55,227.36,229.26,216.81,195116417,-10.43,-4.00,27.50,腾讯财经
2026-08-29 14:10:02,217.55,227.36,229.26,216.81,195116417,-10.43,-4.00,27.50,腾讯财经
2026-08-29 14:20:03,217.55,227.36,229.26,216.81,195116417,-10.43,-4.00,27.50,腾讯财经
2026-08-29 14:30:04,217.55,227.36,229.26,216.81,195116417,-10.43,-4.00,27.50,腾讯财经
2026-08-29 14:40:04,217.55,227.36,229.26,216.81,195116417,-10.43,-4.00,27.50,腾讯财经
2026-08-29 14:50:00,217.55,227.36,229.26,216.81,195116417,-10.43,-4.00,27.50,腾讯财经
2026-08-29 15:00:04,217.55,227.36,229.26,216.81,195116417,-10.43,-4.00,27.50,腾讯财经
2026-08-29 15:10:01,217.55,227.36,229.26,216.81,195116417,-10.43,-4.00,27.50,腾讯财经
2026-08-29 15:20:02,217.55,227.36,229.26,216.81,195116417,-10.43,-4.00,27.50,腾讯财经
2026-08-29 15:30:00,217.55,227.36,229.26,216.81,195116417,-10.43,-4.00,27.50,腾讯财经
2026-08-29 15:40:01,217.55,227.36,229.26,216.81,195116417,-10.43,-4.00,27.50,腾讯财经
2026-08-29 15:50:00,217.55,227.36,229.26,216.81,195116417,-10.43,-4.00,27.50,腾讯财经
2026-08-29 16:00:00,217.55,227.36,229.26,216.81,195116417,-10.43,-4.00,27.50,腾讯财经
2026-08-29 16:10:00,217.55,227.36,229.26,216.81,195116417,-10.43,-4.00,27.50,腾讯财经
2026-08-29 16:20:01,217.55,227.36,229.26,216.81,195116417,-10.43,-4.00,27.50,腾讯财经
2026-08-29 16:30:02,217.55,227.36,229.26,216.81,195116417,-10.43,-4.00,27.50,腾讯财经
2026-08-29 16:40:03,217.55,227.36,229.26,216.81,195116417,-10.43,-4.00,27.50,腾讯财经
2026-08-29 16:50:00,217.55,227.36,229.26,216.81,195116417,-10.43,-4.00,27.50,腾讯财经
2026-08-29 17:00:00,217.55,227.36,229.26,216.81,195116417,-10.43,-4.00,27.50,腾讯财经
2026-08-29 17:10:00,217.55,227.36,229.26,216.81,195116417,-10.43,-4.00,27.50,腾讯财经
