时间戳,价格(USD),开盘价,最高价,最低价,成交量,涨跌额,涨跌幅(%),静态市盈率,动态市盈率,数据源
2026-07-13 20:54:29,385.10,387.80,391.91,381.50,24644605,.74,0,6.90,22.94,腾讯财经
2026-07-13 21:08:19,385.10,387.80,391.91,381.50,24644605,.74,0,22.94,腾讯财经
2026-07-13 21:09:10,385.10,387.80,391.91,381.50,24644605,.74,0,22.94,腾讯财经
2026-07-13 22:18:37,385.05,387.75,391.05,384.48,4868020,-.05,0,22.93,腾讯财经
2026-07-13 22:18:37,385.09,387.75,391.05,384.48,4867399,-.01,0,22.94,腾讯财经
2026-07-13 22:20:00,385.29,387.75,391.05,384.48,4942963,.19,0,22.95,腾讯财经
2026-07-13 22:30:00,385.56,387.75,391.05,384.15,5553585,.46,0,22.96,腾讯财经
2026-07-13 22:40:03,385.94,387.75,391.05,384.15,6003511,.84,0,22.99,腾讯财经
2026-07-13 22:50:01,388.01,387.75,391.05,384.15,6559398,2.91,0,23.11,腾讯财经
2026-07-13 23:00:00,389.38,387.75,391.05,384.15,7231933,4.28,1.00,23.19,腾讯财经
2026-07-13 23:10:00,390.11,387.75,391.05,384.15,7915448,5.01,1.00,23.23,腾讯财经
2026-07-13 23:20:00,390.50,387.75,391.05,384.15,8418185,5.40,1.00,23.26,腾讯财经
2026-07-13 23:30:00,391.06,387.75,391.10,384.15,8860693,5.96,1.00,23.29,腾讯财经
2026-07-13 23:40:01,390.84,387.75,391.25,384.15,9302142,5.74,1.00,23.28,腾讯财经
2026-07-13 23:50:02,390.97,387.75,391.25,384.15,9690851,5.87,1.00,23.29,腾讯财经
2026-07-14 00:00:01,390.56,387.75,391.25,384.15,10186604,5.46,1.00,23.26,腾讯财经
2026-07-14 00:10:01,390.60,387.75,391.25,384.15,10559678,5.50,1.00,23.26,腾讯财经
2026-07-14 00:20:03,391.33,387.75,391.45,384.15,11135691,6.23,1.00,23.31,腾讯财经
2026-07-14 00:30:00,392.12,387.75,392.45,384.15,11720746,7.02,1.00,23.35,腾讯财经
2026-07-14 00:40:04,392.72,387.75,392.84,384.15,12666571,7.62,1.00,23.39,腾讯财经
2026-07-14 00:50:04,393.22,387.75,393.36,384.15,13190470,8.12,2.00,23.42,腾讯财经
2026-07-14 01:00:00,392.85,387.75,393.36,384.15,13536825,7.75,2.00,23.40,腾讯财经
2026-07-14 01:10:04,393.28,387.75,393.36,384.15,13989869,8.18,2.00,23.42,腾讯财经
2026-07-14 01:20:00,392.90,387.75,393.57,384.15,14395300,7.80,2.00,23.40,腾讯财经
2026-07-14 01:30:04,392.54,387.75,393.57,384.15,14747257,7.44,1.00,23.38,腾讯财经
2026-07-14 01:40:05,392.76,387.75,393.57,384.15,15061708,7.66,1.00,23.39,腾讯财经
2026-07-14 01:50:00,392.23,387.75,393.57,384.15,15349469,7.13,1.00,23.36,腾讯财经
2026-07-14 02:00:00,391.95,387.75,393.57,384.15,15715971,6.85,1.00,23.34,腾讯财经
2026-07-14 02:10:00,392.17,387.75,393.57,384.15,16003209,7.07,1.00,23.36,腾讯财经
2026-07-14 02:20:02,391.97,387.75,393.57,384.15,16266783,6.87,1.00,23.35,腾讯财经
2026-07-14 02:30:00,392.30,387.75,393.57,384.15,16555645,7.20,1.00,23.37,腾讯财经
2026-07-14 02:40:00,392.76,387.75,393.57,384.15,16888449,7.66,1.00,23.39,腾讯财经
2026-07-14 02:50:00,393.00,387.75,393.57,384.15,17320543,7.90,2.00,23.41,腾讯财经
2026-07-14 03:00:00,392.87,387.75,393.64,384.15,17884322,7.77,2.00,23.40,腾讯财经
2026-07-14 03:10:03,392.84,387.75,393.64,384.15,18341879,7.74,2.00,23.40,腾讯财经
2026-07-14 03:20:00,391.89,387.75,393.64,384.15,18806260,6.79,1.00,23.34,腾讯财经
2026-07-14 03:30:00,390.48,387.75,393.64,384.15,19279987,5.38,1.00,23.26,腾讯财经
2026-07-14 03:40:02,389.85,387.75,393.64,384.15,19999177,4.75,1.00,23.22,腾讯财经
2026-07-14 03:50:00,390.40,387.75,393.64,384.15,20539734,5.30,1.00,23.25,腾讯财经
2026-07-14 04:00:00,391.19,387.75,393.64,384.15,22187095,6.09,1.00,23.30,腾讯财经
2026-07-14 04:10:02,390.99,387.75,393.64,384.15,28401800,5.89,1.00,23.29,腾讯财经
2026-07-14 04:20:00,390.99,387.75,393.65,384.15,28711177,5.89,1.00,23.29,腾讯财经
2026-07-14 04:30:05,390.99,387.75,393.65,384.15,28749975,5.89,1.00,23.29,腾讯财经
2026-07-14 04:40:00,390.99,387.75,393.65,384.15,28756848,5.89,1.00,23.29,腾讯财经
2026-07-14 04:50:00,390.99,387.75,393.65,384.15,28764765,5.89,1.00,23.29,腾讯财经
2026-07-14 05:00:00,390.99,387.75,393.65,384.15,28772937,5.89,1.00,23.29,腾讯财经
2026-07-14 05:10:02,390.99,387.75,393.65,384.15,28823269,5.89,1.00,23.29,腾讯财经
2026-07-14 05:20:03,390.99,387.75,393.65,384.15,28827369,5.89,1.00,23.29,腾讯财经
2026-07-14 05:30:02,390.99,387.75,393.65,384.15,28833833,5.89,1.00,23.29,腾讯财经
2026-07-14 05:40:03,390.99,387.75,393.65,384.15,28837395,5.89,1.00,23.29,腾讯财经
2026-07-14 05:50:00,390.99,387.75,393.65,384.15,28845236,5.89,1.00,23.29,腾讯财经
2026-07-14 06:00:00,390.99,387.75,393.65,384.15,28855026,5.89,1.00,23.29,腾讯财经
2026-07-14 06:10:02,390.99,387.75,393.65,384.15,28860315,5.89,1.00,23.29,腾讯财经
2026-07-14 06:20:03,390.99,387.75,393.65,384.15,28865968,5.89,1.00,23.29,腾讯财经
2026-07-14 06:30:00,390.99,387.75,393.65,384.15,28867584,5.89,1.00,23.29,腾讯财经
2026-07-14 06:40:00,390.99,387.75,393.65,384.15,28870368,5.89,1.00,23.29,腾讯财经
2026-07-14 06:50:00,390.99,387.75,393.65,384.15,28873444,5.89,1.00,23.29,腾讯财经
2026-07-14 07:00:02,390.99,387.75,393.65,384.15,28878155,5.89,1.00,23.29,腾讯财经
2026-07-14 07:10:00,390.99,387.75,393.65,384.15,28883019,5.89,1.00,23.29,腾讯财经
2026-07-14 07:20:05,390.99,387.75,393.65,384.15,28886069,5.89,1.00,23.29,腾讯财经
2026-07-14 07:30:01,390.99,387.75,393.65,384.15,28888804,5.89,1.00,23.29,腾讯财经
2026-07-14 07:40:00,390.99,387.75,393.65,384.15,28896016,5.89,1.00,23.29,腾讯财经
2026-07-14 07:50:00,390.99,387.75,393.65,384.15,28905326,5.89,1.00,23.29,腾讯财经
2026-07-14 08:40:05,390.99,387.75,393.65,384.15,28914877,5.89,1.00,23.29,腾讯财经
2026-07-14 08:50:05,390.99,387.75,393.65,384.15,28914877,5.89,1.00,23.29,腾讯财经
2026-07-14 09:00:00,390.99,387.75,393.65,384.15,28914877,5.89,1.00,23.29,腾讯财经
2026-07-14 09:10:00,390.99,387.75,393.65,384.15,28914877,5.89,1.00,23.29,腾讯财经
2026-07-14 09:20:00,390.99,387.75,393.65,384.15,28914877,5.89,1.00,23.29,腾讯财经
2026-07-14 09:30:00,390.99,387.75,393.65,384.15,28914877,5.89,1.00,23.29,腾讯财经
2026-07-14 09:40:01,390.99,387.75,393.65,384.15,28914877,5.89,1.00,23.29,腾讯财经
2026-07-14 09:50:04,390.99,387.75,393.65,384.15,28914877,5.89,1.00,23.29,腾讯财经
2026-07-14 10:00:04,390.99,387.75,393.65,384.15,28914877,5.89,1.00,23.29,腾讯财经
2026-07-14 10:10:00,390.99,387.75,393.65,384.15,28914877,5.89,1.00,23.29,腾讯财经
2026-07-14 10:20:03,390.99,387.75,393.65,384.15,28914877,5.89,1.00,23.29,腾讯财经
2026-07-14 10:30:00,390.99,387.75,393.65,384.15,28914877,5.89,1.00,23.29,腾讯财经
2026-07-14 10:40:00,390.99,387.75,393.65,384.15,28914877,5.89,1.00,23.29,腾讯财经
2026-07-14 10:50:01,390.99,387.75,393.65,384.15,28914877,5.89,1.00,23.29,腾讯财经
2026-07-14 11:00:04,390.99,387.75,393.65,384.15,28914877,5.89,1.00,23.29,腾讯财经
2026-07-14 11:10:04,390.99,387.75,393.65,384.15,28914877,5.89,1.00,23.29,腾讯财经
2026-07-14 11:20:00,390.99,387.75,393.65,384.15,28914877,5.89,1.00,23.29,腾讯财经
2026-07-14 11:30:04,390.99,387.75,393.65,384.15,28914877,5.89,1.00,23.29,腾讯财经
2026-07-14 11:40:03,390.99,387.75,393.65,384.15,28914877,5.89,1.00,23.29,腾讯财经
2026-07-14 11:50:00,390.99,387.75,393.65,384.15,28914877,5.89,1.00,23.29,腾讯财经
2026-07-14 12:00:00,390.99,387.75,393.65,384.15,28914877,5.89,1.00,23.29,腾讯财经
2026-07-14 12:10:04,390.99,387.75,393.65,384.15,28914877,5.89,1.00,23.29,腾讯财经
2026-07-14 12:20:00,390.99,387.75,393.65,384.15,28914877,5.89,1.00,23.29,腾讯财经
2026-07-14 12:30:00,390.99,387.75,393.65,384.15,28914877,5.89,1.00,23.29,腾讯财经
2026-07-14 12:40:01,390.99,387.75,393.65,384.15,28914877,5.89,1.00,23.29,腾讯财经
2026-07-14 12:50:00,390.99,387.75,393.65,384.15,28914877,5.89,1.00,23.29,腾讯财经
2026-07-14 13:00:01,390.99,387.75,393.65,384.15,28914877,5.89,1.00,23.29,腾讯财经
2026-07-14 13:10:05,390.99,387.75,393.65,384.15,28914877,5.89,1.00,23.29,腾讯财经
2026-07-14 13:20:00,390.99,387.75,393.65,384.15,28914877,5.89,1.00,23.29,腾讯财经
2026-07-14 13:30:00,390.99,387.75,393.65,384.15,28914877,5.89,1.00,23.29,腾讯财经
2026-07-14 13:40:03,390.99,387.75,393.65,384.15,28914877,5.89,1.00,23.29,腾讯财经
2026-07-14 13:50:00,390.99,387.75,393.65,384.15,28914877,5.89,1.00,23.29,腾讯财经
2026-07-14 14:00:01,390.99,387.75,393.65,384.15,28914877,5.89,1.00,23.29,腾讯财经
2026-07-14 14:10:01,390.99,387.75,393.65,384.15,28914877,5.89,1.00,23.29,腾讯财经
2026-07-14 14:20:00,390.99,387.75,393.65,384.15,28914877,5.89,1.00,23.29,腾讯财经
2026-07-14 14:30:03,390.99,387.75,393.65,384.15,28914877,5.89,1.00,23.29,腾讯财经
2026-07-14 14:40:01,390.99,387.75,393.65,384.15,28914877,5.89,1.00,23.29,腾讯财经
2026-07-14 14:50:05,390.99,387.75,393.65,384.15,28914877,5.89,1.00,23.29,腾讯财经
2026-07-14 15:00:02,390.99,387.75,393.65,384.15,28914877,5.89,1.00,23.29,腾讯财经
2026-07-14 15:10:04,390.99,387.75,393.65,384.15,28914877,5.89,1.00,23.29,腾讯财经
2026-07-14 15:20:00,390.99,387.75,393.65,384.15,28914877,5.89,1.00,23.29,腾讯财经
2026-07-14 15:30:00,390.99,387.75,393.65,384.15,28914877,5.89,1.00,23.29,腾讯财经
2026-07-14 15:40:02,390.99,387.75,393.65,384.15,28914877,5.89,1.00,23.29,腾讯财经
2026-07-14 15:50:00,390.99,387.75,393.65,384.15,28914877,5.89,1.00,23.29,腾讯财经
2026-07-14 16:00:00,390.99,387.75,393.65,384.15,28914877,5.89,1.00,23.29,腾讯财经
2026-07-14 16:10:00,390.99,387.75,393.65,384.15,28914877,5.89,1.00,23.29,腾讯财经
2026-07-14 16:20:00,390.99,387.75,393.65,384.15,28914877,5.89,1.00,23.29,腾讯财经
2026-07-14 16:30:01,390.99,387.75,393.65,384.15,28914877,5.89,1.00,23.29,腾讯财经
2026-07-14 16:40:02,390.99,387.75,393.65,384.15,28914877,5.89,1.00,23.29,腾讯财经
2026-07-14 16:50:04,390.99,387.75,393.65,384.15,28914877,5.89,1.00,23.29,腾讯财经
2026-07-14 17:00:02,390.99,387.75,393.65,384.15,28914877,5.89,1.00,23.29,腾讯财经
2026-07-14 17:10:01,390.99,387.75,393.65,384.15,28914877,5.89,1.00,23.29,腾讯财经
2026-07-14 17:20:00,390.99,387.75,393.65,384.15,28914877,5.89,1.00,23.29,腾讯财经
2026-07-14 17:30:00,390.99,387.75,393.65,384.15,28914877,5.89,1.00,23.29,腾讯财经
2026-07-14 18:37:43,390.99,387.75,393.65,384.15,28914877,5.89,1.00,23.29,腾讯财经
2026-07-14 18:40:02,390.99,387.75,393.65,384.15,28914877,5.89,1.00,23.29,腾讯财经
2026-07-14 18:50:00,390.99,387.75,393.65,384.15,28914877,5.89,1.00,23.29,腾讯财经
2026-07-14 19:00:00,390.99,387.75,393.65,384.15,28914877,5.89,1.00,23.29,腾讯财经
2026-07-14 19:10:03,390.99,387.75,393.65,384.15,28914877,5.89,1.00,23.29,腾讯财经
2026-07-14 19:20:00,390.99,387.75,393.65,384.15,28914877,5.89,1.00,23.29,腾讯财经
2026-07-14 19:30:03,390.99,387.75,393.65,384.15,28914877,5.89,1.00,23.29,腾讯财经
2026-07-14 19:40:00,390.99,387.75,393.65,384.15,28914877,5.89,1.00,23.29,腾讯财经
2026-07-14 19:50:01,390.99,387.75,393.65,384.15,28914877,5.89,1.00,23.29,腾讯财经
2026-07-14 20:00:05,390.99,387.75,393.65,384.15,28914877,5.89,1.00,23.29,腾讯财经
2026-07-14 20:10:05,390.99,387.75,393.65,384.15,28914877,5.89,1.00,23.29,腾讯财经
2026-07-14 20:20:04,390.99,387.75,393.65,384.15,28914877,5.89,1.00,23.29,腾讯财经
2026-07-14 20:30:05,390.99,387.75,393.65,384.15,28914877,5.89,1.00,23.29,腾讯财经
2026-07-14 20:40:00,390.99,387.75,393.65,384.15,28914877,5.89,1.00,23.29,腾讯财经
2026-07-14 20:50:03,390.99,387.75,393.65,384.15,28914877,5.89,1.00,23.29,腾讯财经
2026-07-14 21:00:03,390.99,387.75,393.65,384.15,28914877,5.89,1.00,23.29,腾讯财经
2026-07-14 21:10:03,390.99,387.75,393.65,384.15,28914877,5.89,1.00,23.29,腾讯财经
2026-07-14 21:20:00,390.99,387.75,393.65,384.15,28914877,5.89,1.00,23.29,腾讯财经
2026-07-14 21:30:05,390.99,0.00,0.00,0.00,1709092,0,0,23.29,腾讯财经
2026-07-14 21:40:01,382.29,382.51,382.80,378.65,3825668,-8.70,-2.00,22.77,腾讯财经
2026-07-14 21:50:01,383.14,382.82,383.49,378.65,4752575,-7.85,-2.00,22.82,腾讯财经
2026-07-14 22:00:03,385.26,382.82,385.27,378.65,5695132,-5.73,-1.00,22.95,腾讯财经
2026-07-14 22:10:03,384.27,382.82,385.60,378.65,6712750,-6.72,-1.00,22.89,腾讯财经
2026-07-14 22:20:00,383.25,382.82,385.60,378.65,7400888,-7.74,-1.00,22.83,腾讯财经
2026-07-14 22:30:01,384.62,382.82,385.60,378.65,7979173,-6.37,-1.00,22.91,腾讯财经
2026-07-14 22:40:00,386.02,382.82,386.52,378.65,8650563,-4.97,-1.00,22.99,腾讯财经
2026-07-14 22:50:00,386.71,382.82,387.00,378.65,9171935,-4.28,-1.00,23.03,腾讯财经
2026-07-14 23:00:01,387.48,382.82,387.75,378.65,9542801,-3.51,0,23.08,腾讯财经
2026-07-14 23:10:02,387.02,382.82,387.75,378.65,9901043,-3.97,-1.00,23.05,腾讯财经
2026-07-14 23:20:00,386.11,382.82,387.75,378.65,10314144,-4.88,-1.00,23.00,腾讯财经
2026-07-14 23:30:00,385.85,382.82,387.75,378.65,10917242,-5.14,-1.00,22.98,腾讯财经
2026-07-14 23:40:00,385.55,382.82,387.75,378.65,11389584,-5.44,-1.00,22.96,腾讯财经
2026-07-14 23:50:03,384.58,382.82,387.75,378.65,11837047,-6.41,-1.00,22.91,腾讯财经
2026-07-15 00:00:00,384.77,382.82,387.75,378.65,12228462,-6.22,-1.00,22.92,腾讯财经
2026-07-15 00:10:01,384.79,382.82,387.75,378.65,12479830,-6.20,-1.00,22.92,腾讯财经
2026-07-15 00:20:00,385.26,382.82,387.75,378.65,12736963,-5.73,-1.00,22.95,腾讯财经
2026-07-15 00:30:01,386.47,382.82,387.75,378.65,13088757,-4.52,-1.00,23.02,腾讯财经
2026-07-15 00:40:00,387.20,382.82,387.75,378.65,13411102,-3.79,0,23.06,腾讯财经
2026-07-15 00:50:00,387.13,382.82,387.75,378.65,13721923,-3.86,0,23.06,腾讯财经
2026-07-15 01:00:00,387.49,382.82,387.75,378.65,13973528,-3.50,0,23.08,腾讯财经
2026-07-15 01:10:00,387.12,382.82,388.19,378.65,14336672,-3.87,0,23.06,腾讯财经
2026-07-15 01:20:03,386.58,382.82,388.19,378.65,14697869,-4.41,-1.00,23.02,腾讯财经
2026-07-15 01:30:04,386.72,382.82,388.19,378.65,15076328,-4.27,-1.00,23.03,腾讯财经
2026-07-15 01:40:00,386.83,382.82,388.19,378.65,15354296,-4.16,-1.00,23.04,腾讯财经
2026-07-15 01:50:03,387.12,382.82,388.19,378.65,15589979,-3.87,0,23.06,腾讯财经
2026-07-15 02:00:01,387.16,382.82,388.19,378.65,15826907,-3.83,0,23.06,腾讯财经
2026-07-15 02:10:00,387.02,382.82,388.19,378.65,16093816,-3.97,-1.00,23.05,腾讯财经
2026-07-15 02:20:00,386.40,382.82,388.19,378.65,16345207,-4.59,-1.00,23.01,腾讯财经
2026-07-15 02:30:00,386.93,382.82,388.19,378.65,16629524,-4.06,-1.00,23.05,腾讯财经
2026-07-15 02:40:00,386.62,382.82,388.19,378.65,16839033,-4.37,-1.00,23.03,腾讯财经
2026-07-15 02:50:00,386.15,382.82,388.19,378.65,17174301,-4.84,-1.00,23.00,腾讯财经
2026-07-15 03:00:00,385.32,382.82,388.19,378.65,17472827,-5.67,-1.00,22.95,腾讯财经
2026-07-15 03:10:01,385.26,382.82,388.19,378.65,17808306,-5.73,-1.00,22.95,腾讯财经
2026-07-15 03:20:02,385.74,382.82,388.19,378.65,18137838,-5.25,-1.00,22.97,腾讯财经
2026-07-15 03:30:04,386.13,382.82,388.19,378.65,18447906,-4.86,-1.00,23.00,腾讯财经
2026-07-15 03:40:00,385.29,382.82,388.19,378.65,18885156,-5.70,-1.00,22.95,腾讯财经
2026-07-15 03:50:05,385.47,382.82,388.19,378.65,19361018,-5.52,-1.00,22.96,腾讯财经
2026-07-15 04:00:04,384.93,382.82,388.19,378.65,21577244,-6.06,-1.00,22.93,腾讯财经
2026-07-15 04:10:00,384.93,382.82,388.19,378.65,26872461,-6.06,-1.00,22.93,腾讯财经
2026-07-15 04:20:00,384.93,382.82,388.19,378.65,26913997,-6.06,-1.00,22.93,腾讯财经
2026-07-15 04:30:02,384.93,382.82,388.19,378.65,26918903,-6.06,-1.00,22.93,腾讯财经
2026-07-15 04:40:02,384.93,382.82,388.19,378.65,26925616,-6.06,-1.00,22.93,腾讯财经
2026-07-15 04:50:00,384.93,382.82,388.19,378.65,27732773,-6.06,-1.00,22.93,腾讯财经
2026-07-15 05:00:00,384.93,382.82,388.19,378.65,27739596,-6.06,-1.00,22.93,腾讯财经
2026-07-15 05:10:01,384.93,382.82,388.19,378.65,27746678,-6.06,-1.00,22.93,腾讯财经
2026-07-15 05:20:00,384.93,382.82,388.19,378.65,27751342,-6.06,-1.00,22.93,腾讯财经
2026-07-15 05:30:00,384.93,382.82,388.19,378.65,27768791,-6.06,-1.00,22.93,腾讯财经
2026-07-15 05:40:00,384.93,382.82,388.19,378.65,27772822,-6.06,-1.00,22.93,腾讯财经
2026-07-15 05:50:00,384.93,382.82,388.19,378.65,27789544,-6.06,-1.00,22.93,腾讯财经
2026-07-15 06:00:03,384.93,382.82,388.19,378.65,27814080,-6.06,-1.00,22.93,腾讯财经
2026-07-15 06:10:02,384.93,382.82,388.19,378.65,27818747,-6.06,-1.00,22.93,腾讯财经
2026-07-15 06:20:00,384.93,382.82,388.19,378.65,27822644,-6.06,-1.00,22.93,腾讯财经
2026-07-15 06:30:00,384.93,382.82,388.19,378.65,27825730,-6.06,-1.00,22.93,腾讯财经
2026-07-15 06:40:02,384.93,382.82,388.19,378.65,27829510,-6.06,-1.00,22.93,腾讯财经
2026-07-15 06:50:00,384.93,382.82,388.19,378.65,27831611,-6.06,-1.00,22.93,腾讯财经
2026-07-15 07:00:00,384.93,382.82,388.19,378.65,27833794,-6.06,-1.00,22.93,腾讯财经
2026-07-15 07:10:00,384.93,382.82,388.19,378.65,27836239,-6.06,-1.00,22.93,腾讯财经
2026-07-15 07:20:01,384.93,382.82,388.19,378.65,27838449,-6.06,-1.00,22.93,腾讯财经
2026-07-15 07:30:00,384.93,382.82,388.19,378.65,27843194,-6.06,-1.00,22.93,腾讯财经
2026-07-15 07:40:01,384.93,382.82,388.19,378.65,27847982,-6.06,-1.00,22.93,腾讯财经
2026-07-15 07:50:01,384.93,382.82,388.19,378.65,27854503,-6.06,-1.00,22.93,腾讯财经
2026-07-15 08:40:03,384.93,382.82,388.19,378.65,27863916,-6.06,-1.00,22.93,腾讯财经
2026-07-15 08:50:01,384.93,382.82,388.19,378.65,27863916,-6.06,-1.00,22.93,腾讯财经
2026-07-15 09:00:05,384.93,382.82,388.19,378.65,27863916,-6.06,-1.00,22.93,腾讯财经
2026-07-15 09:10:00,384.93,382.82,388.19,378.65,27863916,-6.06,-1.00,22.93,腾讯财经
2026-07-15 09:20:00,384.93,382.82,388.19,378.65,27863916,-6.06,-1.00,22.93,腾讯财经
2026-07-15 09:30:00,384.93,382.82,388.19,378.65,27863916,-6.06,-1.00,22.93,腾讯财经
2026-07-15 09:40:00,384.93,382.82,388.19,378.65,27863916,-6.06,-1.00,22.93,腾讯财经
2026-07-15 09:50:00,384.93,382.82,388.19,378.65,27863916,-6.06,-1.00,22.93,腾讯财经
2026-07-15 10:00:02,384.93,382.82,388.19,378.65,27863916,-6.06,-1.00,22.93,腾讯财经
2026-07-15 10:10:00,384.93,382.82,388.19,378.65,27863916,-6.06,-1.00,22.93,腾讯财经
2026-07-15 10:20:00,384.93,382.82,388.19,378.65,27863916,-6.06,-1.00,22.93,腾讯财经
2026-07-15 10:30:00,384.93,382.82,388.19,378.65,27863916,-6.06,-1.00,22.93,腾讯财经
2026-07-15 10:40:02,384.93,382.82,388.19,378.65,27863916,-6.06,-1.00,22.93,腾讯财经
2026-07-15 10:50:01,384.93,382.82,388.19,378.65,27863916,-6.06,-1.00,22.93,腾讯财经
2026-07-15 11:00:00,384.93,382.82,388.19,378.65,27863916,-6.06,-1.00,22.93,腾讯财经
2026-07-15 11:10:02,384.93,382.82,388.19,378.65,27863916,-6.06,-1.00,22.93,腾讯财经
2026-07-15 11:20:03,384.93,382.82,388.19,378.65,27863916,-6.06,-1.00,22.93,腾讯财经
2026-07-15 11:30:00,384.93,382.82,388.19,378.65,27863916,-6.06,-1.00,22.93,腾讯财经
2026-07-15 11:40:01,384.93,382.82,388.19,378.65,27863916,-6.06,-1.00,22.93,腾讯财经
2026-07-15 11:50:01,384.93,382.82,388.19,378.65,27863916,-6.06,-1.00,22.93,腾讯财经
2026-07-15 12:00:00,384.93,382.82,388.19,378.65,27863916,-6.06,-1.00,22.93,腾讯财经
2026-07-15 12:10:00,384.93,382.82,388.19,378.65,27863916,-6.06,-1.00,22.93,腾讯财经
2026-07-15 12:20:00,384.93,382.82,388.19,378.65,27863916,-6.06,-1.00,22.93,腾讯财经
2026-07-15 12:30:01,384.93,382.82,388.19,378.65,27863916,-6.06,-1.00,22.93,腾讯财经
2026-07-15 12:40:01,384.93,382.82,388.19,378.65,27863916,-6.06,-1.00,22.93,腾讯财经
2026-07-15 12:50:03,384.93,382.82,388.19,378.65,27863916,-6.06,-1.00,22.93,腾讯财经
2026-07-15 13:00:01,384.93,382.82,388.19,378.65,27863916,-6.06,-1.00,22.93,腾讯财经
2026-07-15 13:10:04,384.93,382.82,388.19,378.65,27863916,-6.06,-1.00,22.93,腾讯财经
2026-07-15 13:20:00,384.93,382.82,388.19,378.65,27863916,-6.06,-1.00,22.93,腾讯财经
2026-07-15 13:30:05,384.93,382.82,388.19,378.65,27863916,-6.06,-1.00,22.93,腾讯财经
2026-07-15 13:40:01,384.93,382.82,388.19,378.65,27863916,-6.06,-1.00,22.93,腾讯财经
2026-07-15 13:50:01,384.93,382.82,388.19,378.65,27863916,-6.06,-1.00,22.93,腾讯财经
2026-07-15 14:00:05,384.93,382.82,388.19,378.65,27863916,-6.06,-1.00,22.93,腾讯财经
2026-07-15 14:10:05,384.93,382.82,388.19,378.65,27863916,-6.06,-1.00,22.93,腾讯财经
2026-07-15 14:20:04,384.93,382.82,388.19,378.65,27863916,-6.06,-1.00,22.93,腾讯财经
2026-07-15 14:30:05,384.93,382.82,388.19,378.65,27863916,-6.06,-1.00,22.93,腾讯财经
2026-07-15 14:40:04,384.93,382.82,388.19,378.65,27863916,-6.06,-1.00,22.93,腾讯财经
2026-07-15 14:50:05,384.93,382.82,388.19,378.65,27863916,-6.06,-1.00,22.93,腾讯财经
2026-07-15 15:00:02,384.93,382.82,388.19,378.65,27863916,-6.06,-1.00,22.93,腾讯财经
2026-07-15 15:10:04,384.93,382.82,388.19,378.65,27863916,-6.06,-1.00,22.93,腾讯财经
2026-07-15 15:20:04,384.93,382.82,388.19,378.65,27863916,-6.06,-1.00,22.93,腾讯财经
2026-07-15 15:30:05,384.93,382.82,388.19,378.65,27863916,-6.06,-1.00,22.93,腾讯财经
2026-07-15 15:40:05,384.93,382.82,388.19,378.65,27863916,-6.06,-1.00,22.93,腾讯财经
2026-07-15 15:50:05,384.93,382.82,388.19,378.65,27863916,-6.06,-1.00,22.93,腾讯财经
2026-07-15 16:00:05,384.93,382.82,388.19,378.65,27863916,-6.06,-1.00,22.93,腾讯财经
2026-07-15 16:10:00,384.93,382.82,388.19,378.65,27863916,-6.06,-1.00,22.93,腾讯财经
2026-07-15 16:20:03,384.93,382.82,388.19,378.65,27863916,-6.06,-1.00,22.93,腾讯财经
2026-07-15 16:30:05,384.93,382.82,388.19,378.65,27863916,-6.06,-1.00,22.93,腾讯财经
2026-07-15 16:40:05,384.93,382.82,388.19,378.65,27863916,-6.06,-1.00,22.93,腾讯财经
2026-07-15 16:50:05,384.93,382.82,388.19,378.65,27863916,-6.06,-1.00,22.93,腾讯财经
2026-07-15 17:00:01,384.93,382.82,388.19,378.65,27863916,-6.06,-1.00,22.93,腾讯财经
2026-07-15 17:10:02,384.93,382.82,388.19,378.65,27863916,-6.06,-1.00,22.93,腾讯财经
2026-07-15 17:20:01,384.93,382.82,388.19,378.65,27863916,-6.06,-1.00,22.93,腾讯财经
2026-07-15 17:30:02,384.93,382.82,388.19,378.65,27863916,-6.06,-1.00,22.93,腾讯财经
2026-07-15 18:44:39,384.93,382.82,388.19,378.65,27863916,-6.06,-1.00,22.93,腾讯财经
2026-07-15 18:50:05,384.93,382.82,388.19,378.65,27863916,-6.06,-1.00,22.93,腾讯财经
2026-07-15 19:00:00,384.93,382.82,388.19,378.65,27863916,-6.06,-1.00,22.93,腾讯财经
2026-07-15 19:10:05,384.93,382.82,388.19,378.65,27863916,-6.06,-1.00,22.93,腾讯财经
2026-07-15 19:20:05,384.93,382.82,388.19,378.65,27863916,-6.06,-1.00,22.93,腾讯财经
2026-07-15 19:30:03,384.93,382.82,388.19,378.65,27863916,-6.06,-1.00,22.93,腾讯财经
2026-07-15 19:40:03,384.93,382.82,388.19,378.65,27863916,-6.06,-1.00,22.93,腾讯财经
2026-07-15 19:50:02,384.93,382.82,388.19,378.65,27863916,-6.06,-1.00,22.93,腾讯财经
2026-07-15 20:00:00,384.93,382.82,388.19,378.65,27863916,-6.06,-1.00,22.93,腾讯财经
2026-07-15 20:10:05,384.93,382.82,388.19,378.65,27863916,-6.06,-1.00,22.93,腾讯财经
2026-07-15 20:20:01,384.93,382.82,388.19,378.65,27863916,-6.06,-1.00,22.93,腾讯财经
2026-07-15 20:30:04,384.93,382.82,388.19,378.65,27863916,-6.06,-1.00,22.93,腾讯财经
2026-07-15 20:40:00,384.93,382.82,388.19,378.65,27863916,-6.06,-1.00,22.93,腾讯财经
2026-07-15 20:50:05,384.93,382.82,388.19,378.65,27863916,-6.06,-1.00,22.93,腾讯财经
2026-07-15 21:00:00,384.93,382.82,388.19,378.65,27863916,-6.06,-1.00,22.93,腾讯财经
2026-07-15 21:10:05,384.93,382.82,388.19,378.65,27863916,-6.06,-1.00,22.93,腾讯财经
2026-07-15 21:20:00,384.93,382.82,388.19,378.65,27863916,-6.06,-1.00,22.93,腾讯财经
2026-07-15 21:30:00,384.93,0.00,0.00,0.00,444351,0,0,22.93,腾讯财经
2026-07-15 21:40:00,389.62,387.80,391.38,386.81,2233247,4.69,1.00,23.21,腾讯财经
2026-07-15 21:50:05,388.58,387.80,391.38,386.40,3503990,3.65,0,23.14,腾讯财经
2026-07-15 22:00:04,389.62,387.80,391.46,386.40,4500125,4.69,1.00,23.21,腾讯财经
2026-07-15 22:10:01,393.53,387.80,393.97,386.40,5444448,8.60,2.00,23.44,腾讯财经
2026-07-15 22:20:00,395.73,387.80,396.39,386.40,6739263,10.80,2.00,23.57,腾讯财经
2026-07-15 22:30:00,395.37,387.80,397.64,386.40,7954868,10.44,2.00,23.55,腾讯财经
2026-07-15 22:40:00,397.15,387.80,397.70,386.40,8788757,12.22,3.00,23.65,腾讯财经
2026-07-15 22:50:03,395.39,387.80,397.79,386.40,9773794,10.46,2.00,23.55,腾讯财经
2026-07-15 23:00:00,394.18,387.80,397.79,386.40,10544798,9.25,2.00,23.48,腾讯财经
2026-07-15 23:10:00,395.08,387.80,397.79,386.40,11293702,10.15,2.00,23.53,腾讯财经
2026-07-15 23:20:00,396.00,387.80,397.79,386.40,11979545,11.07,2.00,23.59,腾讯财经
2026-07-15 23:30:00,396.64,387.80,397.91,386.40,12695761,11.71,3.00,23.62,腾讯财经
2026-07-15 23:40:02,397.04,387.80,397.91,386.40,13555840,12.11,3.00,23.65,腾讯财经
2026-07-15 23:50:04,397.12,387.80,397.91,386.40,14124768,12.19,3.00,23.65,腾讯财经
2026-07-16 00:00:00,397.36,387.80,397.91,386.40,14579048,12.43,3.00,23.67,腾讯财经
2026-07-16 00:10:00,398.25,387.80,398.33,386.40,15216164,13.32,3.00,23.72,腾讯财经
2026-07-16 00:20:04,397.67,387.80,398.96,386.40,15882841,12.74,3.00,23.68,腾讯财经
2026-07-16 00:30:00,397.57,387.80,398.96,386.40,16528815,12.64,3.00,23.68,腾讯财经
2026-07-16 00:40:00,396.63,387.80,398.96,386.40,17207738,11.70,3.00,23.62,腾讯财经
2026-07-16 00:50:00,394.65,387.80,398.96,386.40,17838391,9.72,2.00,23.51,腾讯财经
2026-07-16 01:00:01,394.59,387.80,398.96,386.40,18354346,9.66,2.00,23.50,腾讯财经
2026-07-16 01:10:04,395.49,387.80,398.96,386.40,18779765,10.56,2.00,23.56,腾讯财经
2026-07-16 01:20:00,396.00,387.80,398.96,386.40,19141540,11.07,2.00,23.59,腾讯财经
2026-07-16 01:30:00,396.40,387.80,398.96,386.40,19477296,11.47,2.00,23.61,腾讯财经
2026-07-16 01:40:00,396.27,387.80,398.96,386.40,19839354,11.34,2.00,23.60,腾讯财经
2026-07-16 01:50:02,396.09,387.80,398.96,386.40,20301358,11.16,2.00,23.59,腾讯财经
2026-07-16 02:00:00,396.22,387.80,398.96,386.40,20669748,11.29,2.00,23.60,腾讯财经
2026-07-16 02:10:00,395.93,387.80,398.96,386.40,21003188,11.00,2.00,23.58,腾讯财经
2026-07-16 02:20:01,396.58,387.80,398.96,386.40,21598234,11.65,3.00,23.62,腾讯财经
2026-07-16 02:30:04,396.52,387.80,398.96,386.40,22264930,11.59,3.00,23.62,腾讯财经
2026-07-16 02:40:00,396.85,387.80,398.96,386.40,22687935,11.92,3.00,23.64,腾讯财经
2026-07-16 02:50:05,395.91,387.80,398.96,386.40,23045004,10.98,2.00,23.58,腾讯财经
2026-07-16 03:00:02,395.77,387.80,398.96,386.40,23487369,10.84,2.00,23.57,腾讯财经
2026-07-16 03:10:01,395.77,387.80,398.96,386.40,23882533,10.84,2.00,23.57,腾讯财经
2026-07-16 03:20:01,395.57,387.80,398.96,386.40,24695384,10.64,2.00,23.56,腾讯财经
2026-07-16 03:30:00,395.67,387.80,398.96,386.40,25198339,10.74,2.00,23.57,腾讯财经
2026-07-16 03:40:00,395.97,387.80,398.96,386.40,25848423,11.04,2.00,23.58,腾讯财经
2026-07-16 03:50:04,394.82,387.80,398.96,386.40,26433691,9.89,2.00,23.52,腾讯财经
2026-07-16 04:00:00,395.21,387.80,398.96,386.40,28213674,10.28,2.00,23.54,腾讯财经
2026-07-16 04:10:00,395.63,387.80,398.96,386.40,35619857,10.70,2.00,23.56,腾讯财经
2026-07-16 04:20:00,395.63,387.80,398.96,386.40,35839158,10.70,2.00,23.56,腾讯财经
2026-07-16 04:30:00,395.63,387.80,398.96,386.40,35850905,10.70,2.00,23.56,腾讯财经
2026-07-16 04:40:05,395.63,387.80,398.96,386.40,35857944,10.70,2.00,23.56,腾讯财经
2026-07-16 04:50:01,395.63,387.80,398.96,386.40,35863237,10.70,2.00,23.56,腾讯财经
2026-07-16 05:00:00,395.63,387.80,398.96,386.40,35873278,10.70,2.00,23.56,腾讯财经
2026-07-16 05:10:00,395.63,387.80,398.96,386.40,36063919,10.70,2.00,23.56,腾讯财经
2026-07-16 05:20:00,395.63,387.80,398.96,386.40,36087886,10.70,2.00,23.56,腾讯财经
2026-07-16 05:30:05,395.63,387.80,398.96,386.40,36170525,10.70,2.00,23.56,腾讯财经
2026-07-16 05:40:04,395.63,387.80,398.96,386.40,36175005,10.70,2.00,23.56,腾讯财经
2026-07-16 05:50:02,395.63,387.80,398.96,386.40,36178143,10.70,2.00,23.56,腾讯财经
2026-07-16 06:00:00,395.63,387.80,398.96,386.40,36182803,10.70,2.00,23.56,腾讯财经
2026-07-16 06:10:04,395.63,387.80,398.96,386.40,36197866,10.70,2.00,23.56,腾讯财经
2026-07-16 06:20:02,395.63,387.80,398.96,386.40,36201820,10.70,2.00,23.56,腾讯财经
2026-07-16 06:30:04,395.63,387.80,398.96,386.40,36208240,10.70,2.00,23.56,腾讯财经
2026-07-16 06:40:05,395.63,387.80,398.96,386.40,36215193,10.70,2.00,23.56,腾讯财经
2026-07-16 06:50:01,395.63,387.80,398.96,386.40,36220938,10.70,2.00,23.56,腾讯财经
2026-07-16 07:00:02,395.63,387.80,398.96,386.40,36230475,10.70,2.00,23.56,腾讯财经
2026-07-16 07:10:00,395.63,387.80,398.96,386.40,36237013,10.70,2.00,23.56,腾讯财经
2026-07-16 07:20:00,395.63,387.80,398.96,386.40,36242860,10.70,2.00,23.56,腾讯财经
2026-07-16 07:30:00,395.63,387.80,398.96,386.40,36244882,10.70,2.00,23.56,腾讯财经
2026-07-16 08:40:00,395.63,387.80,398.96,386.40,36253745,10.70,2.00,23.56,腾讯财经
2026-07-16 08:50:00,395.63,387.80,398.96,386.40,36253745,10.70,2.00,23.56,腾讯财经
2026-07-16 09:00:00,395.63,387.80,398.96,386.40,36253745,10.70,2.00,23.56,腾讯财经
2026-07-16 09:10:04,395.63,387.80,398.96,386.40,36253745,10.70,2.00,23.56,腾讯财经
2026-07-16 09:20:00,395.63,387.80,398.96,386.40,36253745,10.70,2.00,23.56,腾讯财经
2026-07-16 09:30:05,395.63,387.80,398.96,386.40,36253745,10.70,2.00,23.56,腾讯财经
2026-07-16 09:40:00,395.63,387.80,398.96,386.40,36253745,10.70,2.00,23.56,腾讯财经
2026-07-16 09:50:00,395.63,387.80,398.96,386.40,36253745,10.70,2.00,23.56,腾讯财经
2026-07-16 10:00:00,395.63,387.80,398.96,386.40,36253745,10.70,2.00,23.56,腾讯财经
2026-07-16 10:10:01,395.63,387.80,398.96,386.40,36253745,10.70,2.00,23.56,腾讯财经
2026-07-16 10:20:00,395.63,387.80,398.96,386.40,36253745,10.70,2.00,23.56,腾讯财经
2026-07-16 10:30:01,395.63,387.80,398.96,386.40,36253745,10.70,2.00,23.56,腾讯财经
2026-07-16 10:40:05,395.63,387.80,398.96,386.40,36253745,10.70,2.00,23.56,腾讯财经
2026-07-16 10:50:03,395.63,387.80,398.96,386.40,36253745,10.70,2.00,23.56,腾讯财经
2026-07-16 11:00:02,395.63,387.80,398.96,386.40,36253745,10.70,2.00,23.56,腾讯财经
2026-07-16 11:10:05,395.63,387.80,398.96,386.40,36253745,10.70,2.00,23.56,腾讯财经
2026-07-16 11:20:00,395.63,387.80,398.96,386.40,36253745,10.70,2.00,23.56,腾讯财经
2026-07-16 11:30:00,395.63,387.80,398.96,386.40,36253745,10.70,2.00,23.56,腾讯财经
2026-07-16 11:40:00,395.63,387.80,398.96,386.40,36253745,10.70,2.00,23.56,腾讯财经
2026-07-16 11:50:03,395.63,387.80,398.96,386.40,36253745,10.70,2.00,23.56,腾讯财经
2026-07-16 12:00:01,395.63,387.80,398.96,386.40,36253745,10.70,2.00,23.56,腾讯财经
2026-07-16 12:10:00,395.63,387.80,398.96,386.40,36253745,10.70,2.00,23.56,腾讯财经
2026-07-16 12:20:00,395.63,387.80,398.96,386.40,36253745,10.70,2.00,23.56,腾讯财经
2026-07-16 12:30:02,395.63,387.80,398.96,386.40,36253745,10.70,2.00,23.56,腾讯财经
2026-07-16 12:40:05,395.63,387.80,398.96,386.40,36253745,10.70,2.00,23.56,腾讯财经
2026-07-16 12:50:00,395.63,387.80,398.96,386.40,36253745,10.70,2.00,23.56,腾讯财经
2026-07-16 13:00:02,395.63,387.80,398.96,386.40,36253745,10.70,2.00,23.56,腾讯财经
2026-07-16 13:10:00,395.63,387.80,398.96,386.40,36253745,10.70,2.00,23.56,腾讯财经
2026-07-16 13:20:03,395.63,387.80,398.96,386.40,36253745,10.70,2.00,23.56,腾讯财经
2026-07-16 13:30:04,395.63,387.80,398.96,386.40,36253745,10.70,2.00,23.56,腾讯财经
2026-07-16 13:40:00,395.63,387.80,398.96,386.40,36253745,10.70,2.00,23.56,腾讯财经
2026-07-16 13:50:01,395.63,387.80,398.96,386.40,36253745,10.70,2.00,23.56,腾讯财经
2026-07-16 14:00:03,395.63,387.80,398.96,386.40,36253745,10.70,2.00,23.56,腾讯财经
2026-07-16 14:10:02,395.63,387.80,398.96,386.40,36253745,10.70,2.00,23.56,腾讯财经
2026-07-16 14:20:01,395.63,387.80,398.96,386.40,36253745,10.70,2.00,23.56,腾讯财经
2026-07-16 14:30:00,395.63,387.80,398.96,386.40,36253745,10.70,2.00,23.56,腾讯财经
2026-07-16 14:40:00,395.63,387.80,398.96,386.40,36253745,10.70,2.00,23.56,腾讯财经
2026-07-16 14:50:03,395.63,387.80,398.96,386.40,36253745,10.70,2.00,23.56,腾讯财经
2026-07-16 15:00:04,395.63,387.80,398.96,386.40,36253745,10.70,2.00,23.56,腾讯财经
2026-07-16 15:10:00,395.63,387.80,398.96,386.40,36253745,10.70,2.00,23.56,腾讯财经
2026-07-16 15:20:00,395.63,387.80,398.96,386.40,36253745,10.70,2.00,23.56,腾讯财经
2026-07-16 15:30:04,395.63,387.80,398.96,386.40,36253745,10.70,2.00,23.56,腾讯财经
2026-07-16 15:40:02,395.63,387.80,398.96,386.40,36253745,10.70,2.00,23.56,腾讯财经
2026-07-16 15:50:02,395.63,387.80,398.96,386.40,36253745,10.70,2.00,23.56,腾讯财经
2026-07-16 16:00:03,395.63,387.80,398.96,386.40,36253745,10.70,2.00,23.56,腾讯财经
2026-07-16 16:10:00,395.63,387.80,398.96,386.40,36253745,10.70,2.00,23.56,腾讯财经
2026-07-16 16:20:00,395.63,387.80,398.96,386.40,36253745,10.70,2.00,23.56,腾讯财经
2026-07-16 16:30:04,395.63,387.80,398.96,386.40,36253745,10.70,2.00,23.56,腾讯财经
2026-07-16 16:40:00,395.63,387.80,398.96,386.40,36253745,10.70,2.00,23.56,腾讯财经
2026-07-16 16:50:00,395.63,387.80,398.96,386.40,36253745,10.70,2.00,23.56,腾讯财经
2026-07-16 17:00:05,395.63,387.80,398.96,386.40,36253745,10.70,2.00,23.56,腾讯财经
2026-07-16 17:10:04,395.63,387.80,398.96,386.40,36253745,10.70,2.00,23.56,腾讯财经
2026-07-16 17:20:03,395.63,387.80,398.96,386.40,36253745,10.70,2.00,23.56,腾讯财经
2026-07-16 17:30:01,395.63,387.80,398.96,386.40,36253745,10.70,2.00,23.56,腾讯财经
2026-07-16 18:44:02,395.63,387.80,398.96,386.40,36253745,10.70,2.00,23.56,腾讯财经
2026-07-16 18:50:03,395.63,387.80,398.96,386.40,36253745,10.70,2.00,23.56,腾讯财经
2026-07-16 19:00:00,395.63,387.80,398.96,386.40,36253745,10.70,2.00,23.56,腾讯财经
2026-07-16 19:10:00,395.63,387.80,398.96,386.40,36253745,10.70,2.00,23.56,腾讯财经
2026-07-16 19:20:04,395.63,387.80,398.96,386.40,36253745,10.70,2.00,23.56,腾讯财经
2026-07-16 19:30:01,395.63,387.80,398.96,386.40,36253745,10.70,2.00,23.56,腾讯财经
2026-07-16 19:40:04,395.63,387.80,398.96,386.40,36253745,10.70,2.00,23.56,腾讯财经
2026-07-16 19:50:00,395.63,387.80,398.96,386.40,36253745,10.70,2.00,23.56,腾讯财经
2026-07-16 20:00:04,395.63,387.80,398.96,386.40,36253745,10.70,2.00,23.56,腾讯财经
2026-07-16 20:10:00,395.63,387.80,398.96,386.40,36253745,10.70,2.00,23.56,腾讯财经
2026-07-16 20:20:04,395.63,387.80,398.96,386.40,36253745,10.70,2.00,23.56,腾讯财经
2026-07-16 20:30:04,395.63,387.80,398.96,386.40,36253745,10.70,2.00,23.56,腾讯财经
2026-07-16 20:40:01,395.63,387.80,398.96,386.40,36253745,10.70,2.00,23.56,腾讯财经
2026-07-16 20:50:00,395.63,387.80,398.96,386.40,36253745,10.70,2.00,23.56,腾讯财经
2026-07-16 21:00:00,395.63,387.80,398.96,386.40,36253745,10.70,2.00,23.56,腾讯财经
2026-07-16 21:10:02,395.63,387.80,398.96,386.40,36253745,10.70,2.00,23.56,腾讯财经
2026-07-16 21:20:01,395.63,387.80,398.96,386.40,36253745,10.70,2.00,23.56,腾讯财经
2026-07-16 21:30:02,395.63,0.00,0.00,0.00,711345,0,0,23.56,腾讯财经
2026-07-16 21:40:00,396.00,398.08,398.71,394.21,2670246,.37,0,23.59,腾讯财经
2026-07-16 21:50:00,393.50,398.31,398.71,392.05,3792572,-2.13,0,23.44,腾讯财经
2026-07-16 22:00:00,393.97,398.31,398.71,392.05,4572036,-1.66,0,23.46,腾讯财经
2026-07-16 22:10:00,392.92,398.31,398.71,392.05,5301083,-2.71,0,23.40,腾讯财经
2026-07-16 22:20:04,394.63,398.31,398.71,392.05,6062987,-1.00,0,23.50,腾讯财经
2026-07-16 22:30:00,396.04,398.31,398.71,392.05,6724790,.41,0,23.59,腾讯财经
2026-07-16 22:40:00,396.83,398.31,398.71,392.05,7408891,1.20,0,23.63,腾讯财经
2026-07-16 22:50:02,397.58,398.31,398.71,392.05,8069563,1.95,0,23.68,腾讯财经
2026-07-16 23:00:05,397.25,398.31,398.71,392.05,8486466,1.62,0,23.66,腾讯财经
2026-07-16 23:10:00,397.55,398.31,398.71,392.05,8910494,1.92,0,23.68,腾讯财经
2026-07-16 23:20:00,398.24,398.31,398.71,392.05,9298477,2.61,0,23.72,腾讯财经
2026-07-16 23:30:01,398.87,398.31,399.64,392.05,9889192,3.24,0,23.76,腾讯财经
2026-07-16 23:40:03,399.10,398.31,399.64,392.05,10239396,3.47,0,23.77,腾讯财经
2026-07-16 23:50:02,398.92,398.31,399.64,392.05,10661550,3.29,0,23.76,腾讯财经
2026-07-17 00:00:00,400.26,398.31,400.49,392.05,11245221,4.63,1.00,23.84,腾讯财经
2026-07-17 00:10:03,400.25,398.31,400.61,392.05,11712824,4.62,1.00,23.84,腾讯财经
2026-07-17 00:20:00,400.15,398.31,400.61,392.05,12198693,4.52,1.00,23.83,腾讯财经
2026-07-17 00:30:00,400.66,398.31,400.86,392.05,12688750,5.03,1.00,23.86,腾讯财经
2026-07-17 00:40:04,401.22,398.31,402.04,392.05,13317836,5.59,1.00,23.90,腾讯财经
2026-07-17 00:50:00,403.50,398.31,403.71,392.05,14130791,7.87,1.00,24.03,腾讯财经
2026-07-17 01:00:02,402.88,398.31,404.45,392.05,15060728,7.25,1.00,24.00,腾讯财经
2026-07-17 01:10:00,401.73,398.31,404.45,392.05,15754440,6.10,1.00,23.93,腾讯财经
2026-07-17 01:20:00,402.38,398.31,404.45,392.05,16214289,6.75,1.00,23.97,腾讯财经
2026-07-17 01:30:00,403.67,398.31,404.45,392.05,16812289,8.04,2.00,24.04,腾讯财经
2026-07-17 01:40:00,402.75,398.31,404.45,392.05,17323072,7.12,1.00,23.99,腾讯财经
2026-07-17 01:50:00,402.70,398.31,404.45,392.05,17783027,7.07,1.00,23.98,腾讯财经
2026-07-17 02:00:02,402.71,398.31,404.45,392.05,18237773,7.08,1.00,23.98,腾讯财经
2026-07-17 02:10:00,404.16,398.31,404.45,392.05,18884193,8.53,2.00,24.07,腾讯财经
2026-07-17 02:20:00,404.48,398.31,404.60,392.05,19573597,8.85,2.00,24.09,腾讯财经
2026-07-17 02:30:00,404.34,398.31,404.75,392.05,20333068,8.71,2.00,24.08,腾讯财经
2026-07-17 02:40:05,404.17,398.31,404.85,392.05,21095343,8.54,2.00,24.07,腾讯财经
2026-07-17 02:50:04,404.60,398.31,404.85,392.05,21613485,8.97,2.00,24.10,腾讯财经
2026-07-17 03:00:00,405.56,398.31,405.78,392.05,22296928,9.93,2.00,24.15,腾讯财经
2026-07-17 03:10:01,403.43,398.31,405.99,392.05,23351380,7.80,1.00,24.03,腾讯财经
2026-07-17 03:20:00,402.33,398.31,405.99,392.05,24474639,6.70,1.00,23.96,腾讯财经
2026-07-17 03:30:00,401.77,398.31,405.99,392.05,25170063,6.14,1.00,23.93,腾讯财经
2026-07-17 03:40:02,400.04,398.31,405.99,392.05,25990791,4.41,1.00,23.83,腾讯财经
2026-07-17 03:50:02,399.95,398.31,405.99,392.05,27045698,4.32,1.00,23.82,腾讯财经
2026-07-17 04:00:00,400.99,398.31,405.99,392.05,28966335,5.36,1.00,23.88,腾讯财经
2026-07-17 04:10:05,401.10,398.31,405.99,392.05,36466315,5.47,1.00,23.89,腾讯财经
2026-07-17 04:20:04,401.10,398.31,405.99,392.05,36461206,5.47,1.00,23.89,腾讯财经
2026-07-17 04:30:00,401.10,398.31,405.99,392.05,36478786,5.47,1.00,23.89,腾讯财经
2026-07-17 04:40:00,401.10,398.31,405.99,392.05,36483487,5.47,1.00,23.89,腾讯财经
2026-07-17 04:50:00,401.10,398.31,405.99,392.05,36489839,5.47,1.00,23.89,腾讯财经
2026-07-17 05:00:03,401.10,398.31,405.99,392.05,36693593,5.47,1.00,23.89,腾讯财经
2026-07-17 05:10:00,401.10,398.31,405.99,392.05,36701772,5.47,1.00,23.89,腾讯财经
2026-07-17 05:20:00,401.10,398.31,405.99,392.05,36707414,5.47,1.00,23.89,腾讯财经
2026-07-17 05:30:05,401.10,398.31,405.99,392.05,36849963,5.47,1.00,23.89,腾讯财经
2026-07-17 05:40:00,401.10,398.31,405.99,392.05,36852373,5.47,1.00,23.89,腾讯财经
2026-07-17 05:50:00,401.10,398.31,405.99,392.05,36856628,5.47,1.00,23.89,腾讯财经
2026-07-17 06:00:05,401.10,398.31,405.99,392.05,36860331,5.47,1.00,23.89,腾讯财经
2026-07-17 06:10:01,401.10,398.31,405.99,392.05,36942485,5.47,1.00,23.89,腾讯财经
2026-07-17 06:20:02,401.10,398.31,405.99,392.05,36953871,5.47,1.00,23.89,腾讯财经
2026-07-17 06:30:00,401.10,398.31,405.99,392.05,36965355,5.47,1.00,23.89,腾讯财经
2026-07-17 06:40:00,401.10,398.31,405.99,392.05,36968908,5.47,1.00,23.89,腾讯财经
2026-07-17 06:50:00,401.10,398.31,405.99,392.05,36991316,5.47,1.00,23.89,腾讯财经
2026-07-17 07:00:00,401.10,398.31,405.99,392.05,37001003,5.47,1.00,23.89,腾讯财经
2026-07-17 07:10:04,401.10,398.31,405.99,392.05,37005399,5.47,1.00,23.89,腾讯财经
2026-07-17 07:20:04,401.10,398.31,405.99,392.05,37009984,5.47,1.00,23.89,腾讯财经
2026-07-17 07:30:00,401.10,398.31,405.99,392.05,37017700,5.47,1.00,23.89,腾讯财经
2026-07-17 07:40:03,401.10,398.31,405.99,392.05,37031903,5.47,1.00,23.89,腾讯财经
2026-07-17 07:50:01,401.10,398.31,405.99,392.05,37040881,5.47,1.00,23.89,腾讯财经
2026-07-17 08:36:38,401.10,398.31,405.99,392.05,37047443,5.47,1.00,23.89,腾讯财经
2026-07-17 08:40:05,401.10,398.31,405.99,392.05,37047443,5.47,1.00,23.89,腾讯财经
2026-07-17 08:50:00,401.10,398.31,405.99,392.05,37047443,5.47,1.00,23.89,腾讯财经
2026-07-17 09:00:05,401.10,398.31,405.99,392.05,37047443,5.47,1.00,23.89,腾讯财经
2026-07-17 09:10:05,401.10,398.31,405.99,392.05,37047443,5.47,1.00,23.89,腾讯财经
2026-07-17 09:20:05,401.10,398.31,405.99,392.05,37047443,5.47,1.00,23.89,腾讯财经
2026-07-17 09:30:03,401.10,398.31,405.99,392.05,37047443,5.47,1.00,23.89,腾讯财经
2026-07-17 09:40:00,401.10,398.31,405.99,392.05,37047443,5.47,1.00,23.89,腾讯财经
2026-07-17 09:50:03,401.10,398.31,405.99,392.05,37047443,5.47,1.00,23.89,腾讯财经
2026-07-17 10:00:01,401.10,398.31,405.99,392.05,37047443,5.47,1.00,23.89,腾讯财经
2026-07-17 10:10:00,401.10,398.31,405.99,392.05,37047443,5.47,1.00,23.89,腾讯财经
2026-07-17 10:20:01,401.10,398.31,405.99,392.05,37047443,5.47,1.00,23.89,腾讯财经
2026-07-17 10:30:03,401.10,398.31,405.99,392.05,37047443,5.47,1.00,23.89,腾讯财经
2026-07-17 10:40:01,401.10,398.31,405.99,392.05,37047443,5.47,1.00,23.89,腾讯财经
2026-07-17 10:50:01,401.10,398.31,405.99,392.05,37047443,5.47,1.00,23.89,腾讯财经
2026-07-17 11:00:00,401.10,398.31,405.99,392.05,37047443,5.47,1.00,23.89,腾讯财经
2026-07-17 11:10:03,401.10,398.31,405.99,392.05,37047443,5.47,1.00,23.89,腾讯财经
2026-07-17 11:20:00,401.10,398.31,405.99,392.05,37047443,5.47,1.00,23.89,腾讯财经
2026-07-17 11:30:04,401.10,398.31,405.99,392.05,37047443,5.47,1.00,23.89,腾讯财经
2026-07-17 11:40:05,401.10,398.31,405.99,392.05,37047443,5.47,1.00,23.89,腾讯财经
2026-07-17 11:50:00,401.10,398.31,405.99,392.05,37047443,5.47,1.00,23.89,腾讯财经
2026-07-17 12:00:00,401.10,398.31,405.99,392.05,37047443,5.47,1.00,23.89,腾讯财经
2026-07-17 12:10:00,401.10,398.31,405.99,392.05,37047443,5.47,1.00,23.89,腾讯财经
2026-07-17 12:20:00,401.10,398.31,405.99,392.05,37047443,5.47,1.00,23.89,腾讯财经
2026-07-17 12:30:00,401.10,398.31,405.99,392.05,37047443,5.47,1.00,23.89,腾讯财经
2026-07-17 12:40:03,401.10,398.31,405.99,392.05,37047443,5.47,1.00,23.89,腾讯财经
2026-07-17 12:50:02,401.10,398.31,405.99,392.05,37047443,5.47,1.00,23.89,腾讯财经
2026-07-17 13:00:00,401.10,398.31,405.99,392.05,37047443,5.47,1.00,23.89,腾讯财经
2026-07-17 13:10:00,401.10,398.31,405.99,392.05,37047443,5.47,1.00,23.89,腾讯财经
2026-07-17 13:20:02,401.10,398.31,405.99,392.05,37047443,5.47,1.00,23.89,腾讯财经
2026-07-17 13:30:00,401.10,398.31,405.99,392.05,37047443,5.47,1.00,23.89,腾讯财经
2026-07-17 13:40:00,401.10,398.31,405.99,392.05,37047443,5.47,1.00,23.89,腾讯财经
2026-07-17 13:50:04,401.10,398.31,405.99,392.05,37047443,5.47,1.00,23.89,腾讯财经
2026-07-17 14:00:00,401.10,398.31,405.99,392.05,37047443,5.47,1.00,23.89,腾讯财经
2026-07-17 14:10:00,401.10,398.31,405.99,392.05,37047443,5.47,1.00,23.89,腾讯财经
2026-07-17 14:20:00,401.10,398.31,405.99,392.05,37047443,5.47,1.00,23.89,腾讯财经
2026-07-17 14:30:00,401.10,398.31,405.99,392.05,37047443,5.47,1.00,23.89,腾讯财经
2026-07-17 14:40:00,401.10,398.31,405.99,392.05,37047443,5.47,1.00,23.89,腾讯财经
2026-07-17 14:50:03,401.10,398.31,405.99,392.05,37047443,5.47,1.00,23.89,腾讯财经
2026-07-17 15:00:00,401.10,398.31,405.99,392.05,37047443,5.47,1.00,23.89,腾讯财经
2026-07-17 15:10:00,401.10,398.31,405.99,392.05,37047443,5.47,1.00,23.89,腾讯财经
2026-07-17 15:20:00,401.10,398.31,405.99,392.05,37047443,5.47,1.00,23.89,腾讯财经
2026-07-17 15:30:02,401.10,398.31,405.99,392.05,37047443,5.47,1.00,23.89,腾讯财经
2026-07-17 15:40:02,401.10,398.31,405.99,392.05,37047443,5.47,1.00,23.89,腾讯财经
2026-07-17 15:50:00,401.10,398.31,405.99,392.05,37047443,5.47,1.00,23.89,腾讯财经
2026-07-17 16:00:03,401.10,398.31,405.99,392.05,37047443,5.47,1.00,23.89,腾讯财经
2026-07-17 16:10:00,401.10,398.31,405.99,392.05,37047443,5.47,1.00,23.89,腾讯财经
2026-07-17 16:20:00,401.10,398.31,405.99,392.05,37047443,5.47,1.00,23.89,腾讯财经
2026-07-17 16:30:04,401.10,398.31,405.99,392.05,37047443,5.47,1.00,23.89,腾讯财经
2026-07-17 16:40:00,401.10,398.31,405.99,392.05,37047443,5.47,1.00,23.89,腾讯财经
2026-07-17 16:50:00,401.10,398.31,405.99,392.05,37047443,5.47,1.00,23.89,腾讯财经
2026-07-17 17:00:00,401.10,398.31,405.99,392.05,37047443,5.47,1.00,23.89,腾讯财经
2026-07-17 17:10:00,401.10,398.31,405.99,392.05,37047443,5.47,1.00,23.89,腾讯财经
2026-07-17 17:20:02,401.10,398.31,405.99,392.05,37047443,5.47,1.00,23.89,腾讯财经
2026-07-17 17:30:00,401.10,398.31,405.99,392.05,37047443,5.47,1.00,23.89,腾讯财经
2026-07-17 19:23:14,401.10,398.31,405.99,392.05,37047443,5.47,1.00,23.89,腾讯财经
2026-07-17 19:30:02,401.10,398.31,405.99,392.05,37047443,5.47,1.00,23.89,腾讯财经
2026-07-17 19:40:00,401.10,398.31,405.99,392.05,37047443,5.47,1.00,23.89,腾讯财经
2026-07-17 19:50:03,401.10,398.31,405.99,392.05,37047443,5.47,1.00,23.89,腾讯财经
2026-07-17 20:00:00,401.10,398.31,405.99,392.05,37047443,5.47,1.00,23.89,腾讯财经
2026-07-17 20:10:04,401.10,398.31,405.99,392.05,37047443,5.47,1.00,23.89,腾讯财经
2026-07-17 20:20:05,401.10,398.31,405.99,392.05,37047443,5.47,1.00,23.89,腾讯财经
2026-07-17 20:30:04,401.10,398.31,405.99,392.05,37047443,5.47,1.00,23.89,腾讯财经
2026-07-17 20:40:00,401.10,398.31,405.99,392.05,37047443,5.47,1.00,23.89,腾讯财经
2026-07-17 20:50:03,401.10,398.31,405.99,392.05,37047443,5.47,1.00,23.89,腾讯财经
2026-07-17 21:00:05,401.10,398.31,405.99,392.05,37047443,5.47,1.00,23.89,腾讯财经
2026-07-17 21:10:04,401.10,398.31,405.99,392.05,37047443,5.47,1.00,23.89,腾讯财经
2026-07-17 21:20:03,401.10,398.31,405.99,392.05,37047443,5.47,1.00,23.89,腾讯财经
2026-07-17 21:30:00,401.10,0.00,0.00,0.00,716890,0,0,23.89,腾讯财经
2026-07-17 21:40:02,397.26,394.86,398.39,393.41,4558045,-3.84,0,23.66,腾讯财经
2026-07-17 21:50:03,393.36,394.86,398.39,392.39,5832303,-7.74,-1.00,23.43,腾讯财经
2026-07-17 22:00:05,393.35,394.86,398.39,392.39,6640951,-7.75,-1.00,23.43,腾讯财经
2026-07-17 22:10:04,391.69,394.86,398.39,391.53,8097921,-9.41,-2.00,23.33,腾讯财经
2026-07-17 22:20:03,393.11,394.86,398.39,391.22,8934430,-7.99,-1.00,23.41,腾讯财经
2026-07-17 22:30:00,393.18,394.86,398.39,391.22,9838091,-7.92,-1.00,23.42,腾讯财经
2026-07-17 22:40:04,392.05,394.86,398.39,391.22,10770197,-9.05,-2.00,23.35,腾讯财经
2026-07-17 22:50:03,391.92,394.86,398.39,391.03,11398121,-9.18,-2.00,23.34,腾讯财经
2026-07-17 23:00:00,392.01,394.86,398.39,390.70,12212846,-9.09,-2.00,23.35,腾讯财经
2026-07-17 23:10:02,391.69,394.86,398.39,390.70,12655717,-9.41,-2.00,23.33,腾讯财经
2026-07-17 23:20:03,389.93,394.86,398.39,389.39,13654094,-11.17,-2.00,23.22,腾讯财经
2026-07-17 23:30:01,390.85,394.86,398.39,389.39,14166194,-10.25,-2.00,23.28,腾讯财经
2026-07-17 23:40:00,391.78,394.86,398.39,389.39,14564808,-9.32,-2.00,23.33,腾讯财经
2026-07-17 23:50:03,392.39,394.86,398.39,389.39,15282060,-8.71,-2.00,23.37,腾讯财经
2026-07-18 00:00:02,392.42,394.86,398.39,389.39,15586827,-8.68,-2.00,23.37,腾讯财经
2026-07-18 00:10:00,391.60,394.86,398.39,389.39,15991390,-9.50,-2.00,23.32,腾讯财经
2026-07-18 00:20:03,392.62,394.86,398.39,389.39,16324698,-8.48,-2.00,23.38,腾讯财经
2026-07-18 00:30:04,392.62,394.86,398.39,389.39,16655460,-8.48,-2.00,23.38,腾讯财经
2026-07-18 00:40:00,393.12,394.86,398.39,389.39,16933284,-7.98,-1.00,23.41,腾讯财经
2026-07-18 00:50:05,394.23,394.86,398.39,389.39,17238329,-6.87,-1.00,23.48,腾讯财经
2026-07-18 01:00:00,394.03,394.86,398.39,389.39,17989761,-7.07,-1.00,23.47,腾讯财经
2026-07-18 01:10:03,394.39,394.86,398.39,389.39,18307390,-6.71,-1.00,23.49,腾讯财经
2026-07-18 01:20:03,394.29,394.86,398.39,389.39,18622179,-6.81,-1.00,23.48,腾讯财经
2026-07-18 01:30:03,394.66,394.86,398.39,389.39,18924901,-6.44,-1.00,23.51,腾讯财经
2026-07-18 01:40:01,395.28,394.86,398.39,389.39,19243115,-5.82,-1.00,23.54,腾讯财经
2026-07-18 01:50:03,394.98,394.86,398.39,389.39,19491118,-6.12,-1.00,23.52,腾讯财经
2026-07-18 02:00:00,394.90,394.86,398.39,389.39,19701071,-6.20,-1.00,23.52,腾讯财经
2026-07-18 02:10:00,395.21,394.86,398.39,389.39,20265340,-5.89,-1.00,23.54,腾讯财经
2026-07-18 02:20:03,395.44,394.86,398.39,389.39,20697351,-5.66,-1.00,23.55,腾讯财经
2026-07-18 02:30:00,394.90,394.86,398.39,389.39,20940997,-6.20,-1.00,23.52,腾讯财经
2026-07-18 02:40:00,394.28,394.86,398.39,389.39,21320418,-6.82,-1.00,23.48,腾讯财经
2026-07-18 02:50:03,394.85,394.86,398.39,389.39,21635424,-6.25,-1.00,23.52,腾讯财经
2026-07-18 03:00:00,395.24,394.86,398.39,389.39,21912387,-5.86,-1.00,23.54,腾讯财经
2026-07-18 03:10:03,394.97,394.86,398.39,389.39,22745746,-6.13,-1.00,23.52,腾讯财经
2026-07-18 03:20:03,394.74,394.86,398.39,389.39,23206510,-6.36,-1.00,23.51,腾讯财经
2026-07-18 03:30:00,395.61,394.86,398.39,389.39,23598305,-5.49,-1.00,23.56,腾讯财经
2026-07-18 03:40:05,395.14,394.86,398.39,389.39,24146309,-5.96,-1.00,23.53,腾讯财经
2026-07-18 03:50:03,395.25,394.86,398.39,389.39,24672396,-5.85,-1.00,23.54,腾讯财经
2026-07-18 04:00:00,394.19,394.86,398.39,389.39,26066803,-6.91,-1.00,23.48,腾讯财经
2026-07-18 04:10:00,393.82,394.86,398.39,389.39,32090576,-7.28,-1.00,23.46,腾讯财经
2026-07-18 04:20:03,393.82,394.86,398.39,389.39,32548908,-7.28,-1.00,23.46,腾讯财经
2026-07-18 04:30:00,393.82,394.86,398.39,389.39,32650492,-7.28,-1.00,23.46,腾讯财经
2026-07-18 04:40:00,393.82,394.86,398.39,389.39,32669393,-7.28,-1.00,23.46,腾讯财经
2026-07-18 04:50:03,393.82,394.86,398.39,389.39,32983046,-7.28,-1.00,23.46,腾讯财经
2026-07-18 05:10:00,393.82,394.86,398.39,389.39,32990153,-7.28,-1.00,23.46,腾讯财经
2026-07-18 05:20:03,393.82,394.86,398.39,389.39,32993127,-7.28,-1.00,23.46,腾讯财经
2026-07-18 05:30:03,393.82,394.86,398.39,389.39,32997100,-7.28,-1.00,23.46,腾讯财经
2026-07-18 05:40:00,393.82,394.86,398.39,389.39,32999594,-7.28,-1.00,23.46,腾讯财经
2026-07-18 05:50:03,393.82,394.86,398.39,389.39,33007561,-7.28,-1.00,23.46,腾讯财经
2026-07-18 06:00:03,393.82,394.86,398.39,389.39,33010069,-7.28,-1.00,23.46,腾讯财经
2026-07-18 06:10:05,393.82,394.86,398.39,389.39,33014297,-7.28,-1.00,23.46,腾讯财经
2026-07-18 06:20:03,393.82,394.86,398.39,389.39,33017073,-7.28,-1.00,23.46,腾讯财经
2026-07-18 06:30:00,393.82,394.86,398.39,389.39,33019368,-7.28,-1.00,23.46,腾讯财经
2026-07-18 06:40:02,393.82,394.86,398.39,389.39,33021553,-7.28,-1.00,23.46,腾讯财经
2026-07-18 06:50:04,393.82,394.86,398.39,389.39,33024825,-7.28,-1.00,23.46,腾讯财经
2026-07-18 07:00:00,393.82,394.86,398.39,389.39,33027242,-7.28,-1.00,23.46,腾讯财经
2026-07-18 07:10:00,393.82,394.86,398.39,389.39,33029704,-7.28,-1.00,23.46,腾讯财经
2026-07-18 07:20:03,393.82,394.86,398.39,389.39,33031376,-7.28,-1.00,23.46,腾讯财经
2026-07-18 07:30:02,393.82,394.86,398.39,389.39,33036821,-7.28,-1.00,23.46,腾讯财经
2026-07-18 07:40:04,393.82,394.86,398.39,389.39,33041630,-7.28,-1.00,23.46,腾讯财经
2026-07-18 07:50:03,393.82,394.86,398.39,389.39,33044299,-7.28,-1.00,23.46,腾讯财经
2026-07-18 08:00:00,393.82,394.86,398.39,389.39,33049151,-7.28,-1.00,23.46,腾讯财经
2026-07-18 08:10:05,393.82,394.86,398.39,389.39,33049842,-7.28,-1.00,23.46,腾讯财经
2026-07-18 08:20:03,393.82,394.86,398.39,389.39,33049842,-7.28,-1.00,23.46,腾讯财经
2026-07-18 08:30:00,393.82,394.86,398.39,389.39,33049842,-7.28,-1.00,23.46,腾讯财经
2026-07-18 08:40:00,393.82,394.86,398.39,389.39,33049842,-7.28,-1.00,23.46,腾讯财经
2026-07-18 08:50:03,393.82,394.86,398.39,389.39,33049842,-7.28,-1.00,23.46,腾讯财经
2026-07-18 09:00:00,393.82,394.86,398.39,389.39,33049842,-7.28,-1.00,23.46,腾讯财经
2026-07-18 09:10:00,393.82,394.86,398.39,389.39,33049842,-7.28,-1.00,23.46,腾讯财经
2026-07-18 09:20:05,393.82,394.86,398.39,389.39,33049842,-7.28,-1.00,23.46,腾讯财经
2026-07-18 09:30:00,393.82,394.86,398.39,389.39,33049842,-7.28,-1.00,23.46,腾讯财经
2026-07-18 09:40:03,393.82,394.86,398.39,389.39,33049842,-7.28,-1.00,23.46,腾讯财经
2026-07-18 09:50:03,393.82,394.86,398.39,389.39,33049842,-7.28,-1.00,23.46,腾讯财经
2026-07-18 10:00:04,393.82,394.86,398.39,389.39,33049842,-7.28,-1.00,23.46,腾讯财经
2026-07-18 10:10:00,393.82,394.86,398.39,389.39,33049842,-7.28,-1.00,23.46,腾讯财经
2026-07-18 10:20:03,393.82,394.86,398.39,389.39,33049842,-7.28,-1.00,23.46,腾讯财经
2026-07-18 10:30:05,393.82,394.86,398.39,389.39,33049842,-7.28,-1.00,23.46,腾讯财经
2026-07-18 10:40:01,393.82,394.86,398.39,389.39,33049842,-7.28,-1.00,23.46,腾讯财经
2026-07-18 10:50:03,393.82,394.86,398.39,389.39,33049842,-7.28,-1.00,23.46,腾讯财经
2026-07-18 11:00:00,393.82,394.86,398.39,389.39,33049842,-7.28,-1.00,23.46,腾讯财经
2026-07-18 11:10:00,393.82,394.86,398.39,389.39,33049842,-7.28,-1.00,23.46,腾讯财经
2026-07-18 11:20:03,393.82,394.86,398.39,389.39,33049842,-7.28,-1.00,23.46,腾讯财经
2026-07-18 11:30:05,393.82,394.86,398.39,389.39,33049842,-7.28,-1.00,23.46,腾讯财经
2026-07-18 11:40:02,393.82,394.86,398.39,389.39,33049842,-7.28,-1.00,23.46,腾讯财经
2026-07-18 11:50:05,393.82,394.86,398.39,389.39,33049842,-7.28,-1.00,23.46,腾讯财经
2026-07-18 12:00:00,393.82,394.86,398.39,389.39,33049842,-7.28,-1.00,23.46,腾讯财经
2026-07-18 12:10:00,393.82,394.86,398.39,389.39,33049842,-7.28,-1.00,23.46,腾讯财经
2026-07-18 12:20:03,393.82,394.86,398.39,389.39,33049842,-7.28,-1.00,23.46,腾讯财经
2026-07-18 12:30:00,393.82,394.86,398.39,389.39,33049842,-7.28,-1.00,23.46,腾讯财经
2026-07-18 12:40:00,393.82,394.86,398.39,389.39,33049842,-7.28,-1.00,23.46,腾讯财经
2026-07-18 12:50:05,393.82,394.86,398.39,389.39,33049842,-7.28,-1.00,23.46,腾讯财经
2026-07-18 13:00:00,393.82,394.86,398.39,389.39,33049842,-7.28,-1.00,23.46,腾讯财经
2026-07-18 13:10:02,393.82,394.86,398.39,389.39,33049842,-7.28,-1.00,23.46,腾讯财经
2026-07-18 13:20:03,393.82,394.86,398.39,389.39,33049842,-7.28,-1.00,23.46,腾讯财经
2026-07-18 13:30:00,393.82,394.86,398.39,389.39,33049842,-7.28,-1.00,23.46,腾讯财经
2026-07-18 13:40:01,393.82,394.86,398.39,389.39,33049842,-7.28,-1.00,23.46,腾讯财经
2026-07-18 13:50:03,393.82,394.86,398.39,389.39,33049842,-7.28,-1.00,23.46,腾讯财经
2026-07-18 14:00:00,393.82,394.86,398.39,389.39,33049842,-7.28,-1.00,23.46,腾讯财经
2026-07-18 14:10:00,393.82,394.86,398.39,389.39,33049842,-7.28,-1.00,23.46,腾讯财经
2026-07-18 14:20:03,393.82,394.86,398.39,389.39,33049842,-7.28,-1.00,23.46,腾讯财经
2026-07-18 14:30:03,393.82,394.86,398.39,389.39,33049842,-7.28,-1.00,23.46,腾讯财经
2026-07-18 14:40:03,393.82,394.86,398.39,389.39,33049842,-7.28,-1.00,23.46,腾讯财经
2026-07-18 14:50:03,393.82,394.86,398.39,389.39,33049842,-7.28,-1.00,23.46,腾讯财经
2026-07-18 15:00:01,393.82,394.86,398.39,389.39,33049842,-7.28,-1.00,23.46,腾讯财经
2026-07-18 15:10:00,393.82,394.86,398.39,389.39,33049842,-7.28,-1.00,23.46,腾讯财经
2026-07-18 15:20:03,393.82,394.86,398.39,389.39,33049842,-7.28,-1.00,23.46,腾讯财经
2026-07-18 15:30:00,393.82,394.86,398.39,389.39,33049842,-7.28,-1.00,23.46,腾讯财经
2026-07-18 15:40:05,393.82,394.86,398.39,389.39,33049842,-7.28,-1.00,23.46,腾讯财经
2026-07-18 15:50:03,393.82,394.86,398.39,389.39,33049842,-7.28,-1.00,23.46,腾讯财经
2026-07-18 16:00:00,393.82,394.86,398.39,389.39,33049842,-7.28,-1.00,23.46,腾讯财经
2026-07-18 16:10:00,393.82,394.86,398.39,389.39,33049842,-7.28,-1.00,23.46,腾讯财经
2026-07-18 16:20:03,393.82,394.86,398.39,389.39,33049842,-7.28,-1.00,23.46,腾讯财经
2026-07-18 16:30:04,393.82,394.86,398.39,389.39,33049842,-7.28,-1.00,23.46,腾讯财经
2026-07-18 16:40:03,393.82,394.86,398.39,389.39,33049842,-7.28,-1.00,23.46,腾讯财经
2026-07-18 16:50:05,393.82,394.86,398.39,389.39,33049842,-7.28,-1.00,23.46,腾讯财经
2026-07-18 17:00:00,393.82,394.86,398.39,389.39,33049842,-7.28,-1.00,23.46,腾讯财经
2026-07-18 17:10:00,393.82,394.86,398.39,389.39,33049842,-7.28,-1.00,23.46,腾讯财经
2026-07-18 17:20:03,393.82,394.86,398.39,389.39,33049842,-7.28,-1.00,23.46,腾讯财经
2026-07-18 17:30:01,393.82,394.86,398.39,389.39,33049842,-7.28,-1.00,23.46,腾讯财经
2026-07-18 17:40:03,393.82,394.86,398.39,389.39,33049842,-7.28,-1.00,23.46,腾讯财经
2026-07-18 17:50:00,393.82,394.86,398.39,389.39,33049842,-7.28,-1.00,23.46,腾讯财经
2026-07-18 18:00:03,393.82,394.86,398.39,389.39,33049842,-7.28,-1.00,23.46,腾讯财经
2026-07-18 18:10:04,393.82,394.86,398.39,389.39,33049842,-7.28,-1.00,23.46,腾讯财经
2026-07-18 18:20:04,393.82,394.86,398.39,389.39,33049842,-7.28,-1.00,23.46,腾讯财经
2026-07-18 18:30:03,393.82,394.86,398.39,389.39,33049842,-7.28,-1.00,23.46,腾讯财经
2026-07-18 18:40:00,393.82,394.86,398.39,389.39,33049842,-7.28,-1.00,23.46,腾讯财经
2026-07-18 18:50:03,393.82,394.86,398.39,389.39,33049842,-7.28,-1.00,23.46,腾讯财经
2026-07-18 19:00:02,393.82,394.86,398.39,389.39,33049842,-7.28,-1.00,23.46,腾讯财经
2026-07-18 19:10:02,393.82,394.86,398.39,389.39,33049842,-7.28,-1.00,23.46,腾讯财经
2026-07-18 19:20:03,393.82,394.86,398.39,389.39,33049842,-7.28,-1.00,23.46,腾讯财经
2026-07-18 19:30:04,393.82,394.86,398.39,389.39,33049842,-7.28,-1.00,23.46,腾讯财经
2026-07-18 19:40:01,393.82,394.86,398.39,389.39,33049842,-7.28,-1.00,23.46,腾讯财经
2026-07-18 19:50:05,393.82,394.86,398.39,389.39,33049842,-7.28,-1.00,23.46,腾讯财经
2026-07-18 20:00:01,393.82,394.86,398.39,389.39,33049842,-7.28,-1.00,23.46,腾讯财经
2026-07-18 20:10:01,393.82,394.86,398.39,389.39,33049842,-7.28,-1.00,23.46,腾讯财经
2026-07-18 20:20:03,393.82,394.86,398.39,389.39,33049842,-7.28,-1.00,23.46,腾讯财经
2026-07-18 20:30:01,393.82,394.86,398.39,389.39,33049842,-7.28,-1.00,23.46,腾讯财经
2026-07-18 20:40:02,393.82,394.86,398.39,389.39,33049842,-7.28,-1.00,23.46,腾讯财经
2026-07-18 20:50:03,393.82,394.86,398.39,389.39,33049842,-7.28,-1.00,23.46,腾讯财经
2026-07-18 21:00:01,393.82,394.86,398.39,389.39,33049842,-7.28,-1.00,23.46,腾讯财经
2026-07-18 21:10:00,393.82,394.86,398.39,389.39,33049842,-7.28,-1.00,23.46,腾讯财经
2026-07-18 21:20:03,393.82,394.86,398.39,389.39,33049842,-7.28,-1.00,23.46,腾讯财经
2026-07-18 21:30:05,393.82,394.86,398.39,389.39,33049842,-7.28,-1.00,23.46,腾讯财经
2026-07-18 21:40:01,393.82,394.86,398.39,389.39,33049842,-7.28,-1.00,23.46,腾讯财经
2026-07-18 21:50:04,393.82,394.86,398.39,389.39,33049842,-7.28,-1.00,23.46,腾讯财经
2026-07-18 22:00:06,393.82,394.86,398.39,389.39,33049842,-7.28,-1.00,23.46,腾讯财经
2026-07-18 22:10:02,393.82,394.86,398.39,389.39,33049842,-7.28,-1.00,23.46,腾讯财经
2026-07-18 22:20:04,393.82,394.86,398.39,389.39,33049842,-7.28,-1.00,23.46,腾讯财经
2026-07-18 22:30:02,393.82,394.86,398.39,389.39,33049842,-7.28,-1.00,23.46,腾讯财经
2026-07-18 22:40:06,393.82,394.86,398.39,389.39,33049842,-7.28,-1.00,23.46,腾讯财经
2026-07-18 22:50:04,393.82,394.86,398.39,389.39,33049842,-7.28,-1.00,23.46,腾讯财经
2026-07-18 23:00:04,393.82,394.86,398.39,389.39,33049842,-7.28,-1.00,23.46,腾讯财经
2026-07-18 23:10:00,393.82,394.86,398.39,389.39,33049842,-7.28,-1.00,23.46,腾讯财经
2026-07-18 23:20:03,393.82,394.86,398.39,389.39,33049842,-7.28,-1.00,23.46,腾讯财经
2026-07-18 23:30:00,393.82,394.86,398.39,389.39,33049842,-7.28,-1.00,23.46,腾讯财经
2026-07-18 23:40:00,393.82,394.86,398.39,389.39,33049842,-7.28,-1.00,23.46,腾讯财经
2026-07-18 23:50:03,393.82,394.86,398.39,389.39,33049842,-7.28,-1.00,23.46,腾讯财经
2026-07-19 00:00:05,393.82,394.86,398.39,389.39,33049842,-7.28,-1.00,23.46,腾讯财经
2026-07-19 00:10:00,393.82,394.86,398.39,389.39,33049842,-7.28,-1.00,23.46,腾讯财经
2026-07-19 00:20:04,393.82,394.86,398.39,389.39,33049842,-7.28,-1.00,23.46,腾讯财经
2026-07-19 00:30:04,393.82,394.86,398.39,389.39,33049842,-7.28,-1.00,23.46,腾讯财经
2026-07-19 00:40:00,393.82,394.86,398.39,389.39,33049842,-7.28,-1.00,23.46,腾讯财经
2026-07-19 00:50:03,393.82,394.86,398.39,389.39,33049842,-7.28,-1.00,23.46,腾讯财经
2026-07-19 01:00:04,393.82,394.86,398.39,389.39,33049842,-7.28,-1.00,23.46,腾讯财经
2026-07-19 01:10:00,393.82,394.86,398.39,389.39,33049842,-7.28,-1.00,23.46,腾讯财经
2026-07-19 01:20:03,393.82,394.86,398.39,389.39,33049842,-7.28,-1.00,23.46,腾讯财经
2026-07-19 01:30:00,393.82,394.86,398.39,389.39,33049842,-7.28,-1.00,23.46,腾讯财经
2026-07-19 01:40:00,393.82,394.86,398.39,389.39,33049842,-7.28,-1.00,23.46,腾讯财经
2026-07-19 01:50:03,393.82,394.86,398.39,389.39,33049842,-7.28,-1.00,23.46,腾讯财经
2026-07-19 02:00:00,393.82,394.86,398.39,389.39,33049842,-7.28,-1.00,23.46,腾讯财经
2026-07-19 02:10:00,393.82,394.86,398.39,389.39,33049842,-7.28,-1.00,23.46,腾讯财经
2026-07-19 02:20:03,393.82,394.86,398.39,389.39,33049842,-7.28,-1.00,23.46,腾讯财经
2026-07-19 02:30:00,393.82,394.86,398.39,389.39,33049842,-7.28,-1.00,23.46,腾讯财经
2026-07-19 02:40:00,393.82,394.86,398.39,389.39,33049842,-7.28,-1.00,23.46,腾讯财经
2026-07-19 02:50:03,393.82,394.86,398.39,389.39,33049842,-7.28,-1.00,23.46,腾讯财经
2026-07-19 03:00:03,393.82,394.86,398.39,389.39,33049842,-7.28,-1.00,23.46,腾讯财经
2026-07-19 03:10:00,393.82,394.86,398.39,389.39,33049842,-7.28,-1.00,23.46,腾讯财经
2026-07-19 03:20:03,393.82,394.86,398.39,389.39,33049842,-7.28,-1.00,23.46,腾讯财经
2026-07-19 03:30:00,393.82,394.86,398.39,389.39,33049842,-7.28,-1.00,23.46,腾讯财经
2026-07-19 03:40:01,393.82,394.86,398.39,389.39,33049842,-7.28,-1.00,23.46,腾讯财经
2026-07-19 03:50:04,393.82,394.86,398.39,389.39,33049842,-7.28,-1.00,23.46,腾讯财经
2026-07-19 04:00:00,393.82,394.86,398.39,389.39,33049842,-7.28,-1.00,23.46,腾讯财经
2026-07-19 04:10:00,393.82,394.86,398.39,389.39,33049842,-7.28,-1.00,23.46,腾讯财经
2026-07-19 04:20:04,393.82,394.86,398.39,389.39,33049842,-7.28,-1.00,23.46,腾讯财经
2026-07-19 04:30:05,393.82,394.86,398.39,389.39,33049842,-7.28,-1.00,23.46,腾讯财经
2026-07-19 04:40:04,393.82,394.86,398.39,389.39,33049842,-7.28,-1.00,23.46,腾讯财经
2026-07-19 04:50:03,393.82,394.86,398.39,389.39,33049842,-7.28,-1.00,23.46,腾讯财经
2026-07-19 05:00:00,393.82,394.86,398.39,389.39,33049842,-7.28,-1.00,23.46,腾讯财经
2026-07-19 05:10:02,393.82,394.86,398.39,389.39,33049842,-7.28,-1.00,23.46,腾讯财经
2026-07-19 05:20:05,393.82,394.86,398.39,389.39,33049842,-7.28,-1.00,23.46,腾讯财经
2026-07-19 05:30:00,393.82,394.86,398.39,389.39,33049842,-7.28,-1.00,23.46,腾讯财经
2026-07-19 05:40:00,393.82,394.86,398.39,389.39,33049842,-7.28,-1.00,23.46,腾讯财经
2026-07-19 05:50:05,393.82,394.86,398.39,389.39,33049842,-7.28,-1.00,23.46,腾讯财经
2026-07-19 06:00:00,393.82,394.86,398.39,389.39,33049842,-7.28,-1.00,23.46,腾讯财经
2026-07-19 06:10:01,393.82,394.86,398.39,389.39,33049842,-7.28,-1.00,23.46,腾讯财经
2026-07-19 06:20:03,393.82,394.86,398.39,389.39,33049842,-7.28,-1.00,23.46,腾讯财经
2026-07-19 06:30:00,393.82,394.86,398.39,389.39,33049842,-7.28,-1.00,23.46,腾讯财经
2026-07-19 06:40:04,393.82,394.86,398.39,389.39,33049842,-7.28,-1.00,23.46,腾讯财经
2026-07-19 06:50:03,393.82,394.86,398.39,389.39,33049842,-7.28,-1.00,23.46,腾讯财经
2026-07-19 07:00:00,393.82,394.86,398.39,389.39,33049842,-7.28,-1.00,23.46,腾讯财经
2026-07-19 07:10:03,393.82,394.86,398.39,389.39,33049842,-7.28,-1.00,23.46,腾讯财经
2026-07-19 07:20:03,393.82,394.86,398.39,389.39,33049842,-7.28,-1.00,23.46,腾讯财经
2026-07-19 07:30:00,393.82,394.86,398.39,389.39,33049842,-7.28,-1.00,23.46,腾讯财经
2026-07-19 07:40:00,393.82,394.86,398.39,389.39,33049842,-7.28,-1.00,23.46,腾讯财经
2026-07-19 07:50:03,393.82,394.86,398.39,389.39,33049842,-7.28,-1.00,23.46,腾讯财经
2026-07-19 08:00:02,393.82,394.86,398.39,389.39,33049842,-7.28,-1.00,23.46,腾讯财经
2026-07-19 08:10:04,393.82,394.86,398.39,389.39,33049842,-7.28,-1.00,23.46,腾讯财经
2026-07-19 08:20:03,393.82,394.86,398.39,389.39,33049842,-7.28,-1.00,23.46,腾讯财经
2026-07-19 08:30:00,393.82,394.86,398.39,389.39,33049842,-7.28,-1.00,23.46,腾讯财经
2026-07-19 08:40:03,393.82,394.86,398.39,389.39,33049842,-7.28,-1.00,23.46,腾讯财经
2026-07-19 08:50:03,393.82,394.86,398.39,389.39,33049842,-7.28,-1.00,23.46,腾讯财经
2026-07-19 09:00:00,393.82,394.86,398.39,389.39,33049842,-7.28,-1.00,23.46,腾讯财经
2026-07-19 09:10:01,393.82,394.86,398.39,389.39,33049842,-7.28,-1.00,23.46,腾讯财经
2026-07-19 09:20:03,393.82,394.86,398.39,389.39,33049842,-7.28,-1.00,23.46,腾讯财经
2026-07-19 09:30:00,393.82,394.86,398.39,389.39,33049842,-7.28,-1.00,23.46,腾讯财经
2026-07-19 09:40:00,393.82,394.86,398.39,389.39,33049842,-7.28,-1.00,23.46,腾讯财经
2026-07-19 09:50:03,393.82,394.86,398.39,389.39,33049842,-7.28,-1.00,23.46,腾讯财经
2026-07-19 10:00:00,393.82,394.86,398.39,389.39,33049842,-7.28,-1.00,23.46,腾讯财经
2026-07-19 10:10:01,393.82,394.86,398.39,389.39,33049842,-7.28,-1.00,23.46,腾讯财经
2026-07-19 10:20:03,393.82,394.86,398.39,389.39,33049842,-7.28,-1.00,23.46,腾讯财经
2026-07-19 10:30:00,393.82,394.86,398.39,389.39,33049842,-7.28,-1.00,23.46,腾讯财经
2026-07-19 10:40:00,393.82,394.86,398.39,389.39,33049842,-7.28,-1.00,23.46,腾讯财经
2026-07-19 10:50:04,393.82,394.86,398.39,389.39,33049842,-7.28,-1.00,23.46,腾讯财经
2026-07-19 11:00:05,393.82,394.86,398.39,389.39,33049842,-7.28,-1.00,23.46,腾讯财经
2026-07-19 11:10:00,393.82,394.86,398.39,389.39,33049842,-7.28,-1.00,23.46,腾讯财经
2026-07-19 11:20:03,393.82,394.86,398.39,389.39,33049842,-7.28,-1.00,23.46,腾讯财经
2026-07-19 11:30:05,393.82,394.86,398.39,389.39,33049842,-7.28,-1.00,23.46,腾讯财经
2026-07-19 11:40:00,393.82,394.86,398.39,389.39,33049842,-7.28,-1.00,23.46,腾讯财经
2026-07-19 11:50:03,393.82,394.86,398.39,389.39,33049842,-7.28,-1.00,23.46,腾讯财经
2026-07-19 12:00:00,393.82,394.86,398.39,389.39,33049842,-7.28,-1.00,23.46,腾讯财经
2026-07-19 12:10:00,393.82,394.86,398.39,389.39,33049842,-7.28,-1.00,23.46,腾讯财经
2026-07-19 12:20:03,393.82,394.86,398.39,389.39,33049842,-7.28,-1.00,23.46,腾讯财经
2026-07-19 12:30:02,393.82,394.86,398.39,389.39,33049842,-7.28,-1.00,23.46,腾讯财经
2026-07-19 12:40:02,393.82,394.86,398.39,389.39,33049842,-7.28,-1.00,23.46,腾讯财经
2026-07-19 12:50:05,393.82,394.86,398.39,389.39,33049842,-7.28,-1.00,23.46,腾讯财经
2026-07-19 13:00:03,393.82,394.86,398.39,389.39,33049842,-7.28,-1.00,23.46,腾讯财经
2026-07-19 13:10:04,393.82,394.86,398.39,389.39,33049842,-7.28,-1.00,23.46,腾讯财经
2026-07-19 13:20:03,393.82,394.86,398.39,389.39,33049842,-7.28,-1.00,23.46,腾讯财经
2026-07-19 13:30:00,393.82,394.86,398.39,389.39,33049842,-7.28,-1.00,23.46,腾讯财经
2026-07-19 13:40:01,393.82,394.86,398.39,389.39,33049842,-7.28,-1.00,23.46,腾讯财经
2026-07-19 13:50:05,393.82,394.86,398.39,389.39,33049842,-7.28,-1.00,23.46,腾讯财经
2026-07-19 14:00:02,393.82,394.86,398.39,389.39,33049842,-7.28,-1.00,23.46,腾讯财经
2026-07-19 14:10:04,393.82,394.86,398.39,389.39,33049842,-7.28,-1.00,23.46,腾讯财经
2026-07-19 14:20:03,393.82,394.86,398.39,389.39,33049842,-7.28,-1.00,23.46,腾讯财经
2026-07-19 14:30:03,393.82,394.86,398.39,389.39,33049842,-7.28,-1.00,23.46,腾讯财经
2026-07-19 14:40:00,393.82,394.86,398.39,389.39,33049842,-7.28,-1.00,23.46,腾讯财经
2026-07-19 14:50:03,393.82,394.86,398.39,389.39,33049842,-7.28,-1.00,23.46,腾讯财经
2026-07-19 15:00:00,393.82,394.86,398.39,389.39,33049842,-7.28,-1.00,23.46,腾讯财经
2026-07-19 15:10:00,393.82,394.86,398.39,389.39,33049842,-7.28,-1.00,23.46,腾讯财经
2026-07-19 15:20:03,393.82,394.86,398.39,389.39,33049842,-7.28,-1.00,23.46,腾讯财经
2026-07-19 15:30:02,393.82,394.86,398.39,389.39,33049842,-7.28,-1.00,23.46,腾讯财经
2026-07-19 15:40:00,393.82,394.86,398.39,389.39,33049842,-7.28,-1.00,23.46,腾讯财经
2026-07-19 15:50:03,393.82,394.86,398.39,389.39,33049842,-7.28,-1.00,23.46,腾讯财经
2026-07-19 16:00:00,393.82,394.86,398.39,389.39,33049842,-7.28,-1.00,23.46,腾讯财经
2026-07-19 16:10:01,393.82,394.86,398.39,389.39,33049842,-7.28,-1.00,23.46,腾讯财经
2026-07-19 16:20:04,393.82,394.86,398.39,389.39,33049842,-7.28,-1.00,23.46,腾讯财经
2026-07-19 16:30:00,393.82,394.86,398.39,389.39,33049842,-7.28,-1.00,23.46,腾讯财经
2026-07-19 16:40:00,393.82,394.86,398.39,389.39,33049842,-7.28,-1.00,23.46,腾讯财经
2026-07-19 16:50:03,393.82,394.86,398.39,389.39,33049842,-7.28,-1.00,23.46,腾讯财经
2026-07-19 17:00:00,393.82,394.86,398.39,389.39,33049842,-7.28,-1.00,23.46,腾讯财经
2026-07-19 17:10:00,393.82,394.86,398.39,389.39,33049842,-7.28,-1.00,23.46,腾讯财经
2026-07-19 17:20:03,393.82,394.86,398.39,389.39,33049842,-7.28,-1.00,23.46,腾讯财经
2026-07-19 17:30:00,393.82,394.86,398.39,389.39,33049842,-7.28,-1.00,23.46,腾讯财经
2026-07-19 17:40:00,393.82,394.86,398.39,389.39,33049842,-7.28,-1.00,23.46,腾讯财经
2026-07-19 17:50:05,393.82,394.86,398.39,389.39,33049842,-7.28,-1.00,23.46,腾讯财经
2026-07-19 18:00:00,393.82,394.86,398.39,389.39,33049842,-7.28,-1.00,23.46,腾讯财经
2026-07-19 18:10:02,393.82,394.86,398.39,389.39,33049842,-7.28,-1.00,23.46,腾讯财经
2026-07-19 18:20:03,393.82,394.86,398.39,389.39,33049842,-7.28,-1.00,23.46,腾讯财经
2026-07-19 18:30:00,393.82,394.86,398.39,389.39,33049842,-7.28,-1.00,23.46,腾讯财经
2026-07-19 18:40:00,393.82,394.86,398.39,389.39,33049842,-7.28,-1.00,23.46,腾讯财经
2026-07-19 18:50:03,393.82,394.86,398.39,389.39,33049842,-7.28,-1.00,23.46,腾讯财经
2026-07-19 19:00:00,393.82,394.86,398.39,389.39,33049842,-7.28,-1.00,23.46,腾讯财经
2026-07-19 19:10:04,393.82,394.86,398.39,389.39,33049842,-7.28,-1.00,23.46,腾讯财经
2026-07-19 19:20:03,393.82,394.86,398.39,389.39,33049842,-7.28,-1.00,23.46,腾讯财经
2026-07-19 19:30:02,393.82,394.86,398.39,389.39,33049842,-7.28,-1.00,23.46,腾讯财经
2026-07-19 19:40:05,393.82,394.86,398.39,389.39,33049842,-7.28,-1.00,23.46,腾讯财经
2026-07-19 19:50:05,393.82,394.86,398.39,389.39,33049842,-7.28,-1.00,23.46,腾讯财经
2026-07-19 20:00:05,393.82,394.86,398.39,389.39,33049842,-7.28,-1.00,23.46,腾讯财经
2026-07-19 20:10:01,393.82,394.86,398.39,389.39,33049842,-7.28,-1.00,23.46,腾讯财经
2026-07-19 20:20:03,393.82,394.86,398.39,389.39,33049842,-7.28,-1.00,23.46,腾讯财经
2026-07-19 20:30:00,393.82,394.86,398.39,389.39,33049842,-7.28,-1.00,23.46,腾讯财经
2026-07-19 20:40:03,393.82,394.86,398.39,389.39,33049842,-7.28,-1.00,23.46,腾讯财经
2026-07-19 20:50:03,393.82,394.86,398.39,389.39,33049842,-7.28,-1.00,23.46,腾讯财经
2026-07-20 08:40:04,393.82,394.86,398.39,389.39,33049842,-7.28,-1.00,23.46,腾讯财经
2026-07-20 08:50:05,393.82,394.86,398.39,389.39,33049842,-7.28,-1.00,23.46,腾讯财经
2026-07-20 09:00:04,393.82,394.86,398.39,389.39,33049842,-7.28,-1.00,23.46,腾讯财经
2026-07-20 09:10:00,393.82,394.86,398.39,389.39,33049842,-7.28,-1.00,23.46,腾讯财经
2026-07-20 09:20:05,393.82,394.86,398.39,389.39,33049842,-7.28,-1.00,23.46,腾讯财经
2026-07-20 09:30:05,393.82,394.86,398.39,389.39,33049842,-7.28,-1.00,23.46,腾讯财经
2026-07-20 09:40:04,393.82,394.86,398.39,389.39,33049842,-7.28,-1.00,23.46,腾讯财经
2026-07-20 09:50:04,393.82,394.86,398.39,389.39,33049842,-7.28,-1.00,23.46,腾讯财经
2026-07-20 10:00:05,393.82,394.86,398.39,389.39,33049842,-7.28,-1.00,23.46,腾讯财经
2026-07-20 10:10:00,393.82,394.86,398.39,389.39,33049842,-7.28,-1.00,23.46,腾讯财经
2026-07-20 10:20:00,393.82,394.86,398.39,389.39,33049842,-7.28,-1.00,23.46,腾讯财经
2026-07-20 10:30:02,393.82,394.86,398.39,389.39,33049842,-7.28,-1.00,23.46,腾讯财经
2026-07-20 10:40:00,393.82,394.86,398.39,389.39,33049842,-7.28,-1.00,23.46,腾讯财经
2026-07-20 10:50:00,393.82,394.86,398.39,389.39,33049842,-7.28,-1.00,23.46,腾讯财经
2026-07-20 11:00:04,393.82,394.86,398.39,389.39,33049842,-7.28,-1.00,23.46,腾讯财经
2026-07-20 11:10:05,393.82,394.86,398.39,389.39,33049842,-7.28,-1.00,23.46,腾讯财经
2026-07-20 11:20:05,393.82,394.86,398.39,389.39,33049842,-7.28,-1.00,23.46,腾讯财经
2026-07-20 11:30:02,393.82,394.86,398.39,389.39,33049842,-7.28,-1.00,23.46,腾讯财经
2026-07-20 11:40:04,393.82,394.86,398.39,389.39,33049842,-7.28,-1.00,23.46,腾讯财经
2026-07-20 11:50:00,393.82,394.86,398.39,389.39,33049842,-7.28,-1.00,23.46,腾讯财经
2026-07-20 12:00:04,393.82,394.86,398.39,389.39,33049842,-7.28,-1.00,23.46,腾讯财经
2026-07-20 12:10:00,393.82,394.86,398.39,389.39,33049842,-7.28,-1.00,23.46,腾讯财经
2026-07-20 12:20:04,393.82,394.86,398.39,389.39,33049842,-7.28,-1.00,23.46,腾讯财经
2026-07-20 12:30:03,393.82,394.86,398.39,389.39,33049842,-7.28,-1.00,23.46,腾讯财经
2026-07-20 12:40:00,393.82,394.86,398.39,389.39,33049842,-7.28,-1.00,23.46,腾讯财经
2026-07-20 12:50:00,393.82,394.86,398.39,389.39,33049842,-7.28,-1.00,23.46,腾讯财经
2026-07-20 13:00:00,393.82,394.86,398.39,389.39,33049842,-7.28,-1.00,23.46,腾讯财经
2026-07-20 13:10:05,393.82,394.86,398.39,389.39,33049842,-7.28,-1.00,23.46,腾讯财经
2026-07-20 13:20:01,393.82,394.86,398.39,389.39,33049842,-7.28,-1.00,23.46,腾讯财经
2026-07-20 13:30:00,393.82,394.86,398.39,389.39,33049842,-7.28,-1.00,23.46,腾讯财经
2026-07-20 13:40:05,393.82,394.86,398.39,389.39,33049842,-7.28,-1.00,23.46,腾讯财经
2026-07-20 13:50:00,393.82,394.86,398.39,389.39,33049842,-7.28,-1.00,23.46,腾讯财经
2026-07-20 14:00:00,393.82,394.86,398.39,389.39,33049842,-7.28,-1.00,23.46,腾讯财经
2026-07-20 14:10:04,393.82,394.86,398.39,389.39,33049842,-7.28,-1.00,23.46,腾讯财经
2026-07-20 14:20:02,393.82,394.86,398.39,389.39,33049842,-7.28,-1.00,23.46,腾讯财经
2026-07-20 14:30:01,393.82,394.86,398.39,389.39,33049842,-7.28,-1.00,23.46,腾讯财经
2026-07-20 14:40:04,393.82,394.86,398.39,389.39,33049842,-7.28,-1.00,23.46,腾讯财经
2026-07-20 14:50:03,393.82,394.86,398.39,389.39,33049842,-7.28,-1.00,23.46,腾讯财经
2026-07-20 15:00:00,393.82,394.86,398.39,389.39,33049842,-7.28,-1.00,23.46,腾讯财经
2026-07-20 15:10:00,393.82,394.86,398.39,389.39,33049842,-7.28,-1.00,23.46,腾讯财经
2026-07-20 15:20:00,393.82,394.86,398.39,389.39,33049842,-7.28,-1.00,23.46,腾讯财经
2026-07-20 15:30:01,393.82,394.86,398.39,389.39,33049842,-7.28,-1.00,23.46,腾讯财经
2026-07-20 15:40:01,393.82,394.86,398.39,389.39,33049842,-7.28,-1.00,23.46,腾讯财经
2026-07-20 15:50:00,393.82,394.86,398.39,389.39,33049842,-7.28,-1.00,23.46,腾讯财经
2026-07-20 16:00:04,393.82,394.86,398.39,389.39,33049842,-7.28,-1.00,23.46,腾讯财经
2026-07-20 16:10:01,393.82,394.86,398.39,389.39,33049842,-7.28,-1.00,23.46,腾讯财经
2026-07-20 16:20:01,393.82,394.86,398.39,389.39,33049842,-7.28,-1.00,23.46,腾讯财经
2026-07-20 16:30:05,393.82,394.86,398.39,389.39,33049842,-7.28,-1.00,23.46,腾讯财经
2026-07-20 16:40:00,393.82,394.86,398.39,389.39,33049842,-7.28,-1.00,23.46,腾讯财经
2026-07-20 16:50:01,393.82,394.86,398.39,389.39,33049842,-7.28,-1.00,23.46,腾讯财经
2026-07-20 17:00:04,393.82,394.86,398.39,389.39,33049842,-7.28,-1.00,23.46,腾讯财经
2026-07-20 17:10:00,393.82,394.86,398.39,389.39,33049842,-7.28,-1.00,23.46,腾讯财经
2026-07-20 17:20:01,393.82,394.86,398.39,389.39,33049842,-7.28,-1.00,23.46,腾讯财经
2026-07-20 17:30:01,393.82,394.86,398.39,389.39,33049842,-7.28,-1.00,23.46,腾讯财经
2026-07-20 18:17:59,393.82,394.86,398.39,389.39,33049842,-7.28,-1.00,23.46,腾讯财经
2026-07-20 18:20:00,393.82,394.86,398.39,389.39,33049842,-7.28,-1.00,23.46,腾讯财经
2026-07-20 18:30:04,393.82,394.86,398.39,389.39,33049842,-7.28,-1.00,23.46,腾讯财经
2026-07-20 18:40:03,393.82,394.86,398.39,389.39,33049842,-7.28,-1.00,23.46,腾讯财经
2026-07-20 18:50:05,393.82,394.86,398.39,389.39,33049842,-7.28,-1.00,23.46,腾讯财经
2026-07-20 19:00:05,393.82,394.86,398.39,389.39,33049842,-7.28,-1.00,23.46,腾讯财经
2026-07-20 19:10:03,393.82,394.86,398.39,389.39,33049842,-7.28,-1.00,23.46,腾讯财经
2026-07-20 19:20:05,393.82,394.86,398.39,389.39,33049842,-7.28,-1.00,23.46,腾讯财经
2026-07-20 19:30:00,393.82,394.86,398.39,389.39,33049842,-7.28,-1.00,23.46,腾讯财经
2026-07-20 19:40:00,393.82,394.86,398.39,389.39,33049842,-7.28,-1.00,23.46,腾讯财经
2026-07-20 19:50:03,393.82,394.86,398.39,389.39,33049842,-7.28,-1.00,23.46,腾讯财经
2026-07-20 20:00:02,393.82,394.86,398.39,389.39,33049842,-7.28,-1.00,23.46,腾讯财经
2026-07-20 20:10:04,393.82,394.86,398.39,389.39,33049842,-7.28,-1.00,23.46,腾讯财经
2026-07-20 20:20:03,393.82,394.86,398.39,389.39,33049842,-7.28,-1.00,23.46,腾讯财经
2026-07-20 20:30:02,393.82,394.86,398.39,389.39,33049842,-7.28,-1.00,23.46,腾讯财经
2026-07-20 20:40:00,393.82,394.86,398.39,389.39,33049842,-7.28,-1.00,23.46,腾讯财经
2026-07-20 20:50:01,393.82,394.86,398.39,389.39,33049842,-7.28,-1.00,23.46,腾讯财经
2026-07-20 21:00:03,393.82,394.86,398.39,389.39,33049842,-7.28,-1.00,23.46,腾讯财经
2026-07-20 21:10:00,393.82,394.86,398.39,389.39,33049842,-7.28,-1.00,23.46,腾讯财经
2026-07-20 21:20:05,393.82,394.86,398.39,389.39,33049842,-7.28,-1.00,23.46,腾讯财经
2026-07-20 21:30:00,393.82,0.00,0.00,0.00,512875,0,0,23.46,腾讯财经
2026-07-20 21:40:00,392.07,391.10,392.90,389.67,2080435,-1.75,0,23.35,腾讯财经
2026-07-20 21:50:00,391.19,391.41,392.90,389.67,3005687,-2.63,0,23.30,腾讯财经
2026-07-20 22:00:04,390.99,391.41,392.90,389.67,3761574,-2.83,0,23.29,腾讯财经
2026-07-20 22:10:05,391.58,391.41,392.90,389.67,4431406,-2.24,0,23.32,腾讯财经
2026-07-20 22:20:02,393.71,391.41,395.24,389.67,5162752,-.11,0,23.45,腾讯财经
2026-07-20 22:30:00,394.28,391.41,395.24,389.67,5589242,.46,0,23.48,腾讯财经
2026-07-20 22:40:01,395.33,391.41,396.12,389.67,6186635,1.51,0,23.55,腾讯财经
2026-07-20 22:50:00,395.02,391.41,396.12,389.67,6650438,1.20,0,23.53,腾讯财经
2026-07-20 23:00:01,395.95,391.41,396.26,389.67,7121090,2.13,0,23.58,腾讯财经
2026-07-20 23:10:00,396.23,391.41,396.60,389.67,7609740,2.41,0,23.60,腾讯财经
2026-07-20 23:20:00,397.45,391.41,397.48,389.67,8129733,3.63,0,23.67,腾讯财经
2026-07-20 23:30:02,397.42,391.41,398.13,389.67,8731161,3.60,0,23.67,腾讯财经
2026-07-20 23:40:01,397.78,391.41,398.13,389.67,9161847,3.96,1.00,23.69,腾讯财经
2026-07-20 23:50:02,398.18,391.41,398.72,389.67,9549996,4.36,1.00,23.72,腾讯财经
2026-07-21 00:00:00,398.79,391.41,399.20,389.67,9919531,4.97,1.00,23.75,腾讯财经
2026-07-21 00:10:04,399.80,391.41,400.10,389.67,10440842,5.98,1.00,23.81,腾讯财经
2026-07-21 00:20:00,399.89,391.41,400.17,389.67,10785747,6.07,1.00,23.82,腾讯财经
2026-07-21 00:30:00,401.38,391.41,401.76,389.67,11381740,7.56,1.00,23.91,腾讯财经
2026-07-21 00:40:02,402.65,391.41,402.73,389.67,12045357,8.83,2.00,23.98,腾讯财经
2026-07-21 00:50:04,402.11,391.41,403.18,389.67,12738203,8.29,2.00,23.95,腾讯财经
2026-07-21 01:00:01,401.77,391.41,403.18,389.67,13157028,7.95,2.00,23.93,腾讯财经
2026-07-21 01:10:05,400.80,391.41,403.18,389.67,13770752,6.98,1.00,23.87,腾讯财经
2026-07-21 01:20:00,401.42,391.41,403.18,389.67,14069221,7.60,1.00,23.91,腾讯财经
2026-07-21 01:30:03,401.89,391.41,403.18,389.67,14467249,8.07,2.00,23.94,腾讯财经
2026-07-21 01:40:03,401.84,391.41,403.18,389.67,14819760,8.02,2.00,23.93,腾讯财经
2026-07-21 01:50:05,401.71,391.41,403.18,389.67,15203296,7.89,2.00,23.93,腾讯财经
2026-07-21 02:00:00,401.67,391.41,403.18,389.67,15490546,7.85,1.00,23.92,腾讯财经
2026-07-21 02:10:00,401.59,391.41,403.18,389.67,15751268,7.77,1.00,23.92,腾讯财经
2026-07-21 02:20:05,402.20,391.41,403.18,389.67,16083300,8.38,2.00,23.95,腾讯财经
2026-07-21 02:30:00,402.07,391.41,403.18,389.67,16432997,8.25,2.00,23.95,腾讯财经
2026-07-21 02:40:00,401.62,391.41,403.18,389.67,16847209,7.80,1.00,23.92,腾讯财经
2026-07-21 02:50:02,400.62,391.41,403.18,389.67,17486125,6.80,1.00,23.86,腾讯财经
2026-07-21 03:00:04,400.57,391.41,403.18,389.67,17887886,6.75,1.00,23.86,腾讯财经
2026-07-21 03:10:00,401.05,391.41,403.18,389.67,18465640,7.23,1.00,23.89,腾讯财经
2026-07-21 03:20:00,400.88,391.41,403.18,389.67,18818225,7.06,1.00,23.88,腾讯财经
2026-07-21 03:30:00,401.27,391.41,403.18,389.67,19139606,7.45,1.00,23.90,腾讯财经
2026-07-21 03:40:03,401.84,391.41,403.18,389.67,19627299,8.02,2.00,23.93,腾讯财经
2026-07-21 03:50:00,401.56,391.41,403.18,389.67,20314239,7.74,1.00,23.92,腾讯财经
2026-07-21 04:00:00,402.36,391.41,403.18,389.67,22378899,8.54,2.00,23.96,腾讯财经
2026-07-21 04:10:02,402.29,391.41,403.18,389.67,27556018,8.47,2.00,23.96,腾讯财经
2026-07-21 04:20:01,402.29,391.41,403.18,389.65,27663455,8.47,2.00,23.96,腾讯财经
2026-07-21 04:30:00,402.29,391.41,403.18,389.65,27704835,8.47,2.00,23.96,腾讯财经
2026-07-21 04:40:03,402.29,391.41,403.18,389.65,27716381,8.47,2.00,23.96,腾讯财经
2026-07-21 04:50:00,402.29,391.41,403.18,389.65,27726755,8.47,2.00,23.96,腾讯财经
2026-07-21 05:00:01,402.29,391.41,403.18,389.65,27729543,8.47,2.00,23.96,腾讯财经
2026-07-21 05:10:05,402.29,391.41,403.18,389.65,27758512,8.47,2.00,23.96,腾讯财经
2026-07-21 05:20:01,402.29,391.41,403.18,389.65,27761055,8.47,2.00,23.96,腾讯财经
2026-07-21 05:30:00,402.29,391.41,403.18,389.65,27789505,8.47,2.00,23.96,腾讯财经
2026-07-21 05:40:05,402.29,391.41,403.18,389.65,27848847,8.47,2.00,23.96,腾讯财经
2026-07-21 05:50:00,402.29,391.41,403.18,389.65,27853879,8.47,2.00,23.96,腾讯财经
2026-07-21 06:00:00,402.29,391.41,403.18,389.65,27856061,8.47,2.00,23.96,腾讯财经
2026-07-21 06:10:00,402.29,391.41,403.18,389.65,27861602,8.47,2.00,23.96,腾讯财经
2026-07-21 06:20:04,402.29,391.41,403.18,389.65,27865988,8.47,2.00,23.96,腾讯财经
2026-07-21 06:30:04,402.29,391.41,403.18,389.65,27869230,8.47,2.00,23.96,腾讯财经
2026-07-21 06:40:01,402.29,391.41,403.18,389.65,27872952,8.47,2.00,23.96,腾讯财经
2026-07-21 06:50:00,402.29,391.41,403.18,389.65,27885386,8.47,2.00,23.96,腾讯财经
2026-07-21 07:00:00,402.29,391.41,403.18,389.65,27887882,8.47,2.00,23.96,腾讯财经
2026-07-21 07:10:00,402.29,391.41,403.18,389.65,27897452,8.47,2.00,23.96,腾讯财经
2026-07-21 07:20:01,402.29,391.41,403.18,389.65,27902367,8.47,2.00,23.96,腾讯财经
2026-07-21 07:30:02,402.29,391.41,403.18,389.65,27906150,8.47,2.00,23.96,腾讯财经
2026-07-21 07:40:03,402.29,391.41,403.18,389.65,27909605,8.47,2.00,23.96,腾讯财经
2026-07-21 07:50:02,402.29,391.41,403.18,389.65,27911231,8.47,2.00,23.96,腾讯财经
2026-07-21 08:40:05,402.29,391.41,403.18,389.65,27915762,8.47,2.00,23.96,腾讯财经
2026-07-21 08:50:00,402.29,391.41,403.18,389.65,27915762,8.47,2.00,23.96,腾讯财经
2026-07-21 09:00:00,402.29,391.41,403.18,389.65,27915762,8.47,2.00,23.96,腾讯财经
2026-07-21 09:10:03,402.29,391.41,403.18,389.65,27915762,8.47,2.00,23.96,腾讯财经
2026-07-21 09:20:04,402.29,391.41,403.18,389.65,27915762,8.47,2.00,23.96,腾讯财经
2026-07-21 09:30:05,402.29,391.41,403.18,389.65,27915762,8.47,2.00,23.96,腾讯财经
2026-07-21 09:40:01,402.29,391.41,403.18,389.65,27915762,8.47,2.00,23.96,腾讯财经
2026-07-21 09:50:02,402.29,391.41,403.18,389.65,27915762,8.47,2.00,23.96,腾讯财经
2026-07-21 10:00:02,402.29,391.41,403.18,389.65,27915762,8.47,2.00,23.96,腾讯财经
2026-07-21 10:10:01,402.29,391.41,403.18,389.65,27915762,8.47,2.00,23.96,腾讯财经
2026-07-21 10:20:04,402.29,391.41,403.18,389.65,27915762,8.47,2.00,23.96,腾讯财经
2026-07-21 10:30:02,402.29,391.41,403.18,389.65,27915762,8.47,2.00,23.96,腾讯财经
2026-07-21 10:40:04,402.29,391.41,403.18,389.65,27915762,8.47,2.00,23.96,腾讯财经
2026-07-21 10:50:00,402.29,391.41,403.18,389.65,27915762,8.47,2.00,23.96,腾讯财经
2026-07-21 11:00:00,402.29,391.41,403.18,389.65,27915762,8.47,2.00,23.96,腾讯财经
2026-07-21 11:10:00,402.29,391.41,403.18,389.65,27915762,8.47,2.00,23.96,腾讯财经
2026-07-21 11:20:00,402.29,391.41,403.18,389.65,27915762,8.47,2.00,23.96,腾讯财经
2026-07-21 11:30:00,402.29,391.41,403.18,389.65,27915762,8.47,2.00,23.96,腾讯财经
2026-07-21 11:40:00,402.29,391.41,403.18,389.65,27915762,8.47,2.00,23.96,腾讯财经
2026-07-21 11:50:04,402.29,391.41,403.18,389.65,27915762,8.47,2.00,23.96,腾讯财经
2026-07-21 12:00:04,402.29,391.41,403.18,389.65,27915762,8.47,2.00,23.96,腾讯财经
2026-07-21 12:10:00,402.29,391.41,403.18,389.65,27915762,8.47,2.00,23.96,腾讯财经
2026-07-21 12:20:00,402.29,391.41,403.18,389.65,27915762,8.47,2.00,23.96,腾讯财经
2026-07-21 12:30:03,402.29,391.41,403.18,389.65,27915762,8.47,2.00,23.96,腾讯财经
2026-07-21 12:40:04,402.29,391.41,403.18,389.65,27915762,8.47,2.00,23.96,腾讯财经
2026-07-21 12:50:00,402.29,391.41,403.18,389.65,27915762,8.47,2.00,23.96,腾讯财经
2026-07-21 13:00:00,402.29,391.41,403.18,389.65,27915762,8.47,2.00,23.96,腾讯财经
2026-07-21 13:10:04,402.29,391.41,403.18,389.65,27915762,8.47,2.00,23.96,腾讯财经
2026-07-21 13:20:01,402.29,391.41,403.18,389.65,27915762,8.47,2.00,23.96,腾讯财经
2026-07-21 13:30:05,402.29,391.41,403.18,389.65,27915762,8.47,2.00,23.96,腾讯财经
2026-07-21 13:40:01,402.29,391.41,403.18,389.65,27915762,8.47,2.00,23.96,腾讯财经
2026-07-21 13:50:00,402.29,391.41,403.18,389.65,27915762,8.47,2.00,23.96,腾讯财经
2026-07-21 14:00:01,402.29,391.41,403.18,389.65,27915762,8.47,2.00,23.96,腾讯财经
2026-07-21 14:10:05,402.29,391.41,403.18,389.65,27915762,8.47,2.00,23.96,腾讯财经
2026-07-21 14:20:00,402.29,391.41,403.18,389.65,27915762,8.47,2.00,23.96,腾讯财经
2026-07-21 14:30:01,402.29,391.41,403.18,389.65,27915762,8.47,2.00,23.96,腾讯财经
2026-07-21 14:40:00,402.29,391.41,403.18,389.65,27915762,8.47,2.00,23.96,腾讯财经
2026-07-21 14:50:00,402.29,391.41,403.18,389.65,27915762,8.47,2.00,23.96,腾讯财经
2026-07-21 15:00:03,402.29,391.41,403.18,389.65,27915762,8.47,2.00,23.96,腾讯财经
2026-07-21 15:10:05,402.29,391.41,403.18,389.65,27915762,8.47,2.00,23.96,腾讯财经
2026-07-21 15:20:01,402.29,391.41,403.18,389.65,27915762,8.47,2.00,23.96,腾讯财经
2026-07-21 15:30:03,402.29,391.41,403.18,389.65,27915762,8.47,2.00,23.96,腾讯财经
2026-07-21 15:40:02,402.29,391.41,403.18,389.65,27915762,8.47,2.00,23.96,腾讯财经
2026-07-21 15:50:00,402.29,391.41,403.18,389.65,27915762,8.47,2.00,23.96,腾讯财经
2026-07-21 16:00:00,402.29,391.41,403.18,389.65,27915762,8.47,2.00,23.96,腾讯财经
2026-07-21 16:10:00,402.29,391.41,403.18,389.65,27915762,8.47,2.00,23.96,腾讯财经
2026-07-21 16:20:00,402.29,391.41,403.18,389.65,27915762,8.47,2.00,23.96,腾讯财经
2026-07-21 16:30:00,402.29,391.41,403.18,389.65,27915762,8.47,2.00,23.96,腾讯财经
2026-07-21 16:40:00,402.29,391.41,403.18,389.65,27915762,8.47,2.00,23.96,腾讯财经
2026-07-21 16:50:04,402.29,391.41,403.18,389.65,27915762,8.47,2.00,23.96,腾讯财经
2026-07-21 17:00:00,402.29,391.41,403.18,389.65,27915762,8.47,2.00,23.96,腾讯财经
2026-07-21 17:10:04,402.29,391.41,403.18,389.65,27915762,8.47,2.00,23.96,腾讯财经
2026-07-21 17:20:01,402.29,391.41,403.18,389.65,27915762,8.47,2.00,23.96,腾讯财经
2026-07-21 17:30:01,402.29,391.41,403.18,389.65,27915762,8.47,2.00,23.96,腾讯财经
2026-07-21 18:32:24,402.29,391.41,403.18,389.65,27915762,8.47,2.00,23.96,腾讯财经
2026-07-21 18:40:04,402.29,391.41,403.18,389.65,27915762,8.47,2.00,23.96,腾讯财经
2026-07-21 18:50:04,402.29,391.41,403.18,389.65,27915762,8.47,2.00,23.96,腾讯财经
2026-07-21 19:00:00,402.29,391.41,403.18,389.65,27915762,8.47,2.00,23.96,腾讯财经
2026-07-21 19:10:00,402.29,391.41,403.18,389.65,27915762,8.47,2.00,23.96,腾讯财经
2026-07-21 19:20:02,402.29,391.41,403.18,389.65,27915762,8.47,2.00,23.96,腾讯财经
2026-07-21 19:30:04,402.29,391.41,403.18,389.65,27915762,8.47,2.00,23.96,腾讯财经
2026-07-21 19:40:04,402.29,391.41,403.18,389.65,27915762,8.47,2.00,23.96,腾讯财经
2026-07-21 19:50:00,402.29,391.41,403.18,389.65,27915762,8.47,2.00,23.96,腾讯财经
2026-07-21 20:00:00,402.29,391.41,403.18,389.65,27915762,8.47,2.00,23.96,腾讯财经
2026-07-21 20:10:04,402.29,391.41,403.18,389.65,27915762,8.47,2.00,23.96,腾讯财经
2026-07-21 20:20:03,402.29,391.41,403.18,389.65,27915762,8.47,2.00,23.96,腾讯财经
2026-07-21 20:30:01,402.29,391.41,403.18,389.65,27915762,8.47,2.00,23.96,腾讯财经
2026-07-21 20:40:00,402.29,391.41,403.18,389.65,27915762,8.47,2.00,23.96,腾讯财经
2026-07-21 20:50:00,402.29,391.41,403.18,389.65,27915762,8.47,2.00,23.96,腾讯财经
2026-07-21 21:00:00,402.29,391.41,403.18,389.65,27915762,8.47,2.00,23.96,腾讯财经
2026-07-21 21:10:04,402.29,391.41,403.18,389.65,27915762,8.47,2.00,23.96,腾讯财经
2026-07-21 21:20:00,402.29,391.41,403.18,389.65,27915762,8.47,2.00,23.96,腾讯财经
2026-07-21 21:30:03,402.29,0.00,0.00,0.00,422775,0,0,23.96,腾讯财经
2026-07-21 21:40:04,399.97,398.81,401.47,396.32,2257058,-2.32,0,23.82,腾讯财经
2026-07-21 21:50:00,399.46,398.81,401.47,396.32,3069455,-2.83,0,23.79,腾讯财经
2026-07-21 22:00:00,399.69,398.81,401.47,396.32,3648920,-2.60,0,23.81,腾讯财经
2026-07-21 22:10:04,400.20,398.81,401.47,396.32,4370773,-2.09,0,23.84,腾讯财经
2026-07-21 22:20:02,400.00,398.81,401.47,396.32,5015547,-2.29,0,23.82,腾讯财经
2026-07-21 22:30:04,401.00,398.81,401.47,396.32,5442574,-1.29,0,23.88,腾讯财经
2026-07-21 22:40:00,400.54,398.81,401.47,396.32,6228888,-1.75,0,23.86,腾讯财经
2026-07-21 22:50:04,400.62,398.81,401.47,396.32,6630016,-1.67,0,23.86,腾讯财经
2026-07-21 23:00:00,399.29,398.81,401.47,396.32,7004988,-3.00,0,23.78,腾讯财经
2026-07-21 23:10:00,398.74,398.81,401.47,396.32,7568669,-3.55,0,23.75,腾讯财经
2026-07-21 23:20:00,399.06,398.81,401.47,396.32,8028002,-3.23,0,23.77,腾讯财经
2026-07-21 23:30:00,398.59,398.81,401.47,396.32,8437415,-3.70,0,23.74,腾讯财经
2026-07-21 23:40:00,399.98,398.81,401.47,396.32,8775709,-2.31,0,23.82,腾讯财经
2026-07-21 23:50:00,399.16,398.81,401.47,396.32,9669993,-3.13,0,23.77,腾讯财经
2026-07-22 00:00:01,398.52,398.81,401.47,396.32,9897988,-3.77,0,23.74,腾讯财经
2026-07-22 00:10:00,398.02,398.81,401.47,396.32,10250903,-4.27,-1.00,23.71,腾讯财经
2026-07-22 00:20:02,397.83,398.81,401.47,396.32,10657402,-4.46,-1.00,23.69,腾讯财经
2026-07-22 00:30:04,398.02,398.81,401.47,396.32,11021242,-4.27,-1.00,23.71,腾讯财经
2026-07-22 00:40:00,398.62,398.81,401.47,396.32,11328342,-3.67,0,23.74,腾讯财经
2026-07-22 00:50:00,398.65,398.81,401.47,396.32,11574340,-3.64,0,23.74,腾讯财经
2026-07-22 01:00:00,398.78,398.81,401.47,396.32,11859843,-3.51,0,23.75,腾讯财经
2026-07-22 01:10:02,398.45,398.81,401.47,396.32,12164667,-3.84,0,23.73,腾讯财经
2026-07-22 01:20:00,398.63,398.81,401.47,396.32,12405483,-3.66,0,23.74,腾讯财经
2026-07-22 01:30:01,399.46,398.81,401.47,396.32,12708963,-2.83,0,23.79,腾讯财经
2026-07-22 01:40:00,399.30,398.81,401.47,396.32,12946259,-2.99,0,23.78,腾讯财经
2026-07-22 01:50:01,399.00,398.81,401.47,396.32,13173346,-3.29,0,23.76,腾讯财经
2026-07-22 02:00:00,399.16,398.81,401.47,396.32,13371046,-3.13,0,23.77,腾讯财经
2026-07-22 02:10:00,398.64,398.81,401.47,396.32,13600102,-3.65,0,23.74,腾讯财经
2026-07-22 02:20:00,398.71,398.81,401.47,396.32,13790701,-3.58,0,23.75,腾讯财经
2026-07-22 02:30:00,398.75,398.81,401.47,396.32,14007302,-3.54,0,23.75,腾讯财经
2026-07-22 02:40:04,398.14,398.81,401.47,396.32,14233958,-4.15,-1.00,23.71,腾讯财经
2026-07-22 02:50:00,398.38,398.81,401.47,396.32,14492101,-3.91,0,23.73,腾讯财经
2026-07-22 03:00:00,398.18,398.81,401.47,396.32,14755896,-4.11,-1.00,23.72,腾讯财经
2026-07-22 03:10:00,398.97,398.81,401.47,396.32,15061624,-3.32,0,23.76,腾讯财经
2026-07-22 03:20:00,399.28,398.81,401.47,396.32,15387410,-3.01,0,23.78,腾讯财经
2026-07-22 03:30:02,399.56,398.81,401.47,396.32,15671894,-2.73,0,23.80,腾讯财经
2026-07-22 03:40:00,399.00,398.81,401.47,396.32,16014530,-3.29,0,23.76,腾讯财经
2026-07-22 03:50:00,398.44,398.81,401.47,396.32,16331226,-3.85,0,23.73,腾讯财经
2026-07-22 04:00:00,397.73,398.81,401.47,396.32,17626727,-4.56,-1.00,23.69,腾讯财经
2026-07-22 04:10:05,397.75,398.81,401.47,396.32,23570397,-4.54,-1.00,23.69,腾讯财经
2026-07-22 04:20:00,397.75,398.81,401.47,396.32,23679533,-4.54,-1.00,23.69,腾讯财经
2026-07-22 04:30:00,397.75,398.81,401.47,396.32,23747865,-4.54,-1.00,23.69,腾讯财经
2026-07-22 04:40:00,397.75,398.81,401.47,396.32,23758059,-4.54,-1.00,23.69,腾讯财经
2026-07-22 04:50:04,397.75,398.81,401.47,396.32,23907554,-4.54,-1.00,23.69,腾讯财经
2026-07-22 05:00:00,397.75,398.81,401.47,396.32,23964681,-4.54,-1.00,23.69,腾讯财经
2026-07-22 05:10:01,397.75,398.81,401.47,396.32,23972862,-4.54,-1.00,23.69,腾讯财经
2026-07-22 05:20:00,397.75,398.81,401.47,396.32,23980094,-4.54,-1.00,23.69,腾讯财经
2026-07-22 05:30:04,397.75,398.81,401.47,396.32,23989629,-4.54,-1.00,23.69,腾讯财经
2026-07-22 05:40:03,397.75,398.81,401.47,396.32,24022363,-4.54,-1.00,23.69,腾讯财经
2026-07-22 05:50:00,397.75,398.81,401.47,396.32,24030410,-4.54,-1.00,23.69,腾讯财经
2026-07-22 06:00:00,397.75,398.81,401.47,396.32,24036130,-4.54,-1.00,23.69,腾讯财经
2026-07-22 06:10:04,397.75,398.81,401.47,396.32,24047873,-4.54,-1.00,23.69,腾讯财经
2026-07-22 06:20:01,397.75,398.81,401.47,396.32,24056372,-4.54,-1.00,23.69,腾讯财经
2026-07-22 06:30:02,397.75,398.81,401.47,396.32,24064916,-4.54,-1.00,23.69,腾讯财经
2026-07-22 06:40:00,397.75,398.81,401.47,396.32,24071447,-4.54,-1.00,23.69,腾讯财经
2026-07-22 06:50:00,397.75,398.81,401.47,396.32,24082761,-4.54,-1.00,23.69,腾讯财经
2026-07-22 07:00:00,397.75,398.81,401.47,396.32,24088572,-4.54,-1.00,23.69,腾讯财经
2026-07-22 07:10:03,397.75,398.81,401.47,396.32,24092081,-4.54,-1.00,23.69,腾讯财经
2026-07-22 07:20:05,397.75,398.81,401.47,396.32,24097832,-4.54,-1.00,23.69,腾讯财经
2026-07-22 07:30:01,397.75,398.81,401.47,396.32,24101919,-4.54,-1.00,23.69,腾讯财经
2026-07-22 07:40:04,397.75,398.81,401.47,396.32,24112490,-4.54,-1.00,23.69,腾讯财经
2026-07-22 07:50:01,397.75,398.81,401.47,396.32,24119522,-4.54,-1.00,23.69,腾讯财经
2026-07-22 08:44:25,397.75,398.81,401.47,396.32,24126632,-4.54,-1.00,23.69,腾讯财经
2026-07-22 08:50:05,397.75,398.81,401.47,396.32,24126632,-4.54,-1.00,23.69,腾讯财经
2026-07-22 09:00:03,397.75,398.81,401.47,396.32,24126632,-4.54,-1.00,23.69,腾讯财经
2026-07-22 09:10:01,397.75,398.81,401.47,396.32,24126632,-4.54,-1.00,23.69,腾讯财经
2026-07-22 09:20:00,397.75,398.81,401.47,396.32,24126632,-4.54,-1.00,23.69,腾讯财经
2026-07-22 09:30:00,397.75,398.81,401.47,396.32,24126632,-4.54,-1.00,23.69,腾讯财经
2026-07-22 09:40:03,397.75,398.81,401.47,396.32,24126632,-4.54,-1.00,23.69,腾讯财经
2026-07-22 09:50:00,397.75,398.81,401.47,396.32,24126632,-4.54,-1.00,23.69,腾讯财经
2026-07-22 10:00:00,397.75,398.81,401.47,396.32,24126632,-4.54,-1.00,23.69,腾讯财经
2026-07-22 10:10:03,397.75,398.81,401.47,396.32,24126632,-4.54,-1.00,23.69,腾讯财经
2026-07-22 10:20:05,397.75,398.81,401.47,396.32,24126632,-4.54,-1.00,23.69,腾讯财经
2026-07-22 10:30:00,397.75,398.81,401.47,396.32,24126632,-4.54,-1.00,23.69,腾讯财经
2026-07-22 10:40:02,397.75,398.81,401.47,396.32,24126632,-4.54,-1.00,23.69,腾讯财经
2026-07-22 10:50:02,397.75,398.81,401.47,396.32,24126632,-4.54,-1.00,23.69,腾讯财经
2026-07-22 11:00:00,397.75,398.81,401.47,396.32,24126632,-4.54,-1.00,23.69,腾讯财经
2026-07-22 11:10:05,397.75,398.81,401.47,396.32,24126632,-4.54,-1.00,23.69,腾讯财经
2026-07-22 11:20:05,397.75,398.81,401.47,396.32,24126632,-4.54,-1.00,23.69,腾讯财经
2026-07-22 11:30:04,397.75,398.81,401.47,396.32,24126632,-4.54,-1.00,23.69,腾讯财经
2026-07-22 11:40:04,397.75,398.81,401.47,396.32,24126632,-4.54,-1.00,23.69,腾讯财经
2026-07-22 11:50:04,397.75,398.81,401.47,396.32,24126632,-4.54,-1.00,23.69,腾讯财经
2026-07-22 12:00:05,397.75,398.81,401.47,396.32,24126632,-4.54,-1.00,23.69,腾讯财经
2026-07-22 12:10:05,397.75,398.81,401.47,396.32,24126632,-4.54,-1.00,23.69,腾讯财经
2026-07-22 12:20:04,397.75,398.81,401.47,396.32,24126632,-4.54,-1.00,23.69,腾讯财经
2026-07-22 12:30:05,397.75,398.81,401.47,396.32,24126632,-4.54,-1.00,23.69,腾讯财经
2026-07-22 12:40:04,397.75,398.81,401.47,396.32,24126632,-4.54,-1.00,23.69,腾讯财经
2026-07-22 12:50:05,397.75,398.81,401.47,396.32,24126632,-4.54,-1.00,23.69,腾讯财经
2026-07-22 13:00:05,397.75,398.81,401.47,396.32,24126632,-4.54,-1.00,23.69,腾讯财经
2026-07-22 13:10:04,397.75,398.81,401.47,396.32,24126632,-4.54,-1.00,23.69,腾讯财经
2026-07-22 13:20:04,397.75,398.81,401.47,396.32,24126632,-4.54,-1.00,23.69,腾讯财经
2026-07-22 13:30:04,397.75,398.81,401.47,396.32,24126632,-4.54,-1.00,23.69,腾讯财经
2026-07-22 13:40:05,397.75,398.81,401.47,396.32,24126632,-4.54,-1.00,23.69,腾讯财经
2026-07-22 13:50:04,397.75,398.81,401.47,396.32,24126632,-4.54,-1.00,23.69,腾讯财经
2026-07-22 14:00:04,397.75,398.81,401.47,396.32,24126632,-4.54,-1.00,23.69,腾讯财经
2026-07-22 14:10:04,397.75,398.81,401.47,396.32,24126632,-4.54,-1.00,23.69,腾讯财经
2026-07-22 14:20:04,397.75,398.81,401.47,396.32,24126632,-4.54,-1.00,23.69,腾讯财经
2026-07-22 14:30:04,397.75,398.81,401.47,396.32,24126632,-4.54,-1.00,23.69,腾讯财经
2026-07-22 14:40:04,397.75,398.81,401.47,396.32,24126632,-4.54,-1.00,23.69,腾讯财经
2026-07-22 14:50:05,397.75,398.81,401.47,396.32,24126632,-4.54,-1.00,23.69,腾讯财经
2026-07-22 15:00:05,397.75,398.81,401.47,396.32,24126632,-4.54,-1.00,23.69,腾讯财经
2026-07-22 15:10:05,397.75,398.81,401.47,396.32,24126632,-4.54,-1.00,23.69,腾讯财经
2026-07-22 15:20:05,397.75,398.81,401.47,396.32,24126632,-4.54,-1.00,23.69,腾讯财经
2026-07-22 15:30:04,397.75,398.81,401.47,396.32,24126632,-4.54,-1.00,23.69,腾讯财经
2026-07-22 15:40:04,397.75,398.81,401.47,396.32,24126632,-4.54,-1.00,23.69,腾讯财经
2026-07-22 15:50:04,397.75,398.81,401.47,396.32,24126632,-4.54,-1.00,23.69,腾讯财经
2026-07-22 16:00:04,397.75,398.81,401.47,396.32,24126632,-4.54,-1.00,23.69,腾讯财经
2026-07-22 16:10:04,397.75,398.81,401.47,396.32,24126632,-4.54,-1.00,23.69,腾讯财经
2026-07-22 16:20:04,397.75,398.81,401.47,396.32,24126632,-4.54,-1.00,23.69,腾讯财经
2026-07-22 16:30:04,397.75,398.81,401.47,396.32,24126632,-4.54,-1.00,23.69,腾讯财经
2026-07-22 16:40:04,397.75,398.81,401.47,396.32,24126632,-4.54,-1.00,23.69,腾讯财经
2026-07-22 16:50:04,397.75,398.81,401.47,396.32,24126632,-4.54,-1.00,23.69,腾讯财经
2026-07-22 17:00:01,397.75,398.81,401.47,396.32,24126632,-4.54,-1.00,23.69,腾讯财经
2026-07-22 17:10:00,397.75,398.81,401.47,396.32,24126632,-4.54,-1.00,23.69,腾讯财经
2026-07-22 17:20:05,397.75,398.81,401.47,396.32,24126632,-4.54,-1.00,23.69,腾讯财经
2026-07-22 17:30:00,397.75,398.81,401.47,396.32,24126632,-4.54,-1.00,23.69,腾讯财经
2026-07-22 18:42:40,397.75,398.81,401.47,396.32,24126632,-4.54,-1.00,23.69,腾讯财经
2026-07-22 18:50:04,397.75,398.81,401.47,396.32,24126632,-4.54,-1.00,23.69,腾讯财经
2026-07-22 19:00:00,397.75,398.81,401.47,396.32,24126632,-4.54,-1.00,23.69,腾讯财经
2026-07-22 19:10:01,397.75,398.81,401.47,396.32,24126632,-4.54,-1.00,23.69,腾讯财经
2026-07-22 19:20:01,397.75,398.81,401.47,396.32,24126632,-4.54,-1.00,23.69,腾讯财经
2026-07-22 19:30:00,397.75,398.81,401.47,396.32,24126632,-4.54,-1.00,23.69,腾讯财经
2026-07-22 19:40:02,397.75,398.81,401.47,396.32,24126632,-4.54,-1.00,23.69,腾讯财经
2026-07-22 19:50:02,397.75,398.81,401.47,396.32,24126632,-4.54,-1.00,23.69,腾讯财经
2026-07-22 20:00:03,397.75,398.81,401.47,396.32,24126632,-4.54,-1.00,23.69,腾讯财经
2026-07-22 20:10:01,397.75,398.81,401.47,396.32,24126632,-4.54,-1.00,23.69,腾讯财经
2026-07-22 20:20:03,397.75,398.81,401.47,396.32,24126632,-4.54,-1.00,23.69,腾讯财经
2026-07-22 20:30:00,397.75,398.81,401.47,396.32,24126632,-4.54,-1.00,23.69,腾讯财经
2026-07-22 20:40:00,397.75,398.81,401.47,396.32,24126632,-4.54,-1.00,23.69,腾讯财经
2026-07-22 20:50:00,397.75,398.81,401.47,396.32,24126632,-4.54,-1.00,23.69,腾讯财经
2026-07-22 21:00:00,397.75,398.81,401.47,396.32,24126632,-4.54,-1.00,23.69,腾讯财经
2026-07-22 21:10:00,397.75,398.81,401.47,396.32,24126632,-4.54,-1.00,23.69,腾讯财经
2026-07-22 21:20:03,397.75,398.81,401.47,396.32,24126632,-4.54,-1.00,23.69,腾讯财经
2026-07-22 21:30:03,397.75,0.00,0.00,0.00,327195,0,0,23.69,腾讯财经
2026-07-22 21:40:03,393.05,399.58,401.00,392.80,1689041,-4.70,-1.00,23.41,腾讯财经
2026-07-22 21:50:00,392.08,399.58,401.00,391.86,2540852,-5.67,-1.00,23.35,腾讯财经
2026-07-22 22:00:03,391.54,399.58,401.00,390.75,3364381,-6.21,-1.00,23.32,腾讯财经
2026-07-22 22:10:00,391.83,399.58,401.00,390.75,3970663,-5.92,-1.00,23.34,腾讯财经
2026-07-22 22:20:00,390.49,399.58,401.00,390.31,4535868,-7.26,-1.00,23.26,腾讯财经
2026-07-22 22:30:00,389.67,399.58,401.00,389.50,5150495,-8.08,-2.00,23.21,腾讯财经
2026-07-22 22:40:02,389.30,399.58,401.00,389.22,5666336,-8.45,-2.00,23.19,腾讯财经
2026-07-22 22:50:03,388.62,399.58,401.00,388.20,6356946,-9.13,-2.00,23.15,腾讯财经
2026-07-22 23:00:01,389.53,399.58,401.00,388.20,7162004,-8.22,-2.00,23.20,腾讯财经
2026-07-22 23:10:00,389.63,399.58,401.00,388.20,7588268,-8.12,-2.00,23.21,腾讯财经
2026-07-22 23:20:01,388.98,399.58,401.00,388.20,7960083,-8.77,-2.00,23.17,腾讯财经
2026-07-22 23:30:00,389.69,399.58,401.00,388.20,8438523,-8.06,-2.00,23.21,腾讯财经
2026-07-22 23:40:00,388.48,399.58,401.00,388.20,8949288,-9.27,-2.00,23.14,腾讯财经
2026-07-22 23:50:00,389.10,399.58,401.00,388.09,9398063,-8.65,-2.00,23.17,腾讯财经
2026-07-23 00:00:00,389.35,399.58,401.00,388.09,9715683,-8.40,-2.00,23.19,腾讯财经
2026-07-23 00:10:00,389.04,399.58,401.00,388.09,10030532,-8.71,-2.00,23.17,腾讯财经
2026-07-23 00:20:00,388.51,399.58,401.00,388.09,10451392,-9.24,-2.00,23.14,腾讯财经
2026-07-23 00:30:04,389.02,399.58,401.00,388.09,10813291,-8.73,-2.00,23.17,腾讯财经
2026-07-23 00:40:00,388.70,399.58,401.00,388.09,11594807,-9.05,-2.00,23.15,腾讯财经
2026-07-23 00:50:00,388.65,399.58,401.00,388.09,11850762,-9.10,-2.00,23.15,腾讯财经
2026-07-23 01:00:04,389.44,399.58,401.00,388.09,12155547,-8.31,-2.00,23.19,腾讯财经
2026-07-23 01:10:00,388.75,399.58,401.00,388.09,12384458,-9.00,-2.00,23.15,腾讯财经
2026-07-23 01:20:00,387.88,399.58,401.00,387.78,12793403,-9.87,-2.00,23.10,腾讯财经
2026-07-23 01:30:00,387.85,399.58,401.00,387.15,13621083,-9.90,-2.00,23.10,腾讯财经
2026-07-23 01:40:05,388.11,399.58,401.00,387.15,13826877,-9.64,-2.00,23.12,腾讯财经
2026-07-23 01:50:01,387.73,399.58,401.00,387.15,14012137,-10.02,-2.00,23.09,腾讯财经
2026-07-23 02:00:05,387.19,399.58,401.00,387.12,14236970,-10.56,-2.00,23.06,腾讯财经
2026-07-23 02:10:00,387.09,399.58,401.00,387.06,14482244,-10.66,-2.00,23.05,腾讯财经
2026-07-23 02:20:03,387.83,399.58,401.00,386.97,14940000,-9.92,-2.00,23.10,腾讯财经
2026-07-23 02:30:05,388.57,399.58,401.00,386.97,15268394,-9.18,-2.00,23.14,腾讯财经
2026-07-23 02:40:00,388.56,399.58,401.00,386.97,15542396,-9.19,-2.00,23.14,腾讯财经
2026-07-23 02:50:00,388.57,399.58,401.00,386.97,15794136,-9.18,-2.00,23.14,腾讯财经
2026-07-23 03:00:00,388.84,399.58,401.00,386.97,16154680,-8.91,-2.00,23.16,腾讯财经
2026-07-23 03:10:03,389.31,399.58,401.00,386.97,16542733,-8.44,-2.00,23.19,腾讯财经
2026-07-23 03:20:00,389.45,399.58,401.00,386.97,16929006,-8.30,-2.00,23.20,腾讯财经
2026-07-23 03:30:00,389.51,399.58,401.00,386.97,17854878,-8.24,-2.00,23.20,腾讯财经
2026-07-23 03:40:02,388.36,399.58,401.00,386.97,18428207,-9.39,-2.00,23.13,腾讯财经
2026-07-23 03:50:03,389.20,399.58,401.00,386.97,18929729,-8.55,-2.00,23.18,腾讯财经
2026-07-23 04:00:00,390.79,399.58,401.00,386.97,20902573,-6.96,-1.00,23.28,腾讯财经
2026-07-23 04:10:04,390.34,399.58,401.00,386.97,27550424,-7.41,-1.00,23.25,腾讯财经
2026-07-23 04:20:00,390.34,399.58,401.00,386.96,27618380,-7.41,-1.00,23.25,腾讯财经
2026-07-23 04:30:00,390.34,399.58,401.00,386.96,27674161,-7.41,-1.00,23.25,腾讯财经
2026-07-23 04:40:05,390.34,399.58,401.00,386.96,27686160,-7.41,-1.00,23.25,腾讯财经
2026-07-23 04:50:00,390.34,399.58,401.00,386.96,27790280,-7.41,-1.00,23.25,腾讯财经
2026-07-23 05:00:02,390.34,399.58,401.00,386.96,27807577,-7.41,-1.00,23.25,腾讯财经
2026-07-23 05:10:00,390.34,399.58,401.00,386.96,27862521,-7.41,-1.00,23.25,腾讯财经
2026-07-23 05:20:00,390.34,399.58,401.00,386.96,27929835,-7.41,-1.00,23.25,腾讯财经
2026-07-23 05:30:03,390.34,399.58,401.00,386.96,28001324,-7.41,-1.00,23.25,腾讯财经
2026-07-23 05:40:00,390.34,399.58,401.00,386.96,28020016,-7.41,-1.00,23.25,腾讯财经
2026-07-23 05:50:00,390.34,399.58,401.00,386.96,28033080,-7.41,-1.00,23.25,腾讯财经
2026-07-23 06:00:04,390.34,399.58,401.00,386.96,28045216,-7.41,-1.00,23.25,腾讯财经
2026-07-23 06:10:00,390.34,399.58,401.00,386.96,28062459,-7.41,-1.00,23.25,腾讯财经
2026-07-23 06:20:00,390.34,399.58,401.00,386.96,28076522,-7.41,-1.00,23.25,腾讯财经
2026-07-23 06:30:00,390.34,399.58,401.00,386.96,28081944,-7.41,-1.00,23.25,腾讯财经
2026-07-23 06:40:00,390.34,399.58,401.00,386.96,28089268,-7.41,-1.00,23.25,腾讯财经
2026-07-23 06:50:04,390.34,399.58,401.00,386.96,28093254,-7.41,-1.00,23.25,腾讯财经
2026-07-23 07:00:00,390.34,399.58,401.00,386.96,28100602,-7.41,-1.00,23.25,腾讯财经
2026-07-23 07:10:03,390.34,399.58,401.00,386.96,28108255,-7.41,-1.00,23.25,腾讯财经
2026-07-23 07:20:00,390.34,399.58,401.00,386.96,28115286,-7.41,-1.00,23.25,腾讯财经
2026-07-23 07:30:00,390.34,399.58,401.00,386.96,28120305,-7.41,-1.00,23.25,腾讯财经
2026-07-23 08:50:05,390.34,399.58,401.00,386.96,28142511,-7.41,-1.00,23.25,腾讯财经
2026-07-23 09:00:00,390.34,399.58,401.00,386.96,28142511,-7.41,-1.00,23.25,腾讯财经
2026-07-23 09:10:04,390.34,399.58,401.00,386.96,28142511,-7.41,-1.00,23.25,腾讯财经
2026-07-23 09:20:00,390.34,399.58,401.00,386.96,28142511,-7.41,-1.00,23.25,腾讯财经
2026-07-23 09:30:04,390.34,399.58,401.00,386.96,28142511,-7.41,-1.00,23.25,腾讯财经
2026-07-23 09:40:05,390.34,399.58,401.00,386.96,28142511,-7.41,-1.00,23.25,腾讯财经
2026-07-23 09:50:04,390.34,399.58,401.00,386.96,28142511,-7.41,-1.00,23.25,腾讯财经
2026-07-23 10:00:01,390.34,399.58,401.00,386.96,28142511,-7.41,-1.00,23.25,腾讯财经
2026-07-23 10:10:04,390.34,399.58,401.00,386.96,28142511,-7.41,-1.00,23.25,腾讯财经
2026-07-23 10:20:04,390.34,399.58,401.00,386.96,28142511,-7.41,-1.00,23.25,腾讯财经
2026-07-23 10:30:01,390.34,399.58,401.00,386.96,28142511,-7.41,-1.00,23.25,腾讯财经
2026-07-23 10:40:04,390.34,399.58,401.00,386.96,28142511,-7.41,-1.00,23.25,腾讯财经
2026-07-23 10:50:00,390.34,399.58,401.00,386.96,28142511,-7.41,-1.00,23.25,腾讯财经
2026-07-23 11:00:01,390.34,399.58,401.00,386.96,28142511,-7.41,-1.00,23.25,腾讯财经
2026-07-23 11:10:03,390.34,399.58,401.00,386.96,28142511,-7.41,-1.00,23.25,腾讯财经
2026-07-23 11:20:01,390.34,399.58,401.00,386.96,28142511,-7.41,-1.00,23.25,腾讯财经
2026-07-23 11:30:01,390.34,399.58,401.00,386.96,28142511,-7.41,-1.00,23.25,腾讯财经
2026-07-23 11:40:04,390.34,399.58,401.00,386.96,28142511,-7.41,-1.00,23.25,腾讯财经
2026-07-23 11:50:00,390.34,399.58,401.00,386.96,28142511,-7.41,-1.00,23.25,腾讯财经
2026-07-23 12:00:04,390.34,399.58,401.00,386.96,28142511,-7.41,-1.00,23.25,腾讯财经
2026-07-23 12:10:05,390.34,399.58,401.00,386.96,28142511,-7.41,-1.00,23.25,腾讯财经
2026-07-23 12:20:03,390.34,399.58,401.00,386.96,28142511,-7.41,-1.00,23.25,腾讯财经
2026-07-23 12:30:02,390.34,399.58,401.00,386.96,28142511,-7.41,-1.00,23.25,腾讯财经
2026-07-23 12:40:05,390.34,399.58,401.00,386.96,28142511,-7.41,-1.00,23.25,腾讯财经
2026-07-23 12:50:00,390.34,399.58,401.00,386.96,28142511,-7.41,-1.00,23.25,腾讯财经
2026-07-23 13:00:02,390.34,399.58,401.00,386.96,28142511,-7.41,-1.00,23.25,腾讯财经
2026-07-23 13:10:04,390.34,399.58,401.00,386.96,28142511,-7.41,-1.00,23.25,腾讯财经
2026-07-23 13:20:02,390.34,399.58,401.00,386.96,28142511,-7.41,-1.00,23.25,腾讯财经
2026-07-23 13:30:05,390.34,399.58,401.00,386.96,28142511,-7.41,-1.00,23.25,腾讯财经
2026-07-23 13:40:05,390.34,399.58,401.00,386.96,28142511,-7.41,-1.00,23.25,腾讯财经
2026-07-23 13:50:04,390.34,399.58,401.00,386.96,28142511,-7.41,-1.00,23.25,腾讯财经
2026-07-23 14:00:00,390.34,399.58,401.00,386.96,28142511,-7.41,-1.00,23.25,腾讯财经
2026-07-23 14:10:05,390.34,399.58,401.00,386.96,28142511,-7.41,-1.00,23.25,腾讯财经
2026-07-23 14:20:01,390.34,399.58,401.00,386.96,28142511,-7.41,-1.00,23.25,腾讯财经
2026-07-23 14:30:00,390.34,399.58,401.00,386.96,28142511,-7.41,-1.00,23.25,腾讯财经
2026-07-23 14:40:04,390.34,399.58,401.00,386.96,28142511,-7.41,-1.00,23.25,腾讯财经
2026-07-23 14:50:00,390.34,399.58,401.00,386.96,28142511,-7.41,-1.00,23.25,腾讯财经
2026-07-23 15:00:01,390.34,399.58,401.00,386.96,28142511,-7.41,-1.00,23.25,腾讯财经
2026-07-23 15:10:00,390.34,399.58,401.00,386.96,28142511,-7.41,-1.00,23.25,腾讯财经
2026-07-23 15:20:00,390.34,399.58,401.00,386.96,28142511,-7.41,-1.00,23.25,腾讯财经
2026-07-23 15:30:04,390.34,399.58,401.00,386.96,28142511,-7.41,-1.00,23.25,腾讯财经
2026-07-23 15:40:05,390.34,399.58,401.00,386.96,28142511,-7.41,-1.00,23.25,腾讯财经
2026-07-23 15:50:05,390.34,399.58,401.00,386.96,28142511,-7.41,-1.00,23.25,腾讯财经
2026-07-23 16:00:03,390.34,399.58,401.00,386.96,28142511,-7.41,-1.00,23.25,腾讯财经
2026-07-23 16:10:03,390.34,399.58,401.00,386.96,28142511,-7.41,-1.00,23.25,腾讯财经
2026-07-23 16:20:00,390.34,399.58,401.00,386.96,28142511,-7.41,-1.00,23.25,腾讯财经
2026-07-23 16:30:00,390.34,399.58,401.00,386.96,28142511,-7.41,-1.00,23.25,腾讯财经
2026-07-23 16:40:04,390.34,399.58,401.00,386.96,28142511,-7.41,-1.00,23.25,腾讯财经
2026-07-23 16:50:00,390.34,399.58,401.00,386.96,28142511,-7.41,-1.00,23.25,腾讯财经
2026-07-23 17:00:00,390.34,399.58,401.00,386.96,28142511,-7.41,-1.00,23.25,腾讯财经
2026-07-23 17:10:01,390.34,399.58,401.00,386.96,28142511,-7.41,-1.00,23.25,腾讯财经
2026-07-23 17:20:03,390.34,399.58,401.00,386.96,28142511,-7.41,-1.00,23.25,腾讯财经
2026-07-23 17:30:01,390.34,399.58,401.00,386.96,28142511,-7.41,-1.00,23.25,腾讯财经
2026-07-23 17:40:05,390.34,399.58,401.00,386.96,28142511,-7.41,-1.00,23.25,腾讯财经
2026-07-23 18:12:05,390.34,399.58,401.00,386.96,28142511,-7.41,-1.00,23.25,腾讯财经
2026-07-23 18:20:00,390.34,399.58,401.00,386.96,28142511,-7.41,-1.00,23.25,腾讯财经
2026-07-23 18:30:00,390.34,399.58,401.00,386.96,28142511,-7.41,-1.00,23.25,腾讯财经
2026-07-23 18:40:00,390.34,399.58,401.00,386.96,28142511,-7.41,-1.00,23.25,腾讯财经
2026-07-23 18:50:05,390.34,399.58,401.00,386.96,28142511,-7.41,-1.00,23.25,腾讯财经
2026-07-23 19:00:00,390.34,399.58,401.00,386.96,28142511,-7.41,-1.00,23.25,腾讯财经
2026-07-23 19:10:03,390.34,399.58,401.00,386.96,28142511,-7.41,-1.00,23.25,腾讯财经
2026-07-23 19:20:05,390.34,399.58,401.00,386.96,28142511,-7.41,-1.00,23.25,腾讯财经
2026-07-23 19:30:02,390.34,399.58,401.00,386.96,28142511,-7.41,-1.00,23.25,腾讯财经
2026-07-23 19:40:04,390.34,399.58,401.00,386.96,28142511,-7.41,-1.00,23.25,腾讯财经
2026-07-23 19:50:00,390.34,399.58,401.00,386.96,28142511,-7.41,-1.00,23.25,腾讯财经
2026-07-23 20:00:04,390.34,399.58,401.00,386.96,28142511,-7.41,-1.00,23.25,腾讯财经
2026-07-23 20:10:00,390.34,399.58,401.00,386.96,28142511,-7.41,-1.00,23.25,腾讯财经
2026-07-23 20:20:04,390.34,399.58,401.00,386.96,28142511,-7.41,-1.00,23.25,腾讯财经
2026-07-23 20:30:04,390.34,399.58,401.00,386.96,28142511,-7.41,-1.00,23.25,腾讯财经
2026-07-23 20:40:05,390.34,399.58,401.00,386.96,28142511,-7.41,-1.00,23.25,腾讯财经
2026-07-23 20:50:00,390.34,399.58,401.00,386.96,28142511,-7.41,-1.00,23.25,腾讯财经
2026-07-23 21:00:01,390.34,399.58,401.00,386.96,28142511,-7.41,-1.00,23.25,腾讯财经
2026-07-23 21:10:03,390.34,399.58,401.00,386.96,28142511,-7.41,-1.00,23.25,腾讯财经
2026-07-23 21:20:00,390.34,399.58,401.00,386.96,28142511,-7.41,-1.00,23.25,腾讯财经
2026-07-24 08:40:05,381.58,389.97,391.78,377.39,30351752,-8.76,-2.00,22.73,腾讯财经
2026-07-24 08:50:05,381.58,389.97,391.78,377.39,30351752,-8.76,-2.00,22.73,腾讯财经
2026-07-24 09:00:01,381.58,389.97,391.78,377.39,30351752,-8.76,-2.00,22.73,腾讯财经
2026-07-24 09:10:05,381.58,389.97,391.78,377.39,30351752,-8.76,-2.00,22.73,腾讯财经
2026-07-24 09:20:01,381.58,389.97,391.78,377.39,30351752,-8.76,-2.00,22.73,腾讯财经
2026-07-24 09:30:04,381.58,389.97,391.78,377.39,30351752,-8.76,-2.00,22.73,腾讯财经
2026-07-24 09:40:00,381.58,389.97,391.78,377.39,30351752,-8.76,-2.00,22.73,腾讯财经
2026-07-24 09:50:00,381.58,389.97,391.78,377.39,30351752,-8.76,-2.00,22.73,腾讯财经
2026-07-24 10:00:04,381.58,389.97,391.78,377.39,30351752,-8.76,-2.00,22.73,腾讯财经
2026-07-24 10:10:05,381.58,389.97,391.78,377.39,30351752,-8.76,-2.00,22.73,腾讯财经
2026-07-24 10:20:02,381.58,389.97,391.78,377.39,30351752,-8.76,-2.00,22.73,腾讯财经
2026-07-24 10:30:00,381.58,389.97,391.78,377.39,30351752,-8.76,-2.00,22.73,腾讯财经
2026-07-24 10:40:04,381.58,389.97,391.78,377.39,30351752,-8.76,-2.00,22.73,腾讯财经
2026-07-24 10:50:02,381.58,389.97,391.78,377.39,30351752,-8.76,-2.00,22.73,腾讯财经
2026-07-24 11:00:02,381.58,389.97,391.78,377.39,30351752,-8.76,-2.00,22.73,腾讯财经
2026-07-24 11:10:05,381.58,389.97,391.78,377.39,30351752,-8.76,-2.00,22.73,腾讯财经
2026-07-24 11:20:03,381.58,389.97,391.78,377.39,30351752,-8.76,-2.00,22.73,腾讯财经
2026-07-24 11:30:05,381.58,389.97,391.78,377.39,30351752,-8.76,-2.00,22.73,腾讯财经
2026-07-24 11:40:05,381.58,389.97,391.78,377.39,30351752,-8.76,-2.00,22.73,腾讯财经
2026-07-24 11:50:04,381.58,389.97,391.78,377.39,30351752,-8.76,-2.00,22.73,腾讯财经
2026-07-24 12:00:00,381.58,389.97,391.78,377.39,30351752,-8.76,-2.00,22.73,腾讯财经
2026-07-24 12:10:03,381.58,389.97,391.78,377.39,30351752,-8.76,-2.00,22.73,腾讯财经
2026-07-24 12:20:01,381.58,389.97,391.78,377.39,30351752,-8.76,-2.00,22.73,腾讯财经
2026-07-24 12:30:02,381.58,389.97,391.78,377.39,30351752,-8.76,-2.00,22.73,腾讯财经
2026-07-24 12:40:05,381.58,389.97,391.78,377.39,30351752,-8.76,-2.00,22.73,腾讯财经
2026-07-24 12:50:00,381.58,389.97,391.78,377.39,30351752,-8.76,-2.00,22.73,腾讯财经
2026-07-24 13:00:05,381.58,389.97,391.78,377.39,30351752,-8.76,-2.00,22.73,腾讯财经
2026-07-24 13:10:05,381.58,389.97,391.78,377.39,30351752,-8.76,-2.00,22.73,腾讯财经
2026-07-24 13:20:00,381.58,389.97,391.78,377.39,30351752,-8.76,-2.00,22.73,腾讯财经
2026-07-24 13:30:01,381.58,389.97,391.78,377.39,30351752,-8.76,-2.00,22.73,腾讯财经
2026-07-24 13:40:00,381.58,389.97,391.78,377.39,30351752,-8.76,-2.00,22.73,腾讯财经
2026-07-24 13:50:03,381.58,389.97,391.78,377.39,30351752,-8.76,-2.00,22.73,腾讯财经
2026-07-24 14:00:04,381.58,389.97,391.78,377.39,30351752,-8.76,-2.00,22.73,腾讯财经
2026-07-24 14:10:02,381.58,389.97,391.78,377.39,30351752,-8.76,-2.00,22.73,腾讯财经
2026-07-24 14:20:03,381.58,389.97,391.78,377.39,30351752,-8.76,-2.00,22.73,腾讯财经
2026-07-24 14:30:05,381.58,389.97,391.78,377.39,30351752,-8.76,-2.00,22.73,腾讯财经
2026-07-24 14:40:05,381.58,389.97,391.78,377.39,30351752,-8.76,-2.00,22.73,腾讯财经
2026-07-24 14:50:03,381.58,389.97,391.78,377.39,30351752,-8.76,-2.00,22.73,腾讯财经
2026-07-24 15:00:04,381.58,389.97,391.78,377.39,30351752,-8.76,-2.00,22.73,腾讯财经
2026-07-24 15:10:05,381.58,389.97,391.78,377.39,30351752,-8.76,-2.00,22.73,腾讯财经
2026-07-24 15:20:05,381.58,389.97,391.78,377.39,30351752,-8.76,-2.00,22.73,腾讯财经
2026-07-24 15:30:05,381.58,389.97,391.78,377.39,30351752,-8.76,-2.00,22.73,腾讯财经
2026-07-24 15:40:02,381.58,389.97,391.78,377.39,30351752,-8.76,-2.00,22.73,腾讯财经
2026-07-24 15:50:05,381.58,389.97,391.78,377.39,30351752,-8.76,-2.00,22.73,腾讯财经
2026-07-24 16:00:03,381.58,389.97,391.78,377.39,30351752,-8.76,-2.00,22.73,腾讯财经
2026-07-24 16:10:00,381.58,389.97,391.78,377.39,30351752,-8.76,-2.00,22.73,腾讯财经
2026-07-24 16:20:01,381.58,389.97,391.78,377.39,30351752,-8.76,-2.00,22.73,腾讯财经
2026-07-24 16:30:03,381.58,389.97,391.78,377.39,30351752,-8.76,-2.00,22.73,腾讯财经
2026-07-24 16:40:04,381.58,389.97,391.78,377.39,30351752,-8.76,-2.00,22.73,腾讯财经
2026-07-24 16:50:04,381.58,389.97,391.78,377.39,30351752,-8.76,-2.00,22.73,腾讯财经
2026-07-24 17:00:02,381.58,389.97,391.78,377.39,30351752,-8.76,-2.00,22.73,腾讯财经
2026-07-24 17:10:00,381.58,389.97,391.78,377.39,30351752,-8.76,-2.00,22.73,腾讯财经
2026-07-24 17:20:00,381.58,389.97,391.78,377.39,30351752,-8.76,-2.00,22.73,腾讯财经
2026-07-24 17:30:00,381.58,389.97,391.78,377.39,30351752,-8.76,-2.00,22.73,腾讯财经
2026-07-24 19:15:14,381.58,389.97,391.78,377.39,30351752,-8.76,-2.00,22.73,腾讯财经
2026-07-24 20:00:05,381.58,389.97,391.78,377.39,30351752,-8.76,-2.00,22.73,腾讯财经
2026-07-24 20:10:04,381.58,389.97,391.78,377.39,30351752,-8.76,-2.00,22.73,腾讯财经
2026-07-24 20:20:02,381.58,389.97,391.78,377.39,30351752,-8.76,-2.00,22.73,腾讯财经
2026-07-24 20:30:02,381.58,389.97,391.78,377.39,30351752,-8.76,-2.00,22.73,腾讯财经
2026-07-24 20:40:05,381.58,389.97,391.78,377.39,30351752,-8.76,-2.00,22.73,腾讯财经
2026-07-24 20:50:04,381.58,389.97,391.78,377.39,30351752,-8.76,-2.00,22.73,腾讯财经
2026-07-24 21:00:01,381.58,389.97,391.78,377.39,30351752,-8.76,-2.00,22.73,腾讯财经
2026-07-24 21:10:05,381.58,389.97,391.78,377.39,30351752,-8.76,-2.00,22.73,腾讯财经
2026-07-24 21:20:00,381.58,389.97,391.78,377.39,30351752,-8.76,-2.00,22.73,腾讯财经
2026-07-24 21:30:05,387.05,387.05,387.29,387.05,310086,5.47,1.00,23.05,腾讯财经
2026-07-24 21:40:01,385.06,387.05,389.03,383.10,3282275,3.48,0,22.93,腾讯财经
2026-07-24 21:50:01,381.64,387.05,389.03,380.65,4416660,.06,0,22.73,腾讯财经
2026-07-24 22:00:03,381.55,387.05,389.03,380.65,5390251,-.03,0,22.72,腾讯财经
2026-07-24 22:10:00,382.98,387.05,389.03,380.65,6207037,1.40,0,22.81,腾讯财经
2026-07-24 22:20:00,381.98,387.05,389.03,380.65,6910213,.40,0,22.75,腾讯财经
2026-07-24 22:30:00,382.21,387.05,389.03,380.65,7661981,.63,0,22.76,腾讯财经
2026-07-24 22:40:01,382.94,387.05,389.03,380.65,8246751,1.36,0,22.81,腾讯财经
2026-07-24 22:50:00,383.11,387.05,389.03,380.65,8881552,1.53,0,22.82,腾讯财经
2026-07-24 23:00:00,384.47,387.05,389.03,380.65,9335354,2.89,0,22.90,腾讯财经
2026-07-24 23:10:00,384.09,387.05,389.03,380.65,9851098,2.51,0,22.88,腾讯财经
2026-07-24 23:20:03,384.46,387.05,389.03,380.65,10593228,2.88,0,22.90,腾讯财经
2026-07-24 23:30:00,385.42,387.05,389.03,380.65,11115798,3.84,1.00,22.96,腾讯财经
2026-07-24 23:40:02,385.07,387.05,389.03,380.65,11600935,3.49,0,22.93,腾讯财经
2026-07-24 23:50:00,383.85,387.05,389.03,380.65,11923154,2.27,0,22.86,腾讯财经
2026-07-25 00:00:05,383.87,387.05,389.03,380.65,12262673,2.29,0,22.86,腾讯财经
2026-07-25 00:10:01,384.11,387.05,389.03,380.65,12495096,2.53,0,22.88,腾讯财经
2026-07-25 00:20:00,385.29,387.05,389.03,380.65,12823134,3.71,0,22.95,腾讯财经
2026-07-25 00:30:00,385.20,387.05,389.03,380.65,13088746,3.62,0,22.94,腾讯财经
2026-07-25 00:40:01,384.54,387.05,389.03,380.65,13328892,2.96,0,22.90,腾讯财经
2026-07-25 00:50:02,384.13,387.05,389.03,380.65,13569230,2.55,0,22.88,腾讯财经
2026-07-25 01:00:04,383.98,387.05,389.03,380.65,13804090,2.40,0,22.87,腾讯财经
2026-07-25 01:10:01,383.92,387.05,389.03,380.65,14121553,2.34,0,22.87,腾讯财经
2026-07-25 01:20:01,384.24,387.05,389.03,380.65,14334502,2.66,0,22.89,腾讯财经
2026-07-25 01:30:01,384.17,387.05,389.03,380.65,14885780,2.59,0,22.88,腾讯财经
2026-07-25 01:40:04,384.13,387.05,389.03,380.65,15145000,2.55,0,22.88,腾讯财经
2026-07-25 01:50:00,384.63,387.05,389.03,380.65,15403978,3.05,0,22.91,腾讯财经
2026-07-25 02:00:00,384.81,387.05,389.03,380.65,15622443,3.23,0,22.92,腾讯财经
2026-07-25 02:10:00,384.80,387.05,389.03,380.65,15851743,3.22,0,22.92,腾讯财经
2026-07-25 02:20:03,384.38,387.05,389.03,380.65,16108506,2.80,0,22.89,腾讯财经
2026-07-25 02:30:00,383.99,387.05,389.03,380.65,16408702,2.41,0,22.87,腾讯财经
2026-07-25 02:40:04,384.20,387.05,389.03,380.65,16733641,2.62,0,22.88,腾讯财经
2026-07-25 02:50:05,384.75,387.05,389.03,380.65,17012666,3.17,0,22.92,腾讯财经
2026-07-25 03:00:00,384.70,387.05,389.03,380.65,17306969,3.12,0,22.91,腾讯财经
2026-07-25 03:10:02,384.45,387.05,389.03,380.65,17783699,2.87,0,22.90,腾讯财经
2026-07-25 03:20:00,384.55,387.05,389.03,380.65,18213905,2.97,0,22.90,腾讯财经
2026-07-25 03:30:05,383.41,387.05,389.03,380.65,18633740,1.83,0,22.84,腾讯财经
2026-07-25 03:40:00,382.95,387.05,389.03,380.65,19216149,1.37,0,22.81,腾讯财经
2026-07-25 03:50:02,382.98,387.05,389.03,380.65,19832857,1.40,0,22.81,腾讯财经
2026-07-25 04:00:05,381.70,387.05,389.03,380.65,21854299,.12,0,22.73,腾讯财经
2026-07-25 04:10:00,381.70,387.05,389.03,380.65,27412200,.12,0,22.73,腾讯财经
2026-07-25 04:20:01,381.70,387.05,389.03,380.65,27425484,.12,0,22.73,腾讯财经
2026-07-25 04:30:01,381.70,387.05,389.03,380.65,27430352,.12,0,22.73,腾讯财经
2026-07-25 04:40:01,381.70,387.05,389.03,380.65,27436865,.12,0,22.73,腾讯财经
2026-07-25 04:50:00,381.70,387.05,389.03,380.65,27447088,.12,0,22.73,腾讯财经
2026-07-25 05:00:00,381.70,387.05,389.03,380.65,27544445,.12,0,22.73,腾讯财经
2026-07-25 05:10:00,381.70,387.05,389.03,380.65,27547561,.12,0,22.73,腾讯财经
2026-07-25 05:20:03,381.70,387.05,389.03,380.65,27554851,.12,0,22.73,腾讯财经
2026-07-25 05:30:00,381.70,387.05,389.03,380.65,27558495,.12,0,22.73,腾讯财经
2026-07-25 05:40:00,381.70,387.05,389.03,380.65,27565225,.12,0,22.73,腾讯财经
2026-07-25 05:50:00,381.70,387.05,389.03,380.65,27568963,.12,0,22.73,腾讯财经
2026-07-25 06:00:02,381.70,387.05,389.03,380.65,27617333,.12,0,22.73,腾讯财经
2026-07-25 06:10:03,381.70,387.05,389.03,380.65,27619101,.12,0,22.73,腾讯财经
2026-07-25 06:20:04,381.70,387.05,389.03,380.65,27625257,.12,0,22.73,腾讯财经
2026-07-25 06:30:05,381.70,387.05,389.03,380.65,27629559,.12,0,22.73,腾讯财经
2026-07-25 06:40:00,381.70,387.05,389.03,380.65,27632830,.12,0,22.73,腾讯财经
2026-07-25 06:50:00,381.70,387.05,389.03,380.65,27636913,.12,0,22.73,腾讯财经
2026-07-25 07:00:01,381.70,387.05,389.03,380.65,27640124,.12,0,22.73,腾讯财经
2026-07-25 07:10:05,381.70,387.05,389.03,380.65,27641132,.12,0,22.73,腾讯财经
2026-07-25 07:20:00,381.70,387.05,389.03,380.65,27642064,.12,0,22.73,腾讯财经
2026-07-25 07:30:00,381.70,387.05,389.03,380.65,27645849,.12,0,22.73,腾讯财经
2026-07-25 07:40:01,381.70,387.05,389.03,380.65,27649967,.12,0,22.73,腾讯财经
2026-07-25 07:50:00,381.70,387.05,389.03,380.65,27653610,.12,0,22.73,腾讯财经
2026-07-25 08:00:03,381.70,387.05,389.03,380.65,27659388,.12,0,22.73,腾讯财经
2026-07-25 08:10:05,381.70,387.05,389.03,380.65,27659388,.12,0,22.73,腾讯财经
2026-07-25 08:20:00,381.70,387.05,389.03,380.65,27659388,.12,0,22.73,腾讯财经
2026-07-25 08:30:00,381.70,387.05,389.03,380.65,27659388,.12,0,22.73,腾讯财经
2026-07-25 08:40:05,381.70,387.05,389.03,380.65,27659388,.12,0,22.73,腾讯财经
2026-07-25 08:50:00,381.70,387.05,389.03,380.65,27659388,.12,0,22.73,腾讯财经
2026-07-25 09:00:00,381.70,387.05,389.03,380.65,27659388,.12,0,22.73,腾讯财经
2026-07-25 09:10:00,381.70,387.05,389.03,380.65,27659388,.12,0,22.73,腾讯财经
2026-07-25 09:20:00,381.70,387.05,389.03,380.65,27659388,.12,0,22.73,腾讯财经
2026-07-25 09:30:01,381.70,387.05,389.03,380.65,27659388,.12,0,22.73,腾讯财经
2026-07-25 09:40:02,381.70,387.05,389.03,380.65,27659388,.12,0,22.73,腾讯财经
2026-07-25 09:50:04,381.70,387.05,389.03,380.65,27659388,.12,0,22.73,腾讯财经
2026-07-25 10:00:00,381.70,387.05,389.03,380.65,27659388,.12,0,22.73,腾讯财经
2026-07-25 10:10:05,381.70,387.05,389.03,380.65,27659388,.12,0,22.73,腾讯财经
2026-07-25 10:20:04,381.70,387.05,389.03,380.65,27659388,.12,0,22.73,腾讯财经
2026-07-25 10:30:01,381.70,387.05,389.03,380.65,27659388,.12,0,22.73,腾讯财经
2026-07-25 10:40:00,381.70,387.05,389.03,380.65,27659388,.12,0,22.73,腾讯财经
2026-07-25 10:50:05,381.70,387.05,389.03,380.65,27659388,.12,0,22.73,腾讯财经
2026-07-25 11:00:00,381.70,387.05,389.03,380.65,27659388,.12,0,22.73,腾讯财经
2026-07-25 11:10:03,381.70,387.05,389.03,380.65,27659388,.12,0,22.73,腾讯财经
2026-07-25 11:20:05,381.70,387.05,389.03,380.65,27659388,.12,0,22.73,腾讯财经
2026-07-25 11:30:04,381.70,387.05,389.03,380.65,27659388,.12,0,22.73,腾讯财经
2026-07-25 11:40:00,381.70,387.05,389.03,380.65,27659388,.12,0,22.73,腾讯财经
2026-07-25 11:50:01,381.70,387.05,389.03,380.65,27659388,.12,0,22.73,腾讯财经
2026-07-25 12:00:02,381.70,387.05,389.03,380.65,27659388,.12,0,22.73,腾讯财经
2026-07-25 12:10:00,381.70,387.05,389.03,380.65,27659388,.12,0,22.73,腾讯财经
2026-07-25 12:20:02,381.70,387.05,389.03,380.65,27659388,.12,0,22.73,腾讯财经
2026-07-25 12:30:00,381.70,387.05,389.03,380.65,27659388,.12,0,22.73,腾讯财经
2026-07-25 12:40:00,381.70,387.05,389.03,380.65,27659388,.12,0,22.73,腾讯财经
2026-07-25 12:50:00,381.70,387.05,389.03,380.65,27659388,.12,0,22.73,腾讯财经
2026-07-25 13:00:00,381.70,387.05,389.03,380.65,27659388,.12,0,22.73,腾讯财经
2026-07-25 13:10:05,381.70,387.05,389.03,380.65,27659388,.12,0,22.73,腾讯财经
2026-07-25 13:20:00,381.70,387.05,389.03,380.65,27659388,.12,0,22.73,腾讯财经
2026-07-25 13:30:03,381.70,387.05,389.03,380.65,27659388,.12,0,22.73,腾讯财经
2026-07-25 13:40:00,381.70,387.05,389.03,380.65,27659388,.12,0,22.73,腾讯财经
2026-07-25 14:00:00,381.70,387.05,389.03,380.65,27659388,.12,0,22.73,腾讯财经
2026-07-25 14:10:05,381.70,387.05,389.03,380.65,27659388,.12,0,22.73,腾讯财经
2026-07-25 14:20:04,381.70,387.05,389.03,380.65,27659388,.12,0,22.73,腾讯财经
2026-07-25 14:30:01,381.70,387.05,389.03,380.65,27659388,.12,0,22.73,腾讯财经
2026-07-25 14:40:02,381.70,387.05,389.03,380.65,27659388,.12,0,22.73,腾讯财经
2026-07-25 14:50:00,381.70,387.05,389.03,380.65,27659388,.12,0,22.73,腾讯财经
2026-07-25 15:00:00,381.70,387.05,389.03,380.65,27659388,.12,0,22.73,腾讯财经
2026-07-25 15:10:02,381.70,387.05,389.03,380.65,27659388,.12,0,22.73,腾讯财经
2026-07-25 15:20:00,381.70,387.05,389.03,380.65,27659388,.12,0,22.73,腾讯财经
2026-07-25 15:30:00,381.70,387.05,389.03,380.65,27659388,.12,0,22.73,腾讯财经
2026-07-25 15:40:02,381.70,387.05,389.03,380.65,27659388,.12,0,22.73,腾讯财经
2026-07-25 15:50:00,381.70,387.05,389.03,380.65,27659388,.12,0,22.73,腾讯财经
2026-07-25 16:00:00,381.70,387.05,389.03,380.65,27659388,.12,0,22.73,腾讯财经
2026-07-25 16:10:04,381.70,387.05,389.03,380.65,27659388,.12,0,22.73,腾讯财经
2026-07-25 16:20:02,381.70,387.05,389.03,380.65,27659388,.12,0,22.73,腾讯财经
2026-07-25 16:30:05,381.70,387.05,389.03,380.65,27659388,.12,0,22.73,腾讯财经
2026-07-25 16:40:05,381.70,387.05,389.03,380.65,27659388,.12,0,22.73,腾讯财经
2026-07-25 16:50:05,381.70,387.05,389.03,380.65,27659388,.12,0,22.73,腾讯财经
2026-07-25 17:00:00,381.70,387.05,389.03,380.65,27659388,.12,0,22.73,腾讯财经
2026-07-25 17:10:00,381.70,387.05,389.03,380.65,27659388,.12,0,22.73,腾讯财经
2026-07-25 17:20:03,381.70,387.05,389.03,380.65,27659388,.12,0,22.73,腾讯财经
2026-07-25 17:30:01,381.70,387.05,389.03,380.65,27659388,.12,0,22.73,腾讯财经
2026-07-25 17:40:00,381.70,387.05,389.03,380.65,27659388,.12,0,22.73,腾讯财经
2026-07-25 17:50:01,381.70,387.05,389.03,380.65,27659388,.12,0,22.73,腾讯财经
2026-07-25 18:00:04,381.70,387.05,389.03,380.65,27659388,.12,0,22.73,腾讯财经
2026-07-25 18:10:03,381.70,387.05,389.03,380.65,27659388,.12,0,22.73,腾讯财经
2026-07-25 18:20:00,381.70,387.05,389.03,380.65,27659388,.12,0,22.73,腾讯财经
2026-07-25 18:30:03,381.70,387.05,389.03,380.65,27659388,.12,0,22.73,腾讯财经
2026-07-25 18:40:00,381.70,387.05,389.03,380.65,27659388,.12,0,22.73,腾讯财经
2026-07-25 18:50:04,381.70,387.05,389.03,380.65,27659388,.12,0,22.73,腾讯财经
2026-07-25 19:00:04,381.70,387.05,389.03,380.65,27659388,.12,0,22.73,腾讯财经
2026-07-25 19:10:01,381.70,387.05,389.03,380.65,27659388,.12,0,22.73,腾讯财经
2026-07-25 19:20:00,381.70,387.05,389.03,380.65,27659388,.12,0,22.73,腾讯财经
2026-07-25 19:30:04,381.70,387.05,389.03,380.65,27659388,.12,0,22.73,腾讯财经
2026-07-25 19:40:00,381.70,387.05,389.03,380.65,27659388,.12,0,22.73,腾讯财经
2026-07-25 19:50:05,381.70,387.05,389.03,380.65,27659388,.12,0,22.73,腾讯财经
2026-07-25 20:00:05,381.70,387.05,389.03,380.65,27659388,.12,0,22.73,腾讯财经
2026-07-25 20:10:00,381.70,387.05,389.03,380.65,27659388,.12,0,22.73,腾讯财经
2026-07-25 20:20:03,381.70,387.05,389.03,380.65,27659388,.12,0,22.73,腾讯财经
2026-07-25 20:30:00,381.70,387.05,389.03,380.65,27659388,.12,0,22.73,腾讯财经
2026-07-25 20:40:01,381.70,387.05,389.03,380.65,27659388,.12,0,22.73,腾讯财经
2026-07-25 20:50:00,381.70,387.05,389.03,380.65,27659388,.12,0,22.73,腾讯财经
2026-07-25 21:00:02,381.70,387.05,389.03,380.65,27659388,.12,0,22.73,腾讯财经
2026-07-25 21:10:00,381.70,387.05,389.03,380.65,27659388,.12,0,22.73,腾讯财经
2026-07-25 21:20:01,381.70,387.05,389.03,380.65,27659388,.12,0,22.73,腾讯财经
2026-07-25 21:30:03,381.70,387.05,389.03,380.65,27659388,.12,0,22.73,腾讯财经
2026-07-25 21:40:00,381.70,387.05,389.03,380.65,27659388,.12,0,22.73,腾讯财经
2026-07-25 21:50:00,381.70,387.05,389.03,380.65,27659388,.12,0,22.73,腾讯财经
2026-07-25 22:00:05,381.70,387.05,389.03,380.65,27659388,.12,0,22.73,腾讯财经
2026-07-25 22:10:05,381.70,387.05,389.03,380.65,27659388,.12,0,22.73,腾讯财经
2026-07-25 22:20:05,381.70,387.05,389.03,380.65,27659388,.12,0,22.73,腾讯财经
2026-07-25 22:30:05,381.70,387.05,389.03,380.65,27659388,.12,0,22.73,腾讯财经
2026-07-25 22:40:04,381.70,387.05,389.03,380.65,27659388,.12,0,22.73,腾讯财经
2026-07-25 22:50:04,381.70,387.05,389.03,380.65,27659388,.12,0,22.73,腾讯财经
2026-07-25 23:00:02,381.70,387.05,389.03,380.65,27659388,.12,0,22.73,腾讯财经
2026-07-25 23:10:01,381.70,387.05,389.03,380.65,27659388,.12,0,22.73,腾讯财经
2026-07-25 23:20:00,381.70,387.05,389.03,380.65,27659388,.12,0,22.73,腾讯财经
2026-07-25 23:30:00,381.70,387.05,389.03,380.65,27659388,.12,0,22.73,腾讯财经
2026-07-25 23:40:04,381.70,387.05,389.03,380.65,27659388,.12,0,22.73,腾讯财经
2026-07-25 23:50:00,381.70,387.05,389.03,380.65,27659388,.12,0,22.73,腾讯财经
2026-07-26 00:00:01,381.70,387.05,389.03,380.65,27659388,.12,0,22.73,腾讯财经
2026-07-26 00:10:00,381.70,387.05,389.03,380.65,27659388,.12,0,22.73,腾讯财经
2026-07-26 00:20:04,381.70,387.05,389.03,380.65,27659388,.12,0,22.73,腾讯财经
2026-07-26 00:30:05,381.70,387.05,389.03,380.65,27659388,.12,0,22.73,腾讯财经
2026-07-26 00:40:01,381.70,387.05,389.03,380.65,27659388,.12,0,22.73,腾讯财经
2026-07-26 00:50:02,381.70,387.05,389.03,380.65,27659388,.12,0,22.73,腾讯财经
2026-07-26 01:00:03,381.70,387.05,389.03,380.65,27659388,.12,0,22.73,腾讯财经
2026-07-26 01:10:01,381.70,387.05,389.03,380.65,27659388,.12,0,22.73,腾讯财经
2026-07-26 01:20:00,381.70,387.05,389.03,380.65,27659388,.12,0,22.73,腾讯财经
2026-07-26 01:30:01,381.70,387.05,389.03,380.65,27659388,.12,0,22.73,腾讯财经
2026-07-26 01:40:00,381.70,387.05,389.03,380.65,27659388,.12,0,22.73,腾讯财经
2026-07-26 01:50:04,381.70,387.05,389.03,380.65,27659388,.12,0,22.73,腾讯财经
2026-07-26 02:00:05,381.70,387.05,389.03,380.65,27659388,.12,0,22.73,腾讯财经
2026-07-26 02:10:05,381.70,387.05,389.03,380.65,27659388,.12,0,22.73,腾讯财经
2026-07-26 02:20:00,381.70,387.05,389.03,380.65,27659388,.12,0,22.73,腾讯财经
2026-07-26 02:30:04,381.70,387.05,389.03,380.65,27659388,.12,0,22.73,腾讯财经
2026-07-26 02:40:03,381.70,387.05,389.03,380.65,27659388,.12,0,22.73,腾讯财经
2026-07-26 02:50:00,381.70,387.05,389.03,380.65,27659388,.12,0,22.73,腾讯财经
2026-07-26 03:00:01,381.70,387.05,389.03,380.65,27659388,.12,0,22.73,腾讯财经
2026-07-26 03:10:04,381.70,387.05,389.03,380.65,27659388,.12,0,22.73,腾讯财经
2026-07-26 03:20:00,381.70,387.05,389.03,380.65,27659388,.12,0,22.73,腾讯财经
2026-07-26 03:30:01,381.70,387.05,389.03,380.65,27659388,.12,0,22.73,腾讯财经
2026-07-26 03:40:00,381.70,387.05,389.03,380.65,27659388,.12,0,22.73,腾讯财经
2026-07-26 03:50:03,381.70,387.05,389.03,380.65,27659388,.12,0,22.73,腾讯财经
2026-07-26 04:00:00,381.70,387.05,389.03,380.65,27659388,.12,0,22.73,腾讯财经
2026-07-26 04:10:02,381.70,387.05,389.03,380.65,27659388,.12,0,22.73,腾讯财经
2026-07-26 04:20:00,381.70,387.05,389.03,380.65,27659388,.12,0,22.73,腾讯财经
2026-07-26 04:30:00,381.70,387.05,389.03,380.65,27659388,.12,0,22.73,腾讯财经
2026-07-26 04:40:04,381.70,387.05,389.03,380.65,27659388,.12,0,22.73,腾讯财经
2026-07-26 04:50:00,381.70,387.05,389.03,380.65,27659388,.12,0,22.73,腾讯财经
2026-07-26 05:00:01,381.70,387.05,389.03,380.65,27659388,.12,0,22.73,腾讯财经
2026-07-26 05:10:00,381.70,387.05,389.03,380.65,27659388,.12,0,22.73,腾讯财经
2026-07-26 05:20:00,381.70,387.05,389.03,380.65,27659388,.12,0,22.73,腾讯财经
2026-07-26 05:30:03,381.70,387.05,389.03,380.65,27659388,.12,0,22.73,腾讯财经
2026-07-26 05:40:00,381.70,387.05,389.03,380.65,27659388,.12,0,22.73,腾讯财经
2026-07-26 05:50:00,381.70,387.05,389.03,380.65,27659388,.12,0,22.73,腾讯财经
2026-07-26 06:00:02,381.70,387.05,389.03,380.65,27659388,.12,0,22.73,腾讯财经
2026-07-26 06:10:00,381.70,387.05,389.03,380.65,27659388,.12,0,22.73,腾讯财经
2026-07-26 06:20:01,381.70,387.05,389.03,380.65,27659388,.12,0,22.73,腾讯财经
2026-07-26 06:30:00,381.70,387.05,389.03,380.65,27659388,.12,0,22.73,腾讯财经
2026-07-26 06:40:00,381.70,387.05,389.03,380.65,27659388,.12,0,22.73,腾讯财经
2026-07-26 06:50:05,381.70,387.05,389.03,380.65,27659388,.12,0,22.73,腾讯财经
2026-07-26 07:00:01,381.70,387.05,389.03,380.65,27659388,.12,0,22.73,腾讯财经
2026-07-26 07:10:03,381.70,387.05,389.03,380.65,27659388,.12,0,22.73,腾讯财经
2026-07-26 07:20:00,381.70,387.05,389.03,380.65,27659388,.12,0,22.73,腾讯财经
2026-07-26 07:30:04,381.70,387.05,389.03,380.65,27659388,.12,0,22.73,腾讯财经
2026-07-26 07:40:00,381.70,387.05,389.03,380.65,27659388,.12,0,22.73,腾讯财经
2026-07-26 07:50:05,381.70,387.05,389.03,380.65,27659388,.12,0,22.73,腾讯财经
2026-07-26 08:00:05,381.70,387.05,389.03,380.65,27659388,.12,0,22.73,腾讯财经
2026-07-26 08:10:00,381.70,387.05,389.03,380.65,27659388,.12,0,22.73,腾讯财经
2026-07-26 08:20:00,381.70,387.05,389.03,380.65,27659388,.12,0,22.73,腾讯财经
2026-07-26 08:30:00,381.70,387.05,389.03,380.65,27659388,.12,0,22.73,腾讯财经
2026-07-26 08:40:02,381.70,387.05,389.03,380.65,27659388,.12,0,22.73,腾讯财经
2026-07-26 08:50:02,381.70,387.05,389.03,380.65,27659388,.12,0,22.73,腾讯财经
2026-07-26 09:00:00,381.70,387.05,389.03,380.65,27659388,.12,0,22.73,腾讯财经
2026-07-26 09:10:00,381.70,387.05,389.03,380.65,27659388,.12,0,22.73,腾讯财经
2026-07-26 09:20:00,381.70,387.05,389.03,380.65,27659388,.12,0,22.73,腾讯财经
2026-07-26 09:30:04,381.70,387.05,389.03,380.65,27659388,.12,0,22.73,腾讯财经
2026-07-26 09:40:00,381.70,387.05,389.03,380.65,27659388,.12,0,22.73,腾讯财经
2026-07-26 09:50:00,381.70,387.05,389.03,380.65,27659388,.12,0,22.73,腾讯财经
2026-07-26 10:00:04,381.70,387.05,389.03,380.65,27659388,.12,0,22.73,腾讯财经
2026-07-26 10:10:03,381.70,387.05,389.03,380.65,27659388,.12,0,22.73,腾讯财经
2026-07-26 10:20:00,381.70,387.05,389.03,380.65,27659388,.12,0,22.73,腾讯财经
2026-07-26 10:30:00,381.70,387.05,389.03,380.65,27659388,.12,0,22.73,腾讯财经
2026-07-26 10:40:02,381.70,387.05,389.03,380.65,27659388,.12,0,22.73,腾讯财经
2026-07-26 10:50:01,381.70,387.05,389.03,380.65,27659388,.12,0,22.73,腾讯财经
2026-07-26 11:00:00,381.70,387.05,389.03,380.65,27659388,.12,0,22.73,腾讯财经
2026-07-26 11:10:00,381.70,387.05,389.03,380.65,27659388,.12,0,22.73,腾讯财经
2026-07-26 11:20:00,381.70,387.05,389.03,380.65,27659388,.12,0,22.73,腾讯财经
2026-07-26 11:30:04,381.70,387.05,389.03,380.65,27659388,.12,0,22.73,腾讯财经
2026-07-26 11:40:01,381.70,387.05,389.03,380.65,27659388,.12,0,22.73,腾讯财经
2026-07-26 11:50:00,381.70,387.05,389.03,380.65,27659388,.12,0,22.73,腾讯财经
2026-07-26 12:00:00,381.70,387.05,389.03,380.65,27659388,.12,0,22.73,腾讯财经
2026-07-26 12:10:00,381.70,387.05,389.03,380.65,27659388,.12,0,22.73,腾讯财经
2026-07-26 12:20:00,381.70,387.05,389.03,380.65,27659388,.12,0,22.73,腾讯财经
2026-07-26 12:30:05,381.70,387.05,389.03,380.65,27659388,.12,0,22.73,腾讯财经
2026-07-26 12:40:00,381.70,387.05,389.03,380.65,27659388,.12,0,22.73,腾讯财经
2026-07-26 12:50:00,381.70,387.05,389.03,380.65,27659388,.12,0,22.73,腾讯财经
2026-07-26 13:00:01,381.70,387.05,389.03,380.65,27659388,.12,0,22.73,腾讯财经
2026-07-26 13:10:00,381.70,387.05,389.03,380.65,27659388,.12,0,22.73,腾讯财经
2026-07-26 13:20:00,381.70,387.05,389.03,380.65,27659388,.12,0,22.73,腾讯财经
2026-07-26 13:30:01,381.70,387.05,389.03,380.65,27659388,.12,0,22.73,腾讯财经
2026-07-26 13:40:00,381.70,387.05,389.03,380.65,27659388,.12,0,22.73,腾讯财经
2026-07-26 13:50:01,381.70,387.05,389.03,380.65,27659388,.12,0,22.73,腾讯财经
2026-07-26 14:00:04,381.70,387.05,389.03,380.65,27659388,.12,0,22.73,腾讯财经
2026-07-26 14:10:00,381.70,387.05,389.03,380.65,27659388,.12,0,22.73,腾讯财经
2026-07-26 14:20:04,381.70,387.05,389.03,380.65,27659388,.12,0,22.73,腾讯财经
2026-07-26 14:30:03,381.70,387.05,389.03,380.65,27659388,.12,0,22.73,腾讯财经
2026-07-26 14:40:05,381.70,387.05,389.03,380.65,27659388,.12,0,22.73,腾讯财经
2026-07-26 14:50:05,381.70,387.05,389.03,380.65,27659388,.12,0,22.73,腾讯财经
2026-07-26 15:00:01,381.70,387.05,389.03,380.65,27659388,.12,0,22.73,腾讯财经
2026-07-26 15:10:04,381.70,387.05,389.03,380.65,27659388,.12,0,22.73,腾讯财经
2026-07-26 15:20:02,381.70,387.05,389.03,380.65,27659388,.12,0,22.73,腾讯财经
2026-07-26 15:30:05,381.70,387.05,389.03,380.65,27659388,.12,0,22.73,腾讯财经
2026-07-26 15:40:00,381.70,387.05,389.03,380.65,27659388,.12,0,22.73,腾讯财经
2026-07-26 15:50:01,381.70,387.05,389.03,380.65,27659388,.12,0,22.73,腾讯财经
2026-07-26 16:00:04,381.70,387.05,389.03,380.65,27659388,.12,0,22.73,腾讯财经
2026-07-26 16:10:04,381.70,387.05,389.03,380.65,27659388,.12,0,22.73,腾讯财经
2026-07-26 16:20:00,381.70,387.05,389.03,380.65,27659388,.12,0,22.73,腾讯财经
2026-07-26 16:30:00,381.70,387.05,389.03,380.65,27659388,.12,0,22.73,腾讯财经
2026-07-26 16:40:04,381.70,387.05,389.03,380.65,27659388,.12,0,22.73,腾讯财经
2026-07-26 16:50:00,381.70,387.05,389.03,380.65,27659388,.12,0,22.73,腾讯财经
2026-07-26 17:00:00,381.70,387.05,389.03,380.65,27659388,.12,0,22.73,腾讯财经
2026-07-26 17:10:00,381.70,387.05,389.03,380.65,27659388,.12,0,22.73,腾讯财经
2026-07-26 17:20:00,381.70,387.05,389.03,380.65,27659388,.12,0,22.73,腾讯财经
2026-07-26 17:30:03,381.70,387.05,389.03,380.65,27659388,.12,0,22.73,腾讯财经
2026-07-26 17:40:00,381.70,387.05,389.03,380.65,27659388,.12,0,22.73,腾讯财经
2026-07-26 17:50:01,381.70,387.05,389.03,380.65,27659388,.12,0,22.73,腾讯财经
2026-07-26 18:00:00,381.70,387.05,389.03,380.65,27659388,.12,0,22.73,腾讯财经
2026-07-26 18:10:00,381.70,387.05,389.03,380.65,27659388,.12,0,22.73,腾讯财经
2026-07-26 18:20:00,381.70,387.05,389.03,380.65,27659388,.12,0,22.73,腾讯财经
2026-07-26 18:30:01,381.70,387.05,389.03,380.65,27659388,.12,0,22.73,腾讯财经
2026-07-26 18:40:03,381.70,387.05,389.03,380.65,27659388,.12,0,22.73,腾讯财经
2026-07-26 18:50:00,381.70,387.05,389.03,380.65,27659388,.12,0,22.73,腾讯财经
2026-07-26 19:00:00,381.70,387.05,389.03,380.65,27659388,.12,0,22.73,腾讯财经
2026-07-26 19:10:00,381.70,387.05,389.03,380.65,27659388,.12,0,22.73,腾讯财经
2026-07-26 19:20:00,381.70,387.05,389.03,380.65,27659388,.12,0,22.73,腾讯财经
2026-07-26 19:30:03,381.70,387.05,389.03,380.65,27659388,.12,0,22.73,腾讯财经
2026-07-26 19:40:00,381.70,387.05,389.03,380.65,27659388,.12,0,22.73,腾讯财经
2026-07-26 19:50:00,381.70,387.05,389.03,380.65,27659388,.12,0,22.73,腾讯财经
2026-07-26 20:00:05,381.70,387.05,389.03,380.65,27659388,.12,0,22.73,腾讯财经
2026-07-26 20:10:02,381.70,387.05,389.03,380.65,27659388,.12,0,22.73,腾讯财经
2026-07-26 20:20:03,381.70,387.05,389.03,380.65,27659388,.12,0,22.73,腾讯财经
2026-07-26 20:30:02,381.70,387.05,389.03,380.65,27659388,.12,0,22.73,腾讯财经
2026-07-26 20:40:01,381.70,387.05,389.03,380.65,27659388,.12,0,22.73,腾讯财经
2026-07-26 20:50:03,381.70,387.05,389.03,380.65,27659388,.12,0,22.73,腾讯财经
2026-07-26 21:00:00,381.70,387.05,389.03,380.65,27659388,.12,0,22.73,腾讯财经
2026-07-26 21:10:05,381.70,387.05,389.03,380.65,27659388,.12,0,22.73,腾讯财经
2026-07-26 21:20:02,381.70,387.05,389.03,380.65,27659388,.12,0,22.73,腾讯财经
2026-07-26 21:30:00,381.70,387.05,389.03,380.65,27659388,.12,0,22.73,腾讯财经
2026-07-26 21:40:00,381.70,387.05,389.03,380.65,27659388,.12,0,22.73,腾讯财经
2026-07-26 21:50:00,381.70,387.05,389.03,380.65,27659388,.12,0,22.73,腾讯财经
2026-07-26 22:00:04,381.70,387.05,389.03,380.65,27659388,.12,0,22.73,腾讯财经
2026-07-26 22:10:00,381.70,387.05,389.03,380.65,27659388,.12,0,22.73,腾讯财经
2026-07-26 22:20:00,381.70,387.05,389.03,380.65,27659388,.12,0,22.73,腾讯财经
2026-07-26 22:30:05,381.70,387.05,389.03,380.65,27659388,.12,0,22.73,腾讯财经
2026-07-26 22:40:05,381.70,387.05,389.03,380.65,27659388,.12,0,22.73,腾讯财经
2026-07-26 22:50:00,381.70,387.05,389.03,380.65,27659388,.12,0,22.73,腾讯财经
2026-07-26 23:00:03,381.70,387.05,389.03,380.65,27659388,.12,0,22.73,腾讯财经
2026-07-26 23:10:01,381.70,387.05,389.03,380.65,27659388,.12,0,22.73,腾讯财经
2026-07-26 23:20:03,381.70,387.05,389.03,380.65,27659388,.12,0,22.73,腾讯财经
2026-07-26 23:30:05,381.70,387.05,389.03,380.65,27659388,.12,0,22.73,腾讯财经
2026-07-26 23:40:00,381.70,387.05,389.03,380.65,27659388,.12,0,22.73,腾讯财经
2026-07-26 23:50:05,381.70,387.05,389.03,380.65,27659388,.12,0,22.73,腾讯财经
2026-07-27 00:00:00,381.70,387.05,389.03,380.65,27659388,.12,0,22.73,腾讯财经
2026-07-27 00:10:03,381.70,387.05,389.03,380.65,27659388,.12,0,22.73,腾讯财经
2026-07-27 00:20:00,381.70,387.05,389.03,380.65,27659388,.12,0,22.73,腾讯财经
2026-07-27 00:30:01,381.70,387.05,389.03,380.65,27659388,.12,0,22.73,腾讯财经
2026-07-27 00:40:02,381.70,387.05,389.03,380.65,27659388,.12,0,22.73,腾讯财经
2026-07-27 00:50:00,381.70,387.05,389.03,380.65,27659388,.12,0,22.73,腾讯财经
2026-07-27 01:00:01,381.70,387.05,389.03,380.65,27659388,.12,0,22.73,腾讯财经
2026-07-27 01:10:05,381.70,387.05,389.03,380.65,27659388,.12,0,22.73,腾讯财经
2026-07-27 01:20:05,381.70,387.05,389.03,380.65,27659388,.12,0,22.73,腾讯财经
2026-07-27 01:30:00,381.70,387.05,389.03,380.65,27659388,.12,0,22.73,腾讯财经
2026-07-27 01:40:02,381.70,387.05,389.03,380.65,27659388,.12,0,22.73,腾讯财经
2026-07-27 01:50:00,381.70,387.05,389.03,380.65,27659388,.12,0,22.73,腾讯财经
2026-07-27 02:00:00,381.70,387.05,389.03,380.65,27659388,.12,0,22.73,腾讯财经
2026-07-27 02:10:00,381.70,387.05,389.03,380.65,27659388,.12,0,22.73,腾讯财经
2026-07-27 02:20:04,381.70,387.05,389.03,380.65,27659388,.12,0,22.73,腾讯财经
2026-07-27 02:30:00,381.70,387.05,389.03,380.65,27659388,.12,0,22.73,腾讯财经
2026-07-27 02:40:00,381.70,387.05,389.03,380.65,27659388,.12,0,22.73,腾讯财经
2026-07-27 02:50:05,381.70,387.05,389.03,380.65,27659388,.12,0,22.73,腾讯财经
2026-07-27 03:00:00,381.70,387.05,389.03,380.65,27659388,.12,0,22.73,腾讯财经
2026-07-27 03:10:01,381.70,387.05,389.03,380.65,27659388,.12,0,22.73,腾讯财经
2026-07-27 03:20:01,381.70,387.05,389.03,380.65,27659388,.12,0,22.73,腾讯财经
2026-07-27 03:30:00,381.70,387.05,389.03,380.65,27659388,.12,0,22.73,腾讯财经
2026-07-27 03:40:00,381.70,387.05,389.03,380.65,27659388,.12,0,22.73,腾讯财经
2026-07-27 03:50:01,381.70,387.05,389.03,380.65,27659388,.12,0,22.73,腾讯财经
2026-07-27 04:00:00,381.70,387.05,389.03,380.65,27659388,.12,0,22.73,腾讯财经
2026-07-27 04:10:03,381.70,387.05,389.03,380.65,27659388,.12,0,22.73,腾讯财经
2026-07-27 04:20:00,381.70,387.05,389.03,380.65,27659388,.12,0,22.73,腾讯财经
2026-07-27 04:30:02,381.70,387.05,389.03,380.65,27659388,.12,0,22.73,腾讯财经
2026-07-27 04:40:04,381.70,387.05,389.03,380.65,27659388,.12,0,22.73,腾讯财经
2026-07-27 04:50:00,381.70,387.05,389.03,380.65,27659388,.12,0,22.73,腾讯财经
2026-07-27 05:00:00,381.70,387.05,389.03,380.65,27659388,.12,0,22.73,腾讯财经
2026-07-27 05:10:01,381.70,387.05,389.03,380.65,27659388,.12,0,22.73,腾讯财经
2026-07-27 05:20:01,381.70,387.05,389.03,380.65,27659388,.12,0,22.73,腾讯财经
2026-07-27 05:30:05,381.70,387.05,389.03,380.65,27659388,.12,0,22.73,腾讯财经
2026-07-27 05:40:02,381.70,387.05,389.03,380.65,27659388,.12,0,22.73,腾讯财经
2026-07-27 05:50:04,381.70,387.05,389.03,380.65,27659388,.12,0,22.73,腾讯财经
2026-07-27 06:00:01,381.70,387.05,389.03,380.65,27659388,.12,0,22.73,腾讯财经
2026-07-27 06:10:01,381.70,387.05,389.03,380.65,27659388,.12,0,22.73,腾讯财经
2026-07-27 06:20:00,381.70,387.05,389.03,380.65,27659388,.12,0,22.73,腾讯财经
2026-07-27 06:30:02,381.70,387.05,389.03,380.65,27659388,.12,0,22.73,腾讯财经
2026-07-27 06:40:01,381.70,387.05,389.03,380.65,27659388,.12,0,22.73,腾讯财经
2026-07-27 06:50:03,381.70,387.05,389.03,380.65,27659388,.12,0,22.73,腾讯财经
2026-07-27 07:00:02,381.70,387.05,389.03,380.65,27659388,.12,0,22.73,腾讯财经
2026-07-27 07:10:00,381.70,387.05,389.03,380.65,27659388,.12,0,22.73,腾讯财经
2026-07-27 07:20:00,381.70,387.05,389.03,380.65,27659388,.12,0,22.73,腾讯财经
2026-07-27 07:30:04,381.70,387.05,389.03,380.65,27659388,.12,0,22.73,腾讯财经
2026-07-27 07:40:05,381.70,387.05,389.03,380.65,27659388,.12,0,22.73,腾讯财经
2026-07-27 07:50:02,381.70,387.05,389.03,380.65,27659388,.12,0,22.73,腾讯财经
2026-07-27 08:50:01,381.70,387.05,389.03,380.65,27659388,.12,0,22.73,腾讯财经
2026-07-27 09:00:00,381.70,387.05,389.03,380.65,27659388,.12,0,22.73,腾讯财经
2026-07-27 09:10:02,381.70,387.05,389.03,380.65,27659388,.12,0,22.73,腾讯财经
2026-07-27 09:20:05,381.70,387.05,389.03,380.65,27659388,.12,0,22.73,腾讯财经
2026-07-27 09:30:00,381.70,387.05,389.03,380.65,27659388,.12,0,22.73,腾讯财经
2026-07-27 09:40:03,381.70,387.05,389.03,380.65,27659388,.12,0,22.73,腾讯财经
2026-07-27 09:50:05,381.70,387.05,389.03,380.65,27659388,.12,0,22.73,腾讯财经
2026-07-27 10:00:00,381.70,387.05,389.03,380.65,27659388,.12,0,22.73,腾讯财经
2026-07-27 10:10:04,381.70,387.05,389.03,380.65,27659388,.12,0,22.73,腾讯财经
2026-07-27 10:20:00,381.70,387.05,389.03,380.65,27659388,.12,0,22.73,腾讯财经
2026-07-27 10:30:04,381.70,387.05,389.03,380.65,27659388,.12,0,22.73,腾讯财经
2026-07-27 10:40:03,381.70,387.05,389.03,380.65,27659388,.12,0,22.73,腾讯财经
2026-07-27 10:50:04,381.70,387.05,389.03,380.65,27659388,.12,0,22.73,腾讯财经
2026-07-27 11:00:04,381.70,387.05,389.03,380.65,27659388,.12,0,22.73,腾讯财经
2026-07-27 11:10:03,381.70,387.05,389.03,380.65,27659388,.12,0,22.73,腾讯财经
2026-07-27 11:20:05,381.70,387.05,389.03,380.65,27659388,.12,0,22.73,腾讯财经
2026-07-27 11:30:03,381.70,387.05,389.03,380.65,27659388,.12,0,22.73,腾讯财经
2026-07-27 11:40:03,381.70,387.05,389.03,380.65,27659388,.12,0,22.73,腾讯财经
2026-07-27 11:50:01,381.70,387.05,389.03,380.65,27659388,.12,0,22.73,腾讯财经
2026-07-27 12:00:05,381.70,387.05,389.03,380.65,27659388,.12,0,22.73,腾讯财经
2026-07-27 12:10:04,381.70,387.05,389.03,380.65,27659388,.12,0,22.73,腾讯财经
2026-07-27 12:20:02,381.70,387.05,389.03,380.65,27659388,.12,0,22.73,腾讯财经
2026-07-27 12:30:04,381.70,387.05,389.03,380.65,27659388,.12,0,22.73,腾讯财经
2026-07-27 12:40:04,381.70,387.05,389.03,380.65,27659388,.12,0,22.73,腾讯财经
2026-07-27 12:50:03,381.70,387.05,389.03,380.65,27659388,.12,0,22.73,腾讯财经
2026-07-27 13:00:02,381.70,387.05,389.03,380.65,27659388,.12,0,22.73,腾讯财经
2026-07-27 13:10:04,381.70,387.05,389.03,380.65,27659388,.12,0,22.73,腾讯财经
2026-07-27 13:20:04,381.70,387.05,389.03,380.65,27659388,.12,0,22.73,腾讯财经
2026-07-27 13:30:03,381.70,387.05,389.03,380.65,27659388,.12,0,22.73,腾讯财经
2026-07-27 13:40:04,381.70,387.05,389.03,380.65,27659388,.12,0,22.73,腾讯财经
2026-07-27 13:50:01,381.70,387.05,389.03,380.65,27659388,.12,0,22.73,腾讯财经
2026-07-27 14:00:00,381.70,387.05,389.03,380.65,27659388,.12,0,22.73,腾讯财经
2026-07-27 14:10:04,381.70,387.05,389.03,380.65,27659388,.12,0,22.73,腾讯财经
2026-07-27 14:20:00,381.70,387.05,389.03,380.65,27659388,.12,0,22.73,腾讯财经
2026-07-27 14:30:04,381.70,387.05,389.03,380.65,27659388,.12,0,22.73,腾讯财经
2026-07-27 14:40:05,381.70,387.05,389.03,380.65,27659388,.12,0,22.73,腾讯财经
2026-07-27 14:50:01,381.70,387.05,389.03,380.65,27659388,.12,0,22.73,腾讯财经
2026-07-27 15:00:01,381.70,387.05,389.03,380.65,27659388,.12,0,22.73,腾讯财经
2026-07-27 15:10:05,381.70,387.05,389.03,380.65,27659388,.12,0,22.73,腾讯财经
2026-07-27 15:20:00,381.70,387.05,389.03,380.65,27659388,.12,0,22.73,腾讯财经
2026-07-27 15:30:02,381.70,387.05,389.03,380.65,27659388,.12,0,22.73,腾讯财经
2026-07-27 15:40:05,381.70,387.05,389.03,380.65,27659388,.12,0,22.73,腾讯财经
2026-07-27 15:50:00,381.70,387.05,389.03,380.65,27659388,.12,0,22.73,腾讯财经
2026-07-27 16:00:02,381.70,387.05,389.03,380.65,27659388,.12,0,22.73,腾讯财经
2026-07-27 16:10:04,381.70,387.05,389.03,380.65,27659388,.12,0,22.73,腾讯财经
2026-07-27 16:20:00,381.70,387.05,389.03,380.65,27659388,.12,0,22.73,腾讯财经
2026-07-27 16:30:05,381.70,387.05,389.03,380.65,27659388,.12,0,22.73,腾讯财经
2026-07-27 16:40:04,381.70,387.05,389.03,380.65,27659388,.12,0,22.73,腾讯财经
2026-07-27 16:50:04,381.70,387.05,389.03,380.65,27659388,.12,0,22.73,腾讯财经
2026-07-27 17:00:01,381.70,387.05,389.03,380.65,27659388,.12,0,22.73,腾讯财经
2026-07-27 17:10:02,381.70,387.05,389.03,380.65,27659388,.12,0,22.73,腾讯财经
2026-07-27 17:20:05,381.70,387.05,389.03,380.65,27659388,.12,0,22.73,腾讯财经
2026-07-27 17:30:01,381.70,387.05,389.03,380.65,27659388,.12,0,22.73,腾讯财经
2026-07-27 18:21:14,381.70,387.05,389.03,380.65,27659388,.12,0,22.73,腾讯财经
2026-07-27 18:30:02,381.70,387.05,389.03,380.65,27659388,.12,0,22.73,腾讯财经
2026-07-27 18:40:00,381.70,387.05,389.03,380.65,27659388,.12,0,22.73,腾讯财经
2026-07-27 18:50:00,381.70,387.05,389.03,380.65,27659388,.12,0,22.73,腾讯财经
2026-07-27 19:00:03,381.70,387.05,389.03,380.65,27659388,.12,0,22.73,腾讯财经
2026-07-27 19:10:04,381.70,387.05,389.03,380.65,27659388,.12,0,22.73,腾讯财经
2026-07-27 19:20:02,381.70,387.05,389.03,380.65,27659388,.12,0,22.73,腾讯财经
2026-07-27 19:30:04,381.70,387.05,389.03,380.65,27659388,.12,0,22.73,腾讯财经
2026-07-27 19:40:02,381.70,387.05,389.03,380.65,27659388,.12,0,22.73,腾讯财经
2026-07-27 19:50:03,381.70,387.05,389.03,380.65,27659388,.12,0,22.73,腾讯财经
2026-07-27 20:00:01,381.70,387.05,389.03,380.65,27659388,.12,0,22.73,腾讯财经
2026-07-27 20:10:00,381.70,387.05,389.03,380.65,27659388,.12,0,22.73,腾讯财经
2026-07-27 20:20:04,381.70,387.05,389.03,380.65,27659388,.12,0,22.73,腾讯财经
2026-07-27 20:30:05,381.70,387.05,389.03,380.65,27659388,.12,0,22.73,腾讯财经
2026-07-27 20:40:02,381.70,387.05,389.03,380.65,27659388,.12,0,22.73,腾讯财经
2026-07-27 20:50:02,381.70,387.05,389.03,380.65,27659388,.12,0,22.73,腾讯财经
2026-07-27 21:00:01,381.70,387.05,389.03,380.65,27659388,.12,0,22.73,腾讯财经
2026-07-27 21:10:02,381.70,387.05,389.03,380.65,27659388,.12,0,22.73,腾讯财经
2026-07-27 21:20:00,381.70,387.05,389.03,380.65,27659388,.12,0,22.73,腾讯财经
2026-07-27 21:30:04,389.84,390.07,390.07,389.84,481435,8.14,2.00,23.22,腾讯财经
2026-07-27 21:40:03,391.11,390.07,392.44,387.99,2389424,9.41,2.00,23.29,腾讯财经
2026-07-27 21:50:04,391.20,390.08,392.44,387.99,3326437,9.50,2.00,23.30,腾讯财经
2026-07-27 22:00:02,391.45,390.08,392.44,387.99,4230484,9.75,2.00,23.31,腾讯财经
2026-07-27 22:10:01,391.75,390.08,393.34,387.99,5295455,10.05,2.00,23.33,腾讯财经
2026-07-27 22:20:00,391.91,390.08,393.34,387.99,6011210,10.21,2.00,23.34,腾讯财经
2026-07-27 22:30:01,390.80,390.08,393.34,387.99,6748716,9.10,2.00,23.28,腾讯财经
2026-07-27 22:40:04,390.62,390.08,393.34,387.99,7569340,8.92,2.00,23.27,腾讯财经
2026-07-27 22:50:01,389.34,390.08,393.34,387.99,8132989,7.64,2.00,23.19,腾讯财经
2026-07-27 23:00:01,389.41,390.08,393.34,387.99,8577054,7.71,2.00,23.19,腾讯财经
2026-07-28 08:38:27,389.10,390.08,394.20,387.99,27856160,7.40,1.00,23.17,腾讯财经
2026-07-28 08:40:01,389.10,390.08,394.20,387.99,27856160,7.40,1.00,23.17,腾讯财经
2026-07-28 08:50:05,389.10,390.08,394.20,387.99,27856160,7.40,1.00,23.17,腾讯财经
2026-07-28 09:00:01,389.10,390.08,394.20,387.99,27856160,7.40,1.00,23.17,腾讯财经
2026-07-28 09:10:04,389.10,390.08,394.20,387.99,27856160,7.40,1.00,23.17,腾讯财经
2026-07-28 09:20:00,389.10,390.08,394.20,387.99,27856160,7.40,1.00,23.17,腾讯财经
2026-07-28 09:30:04,389.10,390.08,394.20,387.99,27856160,7.40,1.00,23.17,腾讯财经
2026-07-28 09:40:00,389.10,390.08,394.20,387.99,27856160,7.40,1.00,23.17,腾讯财经
2026-07-28 09:50:02,389.10,390.08,394.20,387.99,27856160,7.40,1.00,23.17,腾讯财经
2026-07-28 10:00:03,389.10,390.08,394.20,387.99,27856160,7.40,1.00,23.17,腾讯财经
2026-07-28 10:10:02,389.10,390.08,394.20,387.99,27856160,7.40,1.00,23.17,腾讯财经
2026-07-28 10:20:02,389.10,390.08,394.20,387.99,27856160,7.40,1.00,23.17,腾讯财经
2026-07-28 10:30:05,389.10,390.08,394.20,387.99,27856160,7.40,1.00,23.17,腾讯财经
2026-07-28 10:40:00,389.10,390.08,394.20,387.99,27856160,7.40,1.00,23.17,腾讯财经
2026-07-28 10:50:00,389.10,390.08,394.20,387.99,27856160,7.40,1.00,23.17,腾讯财经
2026-07-28 11:00:00,389.10,390.08,394.20,387.99,27856160,7.40,1.00,23.17,腾讯财经
2026-07-28 11:10:02,389.10,390.08,394.20,387.99,27856160,7.40,1.00,23.17,腾讯财经
2026-07-28 11:20:00,389.10,390.08,394.20,387.99,27856160,7.40,1.00,23.17,腾讯财经
2026-07-28 11:30:01,389.10,390.08,394.20,387.99,27856160,7.40,1.00,23.17,腾讯财经
2026-07-28 11:40:05,389.10,390.08,394.20,387.99,27856160,7.40,1.00,23.17,腾讯财经
2026-07-28 11:50:04,389.10,390.08,394.20,387.99,27856160,7.40,1.00,23.17,腾讯财经
2026-07-28 12:00:04,389.10,390.08,394.20,387.99,27856160,7.40,1.00,23.17,腾讯财经
2026-07-28 12:10:03,389.10,390.08,394.20,387.99,27856160,7.40,1.00,23.17,腾讯财经
2026-07-28 12:20:00,389.10,390.08,394.20,387.99,27856160,7.40,1.00,23.17,腾讯财经
2026-07-28 12:30:00,389.10,390.08,394.20,387.99,27856160,7.40,1.00,23.17,腾讯财经
2026-07-28 12:40:02,389.10,390.08,394.20,387.99,27856160,7.40,1.00,23.17,腾讯财经
2026-07-28 12:50:00,389.10,390.08,394.20,387.99,27856160,7.40,1.00,23.17,腾讯财经
2026-07-28 13:00:00,389.10,390.08,394.20,387.99,27856160,7.40,1.00,23.17,腾讯财经
2026-07-28 13:10:00,389.10,390.08,394.20,387.99,27856160,7.40,1.00,23.17,腾讯财经
2026-07-28 13:20:03,389.10,390.08,394.20,387.99,27856160,7.40,1.00,23.17,腾讯财经
2026-07-28 13:30:00,389.10,390.08,394.20,387.99,27856160,7.40,1.00,23.17,腾讯财经
2026-07-28 13:40:03,389.10,390.08,394.20,387.99,27856160,7.40,1.00,23.17,腾讯财经
2026-07-28 13:50:04,389.10,390.08,394.20,387.99,27856160,7.40,1.00,23.17,腾讯财经
2026-07-28 14:00:05,389.10,390.08,394.20,387.99,27856160,7.40,1.00,23.17,腾讯财经
2026-07-28 14:10:05,389.10,390.08,394.20,387.99,27856160,7.40,1.00,23.17,腾讯财经
2026-07-28 14:20:01,389.10,390.08,394.20,387.99,27856160,7.40,1.00,23.17,腾讯财经
2026-07-28 14:30:00,389.10,390.08,394.20,387.99,27856160,7.40,1.00,23.17,腾讯财经
2026-07-28 14:40:00,389.10,390.08,394.20,387.99,27856160,7.40,1.00,23.17,腾讯财经
2026-07-28 14:50:00,389.10,390.08,394.20,387.99,27856160,7.40,1.00,23.17,腾讯财经
2026-07-28 15:00:00,389.10,390.08,394.20,387.99,27856160,7.40,1.00,23.17,腾讯财经
2026-07-28 15:10:01,389.10,390.08,394.20,387.99,27856160,7.40,1.00,23.17,腾讯财经
2026-07-28 15:20:00,389.10,390.08,394.20,387.99,27856160,7.40,1.00,23.17,腾讯财经
2026-07-28 15:30:04,389.10,390.08,394.20,387.99,27856160,7.40,1.00,23.17,腾讯财经
2026-07-28 15:40:05,389.10,390.08,394.20,387.99,27856160,7.40,1.00,23.17,腾讯财经
2026-07-28 15:50:01,389.10,390.08,394.20,387.99,27856160,7.40,1.00,23.17,腾讯财经
2026-07-28 16:00:03,389.10,390.08,394.20,387.99,27856160,7.40,1.00,23.17,腾讯财经
2026-07-28 16:10:00,389.10,390.08,394.20,387.99,27856160,7.40,1.00,23.17,腾讯财经
2026-07-28 16:20:04,389.10,390.08,394.20,387.99,27856160,7.40,1.00,23.17,腾讯财经
2026-07-28 16:30:05,389.10,390.08,394.20,387.99,27856160,7.40,1.00,23.17,腾讯财经
2026-07-28 16:40:02,389.10,390.08,394.20,387.99,27856160,7.40,1.00,23.17,腾讯财经
2026-07-28 16:50:00,389.10,390.08,394.20,387.99,27856160,7.40,1.00,23.17,腾讯财经
2026-07-28 17:00:04,389.10,390.08,394.20,387.99,27856160,7.40,1.00,23.17,腾讯财经
2026-07-28 17:10:03,389.10,390.08,394.20,387.99,27856160,7.40,1.00,23.17,腾讯财经
2026-07-28 17:20:05,389.10,390.08,394.20,387.99,27856160,7.40,1.00,23.17,腾讯财经
2026-07-28 17:30:01,389.10,390.08,394.20,387.99,27856160,7.40,1.00,23.17,腾讯财经
2026-07-28 18:39:24,389.10,390.08,394.20,387.99,27856160,7.40,1.00,23.17,腾讯财经
2026-07-28 18:40:06,389.10,390.08,394.20,387.99,27856160,7.40,1.00,23.17,腾讯财经
2026-07-28 18:50:04,389.10,390.08,394.20,387.99,27856160,7.40,1.00,23.17,腾讯财经
2026-07-28 19:00:02,389.10,390.08,394.20,387.99,27856160,7.40,1.00,23.17,腾讯财经
2026-07-28 19:10:00,389.10,390.08,394.20,387.99,27856160,7.40,1.00,23.17,腾讯财经
2026-07-28 19:20:01,389.10,390.08,394.20,387.99,27856160,7.40,1.00,23.17,腾讯财经
2026-07-28 19:30:03,389.10,390.08,394.20,387.99,27856160,7.40,1.00,23.17,腾讯财经
2026-07-28 19:40:04,389.10,390.08,394.20,387.99,27856160,7.40,1.00,23.17,腾讯财经
2026-07-28 19:50:00,389.10,390.08,394.20,387.99,27856160,7.40,1.00,23.17,腾讯财经
2026-07-28 20:00:02,389.10,390.08,394.20,387.99,27856160,7.40,1.00,23.17,腾讯财经
2026-07-28 20:10:00,389.10,390.08,394.20,387.99,27856160,7.40,1.00,23.17,腾讯财经
2026-07-28 20:20:04,389.10,390.08,394.20,387.99,27856160,7.40,1.00,23.17,腾讯财经
2026-07-28 20:30:05,389.10,390.08,394.20,387.99,27856160,7.40,1.00,23.17,腾讯财经
2026-07-28 20:40:03,389.10,390.08,394.20,387.99,27856160,7.40,1.00,23.17,腾讯财经
2026-07-28 20:50:03,389.10,390.08,394.20,387.99,27856160,7.40,1.00,23.17,腾讯财经
2026-07-28 21:00:03,389.10,390.08,394.20,387.99,27856160,7.40,1.00,23.17,腾讯财经
2026-07-28 21:10:01,389.10,390.08,394.20,387.99,27856160,7.40,1.00,23.17,腾讯财经
2026-07-28 21:20:00,389.10,390.08,394.20,387.99,27856160,7.40,1.00,23.17,腾讯财经
2026-07-28 21:30:00,389.10,0.00,0.00,0.00,606051,0,0,23.17,腾讯财经
2026-07-28 21:40:00,398.31,393.16,400.21,392.10,3539971,9.21,2.00,23.72,腾讯财经
2026-07-28 21:50:02,392.76,393.16,400.21,392.00,5149890,3.66,0,23.39,腾讯财经
2026-07-28 22:00:04,392.42,393.16,400.21,391.30,6366702,3.32,0,23.37,腾讯财经
2026-07-28 22:10:02,393.98,393.16,400.21,391.30,7143202,4.88,1.00,23.47,腾讯财经
2026-07-28 22:20:00,396.72,393.16,400.21,391.30,8172742,7.62,1.00,23.63,腾讯财经
2026-07-28 22:30:00,395.34,393.16,400.21,391.30,9073138,6.24,1.00,23.55,腾讯财经
2026-07-28 22:40:02,394.98,393.16,400.21,391.30,9614363,5.88,1.00,23.52,腾讯财经
2026-07-28 22:50:04,397.41,393.16,400.21,391.30,10319736,8.31,2.00,23.67,腾讯财经
2026-07-28 23:00:00,396.49,393.16,400.21,391.30,10842434,7.39,1.00,23.61,腾讯财经
2026-07-28 23:10:00,397.03,393.16,400.21,391.30,11353261,7.93,2.00,23.65,腾讯财经
2026-07-28 23:20:01,399.09,393.16,400.21,391.30,12009619,9.99,2.00,23.77,腾讯财经
2026-07-28 23:30:03,399.96,393.16,400.21,391.30,12927425,10.86,2.00,23.82,腾讯财经
2026-07-28 23:40:05,398.90,393.16,400.32,391.30,13546496,9.80,2.00,23.76,腾讯财经
2026-07-28 23:50:04,397.20,393.16,400.32,391.30,13954760,8.10,2.00,23.66,腾讯财经
2026-07-29 00:00:00,397.84,393.16,400.32,391.30,14379890,8.74,2.00,23.70,腾讯财经
2026-07-29 00:10:02,396.84,393.16,400.32,391.30,14901041,7.74,1.00,23.64,腾讯财经
2026-07-29 00:20:03,398.53,393.16,400.32,391.30,15619187,9.43,2.00,23.74,腾讯财经
2026-07-29 00:30:00,398.19,393.16,400.32,391.30,15996107,9.09,2.00,23.72,腾讯财经
2026-07-29 00:40:00,398.56,393.16,400.32,391.30,16262439,9.46,2.00,23.74,腾讯财经
2026-07-29 00:50:04,398.43,393.16,400.32,391.30,16830235,9.33,2.00,23.73,腾讯财经
2026-07-29 01:00:01,398.83,393.16,400.32,391.30,17051859,9.73,2.00,23.75,腾讯财经
2026-07-29 01:10:05,398.17,393.16,400.32,391.30,17310105,9.07,2.00,23.71,腾讯财经
2026-07-29 01:20:00,397.71,393.16,400.32,391.30,17539128,8.61,2.00,23.69,腾讯财经
2026-07-29 01:30:04,398.07,393.16,400.32,391.30,17824582,8.97,2.00,23.71,腾讯财经
2026-07-29 01:40:00,399.16,393.16,400.32,391.30,18634287,10.06,2.00,23.77,腾讯财经
2026-07-29 01:50:02,399.24,393.16,400.32,391.30,18948936,10.14,2.00,23.78,腾讯财经
2026-07-29 02:00:02,399.22,393.16,400.32,391.30,19222011,10.12,2.00,23.78,腾讯财经
2026-07-29 02:10:02,397.46,393.16,400.32,391.30,19559407,8.36,2.00,23.67,腾讯财经
2026-07-29 02:20:00,397.21,393.16,400.32,391.30,19873258,8.11,2.00,23.66,腾讯财经
2026-07-29 02:30:00,397.54,393.16,400.32,391.30,20229774,8.44,2.00,23.68,腾讯财经
2026-07-29 02:40:00,397.14,393.16,400.32,391.30,20587989,8.04,2.00,23.65,腾讯财经
2026-07-29 02:50:05,397.58,393.16,400.32,391.30,21496959,8.48,2.00,23.68,腾讯财经
2026-07-29 03:00:05,397.00,393.16,400.32,391.30,21872794,7.90,2.00,23.65,腾讯财经
2026-07-29 03:10:05,395.34,393.16,400.32,391.30,22599210,6.24,1.00,23.55,腾讯财经
2026-07-29 03:20:05,393.95,393.16,400.32,391.30,23192618,4.85,1.00,23.46,腾讯财经
2026-07-29 03:30:01,392.86,393.16,400.32,391.30,23649053,3.76,0,23.40,腾讯财经
2026-07-29 03:40:03,393.28,393.16,400.32,391.30,24244245,4.18,1.00,23.42,腾讯财经
2026-07-29 03:50:00,393.33,393.16,400.32,391.30,24797914,4.23,1.00,23.43,腾讯财经
2026-07-29 04:00:03,393.46,393.16,400.32,391.30,26910381,4.36,1.00,23.43,腾讯财经
2026-07-29 04:10:02,393.35,393.16,400.32,391.30,32124074,4.25,1.00,23.43,腾讯财经
2026-07-29 04:20:05,393.35,393.16,400.32,391.30,32172319,4.25,1.00,23.43,腾讯财经
2026-07-29 04:30:03,393.35,393.16,400.32,391.30,32183909,4.25,1.00,23.43,腾讯财经
2026-07-29 04:40:00,393.35,393.16,400.32,391.30,32195911,4.25,1.00,23.43,腾讯财经
2026-07-29 04:50:00,393.35,393.16,400.32,391.30,32214280,4.25,1.00,23.43,腾讯财经
2026-07-29 05:00:00,393.35,393.16,400.32,391.30,32219741,4.25,1.00,23.43,腾讯财经
2026-07-29 05:10:00,393.35,393.16,400.32,391.30,32225219,4.25,1.00,23.43,腾讯财经
2026-07-29 05:20:01,393.35,393.16,400.32,391.30,32230693,4.25,1.00,23.43,腾讯财经
2026-07-29 05:30:00,393.35,393.16,400.32,391.30,32236040,4.25,1.00,23.43,腾讯财经
2026-07-29 05:40:00,393.35,393.16,400.32,391.30,32239373,4.25,1.00,23.43,腾讯财经
2026-07-29 05:50:00,393.35,393.16,400.32,391.30,32244517,4.25,1.00,23.43,腾讯财经
2026-07-29 06:00:01,393.35,393.16,400.32,391.30,32249394,4.25,1.00,23.43,腾讯财经
2026-07-29 06:10:00,393.35,393.16,400.32,391.30,32252151,4.25,1.00,23.43,腾讯财经
2026-07-29 06:20:00,393.35,393.16,400.32,391.30,32259392,4.25,1.00,23.43,腾讯财经
2026-07-29 06:30:00,393.35,393.16,400.32,391.30,32261171,4.25,1.00,23.43,腾讯财经
2026-07-29 06:40:05,393.35,393.16,400.32,391.30,32266055,4.25,1.00,23.43,腾讯财经
2026-07-29 06:50:00,393.35,393.16,400.32,391.30,32271594,4.25,1.00,23.43,腾讯财经
2026-07-29 07:00:05,393.35,393.16,400.32,391.30,32289636,4.25,1.00,23.43,腾讯财经
2026-07-29 07:10:00,393.35,393.16,400.32,391.30,32298817,4.25,1.00,23.43,腾讯财经
2026-07-29 07:20:03,393.35,393.16,400.32,391.30,32311123,4.25,1.00,23.43,腾讯财经
2026-07-29 07:30:05,393.35,393.16,400.32,391.30,32320684,4.25,1.00,23.43,腾讯财经
2026-07-29 08:40:04,393.35,393.16,400.32,391.30,32367546,4.25,1.00,23.43,腾讯财经
2026-07-29 08:50:00,393.35,393.16,400.32,391.30,32367546,4.25,1.00,23.43,腾讯财经
2026-07-29 09:00:05,393.35,393.16,400.32,391.30,32367546,4.25,1.00,23.43,腾讯财经
2026-07-29 09:10:00,393.35,393.16,400.32,391.30,32367546,4.25,1.00,23.43,腾讯财经
2026-07-29 09:20:02,393.35,393.16,400.32,391.30,32367546,4.25,1.00,23.43,腾讯财经
2026-07-29 09:30:00,393.35,393.16,400.32,391.30,32367546,4.25,1.00,23.43,腾讯财经
2026-07-29 09:40:02,393.35,393.16,400.32,391.30,32367546,4.25,1.00,23.43,腾讯财经
2026-07-29 09:50:04,393.35,393.16,400.32,391.30,32367546,4.25,1.00,23.43,腾讯财经
2026-07-29 10:00:00,393.35,393.16,400.32,391.30,32367546,4.25,1.00,23.43,腾讯财经
2026-07-29 10:10:00,393.35,393.16,400.32,391.30,32367546,4.25,1.00,23.43,腾讯财经
2026-07-29 10:20:05,393.35,393.16,400.32,391.30,32367546,4.25,1.00,23.43,腾讯财经
2026-07-29 10:30:00,393.35,393.16,400.32,391.30,32367546,4.25,1.00,23.43,腾讯财经
2026-07-29 10:40:00,393.35,393.16,400.32,391.30,32367546,4.25,1.00,23.43,腾讯财经
2026-07-29 10:50:04,393.35,393.16,400.32,391.30,32367546,4.25,1.00,23.43,腾讯财经
2026-07-29 11:00:00,393.35,393.16,400.32,391.30,32367546,4.25,1.00,23.43,腾讯财经
2026-07-29 11:10:03,393.35,393.16,400.32,391.30,32367546,4.25,1.00,23.43,腾讯财经
2026-07-29 11:20:01,393.35,393.16,400.32,391.30,32367546,4.25,1.00,23.43,腾讯财经
2026-07-29 11:30:00,393.35,393.16,400.32,391.30,32367546,4.25,1.00,23.43,腾讯财经
2026-07-29 11:40:00,393.35,393.16,400.32,391.30,32367546,4.25,1.00,23.43,腾讯财经
2026-07-29 11:50:02,393.35,393.16,400.32,391.30,32367546,4.25,1.00,23.43,腾讯财经
2026-07-29 12:00:00,393.35,393.16,400.32,391.30,32367546,4.25,1.00,23.43,腾讯财经
2026-07-29 12:10:04,393.35,393.16,400.32,391.30,32367546,4.25,1.00,23.43,腾讯财经
2026-07-29 12:20:02,393.35,393.16,400.32,391.30,32367546,4.25,1.00,23.43,腾讯财经
2026-07-29 12:30:00,393.35,393.16,400.32,391.30,32367546,4.25,1.00,23.43,腾讯财经
2026-07-29 12:40:00,393.35,393.16,400.32,391.30,32367546,4.25,1.00,23.43,腾讯财经
2026-07-29 12:50:00,393.35,393.16,400.32,391.30,32367546,4.25,1.00,23.43,腾讯财经
2026-07-29 13:00:05,393.35,393.16,400.32,391.30,32367546,4.25,1.00,23.43,腾讯财经
2026-07-29 13:10:01,393.35,393.16,400.32,391.30,32367546,4.25,1.00,23.43,腾讯财经
2026-07-29 13:20:01,393.35,393.16,400.32,391.30,32367546,4.25,1.00,23.43,腾讯财经
2026-07-29 13:30:01,393.35,393.16,400.32,391.30,32367546,4.25,1.00,23.43,腾讯财经
2026-07-29 13:40:03,393.35,393.16,400.32,391.30,32367546,4.25,1.00,23.43,腾讯财经
2026-07-29 13:50:03,393.35,393.16,400.32,391.30,32367546,4.25,1.00,23.43,腾讯财经
2026-07-29 14:00:03,393.35,393.16,400.32,391.30,32367546,4.25,1.00,23.43,腾讯财经
2026-07-29 14:10:00,393.35,393.16,400.32,391.30,32367546,4.25,1.00,23.43,腾讯财经
2026-07-29 14:20:01,393.35,393.16,400.32,391.30,32367546,4.25,1.00,23.43,腾讯财经
2026-07-29 14:30:00,393.35,393.16,400.32,391.30,32367546,4.25,1.00,23.43,腾讯财经
2026-07-29 14:40:00,393.35,393.16,400.32,391.30,32367546,4.25,1.00,23.43,腾讯财经
2026-07-29 14:50:00,393.35,393.16,400.32,391.30,32367546,4.25,1.00,23.43,腾讯财经
2026-07-29 15:00:04,393.35,393.16,400.32,391.30,32367546,4.25,1.00,23.43,腾讯财经
2026-07-29 15:10:02,393.35,393.16,400.32,391.30,32367546,4.25,1.00,23.43,腾讯财经
2026-07-29 15:20:05,393.35,393.16,400.32,391.30,32367546,4.25,1.00,23.43,腾讯财经
2026-07-29 15:30:00,393.35,393.16,400.32,391.30,32367546,4.25,1.00,23.43,腾讯财经
2026-07-29 15:40:00,393.35,393.16,400.32,391.30,32367546,4.25,1.00,23.43,腾讯财经
2026-07-29 15:50:00,393.35,393.16,400.32,391.30,32367546,4.25,1.00,23.43,腾讯财经
2026-07-29 16:00:04,393.35,393.16,400.32,391.30,32367546,4.25,1.00,23.43,腾讯财经
2026-07-29 16:10:00,393.35,393.16,400.32,391.30,32367546,4.25,1.00,23.43,腾讯财经
2026-07-29 16:20:00,393.35,393.16,400.32,391.30,32367546,4.25,1.00,23.43,腾讯财经
2026-07-29 16:30:00,393.35,393.16,400.32,391.30,32367546,4.25,1.00,23.43,腾讯财经
2026-07-29 16:40:01,393.35,393.16,400.32,391.30,32367546,4.25,1.00,23.43,腾讯财经
2026-07-29 16:50:02,393.35,393.16,400.32,391.30,32367546,4.25,1.00,23.43,腾讯财经
2026-07-29 17:00:00,393.35,393.16,400.32,391.30,32367546,4.25,1.00,23.43,腾讯财经
2026-07-29 17:10:00,393.35,393.16,400.32,391.30,32367546,4.25,1.00,23.43,腾讯财经
2026-07-29 17:20:04,393.35,393.16,400.32,391.30,32367546,4.25,1.00,23.43,腾讯财经
2026-07-29 17:30:01,393.35,393.16,400.32,391.30,32367546,4.25,1.00,23.43,腾讯财经
2026-07-29 17:40:02,393.35,393.16,400.32,391.30,32367546,4.25,1.00,23.43,腾讯财经
2026-07-29 17:50:00,393.35,393.16,400.32,391.30,32367546,4.25,1.00,23.43,腾讯财经
2026-07-29 18:00:00,393.35,393.16,400.32,391.30,32367546,4.25,1.00,23.43,腾讯财经
2026-07-29 18:10:03,393.35,393.16,400.32,391.30,32367546,4.25,1.00,23.43,腾讯财经
2026-07-29 18:20:04,393.35,393.16,400.32,391.30,32367546,4.25,1.00,23.43,腾讯财经
2026-07-29 18:30:00,393.35,393.16,400.32,391.30,32367546,4.25,1.00,23.43,腾讯财经
2026-07-29 18:40:00,393.35,393.16,400.32,391.30,32367546,4.25,1.00,23.43,腾讯财经
2026-07-29 18:50:04,393.35,393.16,400.32,391.30,32367546,4.25,1.00,23.43,腾讯财经
2026-07-29 19:00:04,393.35,393.16,400.32,391.30,32367546,4.25,1.00,23.43,腾讯财经
2026-07-29 19:10:01,393.35,393.16,400.32,391.30,32367546,4.25,1.00,23.43,腾讯财经
2026-07-29 19:20:05,393.35,393.16,400.32,391.30,32367546,4.25,1.00,23.43,腾讯财经
2026-07-29 19:30:05,393.35,393.16,400.32,391.30,32367546,4.25,1.00,23.43,腾讯财经
2026-07-29 19:40:02,393.35,393.16,400.32,391.30,32367546,4.25,1.00,23.43,腾讯财经
2026-07-29 19:50:01,393.35,393.16,400.32,391.30,32367546,4.25,1.00,23.43,腾讯财经
2026-07-29 20:00:05,393.35,393.16,400.32,391.30,32367546,4.25,1.00,23.43,腾讯财经
2026-07-29 20:10:05,393.35,393.16,400.32,391.30,32367546,4.25,1.00,23.43,腾讯财经
2026-07-29 20:20:01,393.35,393.16,400.32,391.30,32367546,4.25,1.00,23.43,腾讯财经
2026-07-29 20:30:04,393.35,393.16,400.32,391.30,32367546,4.25,1.00,23.43,腾讯财经
2026-07-29 20:40:01,393.35,393.16,400.32,391.30,32367546,4.25,1.00,23.43,腾讯财经
2026-07-29 20:50:03,393.35,393.16,400.32,391.30,32367546,4.25,1.00,23.43,腾讯财经
2026-07-29 21:00:01,393.35,393.16,400.32,391.30,32367546,4.25,1.00,23.43,腾讯财经
2026-07-29 21:10:00,393.35,393.16,400.32,391.30,32367546,4.25,1.00,23.43,腾讯财经
2026-07-29 21:20:01,393.35,393.16,400.32,391.30,32367546,4.25,1.00,23.43,腾讯财经
2026-07-29 21:30:02,393.35,0.00,0.00,0.00,644497,0,0,23.43,腾讯财经
2026-07-29 21:40:00,390.73,393.40,394.28,389.10,2360899,-2.62,0,23.27,腾讯财经
2026-07-29 21:50:00,389.24,393.40,394.28,388.74,3158997,-4.11,-1.00,23.18,腾讯财经
2026-07-29 22:00:02,391.54,393.40,394.28,388.74,4374394,-1.81,0,23.32,腾讯财经
2026-07-29 22:10:00,392.22,393.40,394.28,388.74,5150893,-1.13,0,23.36,腾讯财经
2026-07-29 22:20:00,392.28,393.40,394.28,388.74,5850371,-1.07,0,23.36,腾讯财经
2026-07-29 22:30:03,392.49,393.40,394.28,388.74,6478503,-.86,0,23.38,腾讯财经
2026-07-29 22:40:00,394.14,393.40,394.28,388.74,7181001,.79,0,23.47,腾讯财经
2026-07-29 22:50:00,393.91,393.40,394.80,388.74,8439391,.56,0,23.46,腾讯财经
2026-07-29 23:00:00,394.23,393.40,394.99,388.74,8866210,.88,0,23.48,腾讯财经
2026-07-29 23:10:04,395.70,393.40,395.82,388.74,9433594,2.35,0,23.57,腾讯财经
2026-07-29 23:20:03,395.17,393.40,395.82,388.74,9820026,1.82,0,23.54,腾讯财经
2026-07-29 23:30:02,394.68,393.40,395.82,388.74,10189604,1.33,0,23.51,腾讯财经
2026-07-29 23:40:00,394.52,393.40,395.82,388.74,10634830,1.17,0,23.50,腾讯财经
2026-07-29 23:50:03,394.98,393.40,395.82,388.74,10997431,1.63,0,23.52,腾讯财经
2026-07-30 00:00:02,394.60,393.40,395.82,388.74,11261982,1.25,0,23.50,腾讯财经
2026-07-30 00:10:05,393.95,393.40,395.82,388.74,11622319,.60,0,23.46,腾讯财经
2026-07-30 00:20:01,393.82,393.40,395.82,388.74,12628948,.47,0,23.46,腾讯财经
2026-07-30 00:30:04,395.61,393.40,395.82,388.74,13127289,2.26,0,23.56,腾讯财经
2026-07-30 00:40:04,395.01,393.40,396.00,388.74,13983397,1.66,0,23.53,腾讯财经
2026-07-30 00:50:01,394.57,393.40,396.00,388.74,14302823,1.22,0,23.50,腾讯财经
2026-07-30 01:00:04,395.29,393.40,396.00,388.74,15225474,1.94,0,23.54,腾讯财经
2026-07-30 01:10:01,395.48,393.40,396.00,388.74,16119376,2.13,0,23.55,腾讯财经
2026-07-30 01:20:01,396.38,393.40,396.38,388.74,16621250,3.03,0,23.61,腾讯财经
2026-07-30 01:30:05,396.13,393.40,397.18,388.74,17264230,2.78,0,23.59,腾讯财经
2026-07-30 01:40:02,395.80,393.40,397.18,388.74,17578610,2.45,0,23.57,腾讯财经
2026-07-30 01:50:01,396.30,393.40,397.18,388.74,17998811,2.95,0,23.60,腾讯财经
2026-07-30 02:00:01,396.50,393.40,397.18,388.74,18473013,3.15,0,23.62,腾讯财经
2026-07-30 02:10:01,397.82,393.40,398.10,388.74,21439292,4.47,1.00,23.69,腾讯财经
2026-07-30 02:20:00,398.23,393.40,399.14,388.74,22320812,4.88,1.00,23.72,腾讯财经
2026-07-30 02:30:03,398.66,393.40,399.14,388.74,22765171,5.31,1.00,23.74,腾讯财经
2026-07-30 02:40:03,398.89,393.40,399.37,388.74,23306929,5.54,1.00,23.76,腾讯财经
2026-07-30 02:50:00,400.94,393.40,401.03,388.74,24355636,7.59,1.00,23.88,腾讯财经
2026-07-30 03:00:02,399.49,393.40,401.25,388.74,25496619,6.14,1.00,23.79,腾讯财经
2026-07-30 03:10:01,397.24,393.40,401.25,388.74,26361010,3.89,0,23.66,腾讯财经
2026-07-30 03:20:00,397.82,393.40,401.25,388.74,27007109,4.47,1.00,23.69,腾讯财经
2026-07-30 03:30:04,396.02,393.40,401.25,388.74,27625589,2.67,0,23.59,腾讯财经
2026-07-30 03:40:00,393.89,393.40,401.25,388.74,28439904,.54,0,23.46,腾讯财经
2026-07-30 03:50:02,392.41,393.40,401.25,388.74,29485681,-.94,0,23.37,腾讯财经
2026-07-30 04:00:05,390.16,393.40,401.25,388.74,32789702,-3.19,0,23.24,腾讯财经
2026-07-30 04:10:00,390.54,393.40,401.25,388.74,40170189,-2.81,0,23.26,腾讯财经
2026-07-30 04:20:00,390.54,393.40,401.25,388.74,41292411,-2.81,0,23.26,腾讯财经
2026-07-30 04:30:00,390.54,393.40,401.25,388.74,41624816,-2.81,0,23.26,腾讯财经
2026-07-30 04:40:04,390.54,393.40,401.25,388.74,42143131,-2.81,0,23.26,腾讯财经
2026-07-30 04:50:01,390.54,393.40,401.25,388.74,42282050,-2.81,0,23.26,腾讯财经
2026-07-30 05:00:00,390.54,393.40,401.25,388.74,42414931,-2.81,0,23.26,腾讯财经
2026-07-30 05:10:04,390.54,393.40,401.25,388.74,42570620,-2.81,0,23.26,腾讯财经
2026-07-30 05:20:00,390.54,393.40,401.25,388.74,42798362,-2.81,0,23.26,腾讯财经
2026-07-30 05:30:00,390.54,393.40,401.25,388.74,42918287,-2.81,0,23.26,腾讯财经
2026-07-30 05:40:00,390.54,393.40,401.25,388.74,42988687,-2.81,0,23.26,腾讯财经
2026-07-30 05:50:00,390.54,393.40,401.25,388.74,43084437,-2.81,0,23.26,腾讯财经
2026-07-30 06:00:02,390.54,393.40,401.25,388.74,43175796,-2.81,0,23.26,腾讯财经
2026-07-30 06:10:05,390.54,393.40,401.25,388.74,44589040,-2.81,0,23.26,腾讯财经
2026-07-30 06:20:00,390.54,393.40,401.25,388.74,45292388,-2.81,0,23.26,腾讯财经
2026-07-30 06:30:00,390.54,393.40,401.25,388.74,45680433,-2.81,0,23.26,腾讯财经
2026-07-30 06:40:01,390.54,393.40,401.25,388.74,45905158,-2.81,0,23.26,腾讯财经
2026-07-30 06:50:00,390.54,393.40,401.25,388.74,46123576,-2.81,0,23.26,腾讯财经
2026-07-30 07:00:00,390.54,393.40,401.25,388.74,46250598,-2.81,0,23.26,腾讯财经
2026-07-30 07:10:05,390.54,393.40,401.25,388.74,46391173,-2.81,0,23.26,腾讯财经
2026-07-30 07:20:00,390.54,393.40,401.25,388.74,46644355,-2.81,0,23.26,腾讯财经
2026-07-30 07:30:00,390.54,393.40,401.25,388.74,46842507,-2.81,0,23.26,腾讯财经
2026-07-30 07:40:03,390.54,393.40,401.25,388.74,46963384,-2.81,0,23.26,腾讯财经
2026-07-30 07:50:00,390.54,393.40,401.25,388.74,47098920,-2.81,0,23.26,腾讯财经
2026-07-30 08:00:00,390.54,393.40,401.25,388.74,47202184,-2.81,0,23.26,腾讯财经
2026-07-30 08:10:00,390.54,393.40,401.25,388.74,47209032,-2.81,0,23.26,腾讯财经
2026-07-30 08:20:05,390.54,393.40,401.25,388.74,47209032,-2.81,0,23.26,腾讯财经
2026-07-30 08:30:05,390.54,393.40,401.25,388.74,47209032,-2.81,0,23.26,腾讯财经
2026-07-30 08:40:04,390.54,393.40,401.25,388.74,47209032,-2.81,0,23.26,腾讯财经
2026-07-30 08:50:00,390.54,393.40,401.25,388.74,47209032,-2.81,0,23.26,腾讯财经
2026-07-30 09:00:02,390.54,393.40,401.25,388.74,47209032,-2.81,0,23.26,腾讯财经
2026-07-30 09:10:03,390.54,393.40,401.25,388.74,47209032,-2.81,0,23.26,腾讯财经
2026-07-30 09:20:00,390.54,393.40,401.25,388.74,47209032,-2.81,0,23.26,腾讯财经
2026-07-30 09:30:01,390.54,393.40,401.25,388.74,47209032,-2.81,0,23.26,腾讯财经
2026-07-30 09:40:02,390.54,393.40,401.25,388.74,47209032,-2.81,0,23.26,腾讯财经
2026-07-30 09:50:03,390.54,393.40,401.25,388.74,47209032,-2.81,0,23.26,腾讯财经
2026-07-30 10:00:02,390.54,393.40,401.25,388.74,47209032,-2.81,0,23.26,腾讯财经
2026-07-30 10:10:02,390.54,393.40,401.25,388.74,47209032,-2.81,0,23.26,腾讯财经
2026-07-30 10:20:00,390.54,393.40,401.25,388.74,47209032,-2.81,0,23.26,腾讯财经
2026-07-30 10:30:01,390.54,393.40,401.25,388.74,47209032,-2.81,0,23.26,腾讯财经
2026-07-30 10:40:04,390.54,393.40,401.25,388.74,47209032,-2.81,0,23.26,腾讯财经
2026-07-30 10:50:00,390.54,393.40,401.25,388.74,47209032,-2.81,0,23.26,腾讯财经
2026-07-30 11:00:00,390.54,393.40,401.25,388.74,47209032,-2.81,0,23.26,腾讯财经
2026-07-30 11:10:00,390.54,393.40,401.25,388.74,47209032,-2.81,0,23.26,腾讯财经
2026-07-30 11:20:05,390.54,393.40,401.25,388.74,47209032,-2.81,0,23.26,腾讯财经
2026-07-30 11:30:00,390.54,393.40,401.25,388.74,47209032,-2.81,0,23.26,腾讯财经
2026-07-30 11:40:00,390.54,393.40,401.25,388.74,47209032,-2.81,0,23.26,腾讯财经
2026-07-30 11:50:02,390.54,393.40,401.25,388.74,47209032,-2.81,0,23.26,腾讯财经
2026-07-30 12:00:00,390.54,393.40,401.25,388.74,47209032,-2.81,0,23.26,腾讯财经
2026-07-30 12:10:01,390.54,393.40,401.25,388.74,47209032,-2.81,0,23.26,腾讯财经
2026-07-30 12:20:00,390.54,393.40,401.25,388.74,47209032,-2.81,0,23.26,腾讯财经
2026-07-30 12:30:04,390.54,393.40,401.25,388.74,47209032,-2.81,0,23.26,腾讯财经
2026-07-30 12:40:03,390.54,393.40,401.25,388.74,47209032,-2.81,0,23.26,腾讯财经
2026-07-30 12:50:04,390.54,393.40,401.25,388.74,47209032,-2.81,0,23.26,腾讯财经
2026-07-30 13:00:03,390.54,393.40,401.25,388.74,47209032,-2.81,0,23.26,腾讯财经
2026-07-30 13:10:00,390.54,393.40,401.25,388.74,47209032,-2.81,0,23.26,腾讯财经
2026-07-30 13:20:04,390.54,393.40,401.25,388.74,47209032,-2.81,0,23.26,腾讯财经
2026-07-30 13:30:01,390.54,393.40,401.25,388.74,47209032,-2.81,0,23.26,腾讯财经
2026-07-30 13:40:00,390.54,393.40,401.25,388.74,47209032,-2.81,0,23.26,腾讯财经
2026-07-30 13:50:00,390.54,393.40,401.25,388.74,47209032,-2.81,0,23.26,腾讯财经
2026-07-30 14:00:02,390.54,393.40,401.25,388.74,47209032,-2.81,0,23.26,腾讯财经
2026-07-30 14:10:05,390.54,393.40,401.25,388.74,47209032,-2.81,0,23.26,腾讯财经
2026-07-30 14:20:00,390.54,393.40,401.25,388.74,47209032,-2.81,0,23.26,腾讯财经
2026-07-30 14:30:00,390.54,393.40,401.25,388.74,47209032,-2.81,0,23.26,腾讯财经
2026-07-30 14:40:00,390.54,393.40,401.25,388.74,47209032,-2.81,0,23.26,腾讯财经
2026-07-30 14:50:00,390.54,393.40,401.25,388.74,47209032,-2.81,0,23.26,腾讯财经
2026-07-30 15:00:04,390.54,393.40,401.25,388.74,47209032,-2.81,0,23.26,腾讯财经
2026-07-30 15:10:04,390.54,393.40,401.25,388.74,47209032,-2.81,0,23.26,腾讯财经
2026-07-30 15:20:00,390.54,393.40,401.25,388.74,47209032,-2.81,0,23.26,腾讯财经
2026-07-30 15:30:05,390.54,393.40,401.25,388.74,47209032,-2.81,0,23.26,腾讯财经
2026-07-30 15:40:04,390.54,393.40,401.25,388.74,47209032,-2.81,0,23.26,腾讯财经
2026-07-30 15:50:00,390.54,393.40,401.25,388.74,47209032,-2.81,0,23.26,腾讯财经
2026-07-30 16:00:00,390.54,393.40,401.25,388.74,47209032,-2.81,0,23.26,腾讯财经
2026-07-30 16:10:05,390.54,393.40,401.25,388.74,47209032,-2.81,0,23.26,腾讯财经
2026-07-30 16:20:01,390.54,393.40,401.25,388.74,47209032,-2.81,0,23.26,腾讯财经
2026-07-30 16:30:00,390.54,393.40,401.25,388.74,47209032,-2.81,0,23.26,腾讯财经
2026-07-30 16:40:03,390.54,393.40,401.25,388.74,47209032,-2.81,0,23.26,腾讯财经
2026-07-30 16:50:00,390.54,393.40,401.25,388.74,47209032,-2.81,0,23.26,腾讯财经
2026-07-30 17:00:03,390.54,393.40,401.25,388.74,47209032,-2.81,0,23.26,腾讯财经
2026-07-30 17:10:04,390.54,393.40,401.25,388.74,47209032,-2.81,0,23.26,腾讯财经
2026-07-30 17:20:00,390.54,393.40,401.25,388.74,47209032,-2.81,0,23.26,腾讯财经
2026-07-30 17:30:01,390.54,393.40,401.25,388.74,47209032,-2.81,0,23.26,腾讯财经
2026-07-30 18:08:59,390.54,393.40,401.25,388.74,47209032,-2.81,0,23.26,腾讯财经
2026-07-30 18:10:04,390.54,393.40,401.25,388.74,47209032,-2.81,0,23.26,腾讯财经
2026-07-30 18:20:01,390.54,393.40,401.25,388.74,47209032,-2.81,0,23.26,腾讯财经
2026-07-30 18:30:00,390.54,393.40,401.25,388.74,47209032,-2.81,0,23.26,腾讯财经
2026-07-30 18:40:00,390.54,393.40,401.25,388.74,47209032,-2.81,0,23.26,腾讯财经
2026-07-30 18:50:04,390.54,393.40,401.25,388.74,47209032,-2.81,0,23.26,腾讯财经
2026-07-30 19:00:05,390.54,393.40,401.25,388.74,47209032,-2.81,0,23.26,腾讯财经
2026-07-30 19:10:05,390.54,393.40,401.25,388.74,47209032,-2.81,0,23.26,腾讯财经
2026-07-30 19:20:00,390.54,393.40,401.25,388.74,47209032,-2.81,0,23.26,腾讯财经
2026-07-30 19:30:04,390.54,393.40,401.25,388.74,47209032,-2.81,0,23.26,腾讯财经
2026-07-30 19:40:00,390.54,393.40,401.25,388.74,47209032,-2.81,0,23.26,腾讯财经
2026-07-30 19:50:01,390.54,393.40,401.25,388.74,47209032,-2.81,0,23.26,腾讯财经
2026-07-30 20:00:00,390.54,393.40,401.25,388.74,47209032,-2.81,0,23.26,腾讯财经
2026-07-30 20:10:01,390.54,393.40,401.25,388.74,47209032,-2.81,0,23.26,腾讯财经
2026-07-30 20:20:00,390.54,393.40,401.25,388.74,47209032,-2.81,0,23.26,腾讯财经
2026-07-30 20:30:02,390.54,393.40,401.25,388.74,47209032,-2.81,0,23.26,腾讯财经
2026-07-30 20:40:04,390.54,393.40,401.25,388.74,47209032,-2.81,0,23.26,腾讯财经
2026-07-30 20:50:00,390.54,393.40,401.25,388.74,47209032,-2.81,0,23.26,腾讯财经
2026-07-30 21:00:05,390.54,393.40,401.25,388.74,47209032,-2.81,0,23.26,腾讯财经
2026-07-30 21:10:05,390.54,393.40,401.25,388.74,47209032,-2.81,0,23.26,腾讯财经
2026-07-30 21:20:05,390.54,393.40,401.25,388.74,47209032,-2.81,0,23.26,腾讯财经
2026-07-30 21:30:00,390.54,0.00,0.00,0.00,4807495,0,0,21.76,腾讯财经
2026-07-30 21:40:02,447.10,438.50,451.35,432.44,22190266,56.56,14.00,24.91,腾讯财经
2026-07-30 21:50:03,451.02,437.90,451.73,432.44,29867763,60.48,15.00,25.13,腾讯财经
2026-07-30 22:00:05,449.98,437.90,451.73,432.44,34908578,59.44,15.00,25.07,腾讯财经
2026-07-30 22:10:05,446.85,437.90,451.73,432.44,39221472,56.31,14.00,24.89,腾讯财经
2026-07-30 22:20:00,446.25,437.90,451.73,432.44,42060686,55.71,14.00,24.86,腾讯财经
2026-07-30 22:30:03,449.81,437.90,451.73,432.44,45460142,59.27,15.00,25.06,腾讯财经
2026-07-30 22:40:05,449.91,437.90,451.73,432.44,48613380,59.37,15.00,25.06,腾讯财经
2026-07-30 22:50:03,450.35,437.90,452.24,432.44,53059662,59.81,15.00,25.09,腾讯财经
2026-07-30 23:00:00,447.00,437.90,452.24,432.44,55407919,56.46,14.00,24.90,腾讯财经
2026-07-30 23:10:02,445.24,437.90,452.24,432.44,58286874,54.70,14.00,24.80,腾讯财经
2026-07-30 23:20:02,444.90,437.90,452.24,432.44,60043595,54.36,13.00,24.79,腾讯财经
2026-07-30 23:30:03,444.58,437.90,452.24,432.44,62058226,54.04,13.00,24.77,腾讯财经
2026-07-30 23:40:03,448.27,437.90,452.24,432.44,63825080,57.73,14.00,24.97,腾讯财经
2026-07-30 23:50:00,449.86,437.90,452.24,432.44,64918270,59.32,15.00,25.06,腾讯财经
2026-07-31 00:00:01,449.71,437.90,452.24,432.44,66381195,59.17,15.00,25.05,腾讯财经
2026-07-31 00:10:05,454.16,437.90,454.27,432.44,69011933,63.62,16.00,25.30,腾讯财经
2026-07-31 00:20:00,455.20,437.90,456.49,432.44,71146131,64.66,16.00,25.36,腾讯财经
2026-07-31 00:30:00,455.21,437.90,456.49,432.44,72249043,64.67,16.00,25.36,腾讯财经
2026-07-31 00:40:04,454.18,437.90,456.49,432.44,73397754,63.64,16.00,25.30,腾讯财经
2026-07-31 00:50:00,454.27,437.90,456.49,432.44,74406466,63.73,16.00,25.31,腾讯财经
2026-07-31 01:00:00,454.86,437.90,456.49,432.44,76015919,64.32,16.00,25.34,腾讯财经
2026-07-31 01:10:05,455.74,437.90,456.49,432.44,77019118,65.20,16.00,25.39,腾讯财经
2026-07-31 01:20:03,455.58,437.90,456.49,432.44,77687795,65.04,16.00,25.38,腾讯财经
2026-07-31 01:30:00,455.95,437.90,456.49,432.44,78504142,65.41,16.00,25.40,腾讯财经
2026-07-31 01:40:00,456.40,437.90,457.91,432.44,79751883,65.86,16.00,25.43,腾讯财经
2026-07-31 01:50:01,456.81,437.90,457.91,432.44,80600693,66.27,16.00,25.45,腾讯财经
2026-07-31 02:00:04,455.94,437.90,457.91,432.44,81565053,65.40,16.00,25.40,腾讯财经
2026-07-31 02:10:00,456.52,437.90,457.91,432.44,82867417,65.98,16.00,25.43,腾讯财经
2026-07-31 02:20:02,457.85,437.90,458.69,432.44,84021465,67.31,17.00,25.51,腾讯财经
2026-07-31 02:30:00,458.35,437.90,458.69,432.44,84972570,67.81,17.00,25.53,腾讯财经
2026-07-31 02:40:00,456.92,437.90,458.69,432.44,86078848,66.38,16.00,25.46,腾讯财经
2026-07-31 02:50:04,456.35,437.90,458.69,432.44,86893575,65.81,16.00,25.42,腾讯财经
2026-07-31 03:00:00,456.15,437.90,458.69,432.44,87726041,65.61,16.00,25.41,腾讯财经
2026-07-31 03:10:00,455.47,437.90,458.69,432.44,89121875,64.93,16.00,25.37,腾讯财经
2026-07-31 03:20:03,455.90,437.90,458.69,432.44,90256952,65.36,16.00,25.40,腾讯财经
2026-07-31 03:30:04,456.80,437.90,458.69,432.44,91415610,66.26,16.00,25.45,腾讯财经
2026-07-31 03:40:04,456.60,437.90,458.69,432.44,92812125,66.06,16.00,25.44,腾讯财经
2026-07-31 03:50:03,455.37,437.90,458.69,432.44,94076930,64.83,16.00,25.37,腾讯财经
2026-07-31 04:00:01,451.40,437.90,458.69,432.44,99186451,60.86,15.00,25.15,腾讯财经
2026-07-31 04:10:05,451.10,437.90,458.69,432.44,109284132,60.56,15.00,25.13,腾讯财经
2026-07-31 04:20:00,451.10,437.90,458.69,432.44,109398214,60.56,15.00,25.13,腾讯财经
2026-07-31 04:30:03,451.10,437.90,458.69,432.44,109457341,60.56,15.00,25.13,腾讯财经
2026-07-31 04:40:04,451.10,437.90,458.69,432.44,109507912,60.56,15.00,25.13,腾讯财经
2026-07-31 04:50:05,451.10,437.90,458.69,432.44,109639502,60.56,15.00,25.13,腾讯财经
2026-07-31 05:00:04,451.10,437.90,458.69,432.44,109663525,60.56,15.00,25.13,腾讯财经
2026-07-31 05:10:01,451.10,437.90,458.69,432.44,109705051,60.56,15.00,25.13,腾讯财经
2026-07-31 05:20:01,451.10,437.90,458.69,432.44,109776650,60.56,15.00,25.13,腾讯财经
2026-07-31 05:30:00,451.10,437.90,458.69,432.44,109826828,60.56,15.00,25.13,腾讯财经
2026-07-31 05:40:00,451.10,437.90,458.69,432.44,109874621,60.56,15.00,25.13,腾讯财经
2026-07-31 05:50:02,451.10,437.90,458.69,432.44,109908648,60.56,15.00,25.13,腾讯财经
2026-07-31 06:00:03,451.10,437.90,458.69,432.44,109942977,60.56,15.00,25.13,腾讯财经
2026-07-31 06:10:03,451.10,437.90,458.69,432.44,109967799,60.56,15.00,25.13,腾讯财经
2026-07-31 06:20:00,451.10,437.90,458.69,432.44,109985132,60.56,15.00,25.13,腾讯财经
2026-07-31 06:30:00,451.10,437.90,458.69,432.44,110012869,60.56,15.00,25.13,腾讯财经
2026-07-31 06:40:00,451.10,437.90,458.69,432.44,110034443,60.56,15.00,25.13,腾讯财经
2026-07-31 06:50:03,451.10,437.90,458.69,432.44,110049051,60.56,15.00,25.13,腾讯财经
2026-07-31 07:00:04,451.10,437.90,458.69,432.44,110091114,60.56,15.00,25.13,腾讯财经
2026-07-31 07:10:01,451.10,437.90,458.69,432.44,110102550,60.56,15.00,25.13,腾讯财经
2026-07-31 07:20:00,451.10,437.90,458.69,432.44,110109677,60.56,15.00,25.13,腾讯财经
2026-07-31 07:30:01,451.10,437.90,458.69,432.44,110115906,60.56,15.00,25.13,腾讯财经
2026-07-31 08:34:12,451.10,437.90,458.69,432.44,110160704,60.56,15.00,25.13,腾讯财经
2026-07-31 08:40:03,451.10,437.90,458.69,432.44,110160704,60.56,15.00,25.13,腾讯财经
2026-07-31 08:50:04,451.10,437.90,458.69,432.44,110160704,60.56,15.00,25.13,腾讯财经
2026-07-31 09:00:00,451.10,437.90,458.69,432.44,110160704,60.56,15.00,25.13,腾讯财经
2026-07-31 09:10:04,451.10,437.90,458.69,432.44,110160704,60.56,15.00,25.13,腾讯财经
2026-07-31 09:20:00,451.10,437.90,458.69,432.44,110160704,60.56,15.00,25.13,腾讯财经
2026-07-31 09:30:04,451.10,437.90,458.69,432.44,110160704,60.56,15.00,25.13,腾讯财经
2026-07-31 09:40:00,451.10,437.90,458.69,432.44,110160704,60.56,15.00,25.13,腾讯财经
2026-07-31 09:50:05,451.10,437.90,458.69,432.44,110160704,60.56,15.00,25.13,腾讯财经
2026-07-31 10:00:02,451.10,437.90,458.69,432.44,110160704,60.56,15.00,25.13,腾讯财经
2026-07-31 10:10:03,451.10,437.90,458.69,432.44,110160704,60.56,15.00,25.13,腾讯财经
2026-07-31 10:20:00,451.10,437.90,458.69,432.44,110160704,60.56,15.00,25.13,腾讯财经
2026-07-31 10:30:00,451.10,437.90,458.69,432.44,110160704,60.56,15.00,25.13,腾讯财经
2026-07-31 10:40:01,451.10,437.90,458.69,432.44,110160704,60.56,15.00,25.13,腾讯财经
2026-07-31 10:50:05,451.10,437.90,458.69,432.44,110160704,60.56,15.00,25.13,腾讯财经
2026-07-31 11:00:00,451.10,437.90,458.69,432.44,110160704,60.56,15.00,25.13,腾讯财经
2026-07-31 11:10:05,451.10,437.90,458.69,432.44,110160704,60.56,15.00,25.13,腾讯财经
2026-07-31 11:20:00,451.10,437.90,458.69,432.44,110160704,60.56,15.00,25.13,腾讯财经
2026-07-31 11:30:05,451.10,437.90,458.69,432.44,110160704,60.56,15.00,25.13,腾讯财经
2026-07-31 11:40:00,451.10,437.90,458.69,432.44,110160704,60.56,15.00,25.13,腾讯财经
2026-07-31 11:50:03,451.10,437.90,458.69,432.44,110160704,60.56,15.00,25.13,腾讯财经
2026-07-31 12:00:04,451.10,437.90,458.69,432.44,110160704,60.56,15.00,25.13,腾讯财经
2026-07-31 12:10:00,451.10,437.90,458.69,432.44,110160704,60.56,15.00,25.13,腾讯财经
2026-07-31 12:20:01,451.10,437.90,458.69,432.44,110160704,60.56,15.00,25.13,腾讯财经
2026-07-31 12:30:02,451.10,437.90,458.69,432.44,110160704,60.56,15.00,25.13,腾讯财经
2026-07-31 12:40:00,451.10,437.90,458.69,432.44,110160704,60.56,15.00,25.13,腾讯财经
2026-07-31 12:50:00,451.10,437.90,458.69,432.44,110160704,60.56,15.00,25.13,腾讯财经
2026-07-31 13:00:01,451.10,437.90,458.69,432.44,110160704,60.56,15.00,25.13,腾讯财经
2026-07-31 13:10:00,451.10,437.90,458.69,432.44,110160704,60.56,15.00,25.13,腾讯财经
2026-07-31 13:20:02,451.10,437.90,458.69,432.44,110160704,60.56,15.00,25.13,腾讯财经
2026-07-31 13:30:01,451.10,437.90,458.69,432.44,110160704,60.56,15.00,25.13,腾讯财经
2026-07-31 13:40:02,451.10,437.90,458.69,432.44,110160704,60.56,15.00,25.13,腾讯财经
2026-07-31 13:50:05,451.10,437.90,458.69,432.44,110160704,60.56,15.00,25.13,腾讯财经
2026-07-31 14:00:00,451.10,437.90,458.69,432.44,110160704,60.56,15.00,25.13,腾讯财经
2026-07-31 14:10:05,451.10,437.90,458.69,432.44,110160704,60.56,15.00,25.13,腾讯财经
2026-07-31 14:20:02,451.10,437.90,458.69,432.44,110160704,60.56,15.00,25.13,腾讯财经
2026-07-31 14:30:03,451.10,437.90,458.69,432.44,110160704,60.56,15.00,25.13,腾讯财经
2026-07-31 14:40:01,451.10,437.90,458.69,432.44,110160704,60.56,15.00,25.13,腾讯财经
2026-07-31 14:50:03,451.10,437.90,458.69,432.44,110160704,60.56,15.00,25.13,腾讯财经
2026-07-31 15:00:03,451.10,437.90,458.69,432.44,110160704,60.56,15.00,25.13,腾讯财经
2026-07-31 15:10:00,451.10,437.90,458.69,432.44,110160704,60.56,15.00,25.13,腾讯财经
2026-07-31 15:20:00,451.10,437.90,458.69,432.44,110160704,60.56,15.00,25.13,腾讯财经
2026-07-31 15:30:02,451.10,437.90,458.69,432.44,110160704,60.56,15.00,25.13,腾讯财经
2026-07-31 15:40:00,451.10,437.90,458.69,432.44,110160704,60.56,15.00,25.13,腾讯财经
2026-07-31 15:50:03,451.10,437.90,458.69,432.44,110160704,60.56,15.00,25.13,腾讯财经
2026-07-31 16:00:02,451.10,437.90,458.69,432.44,110160704,60.56,15.00,25.13,腾讯财经
2026-07-31 16:10:04,451.10,437.90,458.69,432.44,110160704,60.56,15.00,25.13,腾讯财经
2026-07-31 16:20:00,451.10,437.90,458.69,432.44,110160704,60.56,15.00,25.13,腾讯财经
2026-07-31 16:30:01,451.10,437.90,458.69,432.44,110160704,60.56,15.00,25.13,腾讯财经
2026-07-31 16:40:00,451.10,437.90,458.69,432.44,110160704,60.56,15.00,25.13,腾讯财经
2026-07-31 16:50:00,451.10,437.90,458.69,432.44,110160704,60.56,15.00,25.13,腾讯财经
2026-07-31 17:00:03,451.10,437.90,458.69,432.44,110160704,60.56,15.00,25.13,腾讯财经
2026-07-31 17:10:05,451.10,437.90,458.69,432.44,110160704,60.56,15.00,25.13,腾讯财经
2026-07-31 17:20:02,451.10,437.90,458.69,432.44,110160704,60.56,15.00,25.13,腾讯财经
2026-07-31 17:30:00,451.10,437.90,458.69,432.44,110160704,60.56,15.00,25.13,腾讯财经
2026-07-31 17:56:03,451.10,437.90,458.69,432.44,110160704,60.56,15.00,25.13,腾讯财经
2026-07-31 18:00:05,451.10,437.90,458.69,432.44,110160704,60.56,15.00,25.13,腾讯财经
2026-07-31 18:10:05,451.10,437.90,458.69,432.44,110160704,60.56,15.00,25.13,腾讯财经
2026-07-31 18:20:04,451.10,437.90,458.69,432.44,110160704,60.56,15.00,25.13,腾讯财经
2026-07-31 18:30:02,451.10,437.90,458.69,432.44,110160704,60.56,15.00,25.13,腾讯财经
2026-07-31 18:40:00,451.10,437.90,458.69,432.44,110160704,60.56,15.00,25.13,腾讯财经
2026-07-31 18:50:01,451.10,437.90,458.69,432.44,110160704,60.56,15.00,25.13,腾讯财经
2026-07-31 19:00:00,451.10,437.90,458.69,432.44,110160704,60.56,15.00,25.13,腾讯财经
2026-07-31 19:10:05,451.10,437.90,458.69,432.44,110160704,60.56,15.00,25.13,腾讯财经
2026-07-31 19:20:00,451.10,437.90,458.69,432.44,110160704,60.56,15.00,25.13,腾讯财经
2026-07-31 19:30:05,451.10,437.90,458.69,432.44,110160704,60.56,15.00,25.13,腾讯财经
2026-07-31 19:40:03,451.10,437.90,458.69,432.44,110160704,60.56,15.00,25.13,腾讯财经
2026-07-31 19:50:05,451.10,437.90,458.69,432.44,110160704,60.56,15.00,25.13,腾讯财经
2026-07-31 20:00:05,451.10,437.90,458.69,432.44,110160704,60.56,15.00,25.13,腾讯财经
2026-07-31 20:10:04,451.10,437.90,458.69,432.44,110160704,60.56,15.00,25.13,腾讯财经
2026-07-31 20:20:02,451.10,437.90,458.69,432.44,110160704,60.56,15.00,25.13,腾讯财经
2026-07-31 20:30:00,451.10,437.90,458.69,432.44,110160704,60.56,15.00,25.13,腾讯财经
2026-07-31 20:40:02,451.10,437.90,458.69,432.44,110160704,60.56,15.00,25.13,腾讯财经
2026-07-31 20:50:01,451.10,437.90,458.69,432.44,110160704,60.56,15.00,25.13,腾讯财经
2026-07-31 21:00:00,451.10,437.90,458.69,432.44,110160704,60.56,15.00,25.13,腾讯财经
2026-07-31 21:10:05,451.10,437.90,458.69,432.44,110160704,60.56,15.00,25.13,腾讯财经
2026-07-31 21:20:04,451.10,437.90,458.69,432.44,110160704,60.56,15.00,25.13,腾讯财经
2026-07-31 21:30:05,449.56,449.59,449.67,449.56,901766,-1.54,0,25.04,腾讯财经
2026-07-31 21:40:00,458.81,449.59,460.24,449.55,5484935,7.71,1.00,25.56,腾讯财经
2026-07-31 21:50:00,459.15,450.00,460.50,449.55,7816112,8.05,1.00,25.58,腾讯财经
2026-07-31 22:00:00,462.44,450.00,462.86,449.55,10045793,11.34,2.00,25.76,腾讯财经
2026-07-31 22:10:05,459.21,450.00,462.95,449.55,12123885,8.11,1.00,25.58,腾讯财经
2026-07-31 22:20:00,454.80,450.00,462.95,449.55,13976283,3.70,0,25.34,腾讯财经
2026-07-31 22:30:00,453.00,450.00,462.95,449.55,15026675,1.90,0,25.24,腾讯财经
2026-07-31 22:40:03,454.67,450.00,462.95,449.55,16191837,3.57,0,25.33,腾讯财经
2026-07-31 22:50:00,456.08,450.00,462.95,449.55,17162671,4.98,1.00,25.41,腾讯财经
2026-07-31 23:00:04,452.46,450.00,462.95,449.55,18099629,1.36,0,25.21,腾讯财经
2026-07-31 23:10:05,452.42,450.00,462.95,449.55,18979612,1.32,0,25.20,腾讯财经
2026-07-31 23:20:03,456.65,450.00,462.95,449.55,20033824,5.55,1.00,25.44,腾讯财经
2026-07-31 23:30:00,457.82,450.00,462.95,449.55,21498507,6.72,1.00,25.51,腾讯财经
2026-07-31 23:40:00,458.00,450.00,462.95,449.55,22619981,6.90,1.00,25.52,腾讯财经
2026-07-31 23:50:01,459.72,450.00,462.95,449.55,23926566,8.62,1.00,25.61,腾讯财经
2026-08-01 00:00:00,462.95,450.00,463.57,449.55,25284223,11.85,2.00,25.79,腾讯财经
2026-08-01 00:10:00,461.19,450.00,464.30,449.55,26254435,10.09,2.00,25.69,腾讯财经
2026-08-01 00:20:00,462.82,450.00,464.30,449.55,27153417,11.72,2.00,25.78,腾讯财经
2026-08-01 00:30:03,463.66,450.00,464.80,449.55,28207489,12.56,2.00,25.83,腾讯财经
2026-08-01 00:40:00,462.84,450.00,464.80,449.55,28912040,11.74,2.00,25.78,腾讯财经
2026-08-01 00:50:00,463.95,450.00,464.80,449.55,29553379,12.85,2.00,25.85,腾讯财经
2026-08-01 01:00:00,461.74,450.00,464.80,449.55,30184450,10.64,2.00,25.72,腾讯财经
2026-08-01 01:10:03,461.55,450.00,464.80,449.55,30820766,10.45,2.00,25.71,腾讯财经
2026-08-01 01:20:00,462.43,450.00,464.80,449.55,31613176,11.33,2.00,25.76,腾讯财经
2026-08-01 01:30:05,463.60,450.00,464.80,449.55,32271303,12.50,2.00,25.83,腾讯财经
2026-08-01 01:40:00,462.63,450.00,464.80,449.55,32886799,11.53,2.00,25.77,腾讯财经
2026-08-01 01:50:00,460.70,450.00,464.80,449.55,33529347,9.60,2.00,25.67,腾讯财经
2026-08-01 02:00:00,460.25,450.00,464.80,449.55,34103938,9.15,2.00,25.64,腾讯财经
2026-08-01 02:10:03,460.74,450.00,464.80,449.55,34661945,9.64,2.00,25.67,腾讯财经
2026-08-01 02:20:00,462.21,450.00,464.80,449.55,35296899,11.11,2.00,25.75,腾讯财经
2026-08-01 02:30:00,463.10,450.00,464.80,449.55,35816311,12.00,2.00,25.80,腾讯财经
2026-08-01 02:40:03,462.16,450.00,464.80,449.55,36406779,11.06,2.00,25.75,腾讯财经
2026-08-01 02:50:00,461.92,450.00,464.80,449.55,37071630,10.82,2.00,25.73,腾讯财经
2026-08-01 03:00:00,461.31,450.00,464.80,449.55,37731240,10.21,2.00,25.70,腾讯财经
2026-08-01 03:10:00,462.53,450.00,464.80,449.55,38474426,11.43,2.00,25.77,腾讯财经
2026-08-01 03:20:01,463.28,450.00,464.80,449.55,39395777,12.18,2.00,25.81,腾讯财经
2026-08-01 03:30:00,462.50,450.00,464.80,449.55,40507983,11.40,2.00,25.77,腾讯财经
2026-08-01 03:40:00,462.83,450.00,464.80,449.55,41525009,11.73,2.00,25.78,腾讯财经
2026-08-01 03:50:03,462.43,450.00,464.80,449.55,42690870,11.33,2.00,25.76,腾讯财经
2026-08-01 04:00:01,465.33,450.00,466.84,449.55,47748649,14.23,3.00,25.92,腾讯财经
2026-08-01 04:10:00,464.72,450.00,466.84,449.55,60339004,13.62,3.00,25.89,腾讯财经
2026-08-01 04:20:00,464.72,450.00,466.84,449.33,60465957,13.62,3.00,25.89,腾讯财经
2026-08-01 04:30:01,464.72,450.00,466.84,449.33,60501694,13.62,3.00,25.89,腾讯财经
2026-08-01 04:40:04,464.72,450.00,466.84,449.33,60582209,13.62,3.00,25.89,腾讯财经
2026-08-01 04:50:00,464.72,450.00,466.84,449.33,60601158,13.62,3.00,25.89,腾讯财经
2026-08-01 05:00:00,464.72,450.00,466.84,449.33,60648702,13.62,3.00,25.89,腾讯财经
2026-08-01 05:10:03,464.72,450.00,466.84,449.33,60661598,13.62,3.00,25.89,腾讯财经
2026-08-01 05:20:05,464.72,450.00,466.84,449.33,60676595,13.62,3.00,25.89,腾讯财经
2026-08-01 05:30:00,464.72,450.00,466.84,449.33,60693180,13.62,3.00,25.89,腾讯财经
2026-08-01 05:40:00,464.72,450.00,466.84,449.33,60715440,13.62,3.00,25.89,腾讯财经
2026-08-01 05:50:00,464.72,450.00,466.84,449.33,60725764,13.62,3.00,25.89,腾讯财经
2026-08-01 06:00:03,464.72,450.00,466.84,449.33,60733808,13.62,3.00,25.89,腾讯财经
2026-08-01 06:10:00,464.72,450.00,466.84,449.33,60741128,13.62,3.00,25.89,腾讯财经
2026-08-01 06:20:00,464.72,450.00,466.84,449.33,60751075,13.62,3.00,25.89,腾讯财经
2026-08-01 06:30:00,464.72,450.00,466.84,449.33,60759305,13.62,3.00,25.89,腾讯财经
2026-08-01 06:40:04,464.72,450.00,466.84,449.33,60797749,13.62,3.00,25.89,腾讯财经
2026-08-01 06:50:00,464.72,450.00,466.84,449.33,60801683,13.62,3.00,25.89,腾讯财经
2026-08-01 07:00:02,464.72,450.00,466.84,449.33,60808084,13.62,3.00,25.89,腾讯财经
2026-08-01 07:10:05,464.72,450.00,466.84,449.33,60818022,13.62,3.00,25.89,腾讯财经
2026-08-01 07:20:06,464.72,450.00,466.84,449.33,60823239,13.62,3.00,25.89,腾讯财经
2026-08-01 07:30:00,464.72,450.00,466.84,449.33,60828846,13.62,3.00,25.89,腾讯财经
2026-08-01 07:40:05,464.72,450.00,466.84,449.33,60832043,13.62,3.00,25.89,腾讯财经
2026-08-01 07:50:00,464.72,450.00,466.84,449.33,60837151,13.62,3.00,25.89,腾讯财经
2026-08-01 08:00:00,464.72,450.00,466.84,449.33,60845885,13.62,3.00,25.89,腾讯财经
2026-08-01 08:10:05,464.72,450.00,466.84,449.33,60845971,13.62,3.00,25.89,腾讯财经
2026-08-01 08:20:00,464.72,450.00,466.84,449.33,60845971,13.62,3.00,25.89,腾讯财经
2026-08-01 08:30:00,464.72,450.00,466.84,449.33,60845971,13.62,3.00,25.89,腾讯财经
2026-08-01 08:40:02,464.72,450.00,466.84,449.33,60845971,13.62,3.00,25.89,腾讯财经
2026-08-01 08:50:04,464.72,450.00,466.84,449.33,60845971,13.62,3.00,25.89,腾讯财经
2026-08-01 09:00:02,464.72,450.00,466.84,449.33,60845971,13.62,3.00,25.89,腾讯财经
2026-08-01 09:10:04,464.72,450.00,466.84,449.33,60845971,13.62,3.00,25.89,腾讯财经
2026-08-01 09:20:05,464.72,450.00,466.84,449.33,60845971,13.62,3.00,25.89,腾讯财经
2026-08-01 09:30:02,464.72,450.00,466.84,449.33,60845971,13.62,3.00,25.89,腾讯财经
2026-08-01 09:40:00,464.72,450.00,466.84,449.33,60845971,13.62,3.00,25.89,腾讯财经
2026-08-01 09:50:01,464.72,450.00,466.84,449.33,60845971,13.62,3.00,25.89,腾讯财经
2026-08-01 10:00:02,464.72,450.00,466.84,449.33,60845971,13.62,3.00,25.89,腾讯财经
2026-08-01 10:10:01,464.72,450.00,466.84,449.33,60845971,13.62,3.00,25.89,腾讯财经
2026-08-01 10:20:04,464.72,450.00,466.84,449.33,60845971,13.62,3.00,25.89,腾讯财经
2026-08-01 10:30:02,464.72,450.00,466.84,449.33,60845971,13.62,3.00,25.89,腾讯财经
2026-08-01 10:40:01,464.72,450.00,466.84,449.33,60845971,13.62,3.00,25.89,腾讯财经
2026-08-01 10:50:01,464.72,450.00,466.84,449.33,60845971,13.62,3.00,25.89,腾讯财经
2026-08-01 11:00:05,464.72,450.00,466.84,449.33,60845971,13.62,3.00,25.89,腾讯财经
2026-08-01 11:10:02,464.72,450.00,466.84,449.33,60845971,13.62,3.00,25.89,腾讯财经
2026-08-01 11:20:00,464.72,450.00,466.84,449.33,60845971,13.62,3.00,25.89,腾讯财经
2026-08-01 11:30:01,464.72,450.00,466.84,449.33,60845971,13.62,3.00,25.89,腾讯财经
2026-08-01 11:40:05,464.72,450.00,466.84,449.33,60845971,13.62,3.00,25.89,腾讯财经
2026-08-01 11:50:00,464.72,450.00,466.84,449.33,60845971,13.62,3.00,25.89,腾讯财经
2026-08-01 12:00:00,464.72,450.00,466.84,449.33,60845971,13.62,3.00,25.89,腾讯财经
2026-08-01 12:10:04,464.72,450.00,466.84,449.33,60845971,13.62,3.00,25.89,腾讯财经
2026-08-01 12:20:02,464.72,450.00,466.84,449.33,60845971,13.62,3.00,25.89,腾讯财经
2026-08-01 12:30:00,464.72,450.00,466.84,449.33,60845971,13.62,3.00,25.89,腾讯财经
2026-08-01 12:40:01,464.72,450.00,466.84,449.33,60845971,13.62,3.00,25.89,腾讯财经
2026-08-01 12:50:00,464.72,450.00,466.84,449.33,60845971,13.62,3.00,25.89,腾讯财经
2026-08-01 13:00:00,464.72,450.00,466.84,449.33,60845971,13.62,3.00,25.89,腾讯财经
2026-08-01 13:10:03,464.72,450.00,466.84,449.33,60845971,13.62,3.00,25.89,腾讯财经
2026-08-01 13:20:05,464.72,450.00,466.84,449.33,60845971,13.62,3.00,25.89,腾讯财经
2026-08-01 13:30:01,464.72,450.00,466.84,449.33,60845971,13.62,3.00,25.89,腾讯财经
2026-08-01 13:40:04,464.72,450.00,466.84,449.33,60845971,13.62,3.00,25.89,腾讯财经
2026-08-01 13:50:00,464.72,450.00,466.84,449.33,60845971,13.62,3.00,25.89,腾讯财经
2026-08-01 14:00:00,464.72,450.00,466.84,449.33,60845971,13.62,3.00,25.89,腾讯财经
2026-08-01 14:10:04,464.72,450.00,466.84,449.33,60845971,13.62,3.00,25.89,腾讯财经
2026-08-01 14:20:00,464.72,450.00,466.84,449.33,60845971,13.62,3.00,25.89,腾讯财经
2026-08-01 14:30:00,464.72,450.00,466.84,449.33,60845971,13.62,3.00,25.89,腾讯财经
2026-08-01 14:40:01,464.72,450.00,466.84,449.33,60845971,13.62,3.00,25.89,腾讯财经
2026-08-01 14:50:01,464.72,450.00,466.84,449.33,60845971,13.62,3.00,25.89,腾讯财经
2026-08-01 15:00:05,464.72,450.00,466.84,449.33,60845971,13.62,3.00,25.89,腾讯财经
2026-08-01 15:10:02,464.72,450.00,466.84,449.33,60845971,13.62,3.00,25.89,腾讯财经
2026-08-01 15:20:03,464.72,450.00,466.84,449.33,60845971,13.62,3.00,25.89,腾讯财经
2026-08-01 15:30:00,464.72,450.00,466.84,449.33,60845971,13.62,3.00,25.89,腾讯财经
2026-08-01 15:40:00,464.72,450.00,466.84,449.33,60845971,13.62,3.00,25.89,腾讯财经
2026-08-01 15:50:05,464.72,450.00,466.84,449.33,60845971,13.62,3.00,25.89,腾讯财经
2026-08-01 16:00:01,464.72,450.00,466.84,449.33,60845971,13.62,3.00,25.89,腾讯财经
2026-08-01 16:10:00,464.72,450.00,466.84,449.33,60845971,13.62,3.00,25.89,腾讯财经
2026-08-01 16:20:00,464.72,450.00,466.84,449.33,60845971,13.62,3.00,25.89,腾讯财经
2026-08-01 16:30:00,464.72,450.00,466.84,449.33,60845971,13.62,3.00,25.89,腾讯财经
2026-08-01 16:40:02,464.72,450.00,466.84,449.33,60845971,13.62,3.00,25.89,腾讯财经
2026-08-01 16:50:02,464.72,450.00,466.84,449.33,60845971,13.62,3.00,25.89,腾讯财经
2026-08-01 17:00:00,464.72,450.00,466.84,449.33,60845971,13.62,3.00,25.89,腾讯财经
2026-08-01 17:10:00,464.72,450.00,466.84,449.33,60845971,13.62,3.00,25.89,腾讯财经
2026-08-01 17:20:00,464.72,450.00,466.84,449.33,60845971,13.62,3.00,25.89,腾讯财经
2026-08-01 17:30:03,464.72,450.00,466.84,449.33,60845971,13.62,3.00,25.89,腾讯财经
2026-08-01 17:40:04,464.72,450.00,466.84,449.33,60845971,13.62,3.00,25.89,腾讯财经
2026-08-01 17:50:00,464.72,450.00,466.84,449.33,60845971,13.62,3.00,25.89,腾讯财经
2026-08-01 18:00:00,464.72,450.00,466.84,449.33,60845971,13.62,3.00,25.89,腾讯财经
2026-08-01 18:10:00,464.72,450.00,466.84,449.33,60845971,13.62,3.00,25.89,腾讯财经
2026-08-01 18:20:00,464.72,450.00,466.84,449.33,60845971,13.62,3.00,25.89,腾讯财经
2026-08-01 18:30:05,464.72,450.00,466.84,449.33,60845971,13.62,3.00,25.89,腾讯财经
2026-08-01 18:40:00,464.72,450.00,466.84,449.33,60845971,13.62,3.00,25.89,腾讯财经
2026-08-01 18:50:05,464.72,450.00,466.84,449.33,60845971,13.62,3.00,25.89,腾讯财经
2026-08-01 19:00:01,464.72,450.00,466.84,449.33,60845971,13.62,3.00,25.89,腾讯财经
2026-08-01 19:10:02,464.72,450.00,466.84,449.33,60845971,13.62,3.00,25.89,腾讯财经
2026-08-01 19:20:00,464.72,450.00,466.84,449.33,60845971,13.62,3.00,25.89,腾讯财经
2026-08-01 19:30:00,464.72,450.00,466.84,449.33,60845971,13.62,3.00,25.89,腾讯财经
2026-08-01 19:40:00,464.72,450.00,466.84,449.33,60845971,13.62,3.00,25.89,腾讯财经
2026-08-01 19:50:01,464.72,450.00,466.84,449.33,60845971,13.62,3.00,25.89,腾讯财经
2026-08-01 20:00:02,464.72,450.00,466.84,449.33,60845971,13.62,3.00,25.89,腾讯财经
2026-08-01 20:10:02,464.72,450.00,466.84,449.33,60845971,13.62,3.00,25.89,腾讯财经
2026-08-01 20:20:00,464.72,450.00,466.84,449.33,60845971,13.62,3.00,25.89,腾讯财经
2026-08-01 20:30:00,464.72,450.00,466.84,449.33,60845971,13.62,3.00,25.89,腾讯财经
2026-08-01 21:28:21,464.72,450.00,466.84,449.33,60845971,13.62,3.00,25.89,腾讯财经
2026-08-01 21:30:05,464.72,450.00,466.84,449.33,60845971,13.62,3.00,25.89,腾讯财经
2026-08-01 21:40:05,464.72,450.00,466.84,449.33,60845971,13.62,3.00,25.89,腾讯财经
2026-08-01 21:50:02,464.72,450.00,466.84,449.33,60845971,13.62,3.00,25.89,腾讯财经
2026-08-01 22:00:00,464.72,450.00,466.84,449.33,60845971,13.62,3.00,25.89,腾讯财经
2026-08-01 22:10:01,464.72,450.00,466.84,449.33,60845971,13.62,3.00,25.89,腾讯财经
2026-08-01 22:20:04,464.72,450.00,466.84,449.33,60845971,13.62,3.00,25.89,腾讯财经
2026-08-01 22:30:03,464.72,450.00,466.84,449.33,60845971,13.62,3.00,25.89,腾讯财经
2026-08-01 22:40:00,464.72,450.00,466.84,449.33,60845971,13.62,3.00,25.89,腾讯财经
2026-08-01 22:50:04,464.72,450.00,466.84,449.33,60845971,13.62,3.00,25.89,腾讯财经
2026-08-01 23:00:00,464.72,450.00,466.84,449.33,60845971,13.62,3.00,25.89,腾讯财经
2026-08-01 23:10:00,464.72,450.00,466.84,449.33,60845971,13.62,3.00,25.89,腾讯财经
2026-08-01 23:20:00,464.72,450.00,466.84,449.33,60845971,13.62,3.00,25.89,腾讯财经
2026-08-01 23:30:00,464.72,450.00,466.84,449.33,60845971,13.62,3.00,25.89,腾讯财经
2026-08-01 23:40:01,464.72,450.00,466.84,449.33,60845971,13.62,3.00,25.89,腾讯财经
2026-08-01 23:50:02,464.72,450.00,466.84,449.33,60845971,13.62,3.00,25.89,腾讯财经
2026-08-02 00:00:00,464.72,450.00,466.84,449.33,60845971,13.62,3.00,25.89,腾讯财经
2026-08-02 00:10:05,464.72,450.00,466.84,449.33,60845971,13.62,3.00,25.89,腾讯财经
2026-08-02 00:20:01,464.72,450.00,466.84,449.33,60845971,13.62,3.00,25.89,腾讯财经
2026-08-02 00:30:05,464.72,450.00,466.84,449.33,60845971,13.62,3.00,25.89,腾讯财经
2026-08-02 00:40:04,464.72,450.00,466.84,449.33,60845971,13.62,3.00,25.89,腾讯财经
2026-08-02 00:50:00,464.72,450.00,466.84,449.33,60845971,13.62,3.00,25.89,腾讯财经
2026-08-02 01:00:04,464.72,450.00,466.84,449.33,60845971,13.62,3.00,25.89,腾讯财经
2026-08-02 01:10:01,464.72,450.00,466.84,449.33,60845971,13.62,3.00,25.89,腾讯财经
2026-08-02 01:20:04,464.72,450.00,466.84,449.33,60845971,13.62,3.00,25.89,腾讯财经
2026-08-02 01:30:00,464.72,450.00,466.84,449.33,60845971,13.62,3.00,25.89,腾讯财经
2026-08-02 01:40:01,464.72,450.00,466.84,449.33,60845971,13.62,3.00,25.89,腾讯财经
2026-08-02 01:50:03,464.72,450.00,466.84,449.33,60845971,13.62,3.00,25.89,腾讯财经
2026-08-02 02:00:05,464.72,450.00,466.84,449.33,60845971,13.62,3.00,25.89,腾讯财经
2026-08-02 02:10:05,464.72,450.00,466.84,449.33,60845971,13.62,3.00,25.89,腾讯财经
2026-08-02 02:20:00,464.72,450.00,466.84,449.33,60845971,13.62,3.00,25.89,腾讯财经
2026-08-02 02:30:01,464.72,450.00,466.84,449.33,60845971,13.62,3.00,25.89,腾讯财经
2026-08-02 02:40:00,464.72,450.00,466.84,449.33,60845971,13.62,3.00,25.89,腾讯财经
2026-08-02 02:50:02,464.72,450.00,466.84,449.33,60845971,13.62,3.00,25.89,腾讯财经
2026-08-02 03:00:01,464.72,450.00,466.84,449.33,60845971,13.62,3.00,25.89,腾讯财经
2026-08-02 03:10:00,464.72,450.00,466.84,449.33,60845971,13.62,3.00,25.89,腾讯财经
2026-08-02 03:20:00,464.72,450.00,466.84,449.33,60845971,13.62,3.00,25.89,腾讯财经
2026-08-02 03:30:05,464.72,450.00,466.84,449.33,60845971,13.62,3.00,25.89,腾讯财经
2026-08-02 03:40:00,464.72,450.00,466.84,449.33,60845971,13.62,3.00,25.89,腾讯财经
2026-08-02 03:50:03,464.72,450.00,466.84,449.33,60845971,13.62,3.00,25.89,腾讯财经
2026-08-02 04:00:00,464.72,450.00,466.84,449.33,60845971,13.62,3.00,25.89,腾讯财经
2026-08-02 04:10:01,464.72,450.00,466.84,449.33,60845971,13.62,3.00,25.89,腾讯财经
2026-08-02 04:20:01,464.72,450.00,466.84,449.33,60845971,13.62,3.00,25.89,腾讯财经
2026-08-02 04:30:01,464.72,450.00,466.84,449.33,60845971,13.62,3.00,25.89,腾讯财经
2026-08-02 04:40:02,464.72,450.00,466.84,449.33,60845971,13.62,3.00,25.89,腾讯财经
2026-08-02 04:50:03,464.72,450.00,466.84,449.33,60845971,13.62,3.00,25.89,腾讯财经
2026-08-02 05:00:03,464.72,450.00,466.84,449.33,60845971,13.62,3.00,25.89,腾讯财经
2026-08-02 05:10:02,464.72,450.00,466.84,449.33,60845971,13.62,3.00,25.89,腾讯财经
2026-08-02 05:20:04,464.72,450.00,466.84,449.33,60845971,13.62,3.00,25.89,腾讯财经
2026-08-02 05:30:05,464.72,450.00,466.84,449.33,60845971,13.62,3.00,25.89,腾讯财经
2026-08-02 05:40:02,464.72,450.00,466.84,449.33,60845971,13.62,3.00,25.89,腾讯财经
2026-08-02 05:50:02,464.72,450.00,466.84,449.33,60845971,13.62,3.00,25.89,腾讯财经
2026-08-02 06:00:04,464.72,450.00,466.84,449.33,60845971,13.62,3.00,25.89,腾讯财经
2026-08-02 06:10:05,464.72,450.00,466.84,449.33,60845971,13.62,3.00,25.89,腾讯财经
2026-08-02 06:20:05,464.72,450.00,466.84,449.33,60845971,13.62,3.00,25.89,腾讯财经
2026-08-02 06:30:04,464.72,450.00,466.84,449.33,60845971,13.62,3.00,25.89,腾讯财经
2026-08-02 06:40:00,464.72,450.00,466.84,449.33,60845971,13.62,3.00,25.89,腾讯财经
2026-08-02 06:50:00,464.72,450.00,466.84,449.33,60845971,13.62,3.00,25.89,腾讯财经
2026-08-02 07:00:05,464.72,450.00,466.84,449.33,60845971,13.62,3.00,25.89,腾讯财经
2026-08-02 07:10:00,464.72,450.00,466.84,449.33,60845971,13.62,3.00,25.89,腾讯财经
2026-08-02 07:20:00,464.72,450.00,466.84,449.33,60845971,13.62,3.00,25.89,腾讯财经
2026-08-02 07:30:00,464.72,450.00,466.84,449.33,60845971,13.62,3.00,25.89,腾讯财经
2026-08-02 07:40:00,464.72,450.00,466.84,449.33,60845971,13.62,3.00,25.89,腾讯财经
2026-08-02 07:50:03,464.72,450.00,466.84,449.33,60845971,13.62,3.00,25.89,腾讯财经
2026-08-02 08:00:00,464.72,450.00,466.84,449.33,60845971,13.62,3.00,25.89,腾讯财经
2026-08-02 08:10:03,464.72,450.00,466.84,449.33,60845971,13.62,3.00,25.89,腾讯财经
2026-08-02 08:20:01,464.72,450.00,466.84,449.33,60845971,13.62,3.00,25.89,腾讯财经
2026-08-02 08:30:01,464.72,450.00,466.84,449.33,60845971,13.62,3.00,25.89,腾讯财经
2026-08-02 08:40:03,464.72,450.00,466.84,449.33,60845971,13.62,3.00,25.89,腾讯财经
2026-08-02 08:50:03,464.72,450.00,466.84,449.33,60845971,13.62,3.00,25.89,腾讯财经
2026-08-02 09:00:02,464.72,450.00,466.84,449.33,60845971,13.62,3.00,25.89,腾讯财经
2026-08-02 09:10:04,464.72,450.00,466.84,449.33,60845971,13.62,3.00,25.89,腾讯财经
2026-08-02 09:20:00,464.72,450.00,466.84,449.33,60845971,13.62,3.00,25.89,腾讯财经
2026-08-02 09:30:04,464.72,450.00,466.84,449.33,60845971,13.62,3.00,25.89,腾讯财经
2026-08-02 09:40:00,464.72,450.00,466.84,449.33,60845971,13.62,3.00,25.89,腾讯财经
2026-08-02 09:50:00,464.72,450.00,466.84,449.33,60845971,13.62,3.00,25.89,腾讯财经
2026-08-02 10:00:05,464.72,450.00,466.84,449.33,60845971,13.62,3.00,25.89,腾讯财经
2026-08-02 10:10:03,464.72,450.00,466.84,449.33,60845971,13.62,3.00,25.89,腾讯财经
2026-08-02 10:20:00,464.72,450.00,466.84,449.33,60845971,13.62,3.00,25.89,腾讯财经
2026-08-02 10:30:02,464.72,450.00,466.84,449.33,60845971,13.62,3.00,25.89,腾讯财经
2026-08-02 10:40:00,464.72,450.00,466.84,449.33,60845971,13.62,3.00,25.89,腾讯财经
2026-08-02 10:50:03,464.72,450.00,466.84,449.33,60845971,13.62,3.00,25.89,腾讯财经
2026-08-02 11:00:04,464.72,450.00,466.84,449.33,60845971,13.62,3.00,25.89,腾讯财经
2026-08-02 11:10:00,464.72,450.00,466.84,449.33,60845971,13.62,3.00,25.89,腾讯财经
2026-08-02 11:20:00,464.72,450.00,466.84,449.33,60845971,13.62,3.00,25.89,腾讯财经
2026-08-02 11:30:05,464.72,450.00,466.84,449.33,60845971,13.62,3.00,25.89,腾讯财经
2026-08-02 11:40:00,464.72,450.00,466.84,449.33,60845971,13.62,3.00,25.89,腾讯财经
2026-08-02 11:50:00,464.72,450.00,466.84,449.33,60845971,13.62,3.00,25.89,腾讯财经
2026-08-02 12:00:03,464.72,450.00,466.84,449.33,60845971,13.62,3.00,25.89,腾讯财经
2026-08-02 12:10:03,464.72,450.00,466.84,449.33,60845971,13.62,3.00,25.89,腾讯财经
2026-08-02 12:20:00,464.72,450.00,466.84,449.33,60845971,13.62,3.00,25.89,腾讯财经
2026-08-02 12:30:01,464.72,450.00,466.84,449.33,60845971,13.62,3.00,25.89,腾讯财经
2026-08-02 12:40:03,464.72,450.00,466.84,449.33,60845971,13.62,3.00,25.89,腾讯财经
2026-08-02 12:50:00,464.72,450.00,466.84,449.33,60845971,13.62,3.00,25.89,腾讯财经
2026-08-02 13:00:00,464.72,450.00,466.84,449.33,60845971,13.62,3.00,25.89,腾讯财经
2026-08-02 13:10:00,464.72,450.00,466.84,449.33,60845971,13.62,3.00,25.89,腾讯财经
2026-08-02 13:20:03,464.72,450.00,466.84,449.33,60845971,13.62,3.00,25.89,腾讯财经
2026-08-02 13:30:00,464.72,450.00,466.84,449.33,60845971,13.62,3.00,25.89,腾讯财经
2026-08-02 13:40:02,464.72,450.00,466.84,449.33,60845971,13.62,3.00,25.89,腾讯财经
2026-08-02 13:50:00,464.72,450.00,466.84,449.33,60845971,13.62,3.00,25.89,腾讯财经
2026-08-02 14:00:00,464.72,450.00,466.84,449.33,60845971,13.62,3.00,25.89,腾讯财经
2026-08-02 14:10:00,464.72,450.00,466.84,449.33,60845971,13.62,3.00,25.89,腾讯财经
2026-08-02 14:20:02,464.72,450.00,466.84,449.33,60845971,13.62,3.00,25.89,腾讯财经
2026-08-02 14:30:05,464.72,450.00,466.84,449.33,60845971,13.62,3.00,25.89,腾讯财经
2026-08-02 14:40:02,464.72,450.00,466.84,449.33,60845971,13.62,3.00,25.89,腾讯财经
2026-08-02 14:50:00,464.72,450.00,466.84,449.33,60845971,13.62,3.00,25.89,腾讯财经
2026-08-02 15:00:04,464.72,450.00,466.84,449.33,60845971,13.62,3.00,25.89,腾讯财经
2026-08-02 15:10:00,464.72,450.00,466.84,449.33,60845971,13.62,3.00,25.89,腾讯财经
2026-08-02 15:20:04,464.72,450.00,466.84,449.33,60845971,13.62,3.00,25.89,腾讯财经
2026-08-02 15:30:04,464.72,450.00,466.84,449.33,60845971,13.62,3.00,25.89,腾讯财经
2026-08-02 15:40:03,464.72,450.00,466.84,449.33,60845971,13.62,3.00,25.89,腾讯财经
2026-08-02 15:50:04,464.72,450.00,466.84,449.33,60845971,13.62,3.00,25.89,腾讯财经
2026-08-02 16:00:03,464.72,450.00,466.84,449.33,60845971,13.62,3.00,25.89,腾讯财经
2026-08-02 16:10:05,464.72,450.00,466.84,449.33,60845971,13.62,3.00,25.89,腾讯财经
2026-08-02 16:20:04,464.72,450.00,466.84,449.33,60845971,13.62,3.00,25.89,腾讯财经
2026-08-02 16:30:03,464.72,450.00,466.84,449.33,60845971,13.62,3.00,25.89,腾讯财经
2026-08-02 16:40:05,464.72,450.00,466.84,449.33,60845971,13.62,3.00,25.89,腾讯财经
2026-08-02 16:50:01,464.72,450.00,466.84,449.33,60845971,13.62,3.00,25.89,腾讯财经
2026-08-02 17:00:00,464.72,450.00,466.84,449.33,60845971,13.62,3.00,25.89,腾讯财经
2026-08-02 17:10:00,464.72,450.00,466.84,449.33,60845971,13.62,3.00,25.89,腾讯财经
2026-08-02 17:20:05,464.72,450.00,466.84,449.33,60845971,13.62,3.00,25.89,腾讯财经
2026-08-02 17:30:02,464.72,450.00,466.84,449.33,60845971,13.62,3.00,25.89,腾讯财经
2026-08-02 17:40:04,464.72,450.00,466.84,449.33,60845971,13.62,3.00,25.89,腾讯财经
2026-08-02 17:50:05,464.72,450.00,466.84,449.33,60845971,13.62,3.00,25.89,腾讯财经
2026-08-02 18:00:04,464.72,450.00,466.84,449.33,60845971,13.62,3.00,25.89,腾讯财经
2026-08-02 18:10:05,464.72,450.00,466.84,449.33,60845971,13.62,3.00,25.89,腾讯财经
2026-08-02 18:20:04,464.72,450.00,466.84,449.33,60845971,13.62,3.00,25.89,腾讯财经
2026-08-02 18:30:04,464.72,450.00,466.84,449.33,60845971,13.62,3.00,25.89,腾讯财经
2026-08-02 18:40:03,464.72,450.00,466.84,449.33,60845971,13.62,3.00,25.89,腾讯财经
2026-08-02 18:50:03,464.72,450.00,466.84,449.33,60845971,13.62,3.00,25.89,腾讯财经
2026-08-02 19:00:02,464.72,450.00,466.84,449.33,60845971,13.62,3.00,25.89,腾讯财经
2026-08-02 19:10:04,464.72,450.00,466.84,449.33,60845971,13.62,3.00,25.89,腾讯财经
2026-08-02 19:20:04,464.72,450.00,466.84,449.33,60845971,13.62,3.00,25.89,腾讯财经
2026-08-02 19:30:04,464.72,450.00,466.84,449.33,60845971,13.62,3.00,25.89,腾讯财经
2026-08-02 19:40:04,464.72,450.00,466.84,449.33,60845971,13.62,3.00,25.89,腾讯财经
2026-08-02 19:50:04,464.72,450.00,466.84,449.33,60845971,13.62,3.00,25.89,腾讯财经
2026-08-02 20:00:04,464.72,450.00,466.84,449.33,60845971,13.62,3.00,25.89,腾讯财经
2026-08-02 20:10:04,464.72,450.00,466.84,449.33,60845971,13.62,3.00,25.89,腾讯财经
2026-08-02 20:20:05,464.72,450.00,466.84,449.33,60845971,13.62,3.00,25.89,腾讯财经
2026-08-02 20:30:00,464.72,450.00,466.84,449.33,60845971,13.62,3.00,25.89,腾讯财经
2026-08-02 20:40:01,464.72,450.00,466.84,449.33,60845971,13.62,3.00,25.89,腾讯财经
2026-08-02 20:50:00,464.72,450.00,466.84,449.33,60845971,13.62,3.00,25.89,腾讯财经
2026-08-02 21:00:01,464.72,450.00,466.84,449.33,60845971,13.62,3.00,25.89,腾讯财经
2026-08-02 21:10:05,464.72,450.00,466.84,449.33,60845971,13.62,3.00,25.89,腾讯财经
2026-08-02 21:20:05,464.72,450.00,466.84,449.33,60845971,13.62,3.00,25.89,腾讯财经
2026-08-02 21:30:03,464.72,450.00,466.84,449.33,60845971,13.62,3.00,25.89,腾讯财经
2026-08-02 21:40:05,464.72,450.00,466.84,449.33,60845971,13.62,3.00,25.89,腾讯财经
2026-08-02 21:50:03,464.72,450.00,466.84,449.33,60845971,13.62,3.00,25.89,腾讯财经
2026-08-02 22:00:05,464.72,450.00,466.84,449.33,60845971,13.62,3.00,25.89,腾讯财经
2026-08-02 22:10:00,464.72,450.00,466.84,449.33,60845971,13.62,3.00,25.89,腾讯财经
2026-08-02 22:20:03,464.72,450.00,466.84,449.33,60845971,13.62,3.00,25.89,腾讯财经
2026-08-02 22:30:00,464.72,450.00,466.84,449.33,60845971,13.62,3.00,25.89,腾讯财经
2026-08-02 22:40:00,464.72,450.00,466.84,449.33,60845971,13.62,3.00,25.89,腾讯财经
2026-08-02 22:50:03,464.72,450.00,466.84,449.33,60845971,13.62,3.00,25.89,腾讯财经
2026-08-02 23:00:04,464.72,450.00,466.84,449.33,60845971,13.62,3.00,25.89,腾讯财经
2026-08-02 23:10:05,464.72,450.00,466.84,449.33,60845971,13.62,3.00,25.89,腾讯财经
2026-08-02 23:20:03,464.72,450.00,466.84,449.33,60845971,13.62,3.00,25.89,腾讯财经
2026-08-02 23:30:03,464.72,450.00,466.84,449.33,60845971,13.62,3.00,25.89,腾讯财经
2026-08-02 23:40:03,464.72,450.00,466.84,449.33,60845971,13.62,3.00,25.89,腾讯财经
2026-08-02 23:50:04,464.72,450.00,466.84,449.33,60845971,13.62,3.00,25.89,腾讯财经
2026-08-03 00:00:03,464.72,450.00,466.84,449.33,60845971,13.62,3.00,25.89,腾讯财经
2026-08-03 00:10:01,464.72,450.00,466.84,449.33,60845971,13.62,3.00,25.89,腾讯财经
2026-08-03 00:20:05,464.72,450.00,466.84,449.33,60845971,13.62,3.00,25.89,腾讯财经
2026-08-03 00:30:00,464.72,450.00,466.84,449.33,60845971,13.62,3.00,25.89,腾讯财经
2026-08-03 00:40:00,464.72,450.00,466.84,449.33,60845971,13.62,3.00,25.89,腾讯财经
2026-08-03 00:50:04,464.72,450.00,466.84,449.33,60845971,13.62,3.00,25.89,腾讯财经
2026-08-03 01:00:00,464.72,450.00,466.84,449.33,60845971,13.62,3.00,25.89,腾讯财经
2026-08-03 01:10:04,464.72,450.00,466.84,449.33,60845971,13.62,3.00,25.89,腾讯财经
2026-08-03 01:20:03,464.72,450.00,466.84,449.33,60845971,13.62,3.00,25.89,腾讯财经
2026-08-03 01:30:05,464.72,450.00,466.84,449.33,60845971,13.62,3.00,25.89,腾讯财经
2026-08-03 01:40:01,464.72,450.00,466.84,449.33,60845971,13.62,3.00,25.89,腾讯财经
2026-08-03 01:50:02,464.72,450.00,466.84,449.33,60845971,13.62,3.00,25.89,腾讯财经
2026-08-03 02:00:04,464.72,450.00,466.84,449.33,60845971,13.62,3.00,25.89,腾讯财经
2026-08-03 02:10:03,464.72,450.00,466.84,449.33,60845971,13.62,3.00,25.89,腾讯财经
2026-08-03 02:20:04,464.72,450.00,466.84,449.33,60845971,13.62,3.00,25.89,腾讯财经
2026-08-03 02:30:04,464.72,450.00,466.84,449.33,60845971,13.62,3.00,25.89,腾讯财经
2026-08-03 02:40:04,464.72,450.00,466.84,449.33,60845971,13.62,3.00,25.89,腾讯财经
2026-08-03 02:50:05,464.72,450.00,466.84,449.33,60845971,13.62,3.00,25.89,腾讯财经
2026-08-03 03:00:00,464.72,450.00,466.84,449.33,60845971,13.62,3.00,25.89,腾讯财经
2026-08-03 03:10:04,464.72,450.00,466.84,449.33,60845971,13.62,3.00,25.89,腾讯财经
2026-08-03 03:20:02,464.72,450.00,466.84,449.33,60845971,13.62,3.00,25.89,腾讯财经
2026-08-03 03:30:05,464.72,450.00,466.84,449.33,60845971,13.62,3.00,25.89,腾讯财经
2026-08-03 03:40:00,464.72,450.00,466.84,449.33,60845971,13.62,3.00,25.89,腾讯财经
2026-08-03 03:50:00,464.72,450.00,466.84,449.33,60845971,13.62,3.00,25.89,腾讯财经
2026-08-03 04:00:01,464.72,450.00,466.84,449.33,60845971,13.62,3.00,25.89,腾讯财经
2026-08-03 04:10:00,464.72,450.00,466.84,449.33,60845971,13.62,3.00,25.89,腾讯财经
2026-08-03 04:20:00,464.72,450.00,466.84,449.33,60845971,13.62,3.00,25.89,腾讯财经
2026-08-03 04:30:04,464.72,450.00,466.84,449.33,60845971,13.62,3.00,25.89,腾讯财经
2026-08-03 04:40:03,464.72,450.00,466.84,449.33,60845971,13.62,3.00,25.89,腾讯财经
2026-08-03 04:50:00,464.72,450.00,466.84,449.33,60845971,13.62,3.00,25.89,腾讯财经
2026-08-03 05:00:00,464.72,450.00,466.84,449.33,60845971,13.62,3.00,25.89,腾讯财经
2026-08-03 05:10:05,464.72,450.00,466.84,449.33,60845971,13.62,3.00,25.89,腾讯财经
2026-08-03 05:20:01,464.72,450.00,466.84,449.33,60845971,13.62,3.00,25.89,腾讯财经
2026-08-03 05:30:04,464.72,450.00,466.84,449.33,60845971,13.62,3.00,25.89,腾讯财经
2026-08-03 05:40:03,464.72,450.00,466.84,449.33,60845971,13.62,3.00,25.89,腾讯财经
2026-08-03 05:50:04,464.72,450.00,466.84,449.33,60845971,13.62,3.00,25.89,腾讯财经
2026-08-03 06:00:00,464.72,450.00,466.84,449.33,60845971,13.62,3.00,25.89,腾讯财经
2026-08-03 06:10:00,464.72,450.00,466.84,449.33,60845971,13.62,3.00,25.89,腾讯财经
2026-08-03 06:20:00,464.72,450.00,466.84,449.33,60845971,13.62,3.00,25.89,腾讯财经
2026-08-03 06:30:00,464.72,450.00,466.84,449.33,60845971,13.62,3.00,25.89,腾讯财经
2026-08-03 06:40:00,464.72,450.00,466.84,449.33,60845971,13.62,3.00,25.89,腾讯财经
2026-08-03 06:50:02,464.72,450.00,466.84,449.33,60845971,13.62,3.00,25.89,腾讯财经
2026-08-03 07:00:00,464.72,450.00,466.84,449.33,60845971,13.62,3.00,25.89,腾讯财经
2026-08-03 07:10:00,464.72,450.00,466.84,449.33,60845971,13.62,3.00,25.89,腾讯财经
2026-08-03 07:20:00,464.72,450.00,466.84,449.33,60845971,13.62,3.00,25.89,腾讯财经
2026-08-03 07:30:05,464.72,450.00,466.84,449.33,60845971,13.62,3.00,25.89,腾讯财经
2026-08-03 07:40:03,464.72,450.00,466.84,449.33,60845971,13.62,3.00,25.89,腾讯财经
2026-08-03 07:50:00,464.72,450.00,466.84,449.33,60845971,13.62,3.00,25.89,腾讯财经
2026-08-03 08:40:00,464.72,450.00,466.84,449.33,60845971,13.62,3.00,25.89,腾讯财经
2026-08-03 08:50:01,464.72,450.00,466.84,449.33,60845971,13.62,3.00,25.89,腾讯财经
2026-08-03 09:00:03,464.72,450.00,466.84,449.33,60845971,13.62,3.00,25.89,腾讯财经
2026-08-03 09:10:00,464.72,450.00,466.84,449.33,60845971,13.62,3.00,25.89,腾讯财经
2026-08-03 09:20:01,464.72,450.00,466.84,449.33,60845971,13.62,3.00,25.89,腾讯财经
2026-08-03 09:30:04,464.72,450.00,466.84,449.33,60845971,13.62,3.00,25.89,腾讯财经
2026-08-03 09:40:03,464.72,450.00,466.84,449.33,60845971,13.62,3.00,25.89,腾讯财经
2026-08-03 09:50:00,464.72,450.00,466.84,449.33,60845971,13.62,3.00,25.89,腾讯财经
2026-08-03 10:00:00,464.72,450.00,466.84,449.33,60845971,13.62,3.00,25.89,腾讯财经
2026-08-03 10:10:02,464.72,450.00,466.84,449.33,60845971,13.62,3.00,25.89,腾讯财经
2026-08-03 10:20:02,464.72,450.00,466.84,449.33,60845971,13.62,3.00,25.89,腾讯财经
2026-08-03 10:30:01,464.72,450.00,466.84,449.33,60845971,13.62,3.00,25.89,腾讯财经
2026-08-03 10:40:01,464.72,450.00,466.84,449.33,60845971,13.62,3.00,25.89,腾讯财经
2026-08-03 10:50:02,464.72,450.00,466.84,449.33,60845971,13.62,3.00,25.89,腾讯财经
2026-08-03 11:00:04,464.72,450.00,466.84,449.33,60845971,13.62,3.00,25.89,腾讯财经
2026-08-03 11:10:02,464.72,450.00,466.84,449.33,60845971,13.62,3.00,25.89,腾讯财经
2026-08-03 11:20:05,464.72,450.00,466.84,449.33,60845971,13.62,3.00,25.89,腾讯财经
2026-08-03 11:30:02,464.72,450.00,466.84,449.33,60845971,13.62,3.00,25.89,腾讯财经
2026-08-03 11:40:04,464.72,450.00,466.84,449.33,60845971,13.62,3.00,25.89,腾讯财经
2026-08-03 11:50:02,464.72,450.00,466.84,449.33,60845971,13.62,3.00,25.89,腾讯财经
2026-08-03 12:00:04,464.72,450.00,466.84,449.33,60845971,13.62,3.00,25.89,腾讯财经
2026-08-03 12:10:02,464.72,450.00,466.84,449.33,60845971,13.62,3.00,25.89,腾讯财经
2026-08-03 12:20:04,464.72,450.00,466.84,449.33,60845971,13.62,3.00,25.89,腾讯财经
2026-08-03 12:30:02,464.72,450.00,466.84,449.33,60845971,13.62,3.00,25.89,腾讯财经
2026-08-03 12:40:05,464.72,450.00,466.84,449.33,60845971,13.62,3.00,25.89,腾讯财经
2026-08-03 12:50:01,464.72,450.00,466.84,449.33,60845971,13.62,3.00,25.89,腾讯财经
2026-08-03 13:00:03,464.72,450.00,466.84,449.33,60845971,13.62,3.00,25.89,腾讯财经
2026-08-03 13:10:03,464.72,450.00,466.84,449.33,60845971,13.62,3.00,25.89,腾讯财经
2026-08-03 13:20:03,464.72,450.00,466.84,449.33,60845971,13.62,3.00,25.89,腾讯财经
2026-08-03 13:30:03,464.72,450.00,466.84,449.33,60845971,13.62,3.00,25.89,腾讯财经
2026-08-03 13:40:04,464.72,450.00,466.84,449.33,60845971,13.62,3.00,25.89,腾讯财经
2026-08-03 13:50:02,464.72,450.00,466.84,449.33,60845971,13.62,3.00,25.89,腾讯财经
2026-08-03 14:00:01,464.72,450.00,466.84,449.33,60845971,13.62,3.00,25.89,腾讯财经
2026-08-03 14:10:03,464.72,450.00,466.84,449.33,60845971,13.62,3.00,25.89,腾讯财经
2026-08-03 14:20:05,464.72,450.00,466.84,449.33,60845971,13.62,3.00,25.89,腾讯财经
2026-08-03 14:30:01,464.72,450.00,466.84,449.33,60845971,13.62,3.00,25.89,腾讯财经
2026-08-03 14:40:01,464.72,450.00,466.84,449.33,60845971,13.62,3.00,25.89,腾讯财经
2026-08-03 14:50:05,464.72,450.00,466.84,449.33,60845971,13.62,3.00,25.89,腾讯财经
2026-08-03 15:00:01,464.72,450.00,466.84,449.33,60845971,13.62,3.00,25.89,腾讯财经
2026-08-03 22:01:17,488.48,476.13,490.88,475.00,16499956,23.76,5.00,27.21,腾讯财经
2026-08-03 22:10:01,489.00,476.13,491.37,475.00,18827584,24.28,5.00,27.24,腾讯财经
2026-08-03 22:20:01,486.37,476.13,491.37,475.00,20771812,21.65,4.00,27.10,腾讯财经
2026-08-03 22:30:03,484.79,476.13,491.37,475.00,22071310,20.07,4.00,27.01,腾讯财经
2026-08-03 22:40:00,486.06,476.13,491.37,475.00,23492120,21.34,4.00,27.08,腾讯财经
2026-08-03 22:50:02,484.06,476.13,491.37,475.00,24806560,19.34,4.00,26.97,腾讯财经
2026-08-03 23:00:00,483.78,476.13,491.37,475.00,25680089,19.06,4.00,26.95,腾讯财经
2026-08-03 23:10:00,483.46,476.13,491.37,475.00,26877344,18.74,4.00,26.93,腾讯财经
2026-08-03 23:20:00,481.97,476.13,491.37,475.00,27775325,17.25,3.00,26.85,腾讯财经
2026-08-03 23:30:00,485.40,476.13,491.37,475.00,28973458,20.68,4.00,27.04,腾讯财经
2026-08-03 23:40:05,487.42,476.13,491.37,475.00,30409158,22.70,4.00,27.15,腾讯财经
2026-08-03 23:50:00,486.19,476.13,491.37,475.00,31205661,21.47,4.00,27.09,腾讯财经
2026-08-04 00:00:00,486.30,476.13,491.37,475.00,31792436,21.58,4.00,27.09,腾讯财经
2026-08-04 00:10:02,487.30,476.13,491.37,475.00,32746651,22.58,4.00,27.15,腾讯财经
2026-08-04 00:20:02,486.64,476.13,491.37,475.00,33378335,21.92,4.00,27.11,腾讯财经
2026-08-04 00:30:00,487.34,476.13,491.37,475.00,33977255,22.62,4.00,27.15,腾讯财经
2026-08-04 00:40:00,487.86,476.13,491.37,475.00,36018008,23.14,4.00,27.18,腾讯财经
2026-08-04 00:50:02,488.37,476.13,491.37,475.00,36872722,23.65,5.00,27.21,腾讯财经
2026-08-04 01:00:00,488.80,476.13,491.37,475.00,37345020,24.08,5.00,27.23,腾讯财经
2026-08-04 01:10:00,487.96,476.13,491.37,475.00,37944383,23.24,5.00,27.18,腾讯财经
2026-08-04 01:20:03,489.07,476.13,491.37,475.00,38631719,24.35,5.00,27.25,腾讯财经
2026-08-04 01:30:00,489.19,476.13,491.37,475.00,39333022,24.47,5.00,27.25,腾讯财经
2026-08-04 01:40:00,489.27,476.13,491.37,475.00,40305953,24.55,5.00,27.26,腾讯财经
2026-08-04 01:50:02,488.95,476.13,491.37,475.00,41016126,24.23,5.00,27.24,腾讯财经
2026-08-04 02:00:00,488.17,476.13,491.37,475.00,41627160,23.45,5.00,27.20,腾讯财经
2026-08-04 02:10:04,489.03,476.13,491.37,475.00,42358281,24.31,5.00,27.24,腾讯财经
2026-08-04 02:20:00,489.32,476.13,491.37,475.00,43110456,24.60,5.00,27.26,腾讯财经
2026-08-04 02:30:00,490.71,476.13,491.37,475.00,44027174,25.99,5.00,27.34,腾讯财经
2026-08-04 02:40:00,490.72,476.13,491.37,475.00,45031164,26.00,5.00,27.34,腾讯财经
2026-08-04 02:50:04,491.29,476.13,491.64,475.00,45971256,26.57,5.00,27.37,腾讯财经
2026-08-04 03:00:00,489.46,476.13,491.64,475.00,46732642,24.74,5.00,27.27,腾讯财经
2026-08-04 03:10:02,488.80,476.13,491.64,475.00,47428047,24.08,5.00,27.23,腾讯财经
2026-08-04 03:20:00,489.33,476.13,491.64,475.00,48219250,24.61,5.00,27.26,腾讯财经
2026-08-04 03:30:01,490.02,476.13,491.64,475.00,49328934,25.30,5.00,27.30,腾讯财经
2026-08-04 03:40:00,489.10,476.13,491.64,475.00,50205339,24.38,5.00,27.25,腾讯财经
2026-08-04 03:50:02,488.22,476.13,491.64,475.00,51453892,23.50,5.00,27.20,腾讯财经
2026-08-04 04:00:00,487.76,476.13,491.64,475.00,54442269,23.04,4.00,27.17,腾讯财经
2026-08-04 04:10:00,487.65,476.13,491.64,475.00,64214834,22.93,4.00,27.17,腾讯财经
2026-08-04 04:20:05,487.65,476.13,491.65,475.00,64240019,22.93,4.00,27.17,腾讯财经
2026-08-04 04:30:01,487.65,476.13,491.65,475.00,65953018,22.93,4.00,27.17,腾讯财经
2026-08-04 04:40:00,487.65,476.13,491.65,475.00,65982266,22.93,4.00,27.17,腾讯财经
2026-08-04 04:50:00,487.65,476.13,491.65,475.00,66020025,22.93,4.00,27.17,腾讯财经
2026-08-04 05:00:03,487.65,476.13,491.65,475.00,66074179,22.93,4.00,27.17,腾讯财经
2026-08-04 05:10:00,487.65,476.13,491.65,475.00,66087372,22.93,4.00,27.17,腾讯财经
2026-08-04 05:20:00,487.65,476.13,491.65,475.00,66564281,22.93,4.00,27.17,腾讯财经
2026-08-04 05:30:00,487.65,476.13,491.65,475.00,66596050,22.93,4.00,27.17,腾讯财经
2026-08-04 05:40:02,487.65,476.13,491.65,475.00,66606022,22.93,4.00,27.17,腾讯财经
2026-08-04 05:50:04,487.65,476.13,491.65,475.00,66622863,22.93,4.00,27.17,腾讯财经
2026-08-04 06:00:00,487.65,476.13,491.65,475.00,66634733,22.93,4.00,27.17,腾讯财经
2026-08-04 06:10:00,487.65,476.13,491.65,475.00,66650102,22.93,4.00,27.17,腾讯财经
2026-08-04 06:20:01,487.65,476.13,491.65,475.00,66658465,22.93,4.00,27.17,腾讯财经
2026-08-04 06:30:00,487.65,476.13,491.65,475.00,66666364,22.93,4.00,27.17,腾讯财经
2026-08-04 06:40:00,487.65,476.13,491.65,475.00,66675468,22.93,4.00,27.17,腾讯财经
2026-08-04 06:50:00,487.65,476.13,491.65,475.00,66683862,22.93,4.00,27.17,腾讯财经
2026-08-04 07:00:04,487.65,476.13,491.65,475.00,66690800,22.93,4.00,27.17,腾讯财经
2026-08-04 07:10:05,487.65,476.13,491.65,475.00,66706458,22.93,4.00,27.17,腾讯财经
2026-08-04 07:20:00,487.65,476.13,491.65,475.00,66716300,22.93,4.00,27.17,腾讯财经
2026-08-04 07:30:02,487.65,476.13,491.65,475.00,66729967,22.93,4.00,27.17,腾讯财经
2026-08-04 07:40:00,487.65,476.13,491.65,475.00,66739287,22.93,4.00,27.17,腾讯财经
2026-08-04 07:50:00,487.65,476.13,491.65,475.00,66751907,22.93,4.00,27.17,腾讯财经
2026-08-04 08:30:05,487.65,476.13,491.65,475.00,66762074,22.93,4.00,27.17,腾讯财经
2026-08-04 08:40:00,487.65,476.13,491.65,475.00,66762074,22.93,4.00,27.17,腾讯财经
2026-08-04 08:50:01,487.65,476.13,491.65,475.00,66762074,22.93,4.00,27.17,腾讯财经
2026-08-04 09:00:05,487.65,476.13,491.65,475.00,66762074,22.93,4.00,27.17,腾讯财经
2026-08-04 09:10:00,487.65,476.13,491.65,475.00,66762074,22.93,4.00,27.17,腾讯财经
2026-08-04 09:20:03,487.65,476.13,491.65,475.00,66762074,22.93,4.00,27.17,腾讯财经
2026-08-04 09:30:03,487.65,476.13,491.65,475.00,66762074,22.93,4.00,27.17,腾讯财经
2026-08-04 09:40:03,487.65,476.13,491.65,475.00,66762074,22.93,4.00,27.17,腾讯财经
2026-08-04 09:50:05,487.65,476.13,491.65,475.00,66762074,22.93,4.00,27.17,腾讯财经
2026-08-04 10:00:00,487.65,476.13,491.65,475.00,66762074,22.93,4.00,27.17,腾讯财经
2026-08-04 10:10:03,487.65,476.13,491.65,475.00,66762074,22.93,4.00,27.17,腾讯财经
2026-08-04 10:20:00,487.65,476.13,491.65,475.00,66762074,22.93,4.00,27.17,腾讯财经
2026-08-04 10:30:05,487.65,476.13,491.65,475.00,66762074,22.93,4.00,27.17,腾讯财经
2026-08-04 10:40:05,487.65,476.13,491.65,475.00,66762074,22.93,4.00,27.17,腾讯财经
2026-08-04 10:50:01,487.65,476.13,491.65,475.00,66762074,22.93,4.00,27.17,腾讯财经
2026-08-04 11:00:05,487.65,476.13,491.65,475.00,66762074,22.93,4.00,27.17,腾讯财经
2026-08-04 11:10:00,487.65,476.13,491.65,475.00,66762074,22.93,4.00,27.17,腾讯财经
2026-08-04 11:20:00,487.65,476.13,491.65,475.00,66762074,22.93,4.00,27.17,腾讯财经
2026-08-04 11:30:04,487.65,476.13,491.65,475.00,66762074,22.93,4.00,27.17,腾讯财经
2026-08-04 11:40:00,487.65,476.13,491.65,475.00,66762074,22.93,4.00,27.17,腾讯财经
2026-08-04 11:50:00,487.65,476.13,491.65,475.00,66762074,22.93,4.00,27.17,腾讯财经
2026-08-04 12:00:00,487.65,476.13,491.65,475.00,66762074,22.93,4.00,27.17,腾讯财经
2026-08-04 12:10:05,487.65,476.13,491.65,475.00,66762074,22.93,4.00,27.17,腾讯财经
2026-08-04 12:20:00,487.65,476.13,491.65,475.00,66762074,22.93,4.00,27.17,腾讯财经
2026-08-04 12:30:00,487.65,476.13,491.65,475.00,66762074,22.93,4.00,27.17,腾讯财经
2026-08-04 12:40:04,487.65,476.13,491.65,475.00,66762074,22.93,4.00,27.17,腾讯财经
2026-08-04 12:50:00,487.65,476.13,491.65,475.00,66762074,22.93,4.00,27.17,腾讯财经
2026-08-04 13:00:00,487.65,476.13,491.65,475.00,66762074,22.93,4.00,27.17,腾讯财经
2026-08-04 13:10:03,487.65,476.13,491.65,475.00,66762074,22.93,4.00,27.17,腾讯财经
2026-08-04 13:20:01,487.65,476.13,491.65,475.00,66762074,22.93,4.00,27.17,腾讯财经
2026-08-04 13:30:03,487.65,476.13,491.65,475.00,66762074,22.93,4.00,27.17,腾讯财经
2026-08-04 13:40:02,487.65,476.13,491.65,475.00,66762074,22.93,4.00,27.17,腾讯财经
2026-08-04 13:50:04,487.65,476.13,491.65,475.00,66762074,22.93,4.00,27.17,腾讯财经
2026-08-04 14:00:01,487.65,476.13,491.65,475.00,66762074,22.93,4.00,27.17,腾讯财经
2026-08-04 14:10:00,487.65,476.13,491.65,475.00,66762074,22.93,4.00,27.17,腾讯财经
2026-08-04 14:20:04,487.65,476.13,491.65,475.00,66762074,22.93,4.00,27.17,腾讯财经
2026-08-04 14:30:00,487.65,476.13,491.65,475.00,66762074,22.93,4.00,27.17,腾讯财经
2026-08-04 14:40:01,487.65,476.13,491.65,475.00,66762074,22.93,4.00,27.17,腾讯财经
2026-08-04 14:50:00,487.65,476.13,491.65,475.00,66762074,22.93,4.00,27.17,腾讯财经
2026-08-04 15:00:00,487.65,476.13,491.65,475.00,66762074,22.93,4.00,27.17,腾讯财经
2026-08-04 15:10:03,487.65,476.13,491.65,475.00,66762074,22.93,4.00,27.17,腾讯财经
2026-08-04 15:20:00,487.65,476.13,491.65,475.00,66762074,22.93,4.00,27.17,腾讯财经
2026-08-04 15:30:00,487.65,476.13,491.65,475.00,66762074,22.93,4.00,27.17,腾讯财经
2026-08-04 15:40:03,487.65,476.13,491.65,475.00,66762074,22.93,4.00,27.17,腾讯财经
2026-08-04 15:50:00,487.65,476.13,491.65,475.00,66762074,22.93,4.00,27.17,腾讯财经
2026-08-04 16:00:04,487.65,476.13,491.65,475.00,66762074,22.93,4.00,27.17,腾讯财经
2026-08-04 16:10:00,487.65,476.13,491.65,475.00,66762074,22.93,4.00,27.17,腾讯财经
2026-08-04 16:20:02,487.65,476.13,491.65,475.00,66762074,22.93,4.00,27.17,腾讯财经
2026-08-04 16:30:00,487.65,476.13,491.65,475.00,66762074,22.93,4.00,27.17,腾讯财经
2026-08-04 16:40:04,487.65,476.13,491.65,475.00,66762074,22.93,4.00,27.17,腾讯财经
2026-08-04 16:50:00,487.65,476.13,491.65,475.00,66762074,22.93,4.00,27.17,腾讯财经
2026-08-04 17:00:01,487.65,476.13,491.65,475.00,66762074,22.93,4.00,27.17,腾讯财经
2026-08-04 17:10:00,487.65,476.13,491.65,475.00,66762074,22.93,4.00,27.17,腾讯财经
2026-08-04 17:20:04,487.65,476.13,491.65,475.00,66762074,22.93,4.00,27.17,腾讯财经
2026-08-04 17:30:03,487.65,476.13,491.65,475.00,66762074,22.93,4.00,27.17,腾讯财经
2026-08-04 17:40:00,487.65,476.13,491.65,475.00,66762074,22.93,4.00,27.17,腾讯财经
2026-08-04 17:50:04,487.65,476.13,491.65,475.00,66762074,22.93,4.00,27.17,腾讯财经
2026-08-04 18:20:03,487.65,476.13,491.65,475.00,66762074,22.93,4.00,27.17,腾讯财经
2026-08-04 18:30:00,487.65,476.13,491.65,475.00,66762074,22.93,4.00,27.17,腾讯财经
2026-08-04 18:40:05,487.65,476.13,491.65,475.00,66762074,22.93,4.00,27.17,腾讯财经
2026-08-04 18:50:04,487.65,476.13,491.65,475.00,66762074,22.93,4.00,27.17,腾讯财经
2026-08-04 19:00:04,487.65,476.13,491.65,475.00,66762074,22.93,4.00,27.17,腾讯财经
2026-08-04 19:10:02,487.65,476.13,491.65,475.00,66762074,22.93,4.00,27.17,腾讯财经
2026-08-04 19:20:05,487.65,476.13,491.65,475.00,66762074,22.93,4.00,27.17,腾讯财经
2026-08-04 19:30:01,487.65,476.13,491.65,475.00,66762074,22.93,4.00,27.17,腾讯财经
2026-08-04 19:40:03,487.65,476.13,491.65,475.00,66762074,22.93,4.00,27.17,腾讯财经
2026-08-04 19:50:03,487.65,476.13,491.65,475.00,66762074,22.93,4.00,27.17,腾讯财经
2026-08-04 20:00:05,487.65,476.13,491.65,475.00,66762074,22.93,4.00,27.17,腾讯财经
2026-08-04 20:10:03,487.65,476.13,491.65,475.00,66762074,22.93,4.00,27.17,腾讯财经
2026-08-04 20:20:00,487.65,476.13,491.65,475.00,66762074,22.93,4.00,27.17,腾讯财经
2026-08-04 20:30:01,487.65,476.13,491.65,475.00,66762074,22.93,4.00,27.17,腾讯财经
2026-08-04 20:40:00,487.65,476.13,491.65,475.00,66762074,22.93,4.00,27.17,腾讯财经
2026-08-04 20:50:01,487.65,476.13,491.65,475.00,66762074,22.93,4.00,27.17,腾讯财经
2026-08-04 21:00:00,487.65,476.13,491.65,475.00,66762074,22.93,4.00,27.17,腾讯财经
2026-08-04 21:10:01,487.65,476.13,491.65,475.00,66762074,22.93,4.00,27.17,腾讯财经
2026-08-04 21:20:05,487.65,476.13,491.65,475.00,66762074,22.93,4.00,27.17,腾讯财经
2026-08-04 21:30:04,480.76,480.76,480.76,480.76,2226884,-6.89,-1.00,26.78,腾讯财经
2026-08-04 21:40:05,487.47,480.76,488.50,479.17,5829714,-.18,0,27.16,腾讯财经
2026-08-04 21:50:02,488.83,480.90,489.87,479.17,7570827,1.18,0,27.23,腾讯财经
2026-08-04 22:00:05,491.08,480.90,491.17,479.17,9025552,3.43,0,27.36,腾讯财经
2026-08-04 22:10:03,493.98,480.90,494.43,479.17,11019845,6.33,1.00,27.52,腾讯财经
2026-08-04 22:20:03,495.56,480.90,495.88,479.17,12469531,7.91,1.00,27.61,腾讯财经
2026-08-04 22:30:05,493.74,480.90,495.88,479.17,13763276,6.09,1.00,27.51,腾讯财经
2026-08-04 22:40:00,496.36,480.90,497.07,479.17,15335834,8.71,1.00,27.65,腾讯财经
2026-08-04 22:50:00,495.50,480.90,497.98,479.17,16609881,7.85,1.00,27.60,腾讯财经
2026-08-04 23:00:04,496.02,480.90,497.98,479.17,17576028,8.37,1.00,27.63,腾讯财经
2026-08-04 23:10:00,496.45,480.90,498.41,479.17,18821625,8.80,1.00,27.66,腾讯财经
2026-08-04 23:20:00,497.77,480.90,499.44,479.17,20177859,10.12,2.00,27.73,腾讯财经
2026-08-04 23:30:00,498.38,480.90,499.44,479.17,21073081,10.73,2.00,27.76,腾讯财经
2026-08-04 23:40:04,497.57,480.90,499.44,479.17,21831481,9.92,2.00,27.72,腾讯财经
2026-08-04 23:50:00,497.49,480.90,499.44,479.17,22474190,9.84,2.00,27.72,腾讯财经
2026-08-05 00:00:00,497.45,480.90,499.44,479.17,23108967,9.80,2.00,27.71,腾讯财经
2026-08-05 00:10:03,497.14,480.90,499.44,479.17,23612737,9.49,1.00,27.70,腾讯财经
2026-08-05 00:20:00,497.38,480.90,499.44,479.17,24059505,9.73,1.00,27.71,腾讯财经
2026-08-05 00:30:05,495.92,480.90,499.44,479.17,24615725,8.27,1.00,27.63,腾讯财经
2026-08-05 00:40:00,495.65,480.90,499.44,479.17,25265579,8.00,1.00,27.61,腾讯财经
2026-08-05 00:50:03,494.54,480.90,499.44,479.17,25915458,6.89,1.00,27.55,腾讯财经
2026-08-05 01:00:01,494.48,480.90,499.44,479.17,26187184,6.83,1.00,27.55,腾讯财经
2026-08-05 01:10:02,495.42,480.90,499.44,479.17,26688592,7.77,1.00,27.60,腾讯财经
2026-08-05 01:20:00,495.50,480.90,499.44,479.17,27106091,7.85,1.00,27.60,腾讯财经
2026-08-05 01:30:00,495.21,480.90,499.44,479.17,27527458,7.56,1.00,27.59,腾讯财经
2026-08-05 01:40:00,494.91,480.90,499.44,479.17,27890486,7.26,1.00,27.57,腾讯财经
2026-08-05 01:50:04,495.98,480.90,499.44,479.17,28366323,8.33,1.00,27.63,腾讯财经
2026-08-05 02:00:00,495.90,480.90,499.44,479.17,28780675,8.25,1.00,27.63,腾讯财经
2026-08-05 02:10:01,496.71,480.90,499.44,479.17,29245368,9.06,1.00,27.67,腾讯财经
2026-08-05 02:20:04,497.18,480.90,499.44,479.17,29637851,9.53,1.00,27.70,腾讯财经
2026-08-05 02:30:00,497.34,480.90,499.44,479.17,30039024,9.69,1.00,27.71,腾讯财经
2026-08-05 02:40:00,496.52,480.90,499.44,479.17,30405731,8.87,1.00,27.66,腾讯财经
2026-08-05 02:50:00,496.49,480.90,499.44,479.17,30896796,8.84,1.00,27.66,腾讯财经
2026-08-05 03:00:00,496.11,480.90,499.44,479.17,32558755,8.46,1.00,27.64,腾讯财经
2026-08-05 03:10:03,496.85,480.90,499.44,479.17,32469996,9.20,1.00,27.68,腾讯财经
2026-08-05 03:20:00,497.32,480.90,499.44,479.17,33193709,9.67,1.00,27.71,腾讯财经
2026-08-05 03:30:00,496.90,480.90,499.44,479.17,33809006,9.25,1.00,27.68,腾讯财经
2026-08-05 03:40:04,496.35,480.90,499.44,479.17,34504887,8.70,1.00,27.65,腾讯财经
2026-08-05 03:50:00,496.25,480.90,499.44,479.17,35523964,8.60,1.00,27.65,腾讯财经
2026-08-05 04:00:04,492.72,480.90,499.44,479.17,37635552,5.07,1.00,27.45,腾讯财经
2026-08-05 04:10:00,492.81,480.90,499.44,479.17,49498586,5.16,1.00,27.45,腾讯财经
2026-08-05 04:20:02,492.81,480.90,499.44,479.17,49614563,5.16,1.00,27.45,腾讯财经
2026-08-05 04:30:05,492.81,480.90,499.44,479.17,49653444,5.16,1.00,27.45,腾讯财经
2026-08-05 04:40:00,492.81,480.90,499.44,479.17,49687173,5.16,1.00,27.45,腾讯财经
2026-08-05 04:50:04,492.81,480.90,499.44,479.17,49699541,5.16,1.00,27.45,腾讯财经
2026-08-05 05:00:05,492.81,480.90,499.44,479.17,49729652,5.16,1.00,27.45,腾讯财经
2026-08-05 05:10:02,492.81,480.90,499.44,479.17,50201726,5.16,1.00,27.45,腾讯财经
2026-08-05 05:20:01,492.81,480.90,499.44,479.17,50208302,5.16,1.00,27.45,腾讯财经
2026-08-05 05:30:03,492.81,480.90,499.44,479.17,50219864,5.16,1.00,27.45,腾讯财经
2026-08-05 05:40:01,492.81,480.90,499.44,479.17,50233451,5.16,1.00,27.45,腾讯财经
2026-08-05 05:50:01,492.81,480.90,499.44,479.17,50239711,5.16,1.00,27.45,腾讯财经
2026-08-05 06:00:01,492.81,480.90,499.44,479.17,50246319,5.16,1.00,27.45,腾讯财经
2026-08-05 06:10:00,492.81,480.90,499.44,479.17,50257084,5.16,1.00,27.45,腾讯财经
2026-08-05 06:20:00,492.81,480.90,499.44,479.17,50262671,5.16,1.00,27.45,腾讯财经
2026-08-05 06:30:00,492.81,480.90,499.44,479.17,50279458,5.16,1.00,27.45,腾讯财经
2026-08-05 06:40:00,492.81,480.90,499.44,479.17,50288053,5.16,1.00,27.45,腾讯财经
2026-08-05 06:50:00,492.81,480.90,499.44,479.17,50372658,5.16,1.00,27.45,腾讯财经
2026-08-05 07:00:02,492.81,480.90,499.44,479.17,50412315,5.16,1.00,27.45,腾讯财经
2026-08-05 07:10:04,492.81,480.90,499.44,479.17,50421392,5.16,1.00,27.45,腾讯财经
2026-08-05 07:20:00,492.81,480.90,499.44,479.17,50427152,5.16,1.00,27.45,腾讯财经
2026-08-05 07:30:00,492.81,480.90,499.44,479.17,50432689,5.16,1.00,27.45,腾讯财经
2026-08-05 07:40:01,492.81,480.90,499.44,479.17,50437515,5.16,1.00,27.45,腾讯财经
2026-08-05 07:50:00,492.81,480.90,499.44,479.17,50442911,5.16,1.00,27.45,腾讯财经
2026-08-05 08:50:00,492.81,480.90,499.44,479.17,50455454,5.16,1.00,27.45,腾讯财经
2026-08-05 09:00:00,492.81,480.90,499.44,479.17,50455454,5.16,1.00,27.45,腾讯财经
2026-08-05 09:10:05,492.81,480.90,499.44,479.17,50455454,5.16,1.00,27.45,腾讯财经
2026-08-05 09:20:01,492.81,480.90,499.44,479.17,50455454,5.16,1.00,27.45,腾讯财经
2026-08-05 09:30:01,492.81,480.90,499.44,479.17,50455454,5.16,1.00,27.45,腾讯财经
2026-08-05 09:40:04,492.81,480.90,499.44,479.17,50455454,5.16,1.00,27.45,腾讯财经
2026-08-05 09:50:00,492.81,480.90,499.44,479.17,50455454,5.16,1.00,27.45,腾讯财经
2026-08-05 10:00:00,492.81,480.90,499.44,479.17,50455454,5.16,1.00,27.45,腾讯财经
2026-08-05 10:10:05,492.81,480.90,499.44,479.17,50455454,5.16,1.00,27.45,腾讯财经
2026-08-05 10:20:00,492.81,480.90,499.44,479.17,50455454,5.16,1.00,27.45,腾讯财经
2026-08-05 10:30:04,492.81,480.90,499.44,479.17,50455454,5.16,1.00,27.45,腾讯财经
2026-08-05 10:40:05,492.81,480.90,499.44,479.17,50455454,5.16,1.00,27.45,腾讯财经
2026-08-05 10:50:05,492.81,480.90,499.44,479.17,50455454,5.16,1.00,27.45,腾讯财经
2026-08-05 11:00:00,492.81,480.90,499.44,479.17,50455454,5.16,1.00,27.45,腾讯财经
2026-08-05 11:10:04,492.81,480.90,499.44,479.17,50455454,5.16,1.00,27.45,腾讯财经
2026-08-05 11:20:05,492.81,480.90,499.44,479.17,50455454,5.16,1.00,27.45,腾讯财经
2026-08-05 11:30:00,492.81,480.90,499.44,479.17,50455454,5.16,1.00,27.45,腾讯财经
2026-08-05 11:40:05,492.81,480.90,499.44,479.17,50455454,5.16,1.00,27.45,腾讯财经
2026-08-05 11:50:05,492.81,480.90,499.44,479.17,50455454,5.16,1.00,27.45,腾讯财经
2026-08-05 12:00:00,492.81,480.90,499.44,479.17,50455454,5.16,1.00,27.45,腾讯财经
2026-08-05 12:10:04,492.81,480.90,499.44,479.17,50455454,5.16,1.00,27.45,腾讯财经
2026-08-05 12:20:00,492.81,480.90,499.44,479.17,50455454,5.16,1.00,27.45,腾讯财经
2026-08-05 12:30:01,492.81,480.90,499.44,479.17,50455454,5.16,1.00,27.45,腾讯财经
2026-08-05 12:40:04,492.81,480.90,499.44,479.17,50455454,5.16,1.00,27.45,腾讯财经
2026-08-05 12:50:00,492.81,480.90,499.44,479.17,50455454,5.16,1.00,27.45,腾讯财经
2026-08-05 13:00:00,492.81,480.90,499.44,479.17,50455454,5.16,1.00,27.45,腾讯财经
2026-08-05 13:10:02,492.81,480.90,499.44,479.17,50455454,5.16,1.00,27.45,腾讯财经
2026-08-05 13:20:05,492.81,480.90,499.44,479.17,50455454,5.16,1.00,27.45,腾讯财经
2026-08-05 13:30:00,492.81,480.90,499.44,479.17,50455454,5.16,1.00,27.45,腾讯财经
2026-08-05 13:40:04,492.81,480.90,499.44,479.17,50455454,5.16,1.00,27.45,腾讯财经
2026-08-05 13:50:04,492.81,480.90,499.44,479.17,50455454,5.16,1.00,27.45,腾讯财经
2026-08-05 14:00:00,492.81,480.90,499.44,479.17,50455454,5.16,1.00,27.45,腾讯财经
2026-08-05 14:10:00,492.81,480.90,499.44,479.17,50455454,5.16,1.00,27.45,腾讯财经
2026-08-05 14:20:00,492.81,480.90,499.44,479.17,50455454,5.16,1.00,27.45,腾讯财经
2026-08-05 14:30:03,492.81,480.90,499.44,479.17,50455454,5.16,1.00,27.45,腾讯财经
2026-08-05 14:40:05,492.81,480.90,499.44,479.17,50455454,5.16,1.00,27.45,腾讯财经
2026-08-05 14:50:00,492.81,480.90,499.44,479.17,50455454,5.16,1.00,27.45,腾讯财经
2026-08-05 15:00:01,492.81,480.90,499.44,479.17,50455454,5.16,1.00,27.45,腾讯财经
2026-08-05 15:10:00,492.81,480.90,499.44,479.17,50455454,5.16,1.00,27.45,腾讯财经
2026-08-05 15:20:00,492.81,480.90,499.44,479.17,50455454,5.16,1.00,27.45,腾讯财经
2026-08-05 15:30:00,492.81,480.90,499.44,479.17,50455454,5.16,1.00,27.45,腾讯财经
2026-08-05 15:40:04,492.81,480.90,499.44,479.17,50455454,5.16,1.00,27.45,腾讯财经
2026-08-05 16:00:01,492.81,480.90,499.44,479.17,50455454,5.16,1.00,27.45,腾讯财经
2026-08-05 16:10:00,492.81,480.90,499.44,479.17,50455454,5.16,1.00,27.45,腾讯财经
2026-08-05 16:20:05,492.81,480.90,499.44,479.17,50455454,5.16,1.00,27.45,腾讯财经
2026-08-05 16:30:02,492.81,480.90,499.44,479.17,50455454,5.16,1.00,27.45,腾讯财经
2026-08-05 16:40:04,492.81,480.90,499.44,479.17,50455454,5.16,1.00,27.45,腾讯财经
2026-08-05 16:50:00,492.81,480.90,499.44,479.17,50455454,5.16,1.00,27.45,腾讯财经
2026-08-05 17:00:00,492.81,480.90,499.44,479.17,50455454,5.16,1.00,27.45,腾讯财经
2026-08-05 17:10:01,492.81,480.90,499.44,479.17,50455454,5.16,1.00,27.45,腾讯财经
2026-08-05 17:20:00,492.81,480.90,499.44,479.17,50455454,5.16,1.00,27.45,腾讯财经
2026-08-05 17:30:00,492.81,480.90,499.44,479.17,50455454,5.16,1.00,27.45,腾讯财经
2026-08-05 17:40:04,492.81,480.90,499.44,479.17,50455454,5.16,1.00,27.45,腾讯财经
2026-08-05 17:50:03,492.81,480.90,499.44,479.17,50455454,5.16,1.00,27.45,腾讯财经
2026-08-05 18:00:01,492.81,480.90,499.44,479.17,50455454,5.16,1.00,27.45,腾讯财经
2026-08-05 18:10:04,492.81,480.90,499.44,479.17,50455454,5.16,1.00,27.45,腾讯财经
2026-08-05 18:20:01,492.81,480.90,499.44,479.17,50455454,5.16,1.00,27.45,腾讯财经
2026-08-05 18:30:01,492.81,480.90,499.44,479.17,50455454,5.16,1.00,27.45,腾讯财经
2026-08-05 18:40:04,492.81,480.90,499.44,479.17,50455454,5.16,1.00,27.45,腾讯财经
2026-08-05 18:50:03,492.81,480.90,499.44,479.17,50455454,5.16,1.00,27.45,腾讯财经
2026-08-05 19:00:00,492.81,480.90,499.44,479.17,50455454,5.16,1.00,27.45,腾讯财经
2026-08-05 19:10:01,492.81,480.90,499.44,479.17,50455454,5.16,1.00,27.45,腾讯财经
2026-08-05 19:20:00,492.81,480.90,499.44,479.17,50455454,5.16,1.00,27.45,腾讯财经
2026-08-05 19:30:04,492.81,480.90,499.44,479.17,50455454,5.16,1.00,27.45,腾讯财经
2026-08-05 19:40:04,492.81,480.90,499.44,479.17,50455454,5.16,1.00,27.45,腾讯财经
2026-08-05 19:50:02,492.81,480.90,499.44,479.17,50455454,5.16,1.00,27.45,腾讯财经
2026-08-05 20:00:02,492.81,480.90,499.44,479.17,50455454,5.16,1.00,27.45,腾讯财经
2026-08-05 20:10:00,492.81,480.90,499.44,479.17,50455454,5.16,1.00,27.45,腾讯财经
2026-08-05 20:20:00,492.81,480.90,499.44,479.17,50455454,5.16,1.00,27.45,腾讯财经
2026-08-05 20:30:05,492.81,480.90,499.44,479.17,50455454,5.16,1.00,27.45,腾讯财经
2026-08-05 20:40:05,492.81,480.90,499.44,479.17,50455454,5.16,1.00,27.45,腾讯财经
2026-08-05 20:50:00,492.81,480.90,499.44,479.17,50455454,5.16,1.00,27.45,腾讯财经
2026-08-05 21:00:01,492.81,480.90,499.44,479.17,50455454,5.16,1.00,27.45,腾讯财经
2026-08-05 21:10:02,492.81,480.90,499.44,479.17,50455454,5.16,1.00,27.45,腾讯财经
2026-08-05 21:20:00,492.81,480.90,499.44,479.17,50455454,5.16,1.00,27.45,腾讯财经
2026-08-05 21:30:00,492.81,0.00,0.00,0.00,857507,0,0,27.45,腾讯财经
2026-08-05 21:40:04,494.43,496.36,498.21,491.51,2787243,1.62,0,27.54,腾讯财经
2026-08-05 21:50:00,488.64,496.36,498.21,488.32,3826228,-4.17,0,27.22,腾讯财经
2026-08-05 22:00:00,488.60,496.36,498.21,487.21,4753251,-4.21,0,27.22,腾讯财经
2026-08-05 22:10:04,488.50,496.36,498.21,487.21,5806412,-4.31,0,27.21,腾讯财经
2026-08-05 22:20:00,488.45,496.36,498.21,487.21,6500669,-4.36,0,27.21,腾讯财经
2026-08-05 22:30:00,489.31,496.36,498.21,487.21,7164845,-3.50,0,27.26,腾讯财经
2026-08-05 22:40:04,490.73,496.36,498.21,487.21,7887272,-2.08,0,27.34,腾讯财经
2026-08-05 22:50:01,490.66,496.36,498.21,487.21,8525920,-2.15,0,27.33,腾讯财经
2026-08-05 23:00:00,490.88,496.36,498.21,487.21,9234516,-1.93,0,27.35,腾讯财经
2026-08-05 23:10:00,490.00,496.36,498.21,487.21,9713583,-2.81,0,27.30,腾讯财经
2026-08-05 23:20:04,490.10,496.36,498.21,487.21,10539134,-2.71,0,27.30,腾讯财经
2026-08-05 23:30:00,492.37,496.36,498.21,487.21,12856131,-.44,0,27.43,腾讯财经
2026-08-05 23:40:04,489.22,496.36,498.21,487.21,13309739,-3.59,0,27.25,腾讯财经
2026-08-05 23:50:05,488.16,496.36,498.21,487.21,13697047,-4.65,0,27.20,腾讯财经
2026-08-06 00:00:04,488.63,496.36,498.21,487.21,14139563,-4.18,0,27.22,腾讯财经
2026-08-06 00:10:02,488.84,496.36,498.21,487.21,14526035,-3.97,0,27.23,腾讯财经
2026-08-06 00:20:00,488.31,496.36,498.21,487.21,14923123,-4.50,0,27.20,腾讯财经
2026-08-06 00:30:03,489.02,496.36,498.21,487.21,15322609,-3.79,0,27.24,腾讯财经
2026-08-06 00:40:04,488.40,496.36,498.21,487.21,15841377,-4.41,0,27.21,腾讯财经
2026-08-06 00:50:04,488.61,496.36,498.21,487.21,16168451,-4.20,0,27.22,腾讯财经
2026-08-06 01:00:00,488.04,496.36,498.21,487.21,16502820,-4.77,0,27.19,腾讯财经
2026-08-06 01:10:05,488.23,496.36,498.21,487.21,16865815,-4.58,0,27.20,腾讯财经
2026-08-06 01:20:00,488.33,496.36,498.21,487.21,17110431,-4.48,0,27.20,腾讯财经
2026-08-06 01:30:00,488.19,496.36,498.21,487.21,17384948,-4.62,0,27.20,腾讯财经
2026-08-06 01:40:04,488.26,496.36,498.21,487.21,17643538,-4.55,0,27.20,腾讯财经
2026-08-06 01:50:00,488.79,496.36,498.21,487.21,17936208,-4.02,0,27.23,腾讯财经
2026-08-06 02:00:04,488.71,496.36,498.21,487.21,18275569,-4.10,0,27.23,腾讯财经
2026-08-06 02:10:00,489.11,496.36,498.21,485.68,19228419,-3.70,0,27.25,腾讯财经
2026-08-06 02:20:00,489.76,496.36,498.21,485.68,20311067,-3.05,0,27.28,腾讯财经
2026-08-06 02:30:03,489.82,496.36,498.21,485.68,20687116,-2.99,0,27.29,腾讯财经
2026-08-06 02:40:05,489.37,496.36,498.21,485.68,21014794,-3.44,0,27.26,腾讯财经
2026-08-06 02:50:05,489.83,496.36,498.21,485.68,21299612,-2.98,0,27.29,腾讯财经
2026-08-06 03:00:00,489.97,496.36,498.21,485.68,21735096,-2.84,0,27.30,腾讯财经
2026-08-06 03:10:04,490.34,496.36,498.21,485.68,22217812,-2.47,0,27.32,腾讯财经
2026-08-06 03:20:01,490.84,496.36,498.21,485.68,22713322,-1.97,0,27.34,腾讯财经
2026-08-06 03:30:02,489.85,496.36,498.21,485.68,23116804,-2.96,0,27.29,腾讯财经
2026-08-06 03:40:04,490.03,496.36,498.21,485.68,23711509,-2.78,0,27.30,腾讯财经
2026-08-06 03:50:00,490.82,496.36,498.21,485.68,24305169,-1.99,0,27.34,腾讯财经
2026-08-06 04:00:00,487.62,496.36,498.21,485.68,26528486,-5.19,-1.00,27.17,腾讯财经
2026-08-06 04:10:03,487.46,496.36,498.21,485.68,32908383,-5.35,-1.00,27.16,腾讯财经
2026-08-06 04:20:04,487.46,496.36,498.24,485.68,32944108,-5.35,-1.00,27.16,腾讯财经
2026-08-06 04:30:00,487.46,496.36,498.24,485.68,32974594,-5.35,-1.00,27.16,腾讯财经
2026-08-06 04:40:05,487.46,496.36,498.24,485.68,33079181,-5.35,-1.00,27.16,腾讯财经
2026-08-06 04:50:00,487.46,496.36,498.24,485.68,33109905,-5.35,-1.00,27.16,腾讯财经
2026-08-06 05:00:00,487.46,496.36,498.24,485.68,33142801,-5.35,-1.00,27.16,腾讯财经
2026-08-06 05:10:00,487.46,496.36,498.24,485.68,33157525,-5.35,-1.00,27.16,腾讯财经
2026-08-06 05:20:00,487.46,496.36,498.24,485.68,33185417,-5.35,-1.00,27.16,腾讯财经
2026-08-06 05:30:01,487.46,496.36,498.24,485.68,33217283,-5.35,-1.00,27.16,腾讯财经
2026-08-06 05:40:05,487.46,496.36,498.24,485.68,33224343,-5.35,-1.00,27.16,腾讯财经
2026-08-06 05:50:00,487.46,496.36,498.24,485.68,33232757,-5.35,-1.00,27.16,腾讯财经
2026-08-06 06:00:00,487.46,496.36,498.24,485.68,33252887,-5.35,-1.00,27.16,腾讯财经
2026-08-06 06:10:00,487.46,496.36,498.24,485.68,33271483,-5.35,-1.00,27.16,腾讯财经
2026-08-06 06:20:00,487.46,496.36,498.24,485.68,33286011,-5.35,-1.00,27.16,腾讯财经
2026-08-06 06:30:04,487.46,496.36,498.24,485.68,33336075,-5.35,-1.00,27.16,腾讯财经
2026-08-06 06:40:05,487.46,496.36,498.24,485.68,33355153,-5.35,-1.00,27.16,腾讯财经
2026-08-06 06:50:04,487.46,496.36,498.24,485.68,33360862,-5.35,-1.00,27.16,腾讯财经
2026-08-06 07:00:00,487.46,496.36,498.24,485.68,33364768,-5.35,-1.00,27.16,腾讯财经
2026-08-06 07:10:00,487.46,496.36,498.24,485.68,33366569,-5.35,-1.00,27.16,腾讯财经
2026-08-06 07:20:02,487.46,496.36,498.24,485.68,33368863,-5.35,-1.00,27.16,腾讯财经
2026-08-06 07:30:00,487.46,496.36,498.24,485.68,33374392,-5.35,-1.00,27.16,腾讯财经
2026-08-06 07:40:04,487.46,496.36,498.24,485.68,33377965,-5.35,-1.00,27.16,腾讯财经
2026-08-06 07:50:02,487.46,496.36,498.24,485.68,33381485,-5.35,-1.00,27.16,腾讯财经
2026-08-06 08:00:02,487.46,496.36,498.24,485.68,33388866,-5.35,-1.00,27.16,腾讯财经
2026-08-06 08:10:00,487.46,496.36,498.24,485.68,33388866,-5.35,-1.00,27.16,腾讯财经
2026-08-06 08:20:00,487.46,496.36,498.24,485.68,33388871,-5.35,-1.00,27.16,腾讯财经
2026-08-06 08:30:04,487.46,496.36,498.24,485.68,33388871,-5.35,-1.00,27.16,腾讯财经
2026-08-06 08:40:04,487.46,496.36,498.24,485.68,33388871,-5.35,-1.00,27.16,腾讯财经
2026-08-06 08:50:03,487.46,496.36,498.24,485.68,33388871,-5.35,-1.00,27.16,腾讯财经
2026-08-06 09:00:00,487.46,496.36,498.24,485.68,33388871,-5.35,-1.00,27.16,腾讯财经
2026-08-06 09:10:04,487.46,496.36,498.24,485.68,33388871,-5.35,-1.00,27.16,腾讯财经
2026-08-06 09:20:01,487.46,496.36,498.24,485.68,33388871,-5.35,-1.00,27.16,腾讯财经
2026-08-06 09:30:04,487.46,496.36,498.24,485.68,33388871,-5.35,-1.00,27.16,腾讯财经
2026-08-06 09:40:04,487.46,496.36,498.24,485.68,33388871,-5.35,-1.00,27.16,腾讯财经
2026-08-06 10:00:00,487.46,496.36,498.24,485.68,33388871,-5.35,-1.00,27.16,腾讯财经
2026-08-06 10:10:00,487.46,496.36,498.24,485.68,33388871,-5.35,-1.00,27.16,腾讯财经
2026-08-06 10:20:00,487.46,496.36,498.24,485.68,33388871,-5.35,-1.00,27.16,腾讯财经
2026-08-06 10:30:00,487.46,496.36,498.24,485.68,33388871,-5.35,-1.00,27.16,腾讯财经
2026-08-06 10:40:04,487.46,496.36,498.24,485.68,33388871,-5.35,-1.00,27.16,腾讯财经
2026-08-06 10:50:00,487.46,496.36,498.24,485.68,33388871,-5.35,-1.00,27.16,腾讯财经
2026-08-06 11:00:00,487.46,496.36,498.24,485.68,33388871,-5.35,-1.00,27.16,腾讯财经
2026-08-06 11:10:00,487.46,496.36,498.24,485.68,33388871,-5.35,-1.00,27.16,腾讯财经
2026-08-06 11:20:00,487.46,496.36,498.24,485.68,33388871,-5.35,-1.00,27.16,腾讯财经
2026-08-06 11:30:00,487.46,496.36,498.24,485.68,33388871,-5.35,-1.00,27.16,腾讯财经
2026-08-06 11:40:04,487.46,496.36,498.24,485.68,33388871,-5.35,-1.00,27.16,腾讯财经
2026-08-06 11:50:01,487.46,496.36,498.24,485.68,33388871,-5.35,-1.00,27.16,腾讯财经
2026-08-06 12:00:00,487.46,496.36,498.24,485.68,33388871,-5.35,-1.00,27.16,腾讯财经
2026-08-06 12:10:01,487.46,496.36,498.24,485.68,33388871,-5.35,-1.00,27.16,腾讯财经
2026-08-06 12:20:02,487.46,496.36,498.24,485.68,33388871,-5.35,-1.00,27.16,腾讯财经
2026-08-06 12:30:00,487.46,496.36,498.24,485.68,33388871,-5.35,-1.00,27.16,腾讯财经
2026-08-06 12:40:04,487.46,496.36,498.24,485.68,33388871,-5.35,-1.00,27.16,腾讯财经
2026-08-06 12:50:00,487.46,496.36,498.24,485.68,33388871,-5.35,-1.00,27.16,腾讯财经
2026-08-06 13:00:00,487.46,496.36,498.24,485.68,33388871,-5.35,-1.00,27.16,腾讯财经
2026-08-06 13:10:02,487.46,496.36,498.24,485.68,33388871,-5.35,-1.00,27.16,腾讯财经
2026-08-06 13:20:00,487.46,496.36,498.24,485.68,33388871,-5.35,-1.00,27.16,腾讯财经
2026-08-06 13:30:00,487.46,496.36,498.24,485.68,33388871,-5.35,-1.00,27.16,腾讯财经
2026-08-06 13:40:04,487.46,496.36,498.24,485.68,33388871,-5.35,-1.00,27.16,腾讯财经
2026-08-06 13:50:05,487.46,496.36,498.24,485.68,33388871,-5.35,-1.00,27.16,腾讯财经
2026-08-06 14:00:01,487.46,496.36,498.24,485.68,33388871,-5.35,-1.00,27.16,腾讯财经
2026-08-06 14:10:05,487.46,496.36,498.24,485.68,33388871,-5.35,-1.00,27.16,腾讯财经
2026-08-06 14:20:02,487.46,496.36,498.24,485.68,33388871,-5.35,-1.00,27.16,腾讯财经
2026-08-06 14:30:00,487.46,496.36,498.24,485.68,33388871,-5.35,-1.00,27.16,腾讯财经
2026-08-06 14:40:05,487.46,496.36,498.24,485.68,33388871,-5.35,-1.00,27.16,腾讯财经
2026-08-06 14:50:03,487.46,496.36,498.24,485.68,33388871,-5.35,-1.00,27.16,腾讯财经
2026-08-06 15:00:01,487.46,496.36,498.24,485.68,33388871,-5.35,-1.00,27.16,腾讯财经
2026-08-06 15:10:00,487.46,496.36,498.24,485.68,33388871,-5.35,-1.00,27.16,腾讯财经
2026-08-06 15:20:03,487.46,496.36,498.24,485.68,33388871,-5.35,-1.00,27.16,腾讯财经
2026-08-06 15:30:00,487.46,496.36,498.24,485.68,33388871,-5.35,-1.00,27.16,腾讯财经
2026-08-06 15:40:04,487.46,496.36,498.24,485.68,33388871,-5.35,-1.00,27.16,腾讯财经
2026-08-06 15:50:03,487.46,496.36,498.24,485.68,33388871,-5.35,-1.00,27.16,腾讯财经
2026-08-06 16:00:00,487.46,496.36,498.24,485.68,33388871,-5.35,-1.00,27.16,腾讯财经
2026-08-06 16:10:03,487.46,496.36,498.24,485.68,33388871,-5.35,-1.00,27.16,腾讯财经
2026-08-06 16:20:05,487.46,496.36,498.24,485.68,33388871,-5.35,-1.00,27.16,腾讯财经
2026-08-06 16:30:04,487.46,496.36,498.24,485.68,33388871,-5.35,-1.00,27.16,腾讯财经
2026-08-06 16:40:05,487.46,496.36,498.24,485.68,33388871,-5.35,-1.00,27.16,腾讯财经
2026-08-06 16:50:01,487.46,496.36,498.24,485.68,33388871,-5.35,-1.00,27.16,腾讯财经
2026-08-06 17:00:01,487.46,496.36,498.24,485.68,33388871,-5.35,-1.00,27.16,腾讯财经
2026-08-06 17:10:05,487.46,496.36,498.24,485.68,33388871,-5.35,-1.00,27.16,腾讯财经
2026-08-06 17:20:02,487.46,496.36,498.24,485.68,33388871,-5.35,-1.00,27.16,腾讯财经
2026-08-06 17:30:00,487.46,496.36,498.24,485.68,33388871,-5.35,-1.00,27.16,腾讯财经
2026-08-06 17:40:04,487.46,496.36,498.24,485.68,33388871,-5.35,-1.00,27.16,腾讯财经
2026-08-06 17:50:01,487.46,496.36,498.24,485.68,33388871,-5.35,-1.00,27.16,腾讯财经
2026-08-06 18:00:03,487.46,496.36,498.24,485.68,33388871,-5.35,-1.00,27.16,腾讯财经
2026-08-06 18:10:05,487.46,496.36,498.24,485.68,33388871,-5.35,-1.00,27.16,腾讯财经
2026-08-06 18:20:01,487.46,496.36,498.24,485.68,33388871,-5.35,-1.00,27.16,腾讯财经
2026-08-06 18:30:01,487.46,496.36,498.24,485.68,33388871,-5.35,-1.00,27.16,腾讯财经
2026-08-06 18:40:04,487.46,496.36,498.24,485.68,33388871,-5.35,-1.00,27.16,腾讯财经
2026-08-06 18:50:03,487.46,496.36,498.24,485.68,33388871,-5.35,-1.00,27.16,腾讯财经
2026-08-06 19:00:00,487.46,496.36,498.24,485.68,33388871,-5.35,-1.00,27.16,腾讯财经
2026-08-06 19:10:03,487.46,496.36,498.24,485.68,33388871,-5.35,-1.00,27.16,腾讯财经
2026-08-06 19:20:00,487.46,496.36,498.24,485.68,33388871,-5.35,-1.00,27.16,腾讯财经
2026-08-06 19:30:00,487.46,496.36,498.24,485.68,33388871,-5.35,-1.00,27.16,腾讯财经
2026-08-06 19:40:04,487.46,496.36,498.24,485.68,33388871,-5.35,-1.00,27.16,腾讯财经
2026-08-06 19:50:03,487.46,496.36,498.24,485.68,33388871,-5.35,-1.00,27.16,腾讯财经
2026-08-06 20:00:02,487.46,496.36,498.24,485.68,33388871,-5.35,-1.00,27.16,腾讯财经
2026-08-06 20:10:04,487.46,496.36,498.24,485.68,33388871,-5.35,-1.00,27.16,腾讯财经
2026-08-06 20:20:00,487.46,496.36,498.24,485.68,33388871,-5.35,-1.00,27.16,腾讯财经
2026-08-06 20:30:03,487.46,496.36,498.24,485.68,33388871,-5.35,-1.00,27.16,腾讯财经
2026-08-06 20:40:04,487.46,496.36,498.24,485.68,33388871,-5.35,-1.00,27.16,腾讯财经
2026-08-06 20:50:02,487.46,496.36,498.24,485.68,33388871,-5.35,-1.00,27.16,腾讯财经
2026-08-06 21:00:00,487.46,496.36,498.24,485.68,33388871,-5.35,-1.00,27.16,腾讯财经
2026-08-06 21:10:04,487.46,496.36,498.24,485.68,33388871,-5.35,-1.00,27.16,腾讯财经
2026-08-06 21:20:03,487.46,496.36,498.24,485.68,33388871,-5.35,-1.00,27.16,腾讯财经
2026-08-06 21:30:00,487.46,0.00,0.00,0.00,565897,0,0,27.16,腾讯财经
2026-08-06 21:40:04,493.04,488.89,494.94,488.53,2593205,5.58,1.00,27.47,腾讯财经
2026-08-06 21:50:00,493.67,488.55,495.00,488.53,3671271,6.21,1.00,27.50,腾讯财经
2026-08-06 22:00:00,494.76,488.55,497.27,488.53,5026581,7.30,1.00,27.56,腾讯财经
2026-08-06 22:10:00,495.23,488.55,497.27,488.53,5808549,7.77,1.00,27.59,腾讯财经
2026-08-06 22:20:00,497.01,488.55,497.27,488.53,6752166,9.55,1.00,27.69,腾讯财经
2026-08-06 22:30:00,496.33,488.55,498.48,488.53,7829169,8.87,1.00,27.65,腾讯财经
2026-08-06 22:40:04,495.63,488.55,498.48,488.53,8494613,8.17,1.00,27.61,腾讯财经
2026-08-06 22:50:00,497.46,488.55,498.48,488.53,9238133,10.00,2.00,27.71,腾讯财经
2026-08-06 23:00:03,498.32,488.55,498.48,488.53,10017830,10.86,2.00,27.76,腾讯财经
2026-08-06 23:10:00,497.64,488.55,498.97,488.53,10990008,10.18,2.00,27.72,腾讯财经
2026-08-06 23:20:00,494.97,488.55,498.97,488.53,11494701,7.51,1.00,27.57,腾讯财经
2026-08-06 23:30:00,496.20,488.55,498.97,488.53,12024432,8.74,1.00,27.64,腾讯财经
2026-08-06 23:40:04,496.45,488.55,498.97,488.53,12378358,8.99,1.00,27.66,腾讯财经
2026-08-06 23:50:04,495.75,488.55,498.97,488.53,12720618,8.29,1.00,27.62,腾讯财经
2026-08-07 00:00:00,495.29,488.55,498.97,488.53,13070381,7.83,1.00,27.59,腾讯财经
2026-08-07 00:10:00,495.46,488.55,498.97,488.53,13337568,8.00,1.00,27.60,腾讯财经
2026-08-07 00:20:01,495.16,488.55,498.97,488.53,13602906,7.70,1.00,27.59,腾讯财经
2026-08-07 00:30:04,494.75,488.55,498.97,488.53,13886619,7.29,1.00,27.56,腾讯财经
2026-08-07 00:40:04,494.36,488.55,498.97,488.53,14145734,6.90,1.00,27.54,腾讯财经
2026-08-07 00:50:00,494.25,488.55,498.97,488.53,14437611,6.79,1.00,27.53,腾讯财经
2026-08-07 01:00:02,495.19,488.55,498.97,488.53,14732646,7.73,1.00,27.59,腾讯财经
2026-08-07 01:10:04,495.92,488.55,498.97,488.53,15150869,8.46,1.00,27.63,腾讯财经
2026-08-07 01:20:00,496.41,488.55,498.97,488.53,15584957,8.95,1.00,27.66,腾讯财经
2026-08-07 01:30:00,496.44,488.55,498.97,488.53,15977046,8.98,1.00,27.66,腾讯财经
2026-08-07 01:40:04,495.55,488.55,498.97,488.53,16382547,8.09,1.00,27.61,腾讯财经
2026-08-07 01:50:00,496.19,488.55,498.97,488.53,16600475,8.73,1.00,27.64,腾讯财经
2026-08-07 02:00:00,495.96,488.55,498.97,488.53,16853613,8.50,1.00,27.63,腾讯财经
2026-08-07 02:10:03,497.14,488.55,498.97,488.53,17196130,9.68,1.00,27.70,腾讯财经
2026-08-07 02:20:00,496.83,488.55,498.97,488.53,18379586,9.37,1.00,27.68,腾讯财经
2026-08-07 02:30:00,497.22,488.55,498.97,488.53,19199851,9.76,2.00,27.70,腾讯财经
2026-08-07 02:40:05,496.54,488.55,498.97,488.53,19625379,9.08,1.00,27.66,腾讯财经
2026-08-07 02:50:05,497.01,488.55,498.97,488.53,20074718,9.55,1.00,27.69,腾讯财经
2026-08-07 03:00:03,497.04,488.55,498.97,488.53,20777327,9.58,1.00,27.69,腾讯财经
2026-08-07 03:10:00,497.32,488.55,498.97,488.53,21053099,9.86,2.00,27.71,腾讯财经
2026-08-07 03:20:00,497.52,488.55,498.97,488.53,21496861,10.06,2.00,27.72,腾讯财经
2026-08-07 03:30:01,498.90,488.55,498.99,488.53,22395105,11.44,2.00,27.79,腾讯财经
2026-08-07 03:40:04,499.51,488.55,499.89,488.53,23715893,12.05,2.00,27.83,腾讯财经
2026-08-07 03:50:00,498.19,488.55,499.89,488.53,24288590,10.73,2.00,27.75,腾讯财经
2026-08-07 04:00:02,500.04,488.55,501.56,488.53,28345055,12.58,2.00,27.86,腾讯财经
2026-08-07 04:10:04,499.86,488.55,501.56,488.53,35237933,12.40,2.00,27.85,腾讯财经
2026-08-07 04:20:04,499.86,488.55,501.56,488.52,35260318,12.40,2.00,27.85,腾讯财经
2026-08-07 04:30:05,499.86,488.55,501.56,488.52,35278143,12.40,2.00,27.85,腾讯财经
2026-08-07 04:40:04,499.86,488.55,501.56,488.52,35295579,12.40,2.00,27.85,腾讯财经
2026-08-07 04:50:02,499.86,488.55,501.56,488.52,35326001,12.40,2.00,27.85,腾讯财经
2026-08-07 05:00:00,499.86,488.55,501.56,488.52,35338132,12.40,2.00,27.85,腾讯财经
2026-08-07 05:10:01,499.86,488.55,501.56,488.52,35351277,12.40,2.00,27.85,腾讯财经
2026-08-07 05:20:04,499.86,488.55,501.56,488.52,35362696,12.40,2.00,27.85,腾讯财经
2026-08-07 05:30:01,499.86,488.55,501.56,488.52,35373469,12.40,2.00,27.85,腾讯财经
2026-08-07 05:40:04,499.86,488.55,501.56,488.52,35379396,12.40,2.00,27.85,腾讯财经
2026-08-07 05:50:02,499.86,488.55,501.56,488.52,35391347,12.40,2.00,27.85,腾讯财经
2026-08-07 06:00:00,499.86,488.55,501.56,488.52,35393436,12.40,2.00,27.85,腾讯财经
2026-08-07 06:10:00,499.86,488.55,501.56,488.52,36396377,12.40,2.00,27.85,腾讯财经
2026-08-07 06:20:03,499.86,488.55,501.56,488.52,36401716,12.40,2.00,27.85,腾讯财经
2026-08-07 06:30:05,499.86,488.55,501.56,488.52,36403773,12.40,2.00,27.85,腾讯财经
2026-08-07 06:40:04,499.86,488.55,501.56,488.52,36406401,12.40,2.00,27.85,腾讯财经
2026-08-07 06:50:03,499.86,488.55,501.56,488.52,36411866,12.40,2.00,27.85,腾讯财经
2026-08-07 07:00:00,499.86,488.55,501.56,488.52,36417772,12.40,2.00,27.85,腾讯财经
2026-08-07 07:10:00,499.86,488.55,501.56,488.52,36420992,12.40,2.00,27.85,腾讯财经
2026-08-07 07:20:00,499.86,488.55,501.56,488.52,36425049,12.40,2.00,27.85,腾讯财经
2026-08-07 07:30:00,499.86,488.55,501.56,488.52,36430114,12.40,2.00,27.85,腾讯财经
2026-08-07 07:40:05,499.86,488.55,501.56,488.52,36433617,12.40,2.00,27.85,腾讯财经
2026-08-07 07:50:00,499.86,488.55,501.56,488.52,36436550,12.40,2.00,27.85,腾讯财经
2026-08-07 08:00:02,499.86,488.55,501.56,488.52,36440777,12.40,2.00,27.85,腾讯财经
2026-08-07 08:10:00,499.86,488.55,501.56,488.52,36441543,12.40,2.00,27.85,腾讯财经
2026-08-07 08:20:00,499.86,488.55,501.56,488.52,36441544,12.40,2.00,27.85,腾讯财经
2026-08-07 08:30:02,499.86,488.55,501.56,488.52,36441544,12.40,2.00,27.85,腾讯财经
2026-08-07 08:40:05,499.86,488.55,501.56,488.52,36441544,12.40,2.00,27.85,腾讯财经
2026-08-07 08:50:00,499.86,488.55,501.56,488.52,36441544,12.40,2.00,27.85,腾讯财经
2026-08-07 09:00:00,499.86,488.55,501.56,488.52,36441544,12.40,2.00,27.85,腾讯财经
2026-08-07 09:10:00,499.86,488.55,501.56,488.52,36441544,12.40,2.00,27.85,腾讯财经
2026-08-07 09:20:05,499.86,488.55,501.56,488.52,36441544,12.40,2.00,27.85,腾讯财经
2026-08-07 09:30:04,499.86,488.55,501.56,488.52,36441544,12.40,2.00,27.85,腾讯财经
2026-08-07 09:40:05,499.86,488.55,501.56,488.52,36441544,12.40,2.00,27.85,腾讯财经
2026-08-07 09:50:03,499.86,488.55,501.56,488.52,36441544,12.40,2.00,27.85,腾讯财经
2026-08-07 10:00:00,499.86,488.55,501.56,488.52,36441544,12.40,2.00,27.85,腾讯财经
2026-08-07 10:10:00,499.86,488.55,501.56,488.52,36441544,12.40,2.00,27.85,腾讯财经
2026-08-07 10:20:00,499.86,488.55,501.56,488.52,36441544,12.40,2.00,27.85,腾讯财经
2026-08-07 10:30:02,499.86,488.55,501.56,488.52,36441544,12.40,2.00,27.85,腾讯财经
2026-08-07 10:40:04,499.86,488.55,501.56,488.52,36441544,12.40,2.00,27.85,腾讯财经
2026-08-07 10:50:00,499.86,488.55,501.56,488.52,36441544,12.40,2.00,27.85,腾讯财经
2026-08-07 11:00:01,499.86,488.55,501.56,488.52,36441544,12.40,2.00,27.85,腾讯财经
2026-08-07 11:10:02,499.86,488.55,501.56,488.52,36441544,12.40,2.00,27.85,腾讯财经
2026-08-07 11:20:01,499.86,488.55,501.56,488.52,36441544,12.40,2.00,27.85,腾讯财经
2026-08-07 11:30:02,499.86,488.55,501.56,488.52,36441544,12.40,2.00,27.85,腾讯财经
2026-08-07 11:40:04,499.86,488.55,501.56,488.52,36441544,12.40,2.00,27.85,腾讯财经
2026-08-07 11:50:02,499.86,488.55,501.56,488.52,36441544,12.40,2.00,27.85,腾讯财经
2026-08-07 12:00:01,499.86,488.55,501.56,488.52,36441544,12.40,2.00,27.85,腾讯财经
2026-08-07 12:10:00,499.86,488.55,501.56,488.52,36441544,12.40,2.00,27.85,腾讯财经
2026-08-07 12:20:00,499.86,488.55,501.56,488.52,36441544,12.40,2.00,27.85,腾讯财经
2026-08-07 12:30:04,499.86,488.55,501.56,488.52,36441544,12.40,2.00,27.85,腾讯财经
2026-08-07 12:40:04,499.86,488.55,501.56,488.52,36441544,12.40,2.00,27.85,腾讯财经
2026-08-07 12:50:00,499.86,488.55,501.56,488.52,36441544,12.40,2.00,27.85,腾讯财经
2026-08-07 13:00:01,499.86,488.55,501.56,488.52,36441544,12.40,2.00,27.85,腾讯财经
2026-08-07 13:10:03,499.86,488.55,501.56,488.52,36441544,12.40,2.00,27.85,腾讯财经
2026-08-07 13:20:01,499.86,488.55,501.56,488.52,36441544,12.40,2.00,27.85,腾讯财经
2026-08-07 13:30:00,499.86,488.55,501.56,488.52,36441544,12.40,2.00,27.85,腾讯财经
2026-08-07 13:40:04,499.86,488.55,501.56,488.52,36441544,12.40,2.00,27.85,腾讯财经
2026-08-07 13:50:04,499.86,488.55,501.56,488.52,36441544,12.40,2.00,27.85,腾讯财经
2026-08-07 14:00:00,499.86,488.55,501.56,488.52,36441544,12.40,2.00,27.85,腾讯财经
2026-08-07 14:10:03,499.86,488.55,501.56,488.52,36441544,12.40,2.00,27.85,腾讯财经
2026-08-07 14:20:04,499.86,488.55,501.56,488.52,36441544,12.40,2.00,27.85,腾讯财经
2026-08-07 14:30:00,499.86,488.55,501.56,488.52,36441544,12.40,2.00,27.85,腾讯财经
2026-08-07 14:40:03,499.86,488.55,501.56,488.52,36441544,12.40,2.00,27.85,腾讯财经
2026-08-07 14:50:01,499.86,488.55,501.56,488.52,36441544,12.40,2.00,27.85,腾讯财经
2026-08-07 15:00:04,499.86,488.55,501.56,488.52,36441544,12.40,2.00,27.85,腾讯财经
2026-08-07 15:10:03,499.86,488.55,501.56,488.52,36441544,12.40,2.00,27.85,腾讯财经
2026-08-07 15:20:00,499.86,488.55,501.56,488.52,36441544,12.40,2.00,27.85,腾讯财经
2026-08-07 15:30:04,499.86,488.55,501.56,488.52,36441544,12.40,2.00,27.85,腾讯财经
2026-08-07 15:40:04,499.86,488.55,501.56,488.52,36441544,12.40,2.00,27.85,腾讯财经
2026-08-07 15:50:02,499.86,488.55,501.56,488.52,36441544,12.40,2.00,27.85,腾讯财经
2026-08-07 16:00:04,499.86,488.55,501.56,488.52,36441544,12.40,2.00,27.85,腾讯财经
2026-08-07 16:10:01,499.86,488.55,501.56,488.52,36441544,12.40,2.00,27.85,腾讯财经
2026-08-07 16:20:00,499.86,488.55,501.56,488.52,36441544,12.40,2.00,27.85,腾讯财经
2026-08-07 16:30:01,499.86,488.55,501.56,488.52,36441544,12.40,2.00,27.85,腾讯财经
2026-08-07 16:40:04,499.86,488.55,501.56,488.52,36441544,12.40,2.00,27.85,腾讯财经
2026-08-07 16:50:02,499.86,488.55,501.56,488.52,36441544,12.40,2.00,27.85,腾讯财经
2026-08-07 17:00:00,499.86,488.55,501.56,488.52,36441544,12.40,2.00,27.85,腾讯财经
