时间戳,价格(USD),开盘价,最高价,最低价,成交量,涨跌额,涨跌幅(%),静态市盈率,动态市盈率,数据源
2026-07-13 20:54:28,669.21,660.34,677.86,658.01,40608860,37.73,5.00,6.97,24.33,腾讯财经
2026-07-13 21:07:14,669.21,660.34,677.86,658.01,40608860,37.73,5.00,24.33,腾讯财经
2026-07-13 21:08:18,669.21,660.34,677.86,658.01,40608860,37.73,5.00,24.33,腾讯财经
2026-07-13 21:09:09,669.21,660.34,677.86,658.01,40608860,37.73,5.00,24.33,腾讯财经
2026-07-13 22:18:36,656.76,661.38,676.62,654.55,4794793,-12.45,-1.00,23.88,腾讯财经
2026-07-13 22:18:36,656.76,661.38,676.62,654.55,4794793,-12.45,-1.00,23.88,腾讯财经
2026-07-13 22:20:00,656.00,661.38,676.62,654.55,4851560,-13.21,-1.00,23.85,腾讯财经
2026-07-13 22:30:00,657.03,661.38,676.62,654.20,5304267,-12.18,-1.00,23.89,腾讯财经
2026-07-13 22:40:03,658.37,661.38,676.62,654.20,5590352,-10.84,-1.00,23.94,腾讯财经
2026-07-13 22:50:01,659.78,661.38,676.62,654.20,5903255,-9.43,-1.00,23.99,腾讯财经
2026-07-13 23:00:00,661.73,661.38,676.62,654.20,6475515,-7.48,-1.00,24.06,腾讯财经
2026-07-13 23:10:00,659.97,661.38,676.62,654.20,6893073,-9.24,-1.00,24.00,腾讯财经
2026-07-13 23:20:00,658.71,661.38,676.62,654.20,7234517,-10.50,-1.00,23.95,腾讯财经
2026-07-13 23:30:00,659.40,661.38,676.62,654.20,7498851,-9.81,-1.00,23.98,腾讯财经
2026-07-13 23:40:01,662.43,661.38,676.62,654.20,7853595,-6.78,-1.00,24.09,腾讯财经
2026-07-13 23:50:02,660.87,661.38,676.62,654.20,8083743,-8.34,-1.00,24.03,腾讯财经
2026-07-14 00:00:01,660.05,661.38,676.62,654.20,8307539,-9.16,-1.00,24.00,腾讯财经
2026-07-14 00:10:01,660.13,661.38,676.62,654.20,8532949,-9.08,-1.00,24.00,腾讯财经
2026-07-14 00:20:03,660.57,661.38,676.62,654.20,8741688,-8.64,-1.00,24.02,腾讯财经
2026-07-14 00:30:00,660.30,661.38,676.62,654.20,8910597,-8.91,-1.00,24.01,腾讯财经
2026-07-14 00:40:04,660.62,661.38,676.62,654.20,9151031,-8.59,-1.00,24.02,腾讯财经
2026-07-14 00:50:04,661.62,661.38,676.62,654.20,9452987,-7.59,-1.00,24.06,腾讯财经
2026-07-14 01:00:00,659.20,661.38,676.62,654.20,9682688,-10.01,-1.00,23.97,腾讯财经
2026-07-14 01:10:04,659.41,661.38,676.62,654.20,9944681,-9.80,-1.00,23.98,腾讯财经
2026-07-14 01:20:00,661.25,661.38,676.62,654.20,10136142,-7.96,-1.00,24.05,腾讯财经
2026-07-14 01:30:04,660.83,661.38,676.62,654.20,10539480,-8.38,-1.00,24.03,腾讯财经
2026-07-14 01:40:05,660.83,661.38,676.62,654.20,10784353,-8.38,-1.00,24.03,腾讯财经
2026-07-14 01:50:00,660.66,661.38,676.62,654.20,11201467,-8.55,-1.00,24.02,腾讯财经
2026-07-14 02:00:00,660.83,661.38,676.62,654.20,11348765,-8.38,-1.00,24.03,腾讯财经
2026-07-14 02:10:00,661.63,661.38,676.62,654.20,11558336,-7.58,-1.00,24.06,腾讯财经
2026-07-14 02:20:02,660.61,661.38,676.62,654.20,11786786,-8.60,-1.00,24.02,腾讯财经
2026-07-14 02:30:00,662.75,661.38,676.62,654.20,12027603,-6.46,0,24.10,腾讯财经
2026-07-14 02:40:00,660.55,661.38,676.62,654.20,12336655,-8.66,-1.00,24.02,腾讯财经
2026-07-14 02:50:00,661.41,661.38,676.62,654.20,12628888,-7.80,-1.00,24.05,腾讯财经
2026-07-14 03:00:00,661.34,661.38,676.62,654.20,12811573,-7.87,-1.00,24.05,腾讯财经
2026-07-14 03:10:03,662.09,661.38,676.62,654.20,13090134,-7.12,-1.00,24.08,腾讯财经
2026-07-14 03:20:00,660.08,661.38,676.62,654.20,13338849,-9.13,-1.00,24.00,腾讯财经
2026-07-14 03:30:00,658.49,661.38,676.62,654.20,13609715,-10.72,-1.00,23.95,腾讯财经
2026-07-14 03:40:02,657.61,661.38,676.62,654.20,13932119,-11.60,-1.00,23.91,腾讯财经
2026-07-14 03:50:00,657.48,661.38,676.62,654.20,14328787,-11.73,-1.00,23.91,腾讯财经
2026-07-14 04:00:00,656.95,661.38,676.62,654.20,15650810,-12.26,-1.00,23.89,腾讯财经
2026-07-14 04:10:02,656.73,661.38,676.62,654.20,18933782,-12.48,-1.00,23.88,腾讯财经
2026-07-14 04:20:00,656.73,661.38,676.62,654.20,18958661,-12.48,-1.00,23.88,腾讯财经
2026-07-14 04:30:05,656.73,661.38,676.62,654.20,18972017,-12.48,-1.00,23.88,腾讯财经
2026-07-14 04:40:00,656.73,661.38,676.62,654.20,18975877,-12.48,-1.00,23.88,腾讯财经
2026-07-14 04:50:00,656.73,661.38,676.62,654.20,19218068,-12.48,-1.00,23.88,腾讯财经
2026-07-14 05:00:00,656.73,661.38,676.62,654.20,19223846,-12.48,-1.00,23.88,腾讯财经
2026-07-14 05:10:02,656.73,661.38,676.62,654.20,19338894,-12.48,-1.00,23.88,腾讯财经
2026-07-14 05:20:03,656.73,661.38,676.62,654.20,19341361,-12.48,-1.00,23.88,腾讯财经
2026-07-14 05:30:02,656.73,661.38,676.62,654.20,19799768,-12.48,-1.00,23.88,腾讯财经
2026-07-14 05:40:03,656.73,661.38,676.62,654.20,19801759,-12.48,-1.00,23.88,腾讯财经
2026-07-14 05:50:00,656.73,661.38,676.62,654.20,19803605,-12.48,-1.00,23.88,腾讯财经
2026-07-14 06:00:00,656.73,661.38,676.62,654.20,19807681,-12.48,-1.00,23.88,腾讯财经
2026-07-14 06:10:02,656.73,661.38,676.62,654.20,19808986,-12.48,-1.00,23.88,腾讯财经
2026-07-14 06:20:03,656.73,661.38,676.62,654.20,19809579,-12.48,-1.00,23.88,腾讯财经
2026-07-14 06:30:00,656.73,661.38,676.62,654.20,19810391,-12.48,-1.00,23.88,腾讯财经
2026-07-14 06:40:00,656.73,661.38,676.62,654.20,19814976,-12.48,-1.00,23.88,腾讯财经
2026-07-14 06:50:00,656.73,661.38,676.62,654.20,19817649,-12.48,-1.00,23.88,腾讯财经
2026-07-14 07:00:02,656.73,661.38,676.62,654.20,19819563,-12.48,-1.00,23.88,腾讯财经
2026-07-14 07:10:00,656.73,661.38,676.62,654.20,19822739,-12.48,-1.00,23.88,腾讯财经
2026-07-14 07:20:05,656.73,661.38,676.62,654.20,19824153,-12.48,-1.00,23.88,腾讯财经
2026-07-14 07:30:01,656.73,661.38,676.62,654.20,19824921,-12.48,-1.00,23.88,腾讯财经
2026-07-14 07:40:00,656.73,661.38,676.62,654.20,19828257,-12.48,-1.00,23.88,腾讯财经
2026-07-14 07:50:00,656.73,661.38,676.62,654.20,19834131,-12.48,-1.00,23.88,腾讯财经
2026-07-14 08:40:05,656.73,661.38,676.62,654.20,19840702,-12.48,-1.00,23.88,腾讯财经
2026-07-14 08:50:05,656.73,661.38,676.62,654.20,19840702,-12.48,-1.00,23.88,腾讯财经
2026-07-14 09:00:00,656.73,661.38,676.62,654.20,19840702,-12.48,-1.00,23.88,腾讯财经
2026-07-14 09:10:00,656.73,661.38,676.62,654.20,19840702,-12.48,-1.00,23.88,腾讯财经
2026-07-14 09:20:00,656.73,661.38,676.62,654.20,19840702,-12.48,-1.00,23.88,腾讯财经
2026-07-14 09:30:00,656.73,661.38,676.62,654.20,19840702,-12.48,-1.00,23.88,腾讯财经
2026-07-14 09:40:01,656.73,661.38,676.62,654.20,19840702,-12.48,-1.00,23.88,腾讯财经
2026-07-14 09:50:04,656.73,661.38,676.62,654.20,19840702,-12.48,-1.00,23.88,腾讯财经
2026-07-14 10:00:04,656.73,661.38,676.62,654.20,19840702,-12.48,-1.00,23.88,腾讯财经
2026-07-14 10:10:00,656.73,661.38,676.62,654.20,19840702,-12.48,-1.00,23.88,腾讯财经
2026-07-14 10:20:03,656.73,661.38,676.62,654.20,19840702,-12.48,-1.00,23.88,腾讯财经
2026-07-14 10:30:00,656.73,661.38,676.62,654.20,19840702,-12.48,-1.00,23.88,腾讯财经
2026-07-14 10:40:00,656.73,661.38,676.62,654.20,19840702,-12.48,-1.00,23.88,腾讯财经
2026-07-14 10:50:01,656.73,661.38,676.62,654.20,19840702,-12.48,-1.00,23.88,腾讯财经
2026-07-14 11:00:04,656.73,661.38,676.62,654.20,19840702,-12.48,-1.00,23.88,腾讯财经
2026-07-14 11:10:04,656.73,661.38,676.62,654.20,19840702,-12.48,-1.00,23.88,腾讯财经
2026-07-14 11:20:00,656.73,661.38,676.62,654.20,19840702,-12.48,-1.00,23.88,腾讯财经
2026-07-14 11:30:04,656.73,661.38,676.62,654.20,19840702,-12.48,-1.00,23.88,腾讯财经
2026-07-14 11:40:03,656.73,661.38,676.62,654.20,19840702,-12.48,-1.00,23.88,腾讯财经
2026-07-14 11:50:00,656.73,661.38,676.62,654.20,19840702,-12.48,-1.00,23.88,腾讯财经
2026-07-14 12:00:00,656.73,661.38,676.62,654.20,19840702,-12.48,-1.00,23.88,腾讯财经
2026-07-14 12:10:04,656.73,661.38,676.62,654.20,19840702,-12.48,-1.00,23.88,腾讯财经
2026-07-14 12:20:00,656.73,661.38,676.62,654.20,19840702,-12.48,-1.00,23.88,腾讯财经
2026-07-14 12:30:00,656.73,661.38,676.62,654.20,19840702,-12.48,-1.00,23.88,腾讯财经
2026-07-14 12:40:01,656.73,661.38,676.62,654.20,19840702,-12.48,-1.00,23.88,腾讯财经
2026-07-14 12:50:00,656.73,661.38,676.62,654.20,19840702,-12.48,-1.00,23.88,腾讯财经
2026-07-14 13:00:01,656.73,661.38,676.62,654.20,19840702,-12.48,-1.00,23.88,腾讯财经
2026-07-14 13:10:04,656.73,661.38,676.62,654.20,19840702,-12.48,-1.00,23.88,腾讯财经
2026-07-14 13:20:00,656.73,661.38,676.62,654.20,19840702,-12.48,-1.00,23.88,腾讯财经
2026-07-14 13:30:00,656.73,661.38,676.62,654.20,19840702,-12.48,-1.00,23.88,腾讯财经
2026-07-14 13:40:03,656.73,661.38,676.62,654.20,19840702,-12.48,-1.00,23.88,腾讯财经
2026-07-14 13:50:00,656.73,661.38,676.62,654.20,19840702,-12.48,-1.00,23.88,腾讯财经
2026-07-14 14:00:01,656.73,661.38,676.62,654.20,19840702,-12.48,-1.00,23.88,腾讯财经
2026-07-14 14:10:01,656.73,661.38,676.62,654.20,19840702,-12.48,-1.00,23.88,腾讯财经
2026-07-14 14:20:00,656.73,661.38,676.62,654.20,19840702,-12.48,-1.00,23.88,腾讯财经
2026-07-14 14:30:03,656.73,661.38,676.62,654.20,19840702,-12.48,-1.00,23.88,腾讯财经
2026-07-14 14:40:01,656.73,661.38,676.62,654.20,19840702,-12.48,-1.00,23.88,腾讯财经
2026-07-14 14:50:05,656.73,661.38,676.62,654.20,19840702,-12.48,-1.00,23.88,腾讯财经
2026-07-14 15:00:02,656.73,661.38,676.62,654.20,19840702,-12.48,-1.00,23.88,腾讯财经
2026-07-14 15:10:04,656.73,661.38,676.62,654.20,19840702,-12.48,-1.00,23.88,腾讯财经
2026-07-14 15:20:00,656.73,661.38,676.62,654.20,19840702,-12.48,-1.00,23.88,腾讯财经
2026-07-14 15:30:00,656.73,661.38,676.62,654.20,19840702,-12.48,-1.00,23.88,腾讯财经
2026-07-14 15:40:02,656.73,661.38,676.62,654.20,19840702,-12.48,-1.00,23.88,腾讯财经
2026-07-14 15:50:00,656.73,661.38,676.62,654.20,19840702,-12.48,-1.00,23.88,腾讯财经
2026-07-14 16:00:00,656.73,661.38,676.62,654.20,19840702,-12.48,-1.00,23.88,腾讯财经
2026-07-14 16:10:00,656.73,661.38,676.62,654.20,19840702,-12.48,-1.00,23.88,腾讯财经
2026-07-14 16:20:00,656.73,661.38,676.62,654.20,19840702,-12.48,-1.00,23.88,腾讯财经
2026-07-14 16:30:01,656.73,661.38,676.62,654.20,19840702,-12.48,-1.00,23.88,腾讯财经
2026-07-14 16:40:02,656.73,661.38,676.62,654.20,19840702,-12.48,-1.00,23.88,腾讯财经
2026-07-14 16:50:04,656.73,661.38,676.62,654.20,19840702,-12.48,-1.00,23.88,腾讯财经
2026-07-14 17:00:02,656.73,661.38,676.62,654.20,19840702,-12.48,-1.00,23.88,腾讯财经
2026-07-14 17:10:01,656.73,661.38,676.62,654.20,19840702,-12.48,-1.00,23.88,腾讯财经
2026-07-14 17:20:00,656.73,661.38,676.62,654.20,19840702,-12.48,-1.00,23.88,腾讯财经
2026-07-14 17:30:00,656.73,661.38,676.62,654.20,19840702,-12.48,-1.00,23.88,腾讯财经
2026-07-14 18:37:43,656.73,661.38,676.62,654.20,19840702,-12.48,-1.00,23.88,腾讯财经
2026-07-14 18:40:02,656.73,661.38,676.62,654.20,19840702,-12.48,-1.00,23.88,腾讯财经
2026-07-14 18:50:00,656.73,661.38,676.62,654.20,19840702,-12.48,-1.00,23.88,腾讯财经
2026-07-14 19:00:00,656.73,661.38,676.62,654.20,19840702,-12.48,-1.00,23.88,腾讯财经
2026-07-14 19:10:03,656.73,661.38,676.62,654.20,19840702,-12.48,-1.00,23.88,腾讯财经
2026-07-14 19:20:00,656.73,661.38,676.62,654.20,19840702,-12.48,-1.00,23.88,腾讯财经
2026-07-14 19:30:03,656.73,661.38,676.62,654.20,19840702,-12.48,-1.00,23.88,腾讯财经
2026-07-14 19:40:00,656.73,661.38,676.62,654.20,19840702,-12.48,-1.00,23.88,腾讯财经
2026-07-14 19:50:01,656.73,661.38,676.62,654.20,19840702,-12.48,-1.00,23.88,腾讯财经
2026-07-14 20:00:05,656.73,661.38,676.62,654.20,19840702,-12.48,-1.00,23.88,腾讯财经
2026-07-14 20:10:05,656.73,661.38,676.62,654.20,19840702,-12.48,-1.00,23.88,腾讯财经
2026-07-14 20:20:04,656.73,661.38,676.62,654.20,19840702,-12.48,-1.00,23.88,腾讯财经
2026-07-14 20:30:05,656.73,661.38,676.62,654.20,19840702,-12.48,-1.00,23.88,腾讯财经
2026-07-14 20:40:00,656.73,661.38,676.62,654.20,19840702,-12.48,-1.00,23.88,腾讯财经
2026-07-14 20:50:03,656.73,661.38,676.62,654.20,19840702,-12.48,-1.00,23.88,腾讯财经
2026-07-14 21:00:03,656.73,661.38,676.62,654.20,19840702,-12.48,-1.00,23.88,腾讯财经
2026-07-14 21:10:03,656.73,661.38,676.62,654.20,19840702,-12.48,-1.00,23.88,腾讯财经
2026-07-14 21:20:00,656.73,661.38,676.62,654.20,19840702,-12.48,-1.00,23.88,腾讯财经
2026-07-14 21:30:05,656.73,0.00,0.00,0.00,390137,0,0,23.88,腾讯财经
2026-07-14 21:40:01,658.99,652.00,659.40,649.05,1188321,2.26,0,23.96,腾讯财经
2026-07-14 21:50:01,659.63,652.00,662.65,649.05,1658005,2.90,0,23.99,腾讯财经
2026-07-14 22:00:03,660.70,652.00,662.65,649.05,2114576,3.97,0,24.03,腾讯财经
2026-07-14 22:10:03,657.81,652.00,662.65,649.05,2540527,1.08,0,23.92,腾讯财经
2026-07-14 22:20:00,658.30,652.00,662.65,649.05,2832239,1.57,0,23.94,腾讯财经
2026-07-14 22:30:01,656.77,652.00,662.65,649.05,3174266,.04,0,23.88,腾讯财经
2026-07-14 22:40:00,662.04,652.00,664.28,649.05,3733728,5.31,0,24.07,腾讯财经
2026-07-14 22:50:00,661.54,652.00,664.28,649.05,4016569,4.81,0,24.06,腾讯财经
2026-07-14 23:00:01,662.09,652.00,664.28,649.05,4167714,5.36,0,24.08,腾讯财经
2026-07-14 23:10:02,663.14,652.00,664.28,649.05,4420359,6.41,0,24.11,腾讯财经
2026-07-14 23:20:00,661.87,652.00,664.28,649.05,4600885,5.14,0,24.07,腾讯财经
2026-07-14 23:30:00,660.41,652.00,664.28,649.05,4808090,3.68,0,24.01,腾讯财经
2026-07-14 23:40:00,657.88,652.00,664.28,649.05,5092866,1.15,0,23.92,腾讯财经
2026-07-14 23:50:03,656.70,652.00,664.28,649.05,5295789,-.03,0,23.88,腾讯财经
2026-07-15 00:00:00,656.46,652.00,664.28,649.05,5465111,-.27,0,23.87,腾讯财经
2026-07-15 00:10:01,656.58,652.00,664.28,649.05,5589417,-.15,0,23.88,腾讯财经
2026-07-15 00:20:00,657.12,652.00,664.28,649.05,5696086,.39,0,23.90,腾讯财经
2026-07-15 00:30:01,658.31,652.00,664.28,649.05,5839446,1.58,0,23.94,腾讯财经
2026-07-15 00:40:00,663.32,652.00,664.60,649.05,6214654,6.59,1.00,24.12,腾讯财经
2026-07-15 00:50:00,663.46,652.00,665.08,649.05,6467303,6.73,1.00,24.13,腾讯财经
2026-07-15 01:00:00,663.76,652.00,666.50,649.05,6709667,7.03,1.00,24.14,腾讯财经
2026-07-15 01:10:00,662.20,652.00,666.50,649.05,6861000,5.47,0,24.08,腾讯财经
2026-07-15 01:20:03,661.25,652.00,666.50,649.05,7015368,4.52,0,24.05,腾讯财经
2026-07-15 01:30:04,663.09,652.00,666.50,649.05,7154098,6.36,0,24.11,腾讯财经
2026-07-15 01:40:00,663.87,652.00,666.50,649.05,7285706,7.14,1.00,24.14,腾讯财经
2026-07-15 01:50:03,662.67,652.00,666.50,649.05,7396994,5.94,0,24.10,腾讯财经
2026-07-15 02:00:01,661.26,652.00,666.50,649.05,7499627,4.53,0,24.05,腾讯财经
2026-07-15 02:10:00,661.08,652.00,666.50,649.05,7652487,4.35,0,24.04,腾讯财经
2026-07-15 02:20:00,659.83,652.00,666.50,649.05,7816859,3.10,0,23.99,腾讯财经
2026-07-15 02:30:00,661.81,652.00,666.50,649.05,8026423,5.08,0,24.07,腾讯财经
2026-07-15 02:40:00,660.41,652.00,666.50,649.05,8116784,3.68,0,24.01,腾讯财经
2026-07-15 02:50:00,659.39,652.00,666.50,649.05,8323082,2.66,0,23.98,腾讯财经
2026-07-15 03:00:00,658.62,652.00,666.50,649.05,8431395,1.89,0,23.95,腾讯财经
2026-07-15 03:10:01,659.33,652.00,666.50,649.05,8682299,2.60,0,23.98,腾讯财经
2026-07-15 03:20:02,658.15,652.00,666.50,649.05,8899075,1.42,0,23.93,腾讯财经
2026-07-15 03:30:04,660.31,652.00,666.50,649.05,9148808,3.58,0,24.01,腾讯财经
2026-07-15 03:40:00,659.02,652.00,666.50,649.05,9943652,2.29,0,23.96,腾讯财经
2026-07-15 03:50:05,658.68,652.00,666.50,649.05,10401758,1.95,0,23.95,腾讯财经
2026-07-15 04:00:04,661.08,652.00,666.50,649.05,11430406,4.35,0,24.04,腾讯财经
2026-07-15 04:10:00,661.04,652.00,666.50,649.05,14955441,4.31,0,24.04,腾讯财经
2026-07-15 04:20:00,661.04,652.00,666.50,649.05,14963356,4.31,0,24.04,腾讯财经
2026-07-15 04:30:02,661.04,652.00,666.50,649.05,14966870,4.31,0,24.04,腾讯财经
2026-07-15 04:40:02,661.04,652.00,666.50,649.05,14970826,4.31,0,24.04,腾讯财经
2026-07-15 04:50:00,661.04,652.00,666.50,649.05,16054205,4.31,0,24.04,腾讯财经
2026-07-15 05:00:00,661.04,652.00,666.50,649.05,16063475,4.31,0,24.04,腾讯财经
2026-07-15 05:10:01,661.04,652.00,666.50,649.05,16065201,4.31,0,24.04,腾讯财经
2026-07-15 05:20:00,661.04,652.00,666.50,649.05,16067666,4.31,0,24.04,腾讯财经
2026-07-15 05:30:00,661.04,652.00,666.50,649.05,16715100,4.31,0,24.04,腾讯财经
2026-07-15 05:40:00,661.04,652.00,666.50,649.05,16718907,4.31,0,24.04,腾讯财经
2026-07-15 05:50:00,661.04,652.00,666.50,649.05,16722995,4.31,0,24.04,腾讯财经
2026-07-15 06:00:03,661.04,652.00,666.50,649.05,16729493,4.31,0,24.04,腾讯财经
2026-07-15 06:10:02,661.04,652.00,666.50,649.05,16730536,4.31,0,24.04,腾讯财经
2026-07-15 06:20:00,661.04,652.00,666.50,649.05,16732060,4.31,0,24.04,腾讯财经
2026-07-15 06:30:00,661.04,652.00,666.50,649.05,16733122,4.31,0,24.04,腾讯财经
2026-07-15 06:40:02,661.04,652.00,666.50,649.05,16734423,4.31,0,24.04,腾讯财经
2026-07-15 06:50:00,661.04,652.00,666.50,649.05,16734818,4.31,0,24.04,腾讯财经
2026-07-15 07:00:00,661.04,652.00,666.50,649.05,16736055,4.31,0,24.04,腾讯财经
2026-07-15 07:10:00,661.04,652.00,666.50,649.05,16738388,4.31,0,24.04,腾讯财经
2026-07-15 07:20:01,661.04,652.00,666.50,649.05,16738890,4.31,0,24.04,腾讯财经
2026-07-15 07:30:00,661.04,652.00,666.50,649.05,16741630,4.31,0,24.04,腾讯财经
2026-07-15 07:40:01,661.04,652.00,666.50,649.05,16744236,4.31,0,24.04,腾讯财经
2026-07-15 07:50:01,661.04,652.00,666.50,649.05,16745315,4.31,0,24.04,腾讯财经
2026-07-15 08:40:03,661.04,652.00,666.50,649.05,16748239,4.31,0,24.04,腾讯财经
2026-07-15 08:50:01,661.04,652.00,666.50,649.05,16748239,4.31,0,24.04,腾讯财经
2026-07-15 09:00:05,661.04,652.00,666.50,649.05,16748239,4.31,0,24.04,腾讯财经
2026-07-15 09:10:00,661.04,652.00,666.50,649.05,16748239,4.31,0,24.04,腾讯财经
2026-07-15 09:20:00,661.04,652.00,666.50,649.05,16748239,4.31,0,24.04,腾讯财经
2026-07-15 09:30:00,661.04,652.00,666.50,649.05,16748239,4.31,0,24.04,腾讯财经
2026-07-15 09:40:00,661.04,652.00,666.50,649.05,16748239,4.31,0,24.04,腾讯财经
2026-07-15 09:50:00,661.04,652.00,666.50,649.05,16748239,4.31,0,24.04,腾讯财经
2026-07-15 10:00:02,661.04,652.00,666.50,649.05,16748239,4.31,0,24.04,腾讯财经
2026-07-15 10:10:00,661.04,652.00,666.50,649.05,16748239,4.31,0,24.04,腾讯财经
2026-07-15 10:20:00,661.04,652.00,666.50,649.05,16748239,4.31,0,24.04,腾讯财经
2026-07-15 10:30:00,661.04,652.00,666.50,649.05,16748239,4.31,0,24.04,腾讯财经
2026-07-15 10:40:02,661.04,652.00,666.50,649.05,16748239,4.31,0,24.04,腾讯财经
2026-07-15 10:50:01,661.04,652.00,666.50,649.05,16748239,4.31,0,24.04,腾讯财经
2026-07-15 11:00:00,661.04,652.00,666.50,649.05,16748239,4.31,0,24.04,腾讯财经
2026-07-15 11:10:02,661.04,652.00,666.50,649.05,16748239,4.31,0,24.04,腾讯财经
2026-07-15 11:20:03,661.04,652.00,666.50,649.05,16748239,4.31,0,24.04,腾讯财经
2026-07-15 11:30:00,661.04,652.00,666.50,649.05,16748239,4.31,0,24.04,腾讯财经
2026-07-15 11:40:01,661.04,652.00,666.50,649.05,16748239,4.31,0,24.04,腾讯财经
2026-07-15 11:50:01,661.04,652.00,666.50,649.05,16748239,4.31,0,24.04,腾讯财经
2026-07-15 12:00:00,661.04,652.00,666.50,649.05,16748239,4.31,0,24.04,腾讯财经
2026-07-15 12:10:00,661.04,652.00,666.50,649.05,16748239,4.31,0,24.04,腾讯财经
2026-07-15 12:20:00,661.04,652.00,666.50,649.05,16748239,4.31,0,24.04,腾讯财经
2026-07-15 12:30:01,661.04,652.00,666.50,649.05,16748239,4.31,0,24.04,腾讯财经
2026-07-15 12:40:00,661.04,652.00,666.50,649.05,16748239,4.31,0,24.04,腾讯财经
2026-07-15 12:50:03,661.04,652.00,666.50,649.05,16748239,4.31,0,24.04,腾讯财经
2026-07-15 13:00:01,661.04,652.00,666.50,649.05,16748239,4.31,0,24.04,腾讯财经
2026-07-15 13:10:04,661.04,652.00,666.50,649.05,16748239,4.31,0,24.04,腾讯财经
2026-07-15 13:20:00,661.04,652.00,666.50,649.05,16748239,4.31,0,24.04,腾讯财经
2026-07-15 13:30:05,661.04,652.00,666.50,649.05,16748239,4.31,0,24.04,腾讯财经
2026-07-15 13:40:01,661.04,652.00,666.50,649.05,16748239,4.31,0,24.04,腾讯财经
2026-07-15 13:50:01,661.04,652.00,666.50,649.05,16748239,4.31,0,24.04,腾讯财经
2026-07-15 14:00:05,661.04,652.00,666.50,649.05,16748239,4.31,0,24.04,腾讯财经
2026-07-15 14:10:05,661.04,652.00,666.50,649.05,16748239,4.31,0,24.04,腾讯财经
2026-07-15 14:20:04,661.04,652.00,666.50,649.05,16748239,4.31,0,24.04,腾讯财经
2026-07-15 14:30:05,661.04,652.00,666.50,649.05,16748239,4.31,0,24.04,腾讯财经
2026-07-15 14:40:04,661.04,652.00,666.50,649.05,16748239,4.31,0,24.04,腾讯财经
2026-07-15 14:50:05,661.04,652.00,666.50,649.05,16748239,4.31,0,24.04,腾讯财经
2026-07-15 15:00:02,661.04,652.00,666.50,649.05,16748239,4.31,0,24.04,腾讯财经
2026-07-15 15:10:04,661.04,652.00,666.50,649.05,16748239,4.31,0,24.04,腾讯财经
2026-07-15 15:20:04,661.04,652.00,666.50,649.05,16748239,4.31,0,24.04,腾讯财经
2026-07-15 15:30:05,661.04,652.00,666.50,649.05,16748239,4.31,0,24.04,腾讯财经
2026-07-15 15:40:05,661.04,652.00,666.50,649.05,16748239,4.31,0,24.04,腾讯财经
2026-07-15 15:50:05,661.04,652.00,666.50,649.05,16748239,4.31,0,24.04,腾讯财经
2026-07-15 16:00:05,661.04,652.00,666.50,649.05,16748239,4.31,0,24.04,腾讯财经
2026-07-15 16:10:00,661.04,652.00,666.50,649.05,16748239,4.31,0,24.04,腾讯财经
2026-07-15 16:20:03,661.04,652.00,666.50,649.05,16748239,4.31,0,24.04,腾讯财经
2026-07-15 16:30:05,661.04,652.00,666.50,649.05,16748239,4.31,0,24.04,腾讯财经
2026-07-15 16:40:05,661.04,652.00,666.50,649.05,16748239,4.31,0,24.04,腾讯财经
2026-07-15 16:50:05,661.04,652.00,666.50,649.05,16748239,4.31,0,24.04,腾讯财经
2026-07-15 17:00:01,661.04,652.00,666.50,649.05,16748239,4.31,0,24.04,腾讯财经
2026-07-15 17:10:02,661.04,652.00,666.50,649.05,16748239,4.31,0,24.04,腾讯财经
2026-07-15 17:20:01,661.04,652.00,666.50,649.05,16748239,4.31,0,24.04,腾讯财经
2026-07-15 17:30:02,661.04,652.00,666.50,649.05,16748239,4.31,0,24.04,腾讯财经
2026-07-15 18:44:39,661.04,652.00,666.50,649.05,16748239,4.31,0,24.04,腾讯财经
2026-07-15 18:50:05,661.04,652.00,666.50,649.05,16748239,4.31,0,24.04,腾讯财经
2026-07-15 19:00:00,661.04,652.00,666.50,649.05,16748239,4.31,0,24.04,腾讯财经
2026-07-15 19:10:05,661.04,652.00,666.50,649.05,16748239,4.31,0,24.04,腾讯财经
2026-07-15 19:20:05,661.04,652.00,666.50,649.05,16748239,4.31,0,24.04,腾讯财经
2026-07-15 19:30:03,661.04,652.00,666.50,649.05,16748239,4.31,0,24.04,腾讯财经
2026-07-15 19:40:03,661.04,652.00,666.50,649.05,16748239,4.31,0,24.04,腾讯财经
2026-07-15 19:50:02,661.04,652.00,666.50,649.05,16748239,4.31,0,24.04,腾讯财经
2026-07-15 20:00:00,661.04,652.00,666.50,649.05,16748239,4.31,0,24.04,腾讯财经
2026-07-15 20:10:05,661.04,652.00,666.50,649.05,16748239,4.31,0,24.04,腾讯财经
2026-07-15 20:20:01,661.04,652.00,666.50,649.05,16748239,4.31,0,24.04,腾讯财经
2026-07-15 20:30:04,661.04,652.00,666.50,649.05,16748239,4.31,0,24.04,腾讯财经
2026-07-15 20:40:00,661.04,652.00,666.50,649.05,16748239,4.31,0,24.04,腾讯财经
2026-07-15 20:50:05,661.04,652.00,666.50,649.05,16748239,4.31,0,24.04,腾讯财经
2026-07-15 21:00:00,661.04,652.00,666.50,649.05,16748239,4.31,0,24.04,腾讯财经
2026-07-15 21:10:05,661.04,652.00,666.50,649.05,16748239,4.31,0,24.04,腾讯财经
2026-07-15 21:20:00,661.04,652.00,666.50,649.05,16748239,4.31,0,24.04,腾讯财经
2026-07-15 21:30:00,661.04,0.00,0.00,0.00,135610,0,0,24.04,腾讯财经
2026-07-15 21:40:00,658.31,663.60,665.14,657.02,803528,-2.73,0,23.94,腾讯财经
2026-07-15 21:50:05,658.18,663.60,665.14,656.66,1135672,-2.86,0,23.93,腾讯财经
2026-07-15 22:00:04,659.98,663.60,665.14,656.66,1414888,-1.06,0,24.00,腾讯财经
2026-07-15 22:10:01,670.58,663.60,671.00,656.66,2041015,9.54,1.00,24.38,腾讯财经
2026-07-15 22:20:00,669.04,663.60,671.47,656.66,2594465,8.00,1.00,24.33,腾讯财经
2026-07-15 22:30:00,671.20,663.60,672.32,656.66,3009143,10.16,1.00,24.41,腾讯财经
2026-07-15 22:40:00,675.14,663.60,676.33,656.66,3719437,14.10,2.00,24.55,腾讯财经
2026-07-15 22:50:03,670.17,663.60,676.33,656.66,4289712,9.13,1.00,24.37,腾讯财经
2026-07-15 23:00:00,671.75,663.60,676.33,656.66,4649571,10.71,1.00,24.43,腾讯财经
2026-07-15 23:10:00,679.87,663.60,679.89,656.66,5394601,18.83,2.00,24.72,腾讯财经
2026-07-15 23:20:00,681.04,663.60,685.07,656.66,6627771,20.00,3.00,24.76,腾讯财经
2026-07-15 23:30:00,679.11,663.60,685.07,656.66,7230609,18.07,2.00,24.69,腾讯财经
2026-07-15 23:40:02,677.22,663.60,685.07,656.66,7568264,16.18,2.00,24.63,腾讯财经
2026-07-15 23:50:04,678.30,663.60,685.07,656.66,7956973,17.26,2.00,24.67,腾讯财经
2026-07-16 00:00:00,683.51,663.60,685.07,656.66,8509472,22.47,3.00,24.85,腾讯财经
2026-07-16 00:10:00,682.43,663.60,685.07,656.66,9069076,21.39,3.00,24.82,腾讯财经
2026-07-16 00:20:04,684.55,663.60,686.08,656.66,9667372,23.51,3.00,24.89,腾讯财经
2026-07-16 00:30:00,683.45,663.60,686.08,656.66,10056963,22.41,3.00,24.85,腾讯财经
2026-07-16 00:40:00,680.96,663.60,686.08,656.66,10396217,19.92,3.00,24.76,腾讯财经
2026-07-16 00:50:00,677.44,663.60,686.08,656.66,11137174,16.40,2.00,24.63,腾讯财经
2026-07-16 01:00:01,675.74,663.60,686.08,656.66,11548885,14.70,2.00,24.57,腾讯财经
2026-07-16 01:10:04,674.92,663.60,686.08,656.66,11757563,13.88,2.00,24.54,腾讯财经
2026-07-16 01:20:00,674.79,663.60,686.08,656.66,11901037,13.75,2.00,24.54,腾讯财经
2026-07-16 01:30:00,674.78,663.60,686.08,656.66,12103737,13.74,2.00,24.54,腾讯财经
2026-07-16 01:40:00,674.84,663.60,686.08,656.66,12288057,13.80,2.00,24.54,腾讯财经
2026-07-16 01:50:02,675.75,663.60,686.08,656.66,12465927,14.71,2.00,24.57,腾讯财经
2026-07-16 02:00:00,676.65,663.60,686.08,656.66,12617637,15.61,2.00,24.61,腾讯财经
2026-07-16 02:10:00,675.79,663.60,686.08,656.66,12781553,14.75,2.00,24.57,腾讯财经
2026-07-16 02:20:01,676.89,663.60,686.08,656.66,12965755,15.85,2.00,24.61,腾讯财经
2026-07-16 02:30:04,677.35,663.60,686.08,656.66,13112218,16.31,2.00,24.63,腾讯财经
2026-07-16 02:40:00,676.30,663.60,686.08,656.66,13239542,15.26,2.00,24.59,腾讯财经
2026-07-16 02:50:05,674.00,663.60,686.08,656.66,13430322,12.96,1.00,24.51,腾讯财经
2026-07-16 03:00:02,676.26,663.60,686.08,656.66,13608447,15.22,2.00,24.59,腾讯财经
2026-07-16 03:10:01,677.60,663.60,686.08,656.66,13819599,16.56,2.00,24.64,腾讯财经
2026-07-16 03:20:01,676.64,663.60,686.08,656.66,14045169,15.60,2.00,24.61,腾讯财经
2026-07-16 03:30:00,676.47,663.60,686.08,656.66,14292102,15.43,2.00,24.60,腾讯财经
2026-07-16 03:40:00,678.76,663.60,686.08,656.66,14588456,17.72,2.00,24.68,腾讯财经
2026-07-16 03:50:04,678.71,663.60,686.08,656.66,14956831,17.67,2.00,24.68,腾讯财经
2026-07-16 04:00:00,680.97,663.60,686.08,656.66,15904675,19.93,3.00,24.76,腾讯财经
2026-07-16 04:10:00,681.31,663.60,686.08,656.66,18264445,20.27,3.00,24.77,腾讯财经
2026-07-16 04:20:00,681.31,663.60,686.08,656.66,18341626,20.27,3.00,24.77,腾讯财经
2026-07-16 04:30:00,681.31,663.60,686.08,656.66,18425490,20.27,3.00,24.77,腾讯财经
2026-07-16 04:40:05,681.31,663.60,686.08,656.66,18696668,20.27,3.00,24.77,腾讯财经
2026-07-16 04:50:01,681.31,663.60,686.08,656.66,18698733,20.27,3.00,24.77,腾讯财经
2026-07-16 05:00:00,681.31,663.60,686.08,656.66,18707396,20.27,3.00,24.77,腾讯财经
2026-07-16 05:10:00,681.31,663.60,686.08,656.66,18774804,20.27,3.00,24.77,腾讯财经
2026-07-16 05:20:00,681.31,663.60,686.08,656.66,18777661,20.27,3.00,24.77,腾讯财经
2026-07-16 05:30:05,681.31,663.60,686.08,656.66,18971300,20.27,3.00,24.77,腾讯财经
2026-07-16 05:40:04,681.31,663.60,686.08,656.66,18973793,20.27,3.00,24.77,腾讯财经
2026-07-16 05:50:02,681.31,663.60,686.08,656.66,18975248,20.27,3.00,24.77,腾讯财经
2026-07-16 06:00:00,681.31,663.60,686.08,656.66,18977198,20.27,3.00,24.77,腾讯财经
2026-07-16 06:10:04,681.31,663.60,686.08,656.66,18982483,20.27,3.00,24.77,腾讯财经
2026-07-16 06:20:02,681.31,663.60,686.08,656.66,18984421,20.27,3.00,24.77,腾讯财经
2026-07-16 06:30:04,681.31,663.60,686.08,656.66,18985698,20.27,3.00,24.77,腾讯财经
2026-07-16 06:40:05,681.31,663.60,686.08,656.66,18987586,20.27,3.00,24.77,腾讯财经
2026-07-16 06:50:01,681.31,663.60,686.08,656.66,18989281,20.27,3.00,24.77,腾讯财经
2026-07-16 07:00:02,681.31,663.60,686.08,656.66,18992696,20.27,3.00,24.77,腾讯财经
2026-07-16 07:10:00,681.31,663.60,686.08,656.66,18994269,20.27,3.00,24.77,腾讯财经
2026-07-16 07:20:00,681.31,663.60,686.08,656.66,18996542,20.27,3.00,24.77,腾讯财经
2026-07-16 07:30:00,681.31,663.60,686.08,656.66,18997305,20.27,3.00,24.77,腾讯财经
2026-07-16 08:40:00,681.31,663.60,686.08,656.66,19003379,20.27,3.00,24.77,腾讯财经
2026-07-16 08:50:00,681.31,663.60,686.08,656.66,19003379,20.27,3.00,24.77,腾讯财经
2026-07-16 09:00:00,681.31,663.60,686.08,656.66,19003379,20.27,3.00,24.77,腾讯财经
2026-07-16 09:10:04,681.31,663.60,686.08,656.66,19003379,20.27,3.00,24.77,腾讯财经
2026-07-16 09:20:00,681.31,663.60,686.08,656.66,19003379,20.27,3.00,24.77,腾讯财经
2026-07-16 09:30:05,681.31,663.60,686.08,656.66,19003379,20.27,3.00,24.77,腾讯财经
2026-07-16 09:40:00,681.31,663.60,686.08,656.66,19003379,20.27,3.00,24.77,腾讯财经
2026-07-16 09:50:00,681.31,663.60,686.08,656.66,19003379,20.27,3.00,24.77,腾讯财经
2026-07-16 10:00:00,681.31,663.60,686.08,656.66,19003379,20.27,3.00,24.77,腾讯财经
2026-07-16 10:10:01,681.31,663.60,686.08,656.66,19003379,20.27,3.00,24.77,腾讯财经
2026-07-16 10:20:00,681.31,663.60,686.08,656.66,19003379,20.27,3.00,24.77,腾讯财经
2026-07-16 10:30:01,681.31,663.60,686.08,656.66,19003379,20.27,3.00,24.77,腾讯财经
2026-07-16 10:40:05,681.31,663.60,686.08,656.66,19003379,20.27,3.00,24.77,腾讯财经
2026-07-16 10:50:03,681.31,663.60,686.08,656.66,19003379,20.27,3.00,24.77,腾讯财经
2026-07-16 11:00:02,681.31,663.60,686.08,656.66,19003379,20.27,3.00,24.77,腾讯财经
2026-07-16 11:10:05,681.31,663.60,686.08,656.66,19003379,20.27,3.00,24.77,腾讯财经
2026-07-16 11:20:00,681.31,663.60,686.08,656.66,19003379,20.27,3.00,24.77,腾讯财经
2026-07-16 11:30:00,681.31,663.60,686.08,656.66,19003379,20.27,3.00,24.77,腾讯财经
2026-07-16 11:40:00,681.31,663.60,686.08,656.66,19003379,20.27,3.00,24.77,腾讯财经
2026-07-16 11:50:03,681.31,663.60,686.08,656.66,19003379,20.27,3.00,24.77,腾讯财经
2026-07-16 12:00:01,681.31,663.60,686.08,656.66,19003379,20.27,3.00,24.77,腾讯财经
2026-07-16 12:10:00,681.31,663.60,686.08,656.66,19003379,20.27,3.00,24.77,腾讯财经
2026-07-16 12:20:00,681.31,663.60,686.08,656.66,19003379,20.27,3.00,24.77,腾讯财经
2026-07-16 12:30:02,681.31,663.60,686.08,656.66,19003379,20.27,3.00,24.77,腾讯财经
2026-07-16 12:40:05,681.31,663.60,686.08,656.66,19003379,20.27,3.00,24.77,腾讯财经
2026-07-16 12:50:00,681.31,663.60,686.08,656.66,19003379,20.27,3.00,24.77,腾讯财经
2026-07-16 13:00:02,681.31,663.60,686.08,656.66,19003379,20.27,3.00,24.77,腾讯财经
2026-07-16 13:10:00,681.31,663.60,686.08,656.66,19003379,20.27,3.00,24.77,腾讯财经
2026-07-16 13:20:03,681.31,663.60,686.08,656.66,19003379,20.27,3.00,24.77,腾讯财经
2026-07-16 13:30:04,681.31,663.60,686.08,656.66,19003379,20.27,3.00,24.77,腾讯财经
2026-07-16 13:40:00,681.31,663.60,686.08,656.66,19003379,20.27,3.00,24.77,腾讯财经
2026-07-16 13:50:01,681.31,663.60,686.08,656.66,19003379,20.27,3.00,24.77,腾讯财经
2026-07-16 14:00:03,681.31,663.60,686.08,656.66,19003379,20.27,3.00,24.77,腾讯财经
2026-07-16 14:10:02,681.31,663.60,686.08,656.66,19003379,20.27,3.00,24.77,腾讯财经
2026-07-16 14:20:01,681.31,663.60,686.08,656.66,19003379,20.27,3.00,24.77,腾讯财经
2026-07-16 14:30:00,681.31,663.60,686.08,656.66,19003379,20.27,3.00,24.77,腾讯财经
2026-07-16 14:40:00,681.31,663.60,686.08,656.66,19003379,20.27,3.00,24.77,腾讯财经
2026-07-16 14:50:03,681.31,663.60,686.08,656.66,19003379,20.27,3.00,24.77,腾讯财经
2026-07-16 15:00:04,681.31,663.60,686.08,656.66,19003379,20.27,3.00,24.77,腾讯财经
2026-07-16 15:10:00,681.31,663.60,686.08,656.66,19003379,20.27,3.00,24.77,腾讯财经
2026-07-16 15:20:00,681.31,663.60,686.08,656.66,19003379,20.27,3.00,24.77,腾讯财经
2026-07-16 15:30:04,681.31,663.60,686.08,656.66,19003379,20.27,3.00,24.77,腾讯财经
2026-07-16 15:40:02,681.31,663.60,686.08,656.66,19003379,20.27,3.00,24.77,腾讯财经
2026-07-16 15:50:02,681.31,663.60,686.08,656.66,19003379,20.27,3.00,24.77,腾讯财经
2026-07-16 16:00:03,681.31,663.60,686.08,656.66,19003379,20.27,3.00,24.77,腾讯财经
2026-07-16 16:10:00,681.31,663.60,686.08,656.66,19003379,20.27,3.00,24.77,腾讯财经
2026-07-16 16:20:00,681.31,663.60,686.08,656.66,19003379,20.27,3.00,24.77,腾讯财经
2026-07-16 16:30:04,681.31,663.60,686.08,656.66,19003379,20.27,3.00,24.77,腾讯财经
2026-07-16 16:40:00,681.31,663.60,686.08,656.66,19003379,20.27,3.00,24.77,腾讯财经
2026-07-16 16:50:00,681.31,663.60,686.08,656.66,19003379,20.27,3.00,24.77,腾讯财经
2026-07-16 17:00:05,681.31,663.60,686.08,656.66,19003379,20.27,3.00,24.77,腾讯财经
2026-07-16 17:10:04,681.31,663.60,686.08,656.66,19003379,20.27,3.00,24.77,腾讯财经
2026-07-16 17:20:03,681.31,663.60,686.08,656.66,19003379,20.27,3.00,24.77,腾讯财经
2026-07-16 17:30:01,681.31,663.60,686.08,656.66,19003379,20.27,3.00,24.77,腾讯财经
2026-07-16 18:44:02,681.31,663.60,686.08,656.66,19003379,20.27,3.00,24.77,腾讯财经
2026-07-16 18:50:03,681.31,663.60,686.08,656.66,19003379,20.27,3.00,24.77,腾讯财经
2026-07-16 19:00:00,681.31,663.60,686.08,656.66,19003379,20.27,3.00,24.77,腾讯财经
2026-07-16 19:10:00,681.31,663.60,686.08,656.66,19003379,20.27,3.00,24.77,腾讯财经
2026-07-16 19:20:04,681.31,663.60,686.08,656.66,19003379,20.27,3.00,24.77,腾讯财经
2026-07-16 19:30:01,681.31,663.60,686.08,656.66,19003379,20.27,3.00,24.77,腾讯财经
2026-07-16 19:40:04,681.31,663.60,686.08,656.66,19003379,20.27,3.00,24.77,腾讯财经
2026-07-16 19:50:00,681.31,663.60,686.08,656.66,19003379,20.27,3.00,24.77,腾讯财经
2026-07-16 20:00:04,681.31,663.60,686.08,656.66,19003379,20.27,3.00,24.77,腾讯财经
2026-07-16 20:10:00,681.31,663.60,686.08,656.66,19003379,20.27,3.00,24.77,腾讯财经
2026-07-16 20:20:04,681.31,663.60,686.08,656.66,19003379,20.27,3.00,24.77,腾讯财经
2026-07-16 20:30:04,681.31,663.60,686.08,656.66,19003379,20.27,3.00,24.77,腾讯财经
2026-07-16 20:40:01,681.31,663.60,686.08,656.66,19003379,20.27,3.00,24.77,腾讯财经
2026-07-16 20:50:00,681.31,663.60,686.08,656.66,19003379,20.27,3.00,24.77,腾讯财经
2026-07-16 21:00:00,681.31,663.60,686.08,656.66,19003379,20.27,3.00,24.77,腾讯财经
2026-07-16 21:10:02,681.31,663.60,686.08,656.66,19003379,20.27,3.00,24.77,腾讯财经
2026-07-16 21:20:01,681.31,663.60,686.08,656.66,19003379,20.27,3.00,24.77,腾讯财经
2026-07-16 21:30:02,681.31,0.00,0.00,0.00,399378,0,0,24.77,腾讯财经
2026-07-16 21:40:00,672.19,678.61,680.59,668.62,1454472,-9.12,-1.00,24.44,腾讯财经
2026-07-16 21:50:00,670.16,677.28,680.59,665.00,2075229,-11.15,-1.00,24.37,腾讯财经
2026-07-16 22:00:00,670.75,677.28,680.59,665.00,2362882,-10.56,-1.00,24.39,腾讯财经
2026-07-16 22:10:00,670.86,677.28,680.59,665.00,2683225,-10.45,-1.00,24.39,腾讯财经
2026-07-16 22:20:04,673.47,677.28,680.59,665.00,2933555,-7.84,-1.00,24.49,腾讯财经
2026-07-16 22:30:00,676.66,677.28,680.59,665.00,3301535,-4.65,0,24.61,腾讯财经
2026-07-16 22:40:00,678.36,677.28,680.77,665.00,3673321,-2.95,0,24.67,腾讯财经
2026-07-16 22:50:02,679.37,677.28,680.77,665.00,3972756,-1.94,0,24.70,腾讯财经
2026-07-16 23:00:05,680.34,677.28,681.90,665.00,4267168,-.97,0,24.74,腾讯财经
2026-07-16 23:10:00,679.11,677.28,681.90,665.00,4660792,-2.20,0,24.69,腾讯财经
2026-07-16 23:20:00,676.00,677.28,681.90,665.00,5123537,-5.31,0,24.58,腾讯财经
2026-07-16 23:30:01,675.14,677.28,681.90,665.00,5319586,-6.17,0,24.55,腾讯财经
2026-07-16 23:40:03,676.08,677.28,681.90,665.00,5315263,-5.23,0,24.58,腾讯财经
2026-07-16 23:50:02,676.12,677.28,681.90,665.00,5334449,-5.19,0,24.59,腾讯财经
2026-07-17 00:00:00,674.61,677.28,681.90,665.00,5519339,-6.70,0,24.53,腾讯财经
2026-07-17 00:10:03,672.47,677.28,681.90,665.00,5760268,-8.84,-1.00,24.45,腾讯财经
2026-07-17 00:20:00,669.91,677.28,681.90,665.00,6012279,-11.40,-1.00,24.36,腾讯财经
2026-07-17 00:30:00,670.07,677.28,681.90,665.00,6280258,-11.24,-1.00,24.37,腾讯财经
2026-07-17 00:40:04,669.62,677.28,681.90,665.00,6483407,-11.69,-1.00,24.35,腾讯财经
2026-07-17 00:50:00,670.56,677.28,681.90,665.00,6682103,-10.75,-1.00,24.38,腾讯财经
2026-07-17 01:00:02,670.03,677.28,681.90,665.00,6938296,-11.28,-1.00,24.36,腾讯财经
2026-07-17 01:10:00,669.16,677.28,681.90,665.00,7156185,-12.15,-1.00,24.33,腾讯财经
2026-07-17 01:20:00,669.83,677.28,681.90,665.00,7371847,-11.48,-1.00,24.36,腾讯财经
2026-07-17 01:30:00,670.29,677.28,681.90,665.00,7587210,-11.02,-1.00,24.37,腾讯财经
2026-07-17 01:40:00,668.31,677.28,681.90,665.00,7781281,-13.00,-1.00,24.30,腾讯财经
2026-07-17 01:50:00,668.44,677.28,681.90,665.00,7944921,-12.87,-1.00,24.31,腾讯财经
2026-07-17 02:00:02,668.80,677.28,681.90,665.00,8132550,-12.51,-1.00,24.32,腾讯财经
2026-07-17 02:10:00,668.88,677.28,681.90,665.00,8388881,-12.43,-1.00,24.32,腾讯财经
2026-07-17 02:20:00,669.58,677.28,681.90,665.00,8712185,-11.73,-1.00,24.35,腾讯财经
2026-07-17 02:30:00,667.73,677.28,681.90,665.00,8920363,-13.58,-1.00,24.28,腾讯财经
2026-07-17 02:40:05,667.75,677.28,681.90,665.00,9124846,-13.56,-1.00,24.28,腾讯财经
2026-07-17 02:50:04,668.60,677.28,681.90,665.00,9300802,-12.71,-1.00,24.31,腾讯财经
2026-07-17 03:00:00,668.78,677.28,681.90,665.00,9473804,-12.53,-1.00,24.32,腾讯财经
2026-07-17 03:10:01,665.90,677.28,681.90,665.00,9728227,-15.41,-2.00,24.21,腾讯财经
2026-07-17 03:20:00,664.14,677.28,681.90,663.26,10063491,-17.17,-2.00,24.15,腾讯财经
2026-07-17 03:30:00,663.06,677.28,681.90,662.05,10434206,-18.25,-2.00,24.11,腾讯财经
2026-07-17 03:40:02,663.99,677.28,681.90,662.05,11033119,-17.32,-2.00,24.14,腾讯财经
2026-07-17 03:50:02,660.70,677.28,681.90,660.16,11429709,-20.61,-3.00,24.03,腾讯财经
2026-07-17 04:00:00,664.36,677.28,681.90,660.16,12185078,-16.95,-2.00,24.16,腾讯财经
2026-07-17 04:10:05,664.54,677.28,681.90,660.16,15198517,-16.77,-2.00,24.17,腾讯财经
2026-07-17 04:20:04,664.54,677.28,681.90,660.16,15216204,-16.77,-2.00,24.17,腾讯财经
2026-07-17 04:30:00,664.54,677.28,681.90,660.16,15213909,-16.77,-2.00,24.17,腾讯财经
2026-07-17 04:40:00,664.54,677.28,681.90,660.16,15544438,-16.77,-2.00,24.17,腾讯财经
2026-07-17 04:50:00,664.54,677.28,681.90,660.16,15547574,-16.77,-2.00,24.17,腾讯财经
2026-07-17 05:00:03,664.54,677.28,681.90,660.16,15736700,-16.77,-2.00,24.17,腾讯财经
2026-07-17 05:10:00,664.54,677.28,681.90,660.16,15739026,-16.77,-2.00,24.17,腾讯财经
2026-07-17 05:20:00,664.54,677.28,681.90,660.16,15741559,-16.77,-2.00,24.17,腾讯财经
2026-07-17 05:30:05,664.54,677.28,681.90,660.16,15751542,-16.77,-2.00,24.17,腾讯财经
2026-07-17 05:40:00,664.54,677.28,681.90,660.16,15759706,-16.77,-2.00,24.17,腾讯财经
2026-07-17 05:50:00,664.54,677.28,681.90,660.16,15766924,-16.77,-2.00,24.17,腾讯财经
2026-07-17 06:00:05,664.54,677.28,681.90,660.16,15769333,-16.77,-2.00,24.17,腾讯财经
2026-07-17 06:10:01,664.54,677.28,681.90,660.16,15773222,-16.77,-2.00,24.17,腾讯财经
2026-07-17 06:20:02,664.54,677.28,681.90,660.16,15774644,-16.77,-2.00,24.17,腾讯财经
2026-07-17 06:30:00,664.54,677.28,681.90,660.16,15778583,-16.77,-2.00,24.17,腾讯财经
2026-07-17 06:40:00,664.54,677.28,681.90,660.16,15780131,-16.77,-2.00,24.17,腾讯财经
2026-07-17 06:50:00,664.54,677.28,681.90,660.16,15788071,-16.77,-2.00,24.17,腾讯财经
2026-07-17 07:00:00,664.54,677.28,681.90,660.16,15790798,-16.77,-2.00,24.17,腾讯财经
2026-07-17 07:10:04,664.54,677.28,681.90,660.16,15794341,-16.77,-2.00,24.17,腾讯财经
2026-07-17 07:20:04,664.54,677.28,681.90,660.16,15797123,-16.77,-2.00,24.17,腾讯财经
2026-07-17 07:30:00,664.54,677.28,681.90,660.16,15804126,-16.77,-2.00,24.17,腾讯财经
2026-07-17 07:40:03,664.54,677.28,681.90,660.16,15807046,-16.77,-2.00,24.17,腾讯财经
2026-07-17 07:50:01,664.54,677.28,681.90,660.16,15809402,-16.77,-2.00,24.17,腾讯财经
2026-07-17 08:36:38,664.54,677.28,681.90,660.16,15815978,-16.77,-2.00,24.17,腾讯财经
2026-07-17 08:40:05,664.54,677.28,681.90,660.16,15815978,-16.77,-2.00,24.17,腾讯财经
2026-07-17 08:50:00,664.54,677.28,681.90,660.16,15815978,-16.77,-2.00,24.17,腾讯财经
2026-07-17 09:00:05,664.54,677.28,681.90,660.16,15815978,-16.77,-2.00,24.17,腾讯财经
2026-07-17 09:10:05,664.54,677.28,681.90,660.16,15815978,-16.77,-2.00,24.17,腾讯财经
2026-07-17 09:20:05,664.54,677.28,681.90,660.16,15815978,-16.77,-2.00,24.17,腾讯财经
2026-07-17 09:30:03,664.54,677.28,681.90,660.16,15815978,-16.77,-2.00,24.17,腾讯财经
2026-07-17 09:40:00,664.54,677.28,681.90,660.16,15815978,-16.77,-2.00,24.17,腾讯财经
2026-07-17 09:50:03,664.54,677.28,681.90,660.16,15815978,-16.77,-2.00,24.17,腾讯财经
2026-07-17 10:00:01,664.54,677.28,681.90,660.16,15815978,-16.77,-2.00,24.17,腾讯财经
2026-07-17 10:10:00,664.54,677.28,681.90,660.16,15815978,-16.77,-2.00,24.17,腾讯财经
2026-07-17 10:20:01,664.54,677.28,681.90,660.16,15815978,-16.77,-2.00,24.17,腾讯财经
2026-07-17 10:30:03,664.54,677.28,681.90,660.16,15815978,-16.77,-2.00,24.17,腾讯财经
2026-07-17 10:40:01,664.54,677.28,681.90,660.16,15815978,-16.77,-2.00,24.17,腾讯财经
2026-07-17 10:50:01,664.54,677.28,681.90,660.16,15815978,-16.77,-2.00,24.17,腾讯财经
2026-07-17 11:00:00,664.54,677.28,681.90,660.16,15815978,-16.77,-2.00,24.17,腾讯财经
2026-07-17 11:10:03,664.54,677.28,681.90,660.16,15815978,-16.77,-2.00,24.17,腾讯财经
2026-07-17 11:20:00,664.54,677.28,681.90,660.16,15815978,-16.77,-2.00,24.17,腾讯财经
2026-07-17 11:30:04,664.54,677.28,681.90,660.16,15815978,-16.77,-2.00,24.17,腾讯财经
2026-07-17 11:40:05,664.54,677.28,681.90,660.16,15815978,-16.77,-2.00,24.17,腾讯财经
2026-07-17 11:50:00,664.54,677.28,681.90,660.16,15815978,-16.77,-2.00,24.17,腾讯财经
2026-07-17 12:00:00,664.54,677.28,681.90,660.16,15815978,-16.77,-2.00,24.17,腾讯财经
2026-07-17 12:10:00,664.54,677.28,681.90,660.16,15815978,-16.77,-2.00,24.17,腾讯财经
2026-07-17 12:20:00,664.54,677.28,681.90,660.16,15815978,-16.77,-2.00,24.17,腾讯财经
2026-07-17 12:30:00,664.54,677.28,681.90,660.16,15815978,-16.77,-2.00,24.17,腾讯财经
2026-07-17 12:40:03,664.54,677.28,681.90,660.16,15815978,-16.77,-2.00,24.17,腾讯财经
2026-07-17 12:50:02,664.54,677.28,681.90,660.16,15815978,-16.77,-2.00,24.17,腾讯财经
2026-07-17 13:00:00,664.54,677.28,681.90,660.16,15815978,-16.77,-2.00,24.17,腾讯财经
2026-07-17 13:10:00,664.54,677.28,681.90,660.16,15815978,-16.77,-2.00,24.17,腾讯财经
2026-07-17 13:20:02,664.54,677.28,681.90,660.16,15815978,-16.77,-2.00,24.17,腾讯财经
2026-07-17 13:30:00,664.54,677.28,681.90,660.16,15815978,-16.77,-2.00,24.17,腾讯财经
2026-07-17 13:40:00,664.54,677.28,681.90,660.16,15815978,-16.77,-2.00,24.17,腾讯财经
2026-07-17 13:50:04,664.54,677.28,681.90,660.16,15815978,-16.77,-2.00,24.17,腾讯财经
2026-07-17 14:00:00,664.54,677.28,681.90,660.16,15815978,-16.77,-2.00,24.17,腾讯财经
2026-07-17 14:10:00,664.54,677.28,681.90,660.16,15815978,-16.77,-2.00,24.17,腾讯财经
2026-07-17 14:20:00,664.54,677.28,681.90,660.16,15815978,-16.77,-2.00,24.17,腾讯财经
2026-07-17 14:30:00,664.54,677.28,681.90,660.16,15815978,-16.77,-2.00,24.17,腾讯财经
2026-07-17 14:40:00,664.54,677.28,681.90,660.16,15815978,-16.77,-2.00,24.17,腾讯财经
2026-07-17 14:50:03,664.54,677.28,681.90,660.16,15815978,-16.77,-2.00,24.17,腾讯财经
2026-07-17 15:00:00,664.54,677.28,681.90,660.16,15815978,-16.77,-2.00,24.17,腾讯财经
2026-07-17 15:10:00,664.54,677.28,681.90,660.16,15815978,-16.77,-2.00,24.17,腾讯财经
2026-07-17 15:20:00,664.54,677.28,681.90,660.16,15815978,-16.77,-2.00,24.17,腾讯财经
2026-07-17 15:30:02,664.54,677.28,681.90,660.16,15815978,-16.77,-2.00,24.17,腾讯财经
2026-07-17 15:40:02,664.54,677.28,681.90,660.16,15815978,-16.77,-2.00,24.17,腾讯财经
2026-07-17 15:50:00,664.54,677.28,681.90,660.16,15815978,-16.77,-2.00,24.17,腾讯财经
2026-07-17 16:00:03,664.54,677.28,681.90,660.16,15815978,-16.77,-2.00,24.17,腾讯财经
2026-07-17 16:10:00,664.54,677.28,681.90,660.16,15815978,-16.77,-2.00,24.17,腾讯财经
2026-07-17 16:20:00,664.54,677.28,681.90,660.16,15815978,-16.77,-2.00,24.17,腾讯财经
2026-07-17 16:30:04,664.54,677.28,681.90,660.16,15815978,-16.77,-2.00,24.17,腾讯财经
2026-07-17 16:40:00,664.54,677.28,681.90,660.16,15815978,-16.77,-2.00,24.17,腾讯财经
2026-07-17 16:50:00,664.54,677.28,681.90,660.16,15815978,-16.77,-2.00,24.17,腾讯财经
2026-07-17 17:00:00,664.54,677.28,681.90,660.16,15815978,-16.77,-2.00,24.17,腾讯财经
2026-07-17 17:10:00,664.54,677.28,681.90,660.16,15815978,-16.77,-2.00,24.17,腾讯财经
2026-07-17 17:20:00,664.54,677.28,681.90,660.16,15815978,-16.77,-2.00,24.17,腾讯财经
2026-07-17 17:30:00,664.54,677.28,681.90,660.16,15815978,-16.77,-2.00,24.17,腾讯财经
2026-07-17 19:23:14,664.54,677.28,681.90,660.16,15815978,-16.77,-2.00,24.17,腾讯财经
2026-07-17 19:30:02,664.54,677.28,681.90,660.16,15815978,-16.77,-2.00,24.17,腾讯财经
2026-07-17 19:40:00,664.54,677.28,681.90,660.16,15815978,-16.77,-2.00,24.17,腾讯财经
2026-07-17 19:50:03,664.54,677.28,681.90,660.16,15815978,-16.77,-2.00,24.17,腾讯财经
2026-07-17 20:00:00,664.54,677.28,681.90,660.16,15815978,-16.77,-2.00,24.17,腾讯财经
2026-07-17 20:10:04,664.54,677.28,681.90,660.16,15815978,-16.77,-2.00,24.17,腾讯财经
2026-07-17 20:20:05,664.54,677.28,681.90,660.16,15815978,-16.77,-2.00,24.17,腾讯财经
2026-07-17 20:30:04,664.54,677.28,681.90,660.16,15815978,-16.77,-2.00,24.17,腾讯财经
2026-07-17 20:40:00,664.54,677.28,681.90,660.16,15815978,-16.77,-2.00,24.17,腾讯财经
2026-07-17 20:50:03,664.54,677.28,681.90,660.16,15815978,-16.77,-2.00,24.17,腾讯财经
2026-07-17 21:00:05,664.54,677.28,681.90,660.16,15815978,-16.77,-2.00,24.17,腾讯财经
2026-07-17 21:10:04,664.54,677.28,681.90,660.16,15815978,-16.77,-2.00,24.17,腾讯财经
2026-07-17 21:20:03,664.54,677.28,681.90,660.16,15815978,-16.77,-2.00,24.17,腾讯财经
2026-07-17 21:30:00,664.54,0.00,0.00,0.00,379619,0,0,24.17,腾讯财经
2026-07-17 21:40:02,641.80,647.70,649.22,640.35,1796793,-22.74,-3.00,23.34,腾讯财经
2026-07-17 21:50:03,640.00,647.70,649.22,636.54,2455406,-24.54,-3.00,23.27,腾讯财经
2026-07-17 22:00:05,641.94,647.70,649.22,636.54,2892779,-22.60,-3.00,23.34,腾讯财经
2026-07-17 22:10:04,635.19,647.70,649.22,634.01,3473596,-29.35,-4.00,23.10,腾讯财经
2026-07-17 22:20:03,633.47,647.70,649.22,632.05,4348699,-31.07,-4.00,23.04,腾讯财经
2026-07-17 22:30:00,634.70,647.70,649.22,632.01,4845474,-29.84,-4.00,23.08,腾讯财经
2026-07-17 22:40:04,635.86,647.70,649.22,632.01,5161846,-28.68,-4.00,23.12,腾讯财经
2026-07-17 22:50:03,632.86,647.70,649.22,632.01,5359682,-31.68,-4.00,23.01,腾讯财经
2026-07-17 23:00:00,626.46,647.70,649.22,626.39,5834736,-38.08,-5.00,22.78,腾讯财经
2026-07-17 23:10:02,628.70,647.70,649.22,626.00,6229393,-35.84,-5.00,22.86,腾讯财经
2026-07-17 23:20:03,629.28,647.70,649.22,626.00,6537623,-35.26,-5.00,22.88,腾讯财经
2026-07-17 23:30:01,629.67,647.70,649.22,626.00,6734938,-34.87,-5.00,22.90,腾讯财经
2026-07-17 23:40:00,629.84,647.70,649.22,626.00,6989686,-34.70,-5.00,22.90,腾讯财经
2026-07-17 23:50:03,630.07,647.70,649.22,626.00,7289586,-34.47,-5.00,22.91,腾讯财经
2026-07-18 00:00:02,632.60,647.70,649.22,626.00,7543689,-31.94,-4.00,23.00,腾讯财经
2026-07-18 00:10:00,633.19,647.70,649.22,626.00,7765432,-31.35,-4.00,23.02,腾讯财经
2026-07-18 00:20:03,644.57,647.70,649.22,626.00,9131962,-19.97,-3.00,23.44,腾讯财经
2026-07-18 00:30:04,643.84,647.70,649.22,626.00,10669147,-20.70,-3.00,23.41,腾讯财经
2026-07-18 00:40:00,645.06,647.70,649.22,626.00,11339951,-19.48,-2.00,23.46,腾讯财经
2026-07-18 00:50:05,648.85,647.70,649.50,626.00,11939492,-15.69,-2.00,23.59,腾讯财经
2026-07-18 01:00:00,649.60,647.70,650.39,626.00,12543376,-14.94,-2.00,23.62,腾讯财经
2026-07-18 01:10:03,649.82,647.70,651.98,626.00,13062387,-14.72,-2.00,23.63,腾讯财经
2026-07-18 01:20:03,648.42,647.70,651.98,626.00,13466494,-16.12,-2.00,23.58,腾讯财经
2026-07-18 01:30:03,651.90,647.70,652.17,626.00,13810267,-12.64,-1.00,23.71,腾讯财经
2026-07-18 01:40:01,650.10,647.70,652.20,626.00,14091290,-14.44,-2.00,23.64,腾讯财经
2026-07-18 01:50:03,647.84,647.70,652.20,626.00,14360279,-16.70,-2.00,23.56,腾讯财经
2026-07-18 02:00:00,649.26,647.70,652.20,626.00,14566354,-15.28,-2.00,23.61,腾讯财经
2026-07-18 02:10:00,647.06,647.70,652.20,626.00,14922667,-17.48,-2.00,23.53,腾讯财经
2026-07-18 02:20:03,646.76,647.70,652.20,626.00,15107813,-17.78,-2.00,23.52,腾讯财经
2026-07-18 02:30:00,646.68,647.70,652.20,626.00,15282590,-17.86,-2.00,23.52,腾讯财经
2026-07-18 02:40:00,647.12,647.70,652.20,626.00,15455736,-17.42,-2.00,23.53,腾讯财经
2026-07-18 02:50:03,647.46,647.70,652.20,626.00,15647424,-17.08,-2.00,23.54,腾讯财经
2026-07-18 03:00:00,645.96,647.70,652.20,626.00,16106196,-18.58,-2.00,23.49,腾讯财经
2026-07-18 03:10:03,643.68,647.70,652.20,626.00,16931024,-20.86,-3.00,23.41,腾讯财经
2026-07-18 03:20:03,642.63,647.70,652.20,626.00,17206460,-21.91,-3.00,23.37,腾讯财经
2026-07-18 03:30:00,643.74,647.70,652.20,626.00,17488660,-20.80,-3.00,23.41,腾讯财经
2026-07-18 03:40:05,642.17,647.70,652.20,626.00,17773735,-22.37,-3.00,23.35,腾讯财经
2026-07-18 03:50:03,644.07,647.70,652.20,626.00,18188973,-20.47,-3.00,23.42,腾讯财经
2026-07-18 04:00:00,646.43,647.70,652.20,626.00,19263007,-18.11,-2.00,23.51,腾讯财经
2026-07-18 04:10:00,646.01,647.70,652.20,626.00,21690755,-18.53,-2.00,23.49,腾讯财经
2026-07-18 04:20:03,646.01,647.70,652.20,626.00,21945255,-18.53,-2.00,23.49,腾讯财经
2026-07-18 04:30:00,646.01,647.70,652.20,626.00,21965088,-18.53,-2.00,23.49,腾讯财经
2026-07-18 04:40:00,646.01,647.70,652.20,626.00,21969082,-18.53,-2.00,23.49,腾讯财经
2026-07-18 04:50:03,646.01,647.70,652.20,626.00,22032019,-18.53,-2.00,23.49,腾讯财经
2026-07-18 05:10:00,646.01,647.70,652.20,626.00,22210926,-18.53,-2.00,23.49,腾讯财经
2026-07-18 05:20:03,646.01,647.70,652.20,626.00,22212732,-18.53,-2.00,23.49,腾讯财经
2026-07-18 05:30:03,646.01,647.70,652.20,626.00,22214018,-18.53,-2.00,23.49,腾讯财经
2026-07-18 05:40:00,646.01,647.70,652.20,626.00,22215433,-18.53,-2.00,23.49,腾讯财经
2026-07-18 05:50:03,646.01,647.70,652.20,626.00,22218440,-18.53,-2.00,23.49,腾讯财经
2026-07-18 06:00:03,646.01,647.70,652.20,626.00,22219693,-18.53,-2.00,23.49,腾讯财经
2026-07-18 06:10:05,646.01,647.70,652.20,626.00,22221165,-18.53,-2.00,23.49,腾讯财经
2026-07-18 06:20:03,646.01,647.70,652.20,626.00,22223978,-18.53,-2.00,23.49,腾讯财经
2026-07-18 06:30:00,646.01,647.70,652.20,626.00,22227326,-18.53,-2.00,23.49,腾讯财经
2026-07-18 06:40:02,646.01,647.70,652.20,626.00,22229142,-18.53,-2.00,23.49,腾讯财经
2026-07-18 06:50:04,646.01,647.70,652.20,626.00,22231422,-18.53,-2.00,23.49,腾讯财经
2026-07-18 07:00:00,646.01,647.70,652.20,626.00,22234409,-18.53,-2.00,23.49,腾讯财经
2026-07-18 07:10:00,646.01,647.70,652.20,626.00,22242795,-18.53,-2.00,23.49,腾讯财经
2026-07-18 07:20:03,646.01,647.70,652.20,626.00,22252319,-18.53,-2.00,23.49,腾讯财经
2026-07-18 07:30:02,646.01,647.70,652.20,626.00,22257153,-18.53,-2.00,23.49,腾讯财经
2026-07-18 07:40:04,646.01,647.70,652.20,626.00,22260538,-18.53,-2.00,23.49,腾讯财经
2026-07-18 07:50:03,646.01,647.70,652.20,626.00,22263992,-18.53,-2.00,23.49,腾讯财经
2026-07-18 08:00:00,646.01,647.70,652.20,626.00,22267669,-18.53,-2.00,23.49,腾讯财经
2026-07-18 08:10:05,646.01,647.70,652.20,626.00,22267862,-18.53,-2.00,23.49,腾讯财经
2026-07-18 08:20:03,646.01,647.70,652.20,626.00,22267862,-18.53,-2.00,23.49,腾讯财经
2026-07-18 08:30:00,646.01,647.70,652.20,626.00,22267862,-18.53,-2.00,23.49,腾讯财经
2026-07-18 08:40:00,646.01,647.70,652.20,626.00,22267862,-18.53,-2.00,23.49,腾讯财经
2026-07-18 08:50:03,646.01,647.70,652.20,626.00,22267862,-18.53,-2.00,23.49,腾讯财经
2026-07-18 09:00:00,646.01,647.70,652.20,626.00,22267862,-18.53,-2.00,23.49,腾讯财经
2026-07-18 09:10:00,646.01,647.70,652.20,626.00,22267862,-18.53,-2.00,23.49,腾讯财经
2026-07-18 09:20:05,646.01,647.70,652.20,626.00,22267862,-18.53,-2.00,23.49,腾讯财经
2026-07-18 09:30:00,646.01,647.70,652.20,626.00,22267862,-18.53,-2.00,23.49,腾讯财经
2026-07-18 09:40:03,646.01,647.70,652.20,626.00,22267862,-18.53,-2.00,23.49,腾讯财经
2026-07-18 09:50:03,646.01,647.70,652.20,626.00,22267862,-18.53,-2.00,23.49,腾讯财经
2026-07-18 10:00:04,646.01,647.70,652.20,626.00,22267862,-18.53,-2.00,23.49,腾讯财经
2026-07-18 10:10:00,646.01,647.70,652.20,626.00,22267862,-18.53,-2.00,23.49,腾讯财经
2026-07-18 10:20:03,646.01,647.70,652.20,626.00,22267862,-18.53,-2.00,23.49,腾讯财经
2026-07-18 10:30:05,646.01,647.70,652.20,626.00,22267862,-18.53,-2.00,23.49,腾讯财经
2026-07-18 10:40:01,646.01,647.70,652.20,626.00,22267862,-18.53,-2.00,23.49,腾讯财经
2026-07-18 10:50:03,646.01,647.70,652.20,626.00,22267862,-18.53,-2.00,23.49,腾讯财经
2026-07-18 11:00:00,646.01,647.70,652.20,626.00,22267862,-18.53,-2.00,23.49,腾讯财经
2026-07-18 11:10:00,646.01,647.70,652.20,626.00,22267862,-18.53,-2.00,23.49,腾讯财经
2026-07-18 11:20:03,646.01,647.70,652.20,626.00,22267862,-18.53,-2.00,23.49,腾讯财经
2026-07-18 11:30:05,646.01,647.70,652.20,626.00,22267862,-18.53,-2.00,23.49,腾讯财经
2026-07-18 11:40:02,646.01,647.70,652.20,626.00,22267862,-18.53,-2.00,23.49,腾讯财经
2026-07-18 11:50:05,646.01,647.70,652.20,626.00,22267862,-18.53,-2.00,23.49,腾讯财经
2026-07-18 12:00:00,646.01,647.70,652.20,626.00,22267862,-18.53,-2.00,23.49,腾讯财经
2026-07-18 12:10:00,646.01,647.70,652.20,626.00,22267862,-18.53,-2.00,23.49,腾讯财经
2026-07-18 12:20:03,646.01,647.70,652.20,626.00,22267862,-18.53,-2.00,23.49,腾讯财经
2026-07-18 12:30:00,646.01,647.70,652.20,626.00,22267862,-18.53,-2.00,23.49,腾讯财经
2026-07-18 12:40:00,646.01,647.70,652.20,626.00,22267862,-18.53,-2.00,23.49,腾讯财经
2026-07-18 12:50:05,646.01,647.70,652.20,626.00,22267862,-18.53,-2.00,23.49,腾讯财经
2026-07-18 13:00:00,646.01,647.70,652.20,626.00,22267862,-18.53,-2.00,23.49,腾讯财经
2026-07-18 13:10:02,646.01,647.70,652.20,626.00,22267862,-18.53,-2.00,23.49,腾讯财经
2026-07-18 13:20:03,646.01,647.70,652.20,626.00,22267862,-18.53,-2.00,23.49,腾讯财经
2026-07-18 13:30:00,646.01,647.70,652.20,626.00,22267862,-18.53,-2.00,23.49,腾讯财经
2026-07-18 13:40:01,646.01,647.70,652.20,626.00,22267862,-18.53,-2.00,23.49,腾讯财经
2026-07-18 13:50:03,646.01,647.70,652.20,626.00,22267862,-18.53,-2.00,23.49,腾讯财经
2026-07-18 14:00:00,646.01,647.70,652.20,626.00,22267862,-18.53,-2.00,23.49,腾讯财经
2026-07-18 14:10:00,646.01,647.70,652.20,626.00,22267862,-18.53,-2.00,23.49,腾讯财经
2026-07-18 14:20:03,646.01,647.70,652.20,626.00,22267862,-18.53,-2.00,23.49,腾讯财经
2026-07-18 14:30:03,646.01,647.70,652.20,626.00,22267862,-18.53,-2.00,23.49,腾讯财经
2026-07-18 14:40:03,646.01,647.70,652.20,626.00,22267862,-18.53,-2.00,23.49,腾讯财经
2026-07-18 14:50:03,646.01,647.70,652.20,626.00,22267862,-18.53,-2.00,23.49,腾讯财经
2026-07-18 15:00:01,646.01,647.70,652.20,626.00,22267862,-18.53,-2.00,23.49,腾讯财经
2026-07-18 15:10:00,646.01,647.70,652.20,626.00,22267862,-18.53,-2.00,23.49,腾讯财经
2026-07-18 15:20:03,646.01,647.70,652.20,626.00,22267862,-18.53,-2.00,23.49,腾讯财经
2026-07-18 15:30:00,646.01,647.70,652.20,626.00,22267862,-18.53,-2.00,23.49,腾讯财经
2026-07-18 15:40:05,646.01,647.70,652.20,626.00,22267862,-18.53,-2.00,23.49,腾讯财经
2026-07-18 15:50:03,646.01,647.70,652.20,626.00,22267862,-18.53,-2.00,23.49,腾讯财经
2026-07-18 16:00:00,646.01,647.70,652.20,626.00,22267862,-18.53,-2.00,23.49,腾讯财经
2026-07-18 16:10:00,646.01,647.70,652.20,626.00,22267862,-18.53,-2.00,23.49,腾讯财经
2026-07-18 16:20:03,646.01,647.70,652.20,626.00,22267862,-18.53,-2.00,23.49,腾讯财经
2026-07-18 16:30:04,646.01,647.70,652.20,626.00,22267862,-18.53,-2.00,23.49,腾讯财经
2026-07-18 16:40:03,646.01,647.70,652.20,626.00,22267862,-18.53,-2.00,23.49,腾讯财经
2026-07-18 16:50:05,646.01,647.70,652.20,626.00,22267862,-18.53,-2.00,23.49,腾讯财经
2026-07-18 17:00:00,646.01,647.70,652.20,626.00,22267862,-18.53,-2.00,23.49,腾讯财经
2026-07-18 17:10:00,646.01,647.70,652.20,626.00,22267862,-18.53,-2.00,23.49,腾讯财经
2026-07-18 17:20:03,646.01,647.70,652.20,626.00,22267862,-18.53,-2.00,23.49,腾讯财经
2026-07-18 17:30:01,646.01,647.70,652.20,626.00,22267862,-18.53,-2.00,23.49,腾讯财经
2026-07-18 17:40:03,646.01,647.70,652.20,626.00,22267862,-18.53,-2.00,23.49,腾讯财经
2026-07-18 17:50:00,646.01,647.70,652.20,626.00,22267862,-18.53,-2.00,23.49,腾讯财经
2026-07-18 18:00:03,646.01,647.70,652.20,626.00,22267862,-18.53,-2.00,23.49,腾讯财经
2026-07-18 18:10:04,646.01,647.70,652.20,626.00,22267862,-18.53,-2.00,23.49,腾讯财经
2026-07-18 18:20:04,646.01,647.70,652.20,626.00,22267862,-18.53,-2.00,23.49,腾讯财经
2026-07-18 18:30:03,646.01,647.70,652.20,626.00,22267862,-18.53,-2.00,23.49,腾讯财经
2026-07-18 18:40:00,646.01,647.70,652.20,626.00,22267862,-18.53,-2.00,23.49,腾讯财经
2026-07-18 18:50:03,646.01,647.70,652.20,626.00,22267862,-18.53,-2.00,23.49,腾讯财经
2026-07-18 19:00:02,646.01,647.70,652.20,626.00,22267862,-18.53,-2.00,23.49,腾讯财经
2026-07-18 19:10:02,646.01,647.70,652.20,626.00,22267862,-18.53,-2.00,23.49,腾讯财经
2026-07-18 19:20:03,646.01,647.70,652.20,626.00,22267862,-18.53,-2.00,23.49,腾讯财经
2026-07-18 19:30:04,646.01,647.70,652.20,626.00,22267862,-18.53,-2.00,23.49,腾讯财经
2026-07-18 19:40:01,646.01,647.70,652.20,626.00,22267862,-18.53,-2.00,23.49,腾讯财经
2026-07-18 19:50:05,646.01,647.70,652.20,626.00,22267862,-18.53,-2.00,23.49,腾讯财经
2026-07-18 20:00:01,646.01,647.70,652.20,626.00,22267862,-18.53,-2.00,23.49,腾讯财经
2026-07-18 20:10:01,646.01,647.70,652.20,626.00,22267862,-18.53,-2.00,23.49,腾讯财经
2026-07-18 20:20:03,646.01,647.70,652.20,626.00,22267862,-18.53,-2.00,23.49,腾讯财经
2026-07-18 20:30:01,646.01,647.70,652.20,626.00,22267862,-18.53,-2.00,23.49,腾讯财经
2026-07-18 20:40:02,646.01,647.70,652.20,626.00,22267862,-18.53,-2.00,23.49,腾讯财经
2026-07-18 20:50:03,646.01,647.70,652.20,626.00,22267862,-18.53,-2.00,23.49,腾讯财经
2026-07-18 21:00:01,646.01,647.70,652.20,626.00,22267862,-18.53,-2.00,23.49,腾讯财经
2026-07-18 21:10:00,646.01,647.70,652.20,626.00,22267862,-18.53,-2.00,23.49,腾讯财经
2026-07-18 21:20:03,646.01,647.70,652.20,626.00,22267862,-18.53,-2.00,23.49,腾讯财经
2026-07-18 21:30:05,646.01,647.70,652.20,626.00,22267862,-18.53,-2.00,23.49,腾讯财经
2026-07-18 21:40:01,646.01,647.70,652.20,626.00,22267862,-18.53,-2.00,23.49,腾讯财经
2026-07-18 21:50:04,646.01,647.70,652.20,626.00,22267862,-18.53,-2.00,23.49,腾讯财经
2026-07-18 22:00:06,646.01,647.70,652.20,626.00,22267862,-18.53,-2.00,23.49,腾讯财经
2026-07-18 22:10:02,646.01,647.70,652.20,626.00,22267862,-18.53,-2.00,23.49,腾讯财经
2026-07-18 22:20:04,646.01,647.70,652.20,626.00,22267862,-18.53,-2.00,23.49,腾讯财经
2026-07-18 22:30:02,646.01,647.70,652.20,626.00,22267862,-18.53,-2.00,23.49,腾讯财经
2026-07-18 22:40:06,646.01,647.70,652.20,626.00,22267862,-18.53,-2.00,23.49,腾讯财经
2026-07-18 22:50:04,646.01,647.70,652.20,626.00,22267862,-18.53,-2.00,23.49,腾讯财经
2026-07-18 23:00:04,646.01,647.70,652.20,626.00,22267862,-18.53,-2.00,23.49,腾讯财经
2026-07-18 23:10:00,646.01,647.70,652.20,626.00,22267862,-18.53,-2.00,23.49,腾讯财经
2026-07-18 23:20:03,646.01,647.70,652.20,626.00,22267862,-18.53,-2.00,23.49,腾讯财经
2026-07-18 23:30:00,646.01,647.70,652.20,626.00,22267862,-18.53,-2.00,23.49,腾讯财经
2026-07-18 23:40:00,646.01,647.70,652.20,626.00,22267862,-18.53,-2.00,23.49,腾讯财经
2026-07-18 23:50:03,646.01,647.70,652.20,626.00,22267862,-18.53,-2.00,23.49,腾讯财经
2026-07-19 00:00:05,646.01,647.70,652.20,626.00,22267862,-18.53,-2.00,23.49,腾讯财经
2026-07-19 00:10:00,646.01,647.70,652.20,626.00,22267862,-18.53,-2.00,23.49,腾讯财经
2026-07-19 00:20:04,646.01,647.70,652.20,626.00,22267862,-18.53,-2.00,23.49,腾讯财经
2026-07-19 00:30:04,646.01,647.70,652.20,626.00,22267862,-18.53,-2.00,23.49,腾讯财经
2026-07-19 00:40:00,646.01,647.70,652.20,626.00,22267862,-18.53,-2.00,23.49,腾讯财经
2026-07-19 00:50:03,646.01,647.70,652.20,626.00,22267862,-18.53,-2.00,23.49,腾讯财经
2026-07-19 01:00:04,646.01,647.70,652.20,626.00,22267862,-18.53,-2.00,23.49,腾讯财经
2026-07-19 01:10:00,646.01,647.70,652.20,626.00,22267862,-18.53,-2.00,23.49,腾讯财经
2026-07-19 01:20:03,646.01,647.70,652.20,626.00,22267862,-18.53,-2.00,23.49,腾讯财经
2026-07-19 01:30:00,646.01,647.70,652.20,626.00,22267862,-18.53,-2.00,23.49,腾讯财经
2026-07-19 01:40:00,646.01,647.70,652.20,626.00,22267862,-18.53,-2.00,23.49,腾讯财经
2026-07-19 01:50:03,646.01,647.70,652.20,626.00,22267862,-18.53,-2.00,23.49,腾讯财经
2026-07-19 02:00:00,646.01,647.70,652.20,626.00,22267862,-18.53,-2.00,23.49,腾讯财经
2026-07-19 02:10:00,646.01,647.70,652.20,626.00,22267862,-18.53,-2.00,23.49,腾讯财经
2026-07-19 02:20:03,646.01,647.70,652.20,626.00,22267862,-18.53,-2.00,23.49,腾讯财经
2026-07-19 02:30:00,646.01,647.70,652.20,626.00,22267862,-18.53,-2.00,23.49,腾讯财经
2026-07-19 02:40:00,646.01,647.70,652.20,626.00,22267862,-18.53,-2.00,23.49,腾讯财经
2026-07-19 02:50:03,646.01,647.70,652.20,626.00,22267862,-18.53,-2.00,23.49,腾讯财经
2026-07-19 03:00:03,646.01,647.70,652.20,626.00,22267862,-18.53,-2.00,23.49,腾讯财经
2026-07-19 03:10:00,646.01,647.70,652.20,626.00,22267862,-18.53,-2.00,23.49,腾讯财经
2026-07-19 03:20:03,646.01,647.70,652.20,626.00,22267862,-18.53,-2.00,23.49,腾讯财经
2026-07-19 03:30:00,646.01,647.70,652.20,626.00,22267862,-18.53,-2.00,23.49,腾讯财经
2026-07-19 03:40:01,646.01,647.70,652.20,626.00,22267862,-18.53,-2.00,23.49,腾讯财经
2026-07-19 03:50:04,646.01,647.70,652.20,626.00,22267862,-18.53,-2.00,23.49,腾讯财经
2026-07-19 04:00:00,646.01,647.70,652.20,626.00,22267862,-18.53,-2.00,23.49,腾讯财经
2026-07-19 04:10:00,646.01,647.70,652.20,626.00,22267862,-18.53,-2.00,23.49,腾讯财经
2026-07-19 04:20:04,646.01,647.70,652.20,626.00,22267862,-18.53,-2.00,23.49,腾讯财经
2026-07-19 04:30:05,646.01,647.70,652.20,626.00,22267862,-18.53,-2.00,23.49,腾讯财经
2026-07-19 04:40:04,646.01,647.70,652.20,626.00,22267862,-18.53,-2.00,23.49,腾讯财经
2026-07-19 04:50:03,646.01,647.70,652.20,626.00,22267862,-18.53,-2.00,23.49,腾讯财经
2026-07-19 05:00:00,646.01,647.70,652.20,626.00,22267862,-18.53,-2.00,23.49,腾讯财经
2026-07-19 05:10:02,646.01,647.70,652.20,626.00,22267862,-18.53,-2.00,23.49,腾讯财经
2026-07-19 05:20:05,646.01,647.70,652.20,626.00,22267862,-18.53,-2.00,23.49,腾讯财经
2026-07-19 05:30:00,646.01,647.70,652.20,626.00,22267862,-18.53,-2.00,23.49,腾讯财经
2026-07-19 05:40:00,646.01,647.70,652.20,626.00,22267862,-18.53,-2.00,23.49,腾讯财经
2026-07-19 05:50:05,646.01,647.70,652.20,626.00,22267862,-18.53,-2.00,23.49,腾讯财经
2026-07-19 06:00:00,646.01,647.70,652.20,626.00,22267862,-18.53,-2.00,23.49,腾讯财经
2026-07-19 06:10:01,646.01,647.70,652.20,626.00,22267862,-18.53,-2.00,23.49,腾讯财经
2026-07-19 06:20:03,646.01,647.70,652.20,626.00,22267862,-18.53,-2.00,23.49,腾讯财经
2026-07-19 06:30:00,646.01,647.70,652.20,626.00,22267862,-18.53,-2.00,23.49,腾讯财经
2026-07-19 06:40:04,646.01,647.70,652.20,626.00,22267862,-18.53,-2.00,23.49,腾讯财经
2026-07-19 06:50:03,646.01,647.70,652.20,626.00,22267862,-18.53,-2.00,23.49,腾讯财经
2026-07-19 07:00:00,646.01,647.70,652.20,626.00,22267862,-18.53,-2.00,23.49,腾讯财经
2026-07-19 07:10:03,646.01,647.70,652.20,626.00,22267862,-18.53,-2.00,23.49,腾讯财经
2026-07-19 07:20:03,646.01,647.70,652.20,626.00,22267862,-18.53,-2.00,23.49,腾讯财经
2026-07-19 07:30:00,646.01,647.70,652.20,626.00,22267862,-18.53,-2.00,23.49,腾讯财经
2026-07-19 07:40:00,646.01,647.70,652.20,626.00,22267862,-18.53,-2.00,23.49,腾讯财经
2026-07-19 07:50:03,646.01,647.70,652.20,626.00,22267862,-18.53,-2.00,23.49,腾讯财经
2026-07-19 08:00:02,646.01,647.70,652.20,626.00,22267862,-18.53,-2.00,23.49,腾讯财经
2026-07-19 08:10:04,646.01,647.70,652.20,626.00,22267862,-18.53,-2.00,23.49,腾讯财经
2026-07-19 08:20:03,646.01,647.70,652.20,626.00,22267862,-18.53,-2.00,23.49,腾讯财经
2026-07-19 08:30:00,646.01,647.70,652.20,626.00,22267862,-18.53,-2.00,23.49,腾讯财经
2026-07-19 08:40:03,646.01,647.70,652.20,626.00,22267862,-18.53,-2.00,23.49,腾讯财经
2026-07-19 08:50:03,646.01,647.70,652.20,626.00,22267862,-18.53,-2.00,23.49,腾讯财经
2026-07-19 09:00:00,646.01,647.70,652.20,626.00,22267862,-18.53,-2.00,23.49,腾讯财经
2026-07-19 09:10:01,646.01,647.70,652.20,626.00,22267862,-18.53,-2.00,23.49,腾讯财经
2026-07-19 09:20:03,646.01,647.70,652.20,626.00,22267862,-18.53,-2.00,23.49,腾讯财经
2026-07-19 09:30:00,646.01,647.70,652.20,626.00,22267862,-18.53,-2.00,23.49,腾讯财经
2026-07-19 09:40:00,646.01,647.70,652.20,626.00,22267862,-18.53,-2.00,23.49,腾讯财经
2026-07-19 09:50:03,646.01,647.70,652.20,626.00,22267862,-18.53,-2.00,23.49,腾讯财经
2026-07-19 10:00:00,646.01,647.70,652.20,626.00,22267862,-18.53,-2.00,23.49,腾讯财经
2026-07-19 10:10:01,646.01,647.70,652.20,626.00,22267862,-18.53,-2.00,23.49,腾讯财经
2026-07-19 10:20:03,646.01,647.70,652.20,626.00,22267862,-18.53,-2.00,23.49,腾讯财经
2026-07-19 10:30:00,646.01,647.70,652.20,626.00,22267862,-18.53,-2.00,23.49,腾讯财经
2026-07-19 10:40:00,646.01,647.70,652.20,626.00,22267862,-18.53,-2.00,23.49,腾讯财经
2026-07-19 10:50:04,646.01,647.70,652.20,626.00,22267862,-18.53,-2.00,23.49,腾讯财经
2026-07-19 11:00:05,646.01,647.70,652.20,626.00,22267862,-18.53,-2.00,23.49,腾讯财经
2026-07-19 11:10:00,646.01,647.70,652.20,626.00,22267862,-18.53,-2.00,23.49,腾讯财经
2026-07-19 11:20:03,646.01,647.70,652.20,626.00,22267862,-18.53,-2.00,23.49,腾讯财经
2026-07-19 11:30:05,646.01,647.70,652.20,626.00,22267862,-18.53,-2.00,23.49,腾讯财经
2026-07-19 11:40:00,646.01,647.70,652.20,626.00,22267862,-18.53,-2.00,23.49,腾讯财经
2026-07-19 11:50:03,646.01,647.70,652.20,626.00,22267862,-18.53,-2.00,23.49,腾讯财经
2026-07-19 12:00:00,646.01,647.70,652.20,626.00,22267862,-18.53,-2.00,23.49,腾讯财经
2026-07-19 12:10:00,646.01,647.70,652.20,626.00,22267862,-18.53,-2.00,23.49,腾讯财经
2026-07-19 12:20:03,646.01,647.70,652.20,626.00,22267862,-18.53,-2.00,23.49,腾讯财经
2026-07-19 12:30:02,646.01,647.70,652.20,626.00,22267862,-18.53,-2.00,23.49,腾讯财经
2026-07-19 12:40:02,646.01,647.70,652.20,626.00,22267862,-18.53,-2.00,23.49,腾讯财经
2026-07-19 12:50:05,646.01,647.70,652.20,626.00,22267862,-18.53,-2.00,23.49,腾讯财经
2026-07-19 13:00:03,646.01,647.70,652.20,626.00,22267862,-18.53,-2.00,23.49,腾讯财经
2026-07-19 13:10:04,646.01,647.70,652.20,626.00,22267862,-18.53,-2.00,23.49,腾讯财经
2026-07-19 13:20:03,646.01,647.70,652.20,626.00,22267862,-18.53,-2.00,23.49,腾讯财经
2026-07-19 13:30:00,646.01,647.70,652.20,626.00,22267862,-18.53,-2.00,23.49,腾讯财经
2026-07-19 13:40:01,646.01,647.70,652.20,626.00,22267862,-18.53,-2.00,23.49,腾讯财经
2026-07-19 13:50:05,646.01,647.70,652.20,626.00,22267862,-18.53,-2.00,23.49,腾讯财经
2026-07-19 14:00:02,646.01,647.70,652.20,626.00,22267862,-18.53,-2.00,23.49,腾讯财经
2026-07-19 14:10:04,646.01,647.70,652.20,626.00,22267862,-18.53,-2.00,23.49,腾讯财经
2026-07-19 14:20:03,646.01,647.70,652.20,626.00,22267862,-18.53,-2.00,23.49,腾讯财经
2026-07-19 14:30:03,646.01,647.70,652.20,626.00,22267862,-18.53,-2.00,23.49,腾讯财经
2026-07-19 14:40:00,646.01,647.70,652.20,626.00,22267862,-18.53,-2.00,23.49,腾讯财经
2026-07-19 14:50:03,646.01,647.70,652.20,626.00,22267862,-18.53,-2.00,23.49,腾讯财经
2026-07-19 15:00:00,646.01,647.70,652.20,626.00,22267862,-18.53,-2.00,23.49,腾讯财经
2026-07-19 15:10:00,646.01,647.70,652.20,626.00,22267862,-18.53,-2.00,23.49,腾讯财经
2026-07-19 15:20:03,646.01,647.70,652.20,626.00,22267862,-18.53,-2.00,23.49,腾讯财经
2026-07-19 15:30:02,646.01,647.70,652.20,626.00,22267862,-18.53,-2.00,23.49,腾讯财经
2026-07-19 15:40:00,646.01,647.70,652.20,626.00,22267862,-18.53,-2.00,23.49,腾讯财经
2026-07-19 15:50:03,646.01,647.70,652.20,626.00,22267862,-18.53,-2.00,23.49,腾讯财经
2026-07-19 16:00:00,646.01,647.70,652.20,626.00,22267862,-18.53,-2.00,23.49,腾讯财经
2026-07-19 16:10:01,646.01,647.70,652.20,626.00,22267862,-18.53,-2.00,23.49,腾讯财经
2026-07-19 16:20:04,646.01,647.70,652.20,626.00,22267862,-18.53,-2.00,23.49,腾讯财经
2026-07-19 16:30:00,646.01,647.70,652.20,626.00,22267862,-18.53,-2.00,23.49,腾讯财经
2026-07-19 16:40:00,646.01,647.70,652.20,626.00,22267862,-18.53,-2.00,23.49,腾讯财经
2026-07-19 16:50:03,646.01,647.70,652.20,626.00,22267862,-18.53,-2.00,23.49,腾讯财经
2026-07-19 17:00:00,646.01,647.70,652.20,626.00,22267862,-18.53,-2.00,23.49,腾讯财经
2026-07-19 17:10:00,646.01,647.70,652.20,626.00,22267862,-18.53,-2.00,23.49,腾讯财经
2026-07-19 17:20:03,646.01,647.70,652.20,626.00,22267862,-18.53,-2.00,23.49,腾讯财经
2026-07-19 17:30:00,646.01,647.70,652.20,626.00,22267862,-18.53,-2.00,23.49,腾讯财经
2026-07-19 17:40:00,646.01,647.70,652.20,626.00,22267862,-18.53,-2.00,23.49,腾讯财经
2026-07-19 17:50:05,646.01,647.70,652.20,626.00,22267862,-18.53,-2.00,23.49,腾讯财经
2026-07-19 18:00:00,646.01,647.70,652.20,626.00,22267862,-18.53,-2.00,23.49,腾讯财经
2026-07-19 18:10:02,646.01,647.70,652.20,626.00,22267862,-18.53,-2.00,23.49,腾讯财经
2026-07-19 18:20:03,646.01,647.70,652.20,626.00,22267862,-18.53,-2.00,23.49,腾讯财经
2026-07-19 18:30:00,646.01,647.70,652.20,626.00,22267862,-18.53,-2.00,23.49,腾讯财经
2026-07-19 18:40:00,646.01,647.70,652.20,626.00,22267862,-18.53,-2.00,23.49,腾讯财经
2026-07-19 18:50:03,646.01,647.70,652.20,626.00,22267862,-18.53,-2.00,23.49,腾讯财经
2026-07-19 19:00:00,646.01,647.70,652.20,626.00,22267862,-18.53,-2.00,23.49,腾讯财经
2026-07-19 19:10:04,646.01,647.70,652.20,626.00,22267862,-18.53,-2.00,23.49,腾讯财经
2026-07-19 19:20:03,646.01,647.70,652.20,626.00,22267862,-18.53,-2.00,23.49,腾讯财经
2026-07-19 19:30:02,646.01,647.70,652.20,626.00,22267862,-18.53,-2.00,23.49,腾讯财经
2026-07-19 19:40:05,646.01,647.70,652.20,626.00,22267862,-18.53,-2.00,23.49,腾讯财经
2026-07-19 19:50:05,646.01,647.70,652.20,626.00,22267862,-18.53,-2.00,23.49,腾讯财经
2026-07-19 20:00:05,646.01,647.70,652.20,626.00,22267862,-18.53,-2.00,23.49,腾讯财经
2026-07-19 20:10:01,646.01,647.70,652.20,626.00,22267862,-18.53,-2.00,23.49,腾讯财经
2026-07-19 20:20:03,646.01,647.70,652.20,626.00,22267862,-18.53,-2.00,23.49,腾讯财经
2026-07-19 20:30:00,646.01,647.70,652.20,626.00,22267862,-18.53,-2.00,23.49,腾讯财经
2026-07-19 20:40:03,646.01,647.70,652.20,626.00,22267862,-18.53,-2.00,23.49,腾讯财经
2026-07-19 20:50:03,646.01,647.70,652.20,626.00,22267862,-18.53,-2.00,23.49,腾讯财经
2026-07-20 08:40:04,646.01,647.70,652.20,626.00,22267862,-18.53,-2.00,23.49,腾讯财经
2026-07-20 08:50:05,646.01,647.70,652.20,626.00,22267862,-18.53,-2.00,23.49,腾讯财经
2026-07-20 09:00:04,646.01,647.70,652.20,626.00,22267862,-18.53,-2.00,23.49,腾讯财经
2026-07-20 09:10:00,646.01,647.70,652.20,626.00,22267862,-18.53,-2.00,23.49,腾讯财经
2026-07-20 09:20:05,646.01,647.70,652.20,626.00,22267862,-18.53,-2.00,23.49,腾讯财经
2026-07-20 09:30:05,646.01,647.70,652.20,626.00,22267862,-18.53,-2.00,23.49,腾讯财经
2026-07-20 09:40:04,646.01,647.70,652.20,626.00,22267862,-18.53,-2.00,23.49,腾讯财经
2026-07-20 09:50:04,646.01,647.70,652.20,626.00,22267862,-18.53,-2.00,23.49,腾讯财经
2026-07-20 10:00:05,646.01,647.70,652.20,626.00,22267862,-18.53,-2.00,23.49,腾讯财经
2026-07-20 10:10:00,646.01,647.70,652.20,626.00,22267862,-18.53,-2.00,23.49,腾讯财经
2026-07-20 10:20:00,646.01,647.70,652.20,626.00,22267862,-18.53,-2.00,23.49,腾讯财经
2026-07-20 10:30:02,646.01,647.70,652.20,626.00,22267862,-18.53,-2.00,23.49,腾讯财经
2026-07-20 10:40:00,646.01,647.70,652.20,626.00,22267862,-18.53,-2.00,23.49,腾讯财经
2026-07-20 10:50:01,646.01,647.70,652.20,626.00,22267862,-18.53,-2.00,23.49,腾讯财经
2026-07-20 11:00:04,646.01,647.70,652.20,626.00,22267862,-18.53,-2.00,23.49,腾讯财经
2026-07-20 11:10:05,646.01,647.70,652.20,626.00,22267862,-18.53,-2.00,23.49,腾讯财经
2026-07-20 11:20:05,646.01,647.70,652.20,626.00,22267862,-18.53,-2.00,23.49,腾讯财经
2026-07-20 11:30:02,646.01,647.70,652.20,626.00,22267862,-18.53,-2.00,23.49,腾讯财经
2026-07-20 11:40:04,646.01,647.70,652.20,626.00,22267862,-18.53,-2.00,23.49,腾讯财经
2026-07-20 11:50:00,646.01,647.70,652.20,626.00,22267862,-18.53,-2.00,23.49,腾讯财经
2026-07-20 12:00:04,646.01,647.70,652.20,626.00,22267862,-18.53,-2.00,23.49,腾讯财经
2026-07-20 12:10:00,646.01,647.70,652.20,626.00,22267862,-18.53,-2.00,23.49,腾讯财经
2026-07-20 12:20:04,646.01,647.70,652.20,626.00,22267862,-18.53,-2.00,23.49,腾讯财经
2026-07-20 12:30:03,646.01,647.70,652.20,626.00,22267862,-18.53,-2.00,23.49,腾讯财经
2026-07-20 12:40:00,646.01,647.70,652.20,626.00,22267862,-18.53,-2.00,23.49,腾讯财经
2026-07-20 12:50:00,646.01,647.70,652.20,626.00,22267862,-18.53,-2.00,23.49,腾讯财经
2026-07-20 13:00:00,646.01,647.70,652.20,626.00,22267862,-18.53,-2.00,23.49,腾讯财经
2026-07-20 13:10:05,646.01,647.70,652.20,626.00,22267862,-18.53,-2.00,23.49,腾讯财经
2026-07-20 13:20:01,646.01,647.70,652.20,626.00,22267862,-18.53,-2.00,23.49,腾讯财经
2026-07-20 13:30:00,646.01,647.70,652.20,626.00,22267862,-18.53,-2.00,23.49,腾讯财经
2026-07-20 13:40:05,646.01,647.70,652.20,626.00,22267862,-18.53,-2.00,23.49,腾讯财经
2026-07-20 13:50:00,646.01,647.70,652.20,626.00,22267862,-18.53,-2.00,23.49,腾讯财经
2026-07-20 14:00:00,646.01,647.70,652.20,626.00,22267862,-18.53,-2.00,23.49,腾讯财经
2026-07-20 14:10:04,646.01,647.70,652.20,626.00,22267862,-18.53,-2.00,23.49,腾讯财经
2026-07-20 14:20:02,646.01,647.70,652.20,626.00,22267862,-18.53,-2.00,23.49,腾讯财经
2026-07-20 14:30:01,646.01,647.70,652.20,626.00,22267862,-18.53,-2.00,23.49,腾讯财经
2026-07-20 14:40:04,646.01,647.70,652.20,626.00,22267862,-18.53,-2.00,23.49,腾讯财经
2026-07-20 14:50:03,646.01,647.70,652.20,626.00,22267862,-18.53,-2.00,23.49,腾讯财经
2026-07-20 15:00:00,646.01,647.70,652.20,626.00,22267862,-18.53,-2.00,23.49,腾讯财经
2026-07-20 15:10:00,646.01,647.70,652.20,626.00,22267862,-18.53,-2.00,23.49,腾讯财经
2026-07-20 15:20:00,646.01,647.70,652.20,626.00,22267862,-18.53,-2.00,23.49,腾讯财经
2026-07-20 15:30:01,646.01,647.70,652.20,626.00,22267862,-18.53,-2.00,23.49,腾讯财经
2026-07-20 15:40:01,646.01,647.70,652.20,626.00,22267862,-18.53,-2.00,23.49,腾讯财经
2026-07-20 15:50:00,646.01,647.70,652.20,626.00,22267862,-18.53,-2.00,23.49,腾讯财经
2026-07-20 16:00:04,646.01,647.70,652.20,626.00,22267862,-18.53,-2.00,23.49,腾讯财经
2026-07-20 16:10:01,646.01,647.70,652.20,626.00,22267862,-18.53,-2.00,23.49,腾讯财经
2026-07-20 16:20:01,646.01,647.70,652.20,626.00,22267862,-18.53,-2.00,23.49,腾讯财经
2026-07-20 16:30:05,646.01,647.70,652.20,626.00,22267862,-18.53,-2.00,23.49,腾讯财经
2026-07-20 16:40:00,646.01,647.70,652.20,626.00,22267862,-18.53,-2.00,23.49,腾讯财经
2026-07-20 16:50:01,646.01,647.70,652.20,626.00,22267862,-18.53,-2.00,23.49,腾讯财经
2026-07-20 17:00:04,646.01,647.70,652.20,626.00,22267862,-18.53,-2.00,23.49,腾讯财经
2026-07-20 17:10:00,646.01,647.70,652.20,626.00,22267862,-18.53,-2.00,23.49,腾讯财经
2026-07-20 17:20:01,646.01,647.70,652.20,626.00,22267862,-18.53,-2.00,23.49,腾讯财经
2026-07-20 17:30:01,646.01,647.70,652.20,626.00,22267862,-18.53,-2.00,23.49,腾讯财经
2026-07-20 18:17:59,646.01,647.70,652.20,626.00,22267862,-18.53,-2.00,23.49,腾讯财经
2026-07-20 18:20:00,646.01,647.70,652.20,626.00,22267862,-18.53,-2.00,23.49,腾讯财经
2026-07-20 18:30:04,646.01,647.70,652.20,626.00,22267862,-18.53,-2.00,23.49,腾讯财经
2026-07-20 18:40:03,646.01,647.70,652.20,626.00,22267862,-18.53,-2.00,23.49,腾讯财经
2026-07-20 18:50:05,646.01,647.70,652.20,626.00,22267862,-18.53,-2.00,23.49,腾讯财经
2026-07-20 19:00:05,646.01,647.70,652.20,626.00,22267862,-18.53,-2.00,23.49,腾讯财经
2026-07-20 19:10:03,646.01,647.70,652.20,626.00,22267862,-18.53,-2.00,23.49,腾讯财经
2026-07-20 19:20:05,646.01,647.70,652.20,626.00,22267862,-18.53,-2.00,23.49,腾讯财经
2026-07-20 19:30:00,646.01,647.70,652.20,626.00,22267862,-18.53,-2.00,23.49,腾讯财经
2026-07-20 19:40:00,646.01,647.70,652.20,626.00,22267862,-18.53,-2.00,23.49,腾讯财经
2026-07-20 19:50:03,646.01,647.70,652.20,626.00,22267862,-18.53,-2.00,23.49,腾讯财经
2026-07-20 20:00:02,646.01,647.70,652.20,626.00,22267862,-18.53,-2.00,23.49,腾讯财经
2026-07-20 20:10:04,646.01,647.70,652.20,626.00,22267862,-18.53,-2.00,23.49,腾讯财经
2026-07-20 20:20:03,646.01,647.70,652.20,626.00,22267862,-18.53,-2.00,23.49,腾讯财经
2026-07-20 20:30:02,646.01,647.70,652.20,626.00,22267862,-18.53,-2.00,23.49,腾讯财经
2026-07-20 20:40:00,646.01,647.70,652.20,626.00,22267862,-18.53,-2.00,23.49,腾讯财经
2026-07-20 20:50:01,646.01,647.70,652.20,626.00,22267862,-18.53,-2.00,23.49,腾讯财经
2026-07-20 21:00:03,646.01,647.70,652.20,626.00,22267862,-18.53,-2.00,23.49,腾讯财经
2026-07-20 21:10:00,646.01,647.70,652.20,626.00,22267862,-18.53,-2.00,23.49,腾讯财经
2026-07-20 21:20:05,646.01,647.70,652.20,626.00,22267862,-18.53,-2.00,23.49,腾讯财经
2026-07-20 21:30:00,646.01,0.00,0.00,0.00,140115,0,0,23.49,腾讯财经
2026-07-20 21:40:00,641.22,646.70,646.79,638.41,742191,-4.79,0,23.32,腾讯财经
2026-07-20 21:50:00,643.28,646.70,646.79,638.41,1095025,-2.73,0,23.39,腾讯财经
2026-07-20 22:00:04,637.63,646.70,646.79,636.01,1474037,-8.38,-1.00,23.19,腾讯财经
2026-07-20 22:10:05,641.32,646.70,646.79,636.01,1760101,-4.69,0,23.32,腾讯财经
2026-07-20 22:20:02,643.30,646.70,646.79,636.01,2055108,-2.71,0,23.39,腾讯财经
2026-07-20 22:30:00,642.24,646.70,646.79,636.01,2208507,-3.77,0,23.35,腾讯财经
2026-07-20 22:40:01,643.69,646.70,646.79,636.01,2465645,-2.32,0,23.41,腾讯财经
2026-07-20 22:50:00,642.87,646.70,646.79,636.01,2594538,-3.14,0,23.38,腾讯财经
2026-07-20 23:00:01,645.80,646.70,646.79,636.01,2772661,-.21,0,23.48,腾讯财经
2026-07-20 23:10:00,647.08,646.70,647.39,636.01,2978451,1.07,0,23.53,腾讯财经
2026-07-20 23:20:00,647.71,646.70,648.26,636.01,3141601,1.70,0,23.55,腾讯财经
2026-07-20 23:30:02,647.58,646.70,648.96,636.01,3313546,1.57,0,23.55,腾讯财经
2026-07-20 23:40:01,648.80,646.70,648.96,636.01,3435223,2.79,0,23.59,腾讯财经
2026-07-20 23:50:02,647.68,646.70,649.77,636.01,3628354,1.67,0,23.55,腾讯财经
2026-07-21 00:00:00,647.11,646.70,649.77,636.01,3873281,1.10,0,23.53,腾讯财经
2026-07-21 00:10:04,647.85,646.70,649.77,636.01,4091607,1.84,0,23.56,腾讯财经
2026-07-21 00:20:00,647.56,646.70,649.77,636.01,4241828,1.55,0,23.55,腾讯财经
2026-07-21 00:30:00,652.00,646.70,652.00,636.01,4455449,5.99,0,23.71,腾讯财经
2026-07-21 00:40:02,652.15,646.70,653.30,636.01,4719854,6.14,0,23.71,腾讯财经
2026-07-21 00:50:04,652.12,646.70,653.30,636.01,4926526,6.11,0,23.71,腾讯财经
2026-07-21 01:00:01,651.67,646.70,653.30,636.01,5025440,5.66,0,23.70,腾讯财经
2026-07-21 01:10:05,650.65,646.70,653.30,636.01,5147197,4.64,0,23.66,腾讯财经
2026-07-21 01:20:00,649.00,646.70,653.30,636.01,5267157,2.99,0,23.60,腾讯财经
2026-07-21 01:30:03,649.85,646.70,653.30,636.01,5373511,3.84,0,23.63,腾讯财经
2026-07-21 01:40:03,648.19,646.70,653.30,636.01,5505859,2.18,0,23.57,腾讯财经
2026-07-21 01:50:05,647.89,646.70,653.30,636.01,5626236,1.88,0,23.56,腾讯财经
2026-07-21 02:00:00,647.91,646.70,653.30,636.01,5698532,1.90,0,23.56,腾讯财经
2026-07-21 02:10:00,648.59,646.70,653.30,636.01,5828584,2.58,0,23.59,腾讯财经
2026-07-21 02:20:05,649.33,646.70,653.30,636.01,5939167,3.32,0,23.61,腾讯财经
2026-07-21 02:30:00,648.51,646.70,653.30,636.01,6050560,2.50,0,23.58,腾讯财经
2026-07-21 02:40:00,648.69,646.70,653.30,636.01,6133460,2.68,0,23.59,腾讯财经
2026-07-21 02:50:02,646.85,646.70,653.30,636.01,6307238,.84,0,23.52,腾讯财经
2026-07-21 03:00:04,648.31,646.70,653.30,636.01,6718416,2.30,0,23.57,腾讯财经
2026-07-21 03:10:00,649.25,646.70,653.30,636.01,6842768,3.24,0,23.61,腾讯财经
2026-07-21 03:20:00,648.06,646.70,653.30,636.01,6988295,2.05,0,23.57,腾讯财经
2026-07-21 03:30:00,648.83,646.70,653.30,636.01,7113851,2.82,0,23.59,腾讯财经
2026-07-21 03:40:03,649.84,646.70,653.30,636.01,7251242,3.83,0,23.63,腾讯财经
2026-07-21 03:50:00,649.91,646.70,653.30,636.01,7422010,3.90,0,23.63,腾讯财经
2026-07-21 04:00:00,645.68,646.70,653.30,636.01,8071462,-.33,0,23.48,腾讯财经
2026-07-21 04:10:02,645.85,646.70,653.30,636.01,9920968,-.16,0,23.49,腾讯财经
2026-07-21 04:20:01,645.85,646.70,653.30,636.01,9940009,-.16,0,23.49,腾讯财经
2026-07-21 04:30:00,645.85,646.70,653.30,636.01,9956036,-.16,0,23.49,腾讯财经
2026-07-21 04:40:03,645.85,646.70,653.30,636.01,9959161,-.16,0,23.49,腾讯财经
2026-07-21 04:50:00,645.85,646.70,653.30,636.01,10027246,-.16,0,23.49,腾讯财经
2026-07-21 05:00:01,645.85,646.70,653.30,636.01,10029504,-.16,0,23.49,腾讯财经
2026-07-21 05:10:05,645.85,646.70,653.30,636.01,10053003,-.16,0,23.49,腾讯财经
2026-07-21 05:20:01,645.85,646.70,653.30,636.01,10054801,-.16,0,23.49,腾讯财经
2026-07-21 05:30:00,645.85,646.70,653.30,636.01,10193518,-.16,0,23.49,腾讯财经
2026-07-21 05:40:05,645.85,646.70,653.30,636.01,10196065,-.16,0,23.49,腾讯财经
2026-07-21 05:50:00,645.85,646.70,653.30,636.01,10196848,-.16,0,23.49,腾讯财经
2026-07-21 06:00:00,645.85,646.70,653.30,636.01,10197560,-.16,0,23.49,腾讯财经
2026-07-21 06:10:00,645.85,646.70,653.30,636.01,10199212,-.16,0,23.49,腾讯财经
2026-07-21 06:20:04,645.85,646.70,653.30,636.01,10201330,-.16,0,23.49,腾讯财经
2026-07-21 06:30:04,645.85,646.70,653.30,636.01,10202978,-.16,0,23.49,腾讯财经
2026-07-21 06:40:01,645.85,646.70,653.30,636.01,10205197,-.16,0,23.49,腾讯财经
2026-07-21 06:50:00,645.85,646.70,653.30,636.01,10205823,-.16,0,23.49,腾讯财经
2026-07-21 07:00:00,645.85,646.70,653.30,636.01,10208726,-.16,0,23.49,腾讯财经
2026-07-21 07:10:00,645.85,646.70,653.30,636.01,10210524,-.16,0,23.49,腾讯财经
2026-07-21 07:20:01,645.85,646.70,653.30,636.01,10212833,-.16,0,23.49,腾讯财经
2026-07-21 07:30:02,645.85,646.70,653.30,636.01,10217424,-.16,0,23.49,腾讯财经
2026-07-21 07:40:03,645.85,646.70,653.30,636.01,10220256,-.16,0,23.49,腾讯财经
2026-07-21 07:50:02,645.85,646.70,653.30,636.01,10221921,-.16,0,23.49,腾讯财经
2026-07-21 08:40:05,645.85,646.70,653.30,636.01,10225186,-.16,0,23.49,腾讯财经
2026-07-21 08:50:00,645.85,646.70,653.30,636.01,10225186,-.16,0,23.49,腾讯财经
2026-07-21 09:00:00,645.85,646.70,653.30,636.01,10225186,-.16,0,23.49,腾讯财经
2026-07-21 09:10:03,645.85,646.70,653.30,636.01,10225186,-.16,0,23.49,腾讯财经
2026-07-21 09:20:04,645.85,646.70,653.30,636.01,10225186,-.16,0,23.49,腾讯财经
2026-07-21 09:30:05,645.85,646.70,653.30,636.01,10225186,-.16,0,23.49,腾讯财经
2026-07-21 09:40:01,645.85,646.70,653.30,636.01,10225186,-.16,0,23.49,腾讯财经
2026-07-21 09:50:02,645.85,646.70,653.30,636.01,10225186,-.16,0,23.49,腾讯财经
2026-07-21 10:00:02,645.85,646.70,653.30,636.01,10225186,-.16,0,23.49,腾讯财经
2026-07-21 10:10:01,645.85,646.70,653.30,636.01,10225186,-.16,0,23.49,腾讯财经
2026-07-21 10:20:04,645.85,646.70,653.30,636.01,10225186,-.16,0,23.49,腾讯财经
2026-07-21 10:30:02,645.85,646.70,653.30,636.01,10225186,-.16,0,23.49,腾讯财经
2026-07-21 10:40:04,645.85,646.70,653.30,636.01,10225186,-.16,0,23.49,腾讯财经
2026-07-21 10:50:00,645.85,646.70,653.30,636.01,10225186,-.16,0,23.49,腾讯财经
2026-07-21 11:00:00,645.85,646.70,653.30,636.01,10225186,-.16,0,23.49,腾讯财经
2026-07-21 11:10:00,645.85,646.70,653.30,636.01,10225186,-.16,0,23.49,腾讯财经
2026-07-21 11:20:00,645.85,646.70,653.30,636.01,10225186,-.16,0,23.49,腾讯财经
2026-07-21 11:30:00,645.85,646.70,653.30,636.01,10225186,-.16,0,23.49,腾讯财经
2026-07-21 11:40:00,645.85,646.70,653.30,636.01,10225186,-.16,0,23.49,腾讯财经
2026-07-21 11:50:04,645.85,646.70,653.30,636.01,10225186,-.16,0,23.49,腾讯财经
2026-07-21 12:00:04,645.85,646.70,653.30,636.01,10225186,-.16,0,23.49,腾讯财经
2026-07-21 12:10:00,645.85,646.70,653.30,636.01,10225186,-.16,0,23.49,腾讯财经
2026-07-21 12:20:00,645.85,646.70,653.30,636.01,10225186,-.16,0,23.49,腾讯财经
2026-07-21 12:30:03,645.85,646.70,653.30,636.01,10225186,-.16,0,23.49,腾讯财经
2026-07-21 12:40:04,645.85,646.70,653.30,636.01,10225186,-.16,0,23.49,腾讯财经
2026-07-21 12:50:00,645.85,646.70,653.30,636.01,10225186,-.16,0,23.49,腾讯财经
2026-07-21 13:00:00,645.85,646.70,653.30,636.01,10225186,-.16,0,23.49,腾讯财经
2026-07-21 13:10:04,645.85,646.70,653.30,636.01,10225186,-.16,0,23.49,腾讯财经
2026-07-21 13:20:01,645.85,646.70,653.30,636.01,10225186,-.16,0,23.49,腾讯财经
2026-07-21 13:30:05,645.85,646.70,653.30,636.01,10225186,-.16,0,23.49,腾讯财经
2026-07-21 13:40:01,645.85,646.70,653.30,636.01,10225186,-.16,0,23.49,腾讯财经
2026-07-21 13:50:00,645.85,646.70,653.30,636.01,10225186,-.16,0,23.49,腾讯财经
2026-07-21 14:00:01,645.85,646.70,653.30,636.01,10225186,-.16,0,23.49,腾讯财经
2026-07-21 14:10:05,645.85,646.70,653.30,636.01,10225186,-.16,0,23.49,腾讯财经
2026-07-21 14:20:00,645.85,646.70,653.30,636.01,10225186,-.16,0,23.49,腾讯财经
2026-07-21 14:30:01,645.85,646.70,653.30,636.01,10225186,-.16,0,23.49,腾讯财经
2026-07-21 14:40:00,645.85,646.70,653.30,636.01,10225186,-.16,0,23.49,腾讯财经
2026-07-21 14:50:00,645.85,646.70,653.30,636.01,10225186,-.16,0,23.49,腾讯财经
2026-07-21 15:00:03,645.85,646.70,653.30,636.01,10225186,-.16,0,23.49,腾讯财经
2026-07-21 15:10:05,645.85,646.70,653.30,636.01,10225186,-.16,0,23.49,腾讯财经
2026-07-21 15:20:01,645.85,646.70,653.30,636.01,10225186,-.16,0,23.49,腾讯财经
2026-07-21 15:30:03,645.85,646.70,653.30,636.01,10225186,-.16,0,23.49,腾讯财经
2026-07-21 15:40:02,645.85,646.70,653.30,636.01,10225186,-.16,0,23.49,腾讯财经
2026-07-21 15:50:00,645.85,646.70,653.30,636.01,10225186,-.16,0,23.49,腾讯财经
2026-07-21 16:00:00,645.85,646.70,653.30,636.01,10225186,-.16,0,23.49,腾讯财经
2026-07-21 16:10:00,645.85,646.70,653.30,636.01,10225186,-.16,0,23.49,腾讯财经
2026-07-21 16:20:00,645.85,646.70,653.30,636.01,10225186,-.16,0,23.49,腾讯财经
2026-07-21 16:30:00,645.85,646.70,653.30,636.01,10225186,-.16,0,23.49,腾讯财经
2026-07-21 16:40:00,645.85,646.70,653.30,636.01,10225186,-.16,0,23.49,腾讯财经
2026-07-21 16:50:04,645.85,646.70,653.30,636.01,10225186,-.16,0,23.49,腾讯财经
2026-07-21 17:00:00,645.85,646.70,653.30,636.01,10225186,-.16,0,23.49,腾讯财经
2026-07-21 17:10:04,645.85,646.70,653.30,636.01,10225186,-.16,0,23.49,腾讯财经
2026-07-21 17:20:01,645.85,646.70,653.30,636.01,10225186,-.16,0,23.49,腾讯财经
2026-07-21 17:30:01,645.85,646.70,653.30,636.01,10225186,-.16,0,23.49,腾讯财经
2026-07-21 18:32:23,645.85,646.70,653.30,636.01,10225186,-.16,0,23.49,腾讯财经
2026-07-21 18:40:04,645.85,646.70,653.30,636.01,10225186,-.16,0,23.49,腾讯财经
2026-07-21 18:50:04,645.85,646.70,653.30,636.01,10225186,-.16,0,23.49,腾讯财经
2026-07-21 19:00:00,645.85,646.70,653.30,636.01,10225186,-.16,0,23.49,腾讯财经
2026-07-21 19:10:00,645.85,646.70,653.30,636.01,10225186,-.16,0,23.49,腾讯财经
2026-07-21 19:20:02,645.85,646.70,653.30,636.01,10225186,-.16,0,23.49,腾讯财经
2026-07-21 19:30:04,645.85,646.70,653.30,636.01,10225186,-.16,0,23.49,腾讯财经
2026-07-21 19:40:04,645.85,646.70,653.30,636.01,10225186,-.16,0,23.49,腾讯财经
2026-07-21 19:50:00,645.85,646.70,653.30,636.01,10225186,-.16,0,23.49,腾讯财经
2026-07-21 20:00:00,645.85,646.70,653.30,636.01,10225186,-.16,0,23.49,腾讯财经
2026-07-21 20:10:04,645.85,646.70,653.30,636.01,10225186,-.16,0,23.49,腾讯财经
2026-07-21 20:20:03,645.85,646.70,653.30,636.01,10225186,-.16,0,23.49,腾讯财经
2026-07-21 20:30:01,645.85,646.70,653.30,636.01,10225186,-.16,0,23.49,腾讯财经
2026-07-21 20:40:00,645.85,646.70,653.30,636.01,10225186,-.16,0,23.49,腾讯财经
2026-07-21 20:50:00,645.85,646.70,653.30,636.01,10225186,-.16,0,23.49,腾讯财经
2026-07-21 21:00:00,645.85,646.70,653.30,636.01,10225186,-.16,0,23.49,腾讯财经
2026-07-21 21:10:04,645.85,646.70,653.30,636.01,10225186,-.16,0,23.49,腾讯财经
2026-07-21 21:20:00,645.85,646.70,653.30,636.01,10225186,-.16,0,23.49,腾讯财经
2026-07-21 21:30:03,645.85,0.00,0.00,0.00,207110,0,0,23.49,腾讯财经
2026-07-21 21:40:04,644.30,654.13,655.88,643.20,799439,-1.55,0,23.43,腾讯财经
2026-07-21 21:50:00,649.91,654.18,655.88,643.20,1167333,4.06,0,23.63,腾讯财经
2026-07-21 22:00:00,648.16,654.18,655.88,643.20,1330944,2.31,0,23.57,腾讯财经
2026-07-21 22:10:04,648.23,654.18,655.88,643.20,1475533,2.38,0,23.57,腾讯财经
2026-07-21 22:20:02,646.21,654.18,655.88,643.20,1618004,.36,0,23.50,腾讯财经
2026-07-21 22:30:04,646.57,654.18,655.88,643.20,1739923,.72,0,23.51,腾讯财经
2026-07-21 22:40:00,647.31,654.18,655.88,643.20,1831846,1.46,0,23.54,腾讯财经
2026-07-21 22:50:04,649.34,654.18,655.88,643.20,1988335,3.49,0,23.61,腾讯财经
2026-07-21 23:00:00,647.58,654.18,655.88,643.20,2082280,1.73,0,23.55,腾讯财经
2026-07-21 23:10:00,647.60,654.18,655.88,643.20,2225529,1.75,0,23.55,腾讯财经
2026-07-21 23:20:00,647.21,654.18,655.88,643.20,2327527,1.36,0,23.53,腾讯财经
2026-07-21 23:30:00,647.52,654.18,655.88,643.20,2451689,1.67,0,23.55,腾讯财经
2026-07-21 23:40:00,648.36,654.18,655.88,643.20,2546071,2.51,0,23.58,腾讯财经
2026-07-21 23:50:00,647.71,654.18,655.88,643.20,2629576,1.86,0,23.55,腾讯财经
2026-07-22 00:00:01,647.41,654.18,655.88,643.20,2711968,1.56,0,23.54,腾讯财经
2026-07-22 00:10:00,646.82,654.18,655.88,643.20,2814474,.97,0,23.52,腾讯财经
2026-07-22 00:20:02,647.27,654.18,655.88,643.20,2929590,1.42,0,23.54,腾讯财经
2026-07-22 00:30:04,647.55,654.18,655.88,643.20,3014685,1.70,0,23.55,腾讯财经
2026-07-22 00:40:00,647.90,654.18,655.88,643.20,3152251,2.05,0,23.56,腾讯财经
2026-07-22 00:50:00,648.11,654.18,655.88,643.20,3290187,2.26,0,23.57,腾讯财经
2026-07-22 01:00:00,648.29,654.18,655.88,643.20,3444407,2.44,0,23.57,腾讯财经
2026-07-22 01:10:02,646.42,654.18,655.88,643.20,3617127,.57,0,23.51,腾讯财经
2026-07-22 01:20:00,646.34,654.18,655.88,643.20,3761811,.49,0,23.50,腾讯财经
2026-07-22 01:30:01,646.67,654.18,655.88,643.20,3863667,.82,0,23.52,腾讯财经
2026-07-22 01:40:00,646.87,654.18,655.88,643.20,4001198,1.02,0,23.52,腾讯财经
2026-07-22 01:50:01,647.10,654.18,655.88,643.20,4173287,1.25,0,23.53,腾讯财经
2026-07-22 02:00:00,647.53,654.18,655.88,643.20,4255003,1.68,0,23.55,腾讯财经
2026-07-22 02:10:00,647.06,654.18,655.88,643.20,4351956,1.21,0,23.53,腾讯财经
2026-07-22 02:20:00,647.20,654.18,655.88,643.20,4458676,1.35,0,23.53,腾讯财经
2026-07-22 02:30:00,647.51,654.18,655.88,643.20,4539309,1.66,0,23.55,腾讯财经
2026-07-22 02:40:04,646.39,654.18,655.88,643.20,4735642,.54,0,23.51,腾讯财经
2026-07-22 02:50:00,647.38,654.18,655.88,643.20,4840581,1.53,0,23.54,腾讯财经
2026-07-22 03:00:00,646.83,654.18,655.88,643.20,4972502,.98,0,23.52,腾讯财经
2026-07-22 03:10:00,648.56,654.18,655.88,643.20,5094116,2.71,0,23.58,腾讯财经
2026-07-22 03:20:00,647.97,654.18,655.88,643.20,5196847,2.12,0,23.56,腾讯财经
2026-07-22 03:30:02,649.16,654.18,655.88,643.20,5333763,3.31,0,23.61,腾讯财经
2026-07-22 03:40:00,647.31,654.18,655.88,643.20,5596627,1.46,0,23.54,腾讯财经
2026-07-22 03:50:00,647.30,654.18,655.88,643.20,5764002,1.45,0,23.54,腾讯财经
2026-07-22 04:00:00,643.99,654.18,655.88,643.20,6325250,-1.86,0,23.42,腾讯财经
2026-07-22 04:10:05,643.81,654.18,655.88,643.20,7897416,-2.04,0,23.41,腾讯财经
2026-07-22 04:20:00,643.81,654.18,655.88,643.20,8402402,-2.04,0,23.41,腾讯财经
2026-07-22 04:30:00,643.81,654.18,655.88,643.20,8425588,-2.04,0,23.41,腾讯财经
2026-07-22 04:40:00,643.81,654.18,655.88,643.20,8431029,-2.04,0,23.41,腾讯财经
2026-07-22 04:50:04,643.81,654.18,655.88,643.20,9066617,-2.04,0,23.41,腾讯财经
2026-07-22 05:00:00,643.81,654.18,655.88,643.20,9087827,-2.04,0,23.41,腾讯财经
2026-07-22 05:10:01,643.81,654.18,655.88,643.20,9091214,-2.04,0,23.41,腾讯财经
2026-07-22 05:20:00,643.81,654.18,655.88,643.20,9094623,-2.04,0,23.41,腾讯财经
2026-07-22 05:30:04,643.81,654.18,655.88,643.20,9098550,-2.04,0,23.41,腾讯财经
2026-07-22 05:40:03,643.81,654.18,655.88,643.20,9101777,-2.04,0,23.41,腾讯财经
2026-07-22 05:50:00,643.81,654.18,655.88,643.20,9102840,-2.04,0,23.41,腾讯财经
2026-07-22 06:00:00,643.81,654.18,655.88,643.20,9105373,-2.04,0,23.41,腾讯财经
2026-07-22 06:10:04,643.81,654.18,655.88,643.20,9107816,-2.04,0,23.41,腾讯财经
2026-07-22 06:20:01,643.81,654.18,655.88,643.20,9109100,-2.04,0,23.41,腾讯财经
2026-07-22 06:30:02,643.81,654.18,655.88,643.20,9113043,-2.04,0,23.41,腾讯财经
2026-07-22 06:40:00,643.81,654.18,655.88,643.20,9116635,-2.04,0,23.41,腾讯财经
2026-07-22 06:50:00,643.81,654.18,655.88,643.20,9119075,-2.04,0,23.41,腾讯财经
2026-07-22 07:00:00,643.81,654.18,655.88,643.20,9120994,-2.04,0,23.41,腾讯财经
2026-07-22 07:10:03,643.81,654.18,655.88,643.20,9126027,-2.04,0,23.41,腾讯财经
2026-07-22 07:20:05,643.81,654.18,655.88,643.20,9130739,-2.04,0,23.41,腾讯财经
2026-07-22 07:30:01,643.81,654.18,655.88,643.20,9133294,-2.04,0,23.41,腾讯财经
2026-07-22 07:40:04,643.81,654.18,655.88,643.20,9135567,-2.04,0,23.41,腾讯财经
2026-07-22 07:50:01,643.81,654.18,655.88,643.20,9138576,-2.04,0,23.41,腾讯财经
2026-07-22 08:44:25,643.81,654.18,655.88,643.20,9140455,-2.04,0,23.41,腾讯财经
2026-07-22 08:50:05,643.81,654.18,655.88,643.20,9140455,-2.04,0,23.41,腾讯财经
2026-07-22 09:00:03,643.81,654.18,655.88,643.20,9140455,-2.04,0,23.41,腾讯财经
2026-07-22 09:10:01,643.81,654.18,655.88,643.20,9140455,-2.04,0,23.41,腾讯财经
2026-07-22 09:20:00,643.81,654.18,655.88,643.20,9140455,-2.04,0,23.41,腾讯财经
2026-07-22 09:30:00,643.81,654.18,655.88,643.20,9140455,-2.04,0,23.41,腾讯财经
2026-07-22 09:40:03,643.81,654.18,655.88,643.20,9140455,-2.04,0,23.41,腾讯财经
2026-07-22 09:50:00,643.81,654.18,655.88,643.20,9140455,-2.04,0,23.41,腾讯财经
2026-07-22 10:00:00,643.81,654.18,655.88,643.20,9140455,-2.04,0,23.41,腾讯财经
2026-07-22 10:10:03,643.81,654.18,655.88,643.20,9140455,-2.04,0,23.41,腾讯财经
2026-07-22 10:20:05,643.81,654.18,655.88,643.20,9140455,-2.04,0,23.41,腾讯财经
2026-07-22 10:30:00,643.81,654.18,655.88,643.20,9140455,-2.04,0,23.41,腾讯财经
2026-07-22 10:40:02,643.81,654.18,655.88,643.20,9140455,-2.04,0,23.41,腾讯财经
2026-07-22 10:50:02,643.81,654.18,655.88,643.20,9140455,-2.04,0,23.41,腾讯财经
2026-07-22 11:00:00,643.81,654.18,655.88,643.20,9140455,-2.04,0,23.41,腾讯财经
2026-07-22 11:10:05,643.81,654.18,655.88,643.20,9140455,-2.04,0,23.41,腾讯财经
2026-07-22 11:20:05,643.81,654.18,655.88,643.20,9140455,-2.04,0,23.41,腾讯财经
2026-07-22 11:30:04,643.81,654.18,655.88,643.20,9140455,-2.04,0,23.41,腾讯财经
2026-07-22 11:40:04,643.81,654.18,655.88,643.20,9140455,-2.04,0,23.41,腾讯财经
2026-07-22 11:50:04,643.81,654.18,655.88,643.20,9140455,-2.04,0,23.41,腾讯财经
2026-07-22 12:00:05,643.81,654.18,655.88,643.20,9140455,-2.04,0,23.41,腾讯财经
2026-07-22 12:10:05,643.81,654.18,655.88,643.20,9140455,-2.04,0,23.41,腾讯财经
2026-07-22 12:20:04,643.81,654.18,655.88,643.20,9140455,-2.04,0,23.41,腾讯财经
2026-07-22 12:30:05,643.81,654.18,655.88,643.20,9140455,-2.04,0,23.41,腾讯财经
2026-07-22 12:40:04,643.81,654.18,655.88,643.20,9140455,-2.04,0,23.41,腾讯财经
2026-07-22 12:50:05,643.81,654.18,655.88,643.20,9140455,-2.04,0,23.41,腾讯财经
2026-07-22 13:00:05,643.81,654.18,655.88,643.20,9140455,-2.04,0,23.41,腾讯财经
2026-07-22 13:10:04,643.81,654.18,655.88,643.20,9140455,-2.04,0,23.41,腾讯财经
2026-07-22 13:20:04,643.81,654.18,655.88,643.20,9140455,-2.04,0,23.41,腾讯财经
2026-07-22 13:30:04,643.81,654.18,655.88,643.20,9140455,-2.04,0,23.41,腾讯财经
2026-07-22 13:40:05,643.81,654.18,655.88,643.20,9140455,-2.04,0,23.41,腾讯财经
2026-07-22 13:50:04,643.81,654.18,655.88,643.20,9140455,-2.04,0,23.41,腾讯财经
2026-07-22 14:00:04,643.81,654.18,655.88,643.20,9140455,-2.04,0,23.41,腾讯财经
2026-07-22 14:10:04,643.81,654.18,655.88,643.20,9140455,-2.04,0,23.41,腾讯财经
2026-07-22 14:20:04,643.81,654.18,655.88,643.20,9140455,-2.04,0,23.41,腾讯财经
2026-07-22 14:30:04,643.81,654.18,655.88,643.20,9140455,-2.04,0,23.41,腾讯财经
2026-07-22 14:40:04,643.81,654.18,655.88,643.20,9140455,-2.04,0,23.41,腾讯财经
2026-07-22 14:50:05,643.81,654.18,655.88,643.20,9140455,-2.04,0,23.41,腾讯财经
2026-07-22 15:00:04,643.81,654.18,655.88,643.20,9140455,-2.04,0,23.41,腾讯财经
2026-07-22 15:10:05,643.81,654.18,655.88,643.20,9140455,-2.04,0,23.41,腾讯财经
2026-07-22 15:20:05,643.81,654.18,655.88,643.20,9140455,-2.04,0,23.41,腾讯财经
2026-07-22 15:30:04,643.81,654.18,655.88,643.20,9140455,-2.04,0,23.41,腾讯财经
2026-07-22 15:40:04,643.81,654.18,655.88,643.20,9140455,-2.04,0,23.41,腾讯财经
2026-07-22 15:50:04,643.81,654.18,655.88,643.20,9140455,-2.04,0,23.41,腾讯财经
2026-07-22 16:00:04,643.81,654.18,655.88,643.20,9140455,-2.04,0,23.41,腾讯财经
2026-07-22 16:10:04,643.81,654.18,655.88,643.20,9140455,-2.04,0,23.41,腾讯财经
2026-07-22 16:20:04,643.81,654.18,655.88,643.20,9140455,-2.04,0,23.41,腾讯财经
2026-07-22 16:30:04,643.81,654.18,655.88,643.20,9140455,-2.04,0,23.41,腾讯财经
2026-07-22 16:40:04,643.81,654.18,655.88,643.20,9140455,-2.04,0,23.41,腾讯财经
2026-07-22 16:50:04,643.81,654.18,655.88,643.20,9140455,-2.04,0,23.41,腾讯财经
2026-07-22 17:00:01,643.81,654.18,655.88,643.20,9140455,-2.04,0,23.41,腾讯财经
2026-07-22 17:10:00,643.81,654.18,655.88,643.20,9140455,-2.04,0,23.41,腾讯财经
2026-07-22 17:20:05,643.81,654.18,655.88,643.20,9140455,-2.04,0,23.41,腾讯财经
2026-07-22 17:30:00,643.81,654.18,655.88,643.20,9140455,-2.04,0,23.41,腾讯财经
2026-07-22 18:42:40,643.81,654.18,655.88,643.20,9140455,-2.04,0,23.41,腾讯财经
2026-07-22 18:50:04,643.81,654.18,655.88,643.20,9140455,-2.04,0,23.41,腾讯财经
2026-07-22 19:00:00,643.81,654.18,655.88,643.20,9140455,-2.04,0,23.41,腾讯财经
2026-07-22 19:10:01,643.81,654.18,655.88,643.20,9140455,-2.04,0,23.41,腾讯财经
2026-07-22 19:20:00,643.81,654.18,655.88,643.20,9140455,-2.04,0,23.41,腾讯财经
2026-07-22 19:30:00,643.81,654.18,655.88,643.20,9140455,-2.04,0,23.41,腾讯财经
2026-07-22 19:40:02,643.81,654.18,655.88,643.20,9140455,-2.04,0,23.41,腾讯财经
2026-07-22 19:50:02,643.81,654.18,655.88,643.20,9140455,-2.04,0,23.41,腾讯财经
2026-07-22 20:00:03,643.81,654.18,655.88,643.20,9140455,-2.04,0,23.41,腾讯财经
2026-07-22 20:10:01,643.81,654.18,655.88,643.20,9140455,-2.04,0,23.41,腾讯财经
2026-07-22 20:20:03,643.81,654.18,655.88,643.20,9140455,-2.04,0,23.41,腾讯财经
2026-07-22 20:30:00,643.81,654.18,655.88,643.20,9140455,-2.04,0,23.41,腾讯财经
2026-07-22 20:40:00,643.81,654.18,655.88,643.20,9140455,-2.04,0,23.41,腾讯财经
2026-07-22 20:50:00,643.81,654.18,655.88,643.20,9140455,-2.04,0,23.41,腾讯财经
2026-07-22 21:00:00,643.81,654.18,655.88,643.20,9140455,-2.04,0,23.41,腾讯财经
2026-07-22 21:10:00,643.81,654.18,655.88,643.20,9140455,-2.04,0,23.41,腾讯财经
2026-07-22 21:20:03,643.81,654.18,655.88,643.20,9140455,-2.04,0,23.41,腾讯财经
2026-07-22 21:30:03,643.81,0.00,0.00,0.00,139575,0,0,23.41,腾讯财经
2026-07-22 21:40:03,635.47,647.70,649.00,634.88,725845,-8.34,-1.00,23.11,腾讯财经
2026-07-22 21:50:00,632.92,647.70,649.00,632.27,1155250,-10.89,-1.00,23.02,腾讯财经
2026-07-22 22:00:03,633.16,647.70,649.00,630.32,1544014,-10.65,-1.00,23.02,腾讯财经
2026-07-22 22:10:00,634.60,647.70,649.00,630.32,1846364,-9.21,-1.00,23.08,腾讯财经
2026-07-22 22:20:00,630.10,647.70,649.00,629.49,2171934,-13.71,-2.00,22.91,腾讯财经
2026-07-22 22:30:00,629.59,647.70,649.00,628.09,2463584,-14.22,-2.00,22.89,腾讯财经
2026-07-22 22:40:02,629.99,647.70,649.00,628.09,2680525,-13.82,-2.00,22.91,腾讯财经
2026-07-22 22:50:03,629.17,647.70,649.00,628.09,2858250,-14.64,-2.00,22.88,腾讯财经
2026-07-22 23:00:01,629.84,647.70,649.00,628.09,3078005,-13.97,-2.00,22.90,腾讯财经
2026-07-22 23:10:00,628.67,647.70,649.00,628.02,3307895,-15.14,-2.00,22.86,腾讯财经
2026-07-22 23:20:01,628.17,647.70,649.00,627.80,3537972,-15.64,-2.00,22.84,腾讯财经
2026-07-22 23:30:00,629.43,647.70,649.00,627.80,3747161,-14.38,-2.00,22.89,腾讯财经
2026-07-22 23:40:00,629.74,647.70,649.00,627.80,3933943,-14.07,-2.00,22.90,腾讯财经
2026-07-22 23:50:00,630.07,647.70,649.00,627.80,4093446,-13.74,-2.00,22.91,腾讯财经
2026-07-23 00:00:00,628.74,647.70,649.00,627.80,4367204,-15.07,-2.00,22.86,腾讯财经
2026-07-23 00:10:00,628.79,647.70,649.00,627.80,4493653,-15.02,-2.00,22.87,腾讯财经
2026-07-23 00:20:00,629.21,647.70,649.00,627.80,4632712,-14.60,-2.00,22.88,腾讯财经
2026-07-23 00:30:04,629.26,647.70,649.00,627.80,4717428,-14.55,-2.00,22.88,腾讯财经
2026-07-23 00:40:00,629.00,647.70,649.00,627.80,4847717,-14.81,-2.00,22.87,腾讯财经
2026-07-23 00:50:00,629.68,647.70,649.00,627.80,4943723,-14.13,-2.00,22.90,腾讯财经
2026-07-23 01:00:04,630.16,647.70,649.00,627.80,5034005,-13.65,-2.00,22.91,腾讯财经
2026-07-23 01:10:00,630.20,647.70,649.00,627.80,5135579,-13.61,-2.00,22.92,腾讯财经
2026-07-23 01:20:00,629.58,647.70,649.00,627.80,5224584,-14.23,-2.00,22.89,腾讯财经
2026-07-23 01:30:00,628.11,647.70,649.00,627.80,5370972,-15.70,-2.00,22.84,腾讯财经
2026-07-23 01:40:05,627.66,647.70,649.00,627.07,5562711,-16.15,-2.00,22.82,腾讯财经
2026-07-23 01:50:01,627.23,647.70,649.00,627.00,5666692,-16.58,-2.00,22.81,腾讯财经
2026-07-23 02:00:05,625.50,647.70,649.00,625.04,5846321,-18.31,-2.00,22.75,腾讯财经
2026-07-23 02:10:00,626.23,647.70,649.00,625.04,6017042,-17.58,-2.00,22.77,腾讯财经
2026-07-23 02:20:03,626.21,647.70,649.00,625.04,6117212,-17.60,-2.00,22.77,腾讯财经
2026-07-23 02:30:05,626.60,647.70,649.00,625.04,6212229,-17.21,-2.00,22.79,腾讯财经
2026-07-23 02:40:00,625.95,647.70,649.00,625.04,6364997,-17.86,-2.00,22.76,腾讯财经
2026-07-23 02:50:00,626.15,647.70,649.00,625.04,6445328,-17.66,-2.00,22.77,腾讯财经
2026-07-23 03:00:00,626.36,647.70,649.00,625.04,6549322,-17.45,-2.00,22.78,腾讯财经
2026-07-23 03:10:03,627.30,647.70,649.00,625.04,6718845,-16.51,-2.00,22.81,腾讯财经
2026-07-23 03:20:00,626.21,647.70,649.00,625.04,6950211,-17.60,-2.00,22.77,腾讯财经
2026-07-23 03:30:00,627.20,647.70,649.00,625.04,7097051,-16.61,-2.00,22.81,腾讯财经
2026-07-23 03:40:02,625.27,647.70,649.00,625.04,7280593,-18.54,-2.00,22.74,腾讯财经
2026-07-23 03:50:03,624.18,647.70,649.00,624.00,7595513,-19.63,-3.00,22.70,腾讯财经
2026-07-23 04:00:00,627.67,647.70,649.00,624.00,8498994,-16.14,-2.00,22.82,腾讯财经
2026-07-23 04:10:04,627.17,647.70,649.00,624.00,10527048,-16.64,-2.00,22.81,腾讯财经
2026-07-23 04:20:00,627.17,647.70,649.00,624.00,10557663,-16.64,-2.00,22.81,腾讯财经
2026-07-23 04:30:00,627.17,647.70,649.00,624.00,10571152,-16.64,-2.00,22.81,腾讯财经
2026-07-23 04:40:05,627.17,647.70,649.00,624.00,10588460,-16.64,-2.00,22.81,腾讯财经
2026-07-23 04:50:00,627.17,647.70,649.00,624.00,10600625,-16.64,-2.00,22.81,腾讯财经
2026-07-23 05:00:02,627.17,647.70,649.00,624.00,10616447,-16.64,-2.00,22.81,腾讯财经
2026-07-23 05:10:00,627.17,647.70,649.00,624.00,10678928,-16.64,-2.00,22.81,腾讯财经
2026-07-23 05:20:00,627.17,647.70,649.00,624.00,10728359,-16.64,-2.00,22.81,腾讯财经
2026-07-23 05:30:03,627.17,647.70,649.00,624.00,10905611,-16.64,-2.00,22.81,腾讯财经
2026-07-23 05:40:00,627.17,647.70,649.00,624.00,10917520,-16.64,-2.00,22.81,腾讯财经
2026-07-23 05:50:00,627.17,647.70,649.00,624.00,10926928,-16.64,-2.00,22.81,腾讯财经
2026-07-23 06:00:04,627.17,647.70,649.00,624.00,10936607,-16.64,-2.00,22.81,腾讯财经
2026-07-23 06:10:00,627.17,647.70,649.00,624.00,10949811,-16.64,-2.00,22.81,腾讯财经
2026-07-23 06:20:00,627.17,647.70,649.00,624.00,10957886,-16.64,-2.00,22.81,腾讯财经
2026-07-23 06:30:00,627.17,647.70,649.00,624.00,10963467,-16.64,-2.00,22.81,腾讯财经
2026-07-23 06:40:00,627.17,647.70,649.00,624.00,10971975,-16.64,-2.00,22.81,腾讯财经
2026-07-23 06:50:04,627.17,647.70,649.00,624.00,10978330,-16.64,-2.00,22.81,腾讯财经
2026-07-23 07:00:00,627.17,647.70,649.00,624.00,10984866,-16.64,-2.00,22.81,腾讯财经
2026-07-23 07:10:03,627.17,647.70,649.00,624.00,10990401,-16.64,-2.00,22.81,腾讯财经
2026-07-23 07:20:00,627.17,647.70,649.00,624.00,10993994,-16.64,-2.00,22.81,腾讯财经
2026-07-23 07:30:00,627.17,647.70,649.00,624.00,10998855,-16.64,-2.00,22.81,腾讯财经
2026-07-23 08:50:05,627.17,647.70,649.00,624.00,11019559,-16.64,-2.00,22.81,腾讯财经
2026-07-23 09:00:00,627.17,647.70,649.00,624.00,11019559,-16.64,-2.00,22.81,腾讯财经
2026-07-23 09:10:04,627.17,647.70,649.00,624.00,11019559,-16.64,-2.00,22.81,腾讯财经
2026-07-23 09:20:00,627.17,647.70,649.00,624.00,11019559,-16.64,-2.00,22.81,腾讯财经
2026-07-23 09:30:04,627.17,647.70,649.00,624.00,11019559,-16.64,-2.00,22.81,腾讯财经
2026-07-23 09:40:05,627.17,647.70,649.00,624.00,11019559,-16.64,-2.00,22.81,腾讯财经
2026-07-23 09:50:04,627.17,647.70,649.00,624.00,11019559,-16.64,-2.00,22.81,腾讯财经
2026-07-23 10:00:01,627.17,647.70,649.00,624.00,11019559,-16.64,-2.00,22.81,腾讯财经
2026-07-23 10:10:04,627.17,647.70,649.00,624.00,11019559,-16.64,-2.00,22.81,腾讯财经
2026-07-23 10:20:04,627.17,647.70,649.00,624.00,11019559,-16.64,-2.00,22.81,腾讯财经
2026-07-23 10:30:01,627.17,647.70,649.00,624.00,11019559,-16.64,-2.00,22.81,腾讯财经
2026-07-23 10:40:04,627.17,647.70,649.00,624.00,11019559,-16.64,-2.00,22.81,腾讯财经
2026-07-23 10:50:00,627.17,647.70,649.00,624.00,11019559,-16.64,-2.00,22.81,腾讯财经
2026-07-23 11:00:01,627.17,647.70,649.00,624.00,11019559,-16.64,-2.00,22.81,腾讯财经
2026-07-23 11:10:03,627.17,647.70,649.00,624.00,11019559,-16.64,-2.00,22.81,腾讯财经
2026-07-23 11:20:01,627.17,647.70,649.00,624.00,11019559,-16.64,-2.00,22.81,腾讯财经
2026-07-23 11:30:01,627.17,647.70,649.00,624.00,11019559,-16.64,-2.00,22.81,腾讯财经
2026-07-23 11:40:04,627.17,647.70,649.00,624.00,11019559,-16.64,-2.00,22.81,腾讯财经
2026-07-23 11:50:00,627.17,647.70,649.00,624.00,11019559,-16.64,-2.00,22.81,腾讯财经
2026-07-23 12:00:04,627.17,647.70,649.00,624.00,11019559,-16.64,-2.00,22.81,腾讯财经
2026-07-23 12:10:05,627.17,647.70,649.00,624.00,11019559,-16.64,-2.00,22.81,腾讯财经
2026-07-23 12:20:03,627.17,647.70,649.00,624.00,11019559,-16.64,-2.00,22.81,腾讯财经
2026-07-23 12:30:02,627.17,647.70,649.00,624.00,11019559,-16.64,-2.00,22.81,腾讯财经
2026-07-23 12:40:05,627.17,647.70,649.00,624.00,11019559,-16.64,-2.00,22.81,腾讯财经
2026-07-23 12:50:00,627.17,647.70,649.00,624.00,11019559,-16.64,-2.00,22.81,腾讯财经
2026-07-23 13:00:02,627.17,647.70,649.00,624.00,11019559,-16.64,-2.00,22.81,腾讯财经
2026-07-23 13:10:04,627.17,647.70,649.00,624.00,11019559,-16.64,-2.00,22.81,腾讯财经
2026-07-23 13:20:02,627.17,647.70,649.00,624.00,11019559,-16.64,-2.00,22.81,腾讯财经
2026-07-23 13:30:05,627.17,647.70,649.00,624.00,11019559,-16.64,-2.00,22.81,腾讯财经
2026-07-23 13:40:05,627.17,647.70,649.00,624.00,11019559,-16.64,-2.00,22.81,腾讯财经
2026-07-23 13:50:04,627.17,647.70,649.00,624.00,11019559,-16.64,-2.00,22.81,腾讯财经
2026-07-23 14:00:00,627.17,647.70,649.00,624.00,11019559,-16.64,-2.00,22.81,腾讯财经
2026-07-23 14:10:05,627.17,647.70,649.00,624.00,11019559,-16.64,-2.00,22.81,腾讯财经
2026-07-23 14:20:01,627.17,647.70,649.00,624.00,11019559,-16.64,-2.00,22.81,腾讯财经
2026-07-23 14:30:00,627.17,647.70,649.00,624.00,11019559,-16.64,-2.00,22.81,腾讯财经
2026-07-23 14:40:04,627.17,647.70,649.00,624.00,11019559,-16.64,-2.00,22.81,腾讯财经
2026-07-23 14:50:00,627.17,647.70,649.00,624.00,11019559,-16.64,-2.00,22.81,腾讯财经
2026-07-23 15:00:01,627.17,647.70,649.00,624.00,11019559,-16.64,-2.00,22.81,腾讯财经
2026-07-23 15:10:00,627.17,647.70,649.00,624.00,11019559,-16.64,-2.00,22.81,腾讯财经
2026-07-23 15:20:00,627.17,647.70,649.00,624.00,11019559,-16.64,-2.00,22.81,腾讯财经
2026-07-23 15:30:04,627.17,647.70,649.00,624.00,11019559,-16.64,-2.00,22.81,腾讯财经
2026-07-23 15:40:05,627.17,647.70,649.00,624.00,11019559,-16.64,-2.00,22.81,腾讯财经
2026-07-23 15:50:05,627.17,647.70,649.00,624.00,11019559,-16.64,-2.00,22.81,腾讯财经
2026-07-23 16:00:03,627.17,647.70,649.00,624.00,11019559,-16.64,-2.00,22.81,腾讯财经
2026-07-23 16:10:03,627.17,647.70,649.00,624.00,11019559,-16.64,-2.00,22.81,腾讯财经
2026-07-23 16:20:00,627.17,647.70,649.00,624.00,11019559,-16.64,-2.00,22.81,腾讯财经
2026-07-23 16:30:00,627.17,647.70,649.00,624.00,11019559,-16.64,-2.00,22.81,腾讯财经
2026-07-23 16:40:04,627.17,647.70,649.00,624.00,11019559,-16.64,-2.00,22.81,腾讯财经
2026-07-23 16:50:00,627.17,647.70,649.00,624.00,11019559,-16.64,-2.00,22.81,腾讯财经
2026-07-23 17:00:00,627.17,647.70,649.00,624.00,11019559,-16.64,-2.00,22.81,腾讯财经
2026-07-23 17:10:01,627.17,647.70,649.00,624.00,11019559,-16.64,-2.00,22.81,腾讯财经
2026-07-23 17:20:03,627.17,647.70,649.00,624.00,11019559,-16.64,-2.00,22.81,腾讯财经
2026-07-23 17:30:01,627.17,647.70,649.00,624.00,11019559,-16.64,-2.00,22.81,腾讯财经
2026-07-23 17:40:05,627.17,647.70,649.00,624.00,11019559,-16.64,-2.00,22.81,腾讯财经
2026-07-23 18:12:05,627.17,647.70,649.00,624.00,11019559,-16.64,-2.00,22.81,腾讯财经
2026-07-23 18:20:00,627.17,647.70,649.00,624.00,11019559,-16.64,-2.00,22.81,腾讯财经
2026-07-23 18:30:00,627.17,647.70,649.00,624.00,11019559,-16.64,-2.00,22.81,腾讯财经
2026-07-23 18:40:00,627.17,647.70,649.00,624.00,11019559,-16.64,-2.00,22.81,腾讯财经
2026-07-23 18:50:05,627.17,647.70,649.00,624.00,11019559,-16.64,-2.00,22.81,腾讯财经
2026-07-23 19:00:00,627.17,647.70,649.00,624.00,11019559,-16.64,-2.00,22.81,腾讯财经
2026-07-23 19:10:03,627.17,647.70,649.00,624.00,11019559,-16.64,-2.00,22.81,腾讯财经
2026-07-23 19:20:05,627.17,647.70,649.00,624.00,11019559,-16.64,-2.00,22.81,腾讯财经
2026-07-23 19:30:02,627.17,647.70,649.00,624.00,11019559,-16.64,-2.00,22.81,腾讯财经
2026-07-23 19:40:04,627.17,647.70,649.00,624.00,11019559,-16.64,-2.00,22.81,腾讯财经
2026-07-23 19:50:00,627.17,647.70,649.00,624.00,11019559,-16.64,-2.00,22.81,腾讯财经
2026-07-23 20:00:04,627.17,647.70,649.00,624.00,11019559,-16.64,-2.00,22.81,腾讯财经
2026-07-23 20:10:00,627.17,647.70,649.00,624.00,11019559,-16.64,-2.00,22.81,腾讯财经
2026-07-23 20:20:04,627.17,647.70,649.00,624.00,11019559,-16.64,-2.00,22.81,腾讯财经
2026-07-23 20:30:04,627.17,647.70,649.00,624.00,11019559,-16.64,-2.00,22.81,腾讯财经
2026-07-23 20:40:05,627.17,647.70,649.00,624.00,11019559,-16.64,-2.00,22.81,腾讯财经
2026-07-23 20:50:00,627.17,647.70,649.00,624.00,11019559,-16.64,-2.00,22.81,腾讯财经
2026-07-23 21:00:01,627.17,647.70,649.00,624.00,11019559,-16.64,-2.00,22.81,腾讯财经
2026-07-23 21:10:03,627.17,647.70,649.00,624.00,11019559,-16.64,-2.00,22.81,腾讯财经
2026-07-23 21:20:00,627.17,647.70,649.00,624.00,11019559,-16.64,-2.00,22.81,腾讯财经
2026-07-24 08:40:05,606.10,608.41,614.65,597.22,15494842,-21.07,-3.00,22.04,腾讯财经
2026-07-24 08:50:05,606.10,608.41,614.65,597.22,15494842,-21.07,-3.00,22.04,腾讯财经
2026-07-24 09:00:01,606.10,608.41,614.65,597.22,15494842,-21.07,-3.00,22.04,腾讯财经
2026-07-24 09:10:05,606.10,608.41,614.65,597.22,15494842,-21.07,-3.00,22.04,腾讯财经
2026-07-24 09:20:01,606.10,608.41,614.65,597.22,15494842,-21.07,-3.00,22.04,腾讯财经
2026-07-24 09:30:04,606.10,608.41,614.65,597.22,15494842,-21.07,-3.00,22.04,腾讯财经
2026-07-24 09:40:00,606.10,608.41,614.65,597.22,15494842,-21.07,-3.00,22.04,腾讯财经
2026-07-24 09:50:00,606.10,608.41,614.65,597.22,15494842,-21.07,-3.00,22.04,腾讯财经
2026-07-24 10:00:04,606.10,608.41,614.65,597.22,15494842,-21.07,-3.00,22.04,腾讯财经
2026-07-24 10:10:05,606.10,608.41,614.65,597.22,15494842,-21.07,-3.00,22.04,腾讯财经
2026-07-24 10:20:02,606.10,608.41,614.65,597.22,15494842,-21.07,-3.00,22.04,腾讯财经
2026-07-24 10:30:00,606.10,608.41,614.65,597.22,15494842,-21.07,-3.00,22.04,腾讯财经
2026-07-24 10:40:04,606.10,608.41,614.65,597.22,15494842,-21.07,-3.00,22.04,腾讯财经
2026-07-24 10:50:02,606.10,608.41,614.65,597.22,15494842,-21.07,-3.00,22.04,腾讯财经
2026-07-24 11:00:02,606.10,608.41,614.65,597.22,15494842,-21.07,-3.00,22.04,腾讯财经
2026-07-24 11:10:05,606.10,608.41,614.65,597.22,15494842,-21.07,-3.00,22.04,腾讯财经
2026-07-24 11:20:03,606.10,608.41,614.65,597.22,15494842,-21.07,-3.00,22.04,腾讯财经
2026-07-24 11:30:05,606.10,608.41,614.65,597.22,15494842,-21.07,-3.00,22.04,腾讯财经
2026-07-24 11:40:05,606.10,608.41,614.65,597.22,15494842,-21.07,-3.00,22.04,腾讯财经
2026-07-24 11:50:04,606.10,608.41,614.65,597.22,15494842,-21.07,-3.00,22.04,腾讯财经
2026-07-24 12:00:00,606.10,608.41,614.65,597.22,15494842,-21.07,-3.00,22.04,腾讯财经
2026-07-24 12:10:03,606.10,608.41,614.65,597.22,15494842,-21.07,-3.00,22.04,腾讯财经
2026-07-24 12:20:01,606.10,608.41,614.65,597.22,15494842,-21.07,-3.00,22.04,腾讯财经
2026-07-24 12:30:02,606.10,608.41,614.65,597.22,15494842,-21.07,-3.00,22.04,腾讯财经
2026-07-24 12:40:05,606.10,608.41,614.65,597.22,15494842,-21.07,-3.00,22.04,腾讯财经
2026-07-24 12:50:00,606.10,608.41,614.65,597.22,15494842,-21.07,-3.00,22.04,腾讯财经
2026-07-24 13:00:05,606.10,608.41,614.65,597.22,15494842,-21.07,-3.00,22.04,腾讯财经
2026-07-24 13:10:05,606.10,608.41,614.65,597.22,15494842,-21.07,-3.00,22.04,腾讯财经
2026-07-24 13:20:00,606.10,608.41,614.65,597.22,15494842,-21.07,-3.00,22.04,腾讯财经
2026-07-24 13:30:01,606.10,608.41,614.65,597.22,15494842,-21.07,-3.00,22.04,腾讯财经
2026-07-24 13:40:00,606.10,608.41,614.65,597.22,15494842,-21.07,-3.00,22.04,腾讯财经
2026-07-24 13:50:03,606.10,608.41,614.65,597.22,15494842,-21.07,-3.00,22.04,腾讯财经
2026-07-24 14:00:04,606.10,608.41,614.65,597.22,15494842,-21.07,-3.00,22.04,腾讯财经
2026-07-24 14:10:02,606.10,608.41,614.65,597.22,15494842,-21.07,-3.00,22.04,腾讯财经
2026-07-24 14:20:03,606.10,608.41,614.65,597.22,15494842,-21.07,-3.00,22.04,腾讯财经
2026-07-24 14:30:05,606.10,608.41,614.65,597.22,15494842,-21.07,-3.00,22.04,腾讯财经
2026-07-24 14:40:05,606.10,608.41,614.65,597.22,15494842,-21.07,-3.00,22.04,腾讯财经
2026-07-24 14:50:03,606.10,608.41,614.65,597.22,15494842,-21.07,-3.00,22.04,腾讯财经
2026-07-24 15:00:04,606.10,608.41,614.65,597.22,15494842,-21.07,-3.00,22.04,腾讯财经
2026-07-24 15:10:05,606.10,608.41,614.65,597.22,15494842,-21.07,-3.00,22.04,腾讯财经
2026-07-24 15:20:05,606.10,608.41,614.65,597.22,15494842,-21.07,-3.00,22.04,腾讯财经
2026-07-24 15:30:05,606.10,608.41,614.65,597.22,15494842,-21.07,-3.00,22.04,腾讯财经
2026-07-24 15:40:02,606.10,608.41,614.65,597.22,15494842,-21.07,-3.00,22.04,腾讯财经
2026-07-24 15:50:05,606.10,608.41,614.65,597.22,15494842,-21.07,-3.00,22.04,腾讯财经
2026-07-24 16:00:03,606.10,608.41,614.65,597.22,15494842,-21.07,-3.00,22.04,腾讯财经
2026-07-24 16:10:00,606.10,608.41,614.65,597.22,15494842,-21.07,-3.00,22.04,腾讯财经
2026-07-24 16:20:01,606.10,608.41,614.65,597.22,15494842,-21.07,-3.00,22.04,腾讯财经
2026-07-24 16:30:03,606.10,608.41,614.65,597.22,15494842,-21.07,-3.00,22.04,腾讯财经
2026-07-24 16:40:04,606.10,608.41,614.65,597.22,15494842,-21.07,-3.00,22.04,腾讯财经
2026-07-24 16:50:04,606.10,608.41,614.65,597.22,15494842,-21.07,-3.00,22.04,腾讯财经
2026-07-24 17:00:02,606.10,608.41,614.65,597.22,15494842,-21.07,-3.00,22.04,腾讯财经
2026-07-24 17:10:00,606.10,608.41,614.65,597.22,15494842,-21.07,-3.00,22.04,腾讯财经
2026-07-24 17:20:00,606.10,608.41,614.65,597.22,15494842,-21.07,-3.00,22.04,腾讯财经
2026-07-24 17:30:00,606.10,608.41,614.65,597.22,15494842,-21.07,-3.00,22.04,腾讯财经
2026-07-24 19:15:13,606.10,608.41,614.65,597.22,15494842,-21.07,-3.00,22.04,腾讯财经
2026-07-24 20:00:05,606.10,608.41,614.65,597.22,15494842,-21.07,-3.00,22.04,腾讯财经
2026-07-24 20:10:04,606.10,608.41,614.65,597.22,15494842,-21.07,-3.00,22.04,腾讯财经
2026-07-24 20:20:02,606.10,608.41,614.65,597.22,15494842,-21.07,-3.00,22.04,腾讯财经
2026-07-24 20:30:02,606.10,608.41,614.65,597.22,15494842,-21.07,-3.00,22.04,腾讯财经
2026-07-24 20:40:05,606.10,608.41,614.65,597.22,15494842,-21.07,-3.00,22.04,腾讯财经
2026-07-24 20:50:04,606.10,608.41,614.65,597.22,15494842,-21.07,-3.00,22.04,腾讯财经
2026-07-24 21:00:01,606.10,608.41,614.65,597.22,15494842,-21.07,-3.00,22.04,腾讯财经
2026-07-24 21:10:05,606.10,608.41,614.65,597.22,15494842,-21.07,-3.00,22.04,腾讯财经
2026-07-24 21:20:00,606.10,608.41,614.65,597.22,15494842,-21.07,-3.00,22.04,腾讯财经
2026-07-24 21:30:05,607.00,605.34,607.00,605.34,259979,.90,0,22.07,腾讯财经
2026-07-24 21:40:01,605.14,605.34,607.52,603.16,586214,-.96,0,22.01,腾讯财经
2026-07-24 21:50:01,602.68,605.30,607.52,602.29,1001138,-3.42,0,21.92,腾讯财经
2026-07-24 22:00:03,602.80,605.30,607.52,601.56,1278785,-3.30,0,21.92,腾讯财经
2026-07-24 22:10:00,603.41,605.30,607.52,601.56,1591772,-2.69,0,21.94,腾讯财经
2026-07-24 22:20:00,602.92,605.30,607.52,600.75,1963188,-3.18,0,21.92,腾讯财经
2026-07-24 22:30:00,605.36,605.30,607.52,600.75,2219806,-.74,0,22.01,腾讯财经
2026-07-24 22:40:01,604.72,605.30,607.52,600.75,2399312,-1.38,0,21.99,腾讯财经
2026-07-24 22:50:00,604.42,605.30,607.52,600.75,2544347,-1.68,0,21.98,腾讯财经
2026-07-24 23:00:00,606.42,605.30,607.52,600.75,2711177,.32,0,22.05,腾讯财经
2026-07-24 23:10:00,605.62,605.30,608.12,600.75,2912244,-.48,0,22.02,腾讯财经
2026-07-24 23:20:03,607.24,605.30,608.65,600.75,3127415,1.14,0,22.08,腾讯财经
2026-07-24 23:30:00,608.94,605.30,609.38,600.75,3303641,2.84,0,22.14,腾讯财经
2026-07-24 23:40:02,609.55,605.30,609.98,600.75,3426646,3.45,0,22.17,腾讯财经
2026-07-24 23:50:00,606.96,605.30,609.98,600.75,3589554,.86,0,22.07,腾讯财经
2026-07-25 00:00:05,605.63,605.30,609.98,600.75,4030832,-.47,0,22.02,腾讯财经
2026-07-25 00:10:01,604.60,605.30,609.98,600.75,4170321,-1.50,0,21.99,腾讯财经
2026-07-25 00:20:00,603.87,605.30,609.98,600.75,4380596,-2.23,0,21.96,腾讯财经
2026-07-25 00:30:00,603.62,605.30,609.98,600.75,4507662,-2.48,0,21.95,腾讯财经
2026-07-25 00:40:01,602.35,605.30,609.98,600.75,4703971,-3.75,0,21.90,腾讯财经
2026-07-25 00:50:02,600.54,605.30,609.98,600.07,4862500,-5.56,0,21.84,腾讯财经
2026-07-25 01:00:04,600.67,605.30,609.98,600.07,5079151,-5.43,0,21.84,腾讯财经
2026-07-25 01:10:01,602.21,605.30,609.98,600.07,5365073,-3.89,0,21.90,腾讯财经
2026-07-25 01:20:01,603.01,605.30,609.98,600.07,5443646,-3.09,0,21.93,腾讯财经
2026-07-25 01:30:01,602.75,605.30,609.98,600.07,5539558,-3.35,0,21.92,腾讯财经
2026-07-25 01:40:04,601.32,605.30,609.98,600.07,5707089,-4.78,0,21.87,腾讯财经
2026-07-25 01:50:00,601.56,605.30,609.98,599.13,5960720,-4.54,0,21.87,腾讯财经
2026-07-25 02:00:00,601.86,605.30,609.98,599.13,6047173,-4.24,0,21.89,腾讯财经
2026-07-25 02:10:00,602.35,605.30,609.98,599.13,6158078,-3.75,0,21.90,腾讯财经
2026-07-25 02:20:03,602.29,605.30,609.98,599.13,6276423,-3.81,0,21.90,腾讯财经
2026-07-25 02:30:00,601.96,605.30,609.98,599.13,6433634,-4.14,0,21.89,腾讯财经
2026-07-25 02:40:04,599.93,605.30,609.98,599.13,6710150,-6.17,-1.00,21.82,腾讯财经
2026-07-25 02:50:05,599.68,605.30,609.98,599.06,6851962,-6.42,-1.00,21.81,腾讯财经
2026-07-25 03:00:00,600.21,605.30,609.98,599.06,7019074,-5.89,0,21.83,腾讯财经
2026-07-25 03:10:02,601.00,605.30,609.98,599.06,7211714,-5.10,0,21.85,腾讯财经
2026-07-25 03:20:00,600.40,605.30,609.98,599.06,7392902,-5.70,0,21.83,腾讯财经
2026-07-25 03:30:05,600.06,605.30,609.98,599.06,7536992,-6.04,0,21.82,腾讯财经
2026-07-25 03:40:00,600.81,605.30,609.98,599.06,7739145,-5.29,0,21.85,腾讯财经
2026-07-25 03:50:02,597.67,605.30,609.98,597.25,8151091,-8.43,-1.00,21.73,腾讯财经
2026-07-25 04:00:05,595.20,605.30,609.98,594.60,9329065,-10.90,-1.00,21.64,腾讯财经
2026-07-25 04:10:00,595.19,605.30,609.98,594.60,11286297,-10.91,-1.00,21.64,腾讯财经
2026-07-25 04:20:01,595.19,605.30,609.98,594.45,11311721,-10.91,-1.00,21.64,腾讯财经
2026-07-25 04:30:01,595.19,605.30,609.98,594.45,11319731,-10.91,-1.00,21.64,腾讯财经
2026-07-25 04:40:01,595.19,605.30,609.98,594.45,11324369,-10.91,-1.00,21.64,腾讯财经
2026-07-25 04:50:00,595.19,605.30,609.98,594.45,11330710,-10.91,-1.00,21.64,腾讯财经
2026-07-25 05:00:00,595.19,605.30,609.98,594.45,11418106,-10.91,-1.00,21.64,腾讯财经
2026-07-25 05:10:00,595.19,605.30,609.98,594.45,11425192,-10.91,-1.00,21.64,腾讯财经
2026-07-25 05:20:03,595.19,605.30,609.98,594.45,11430595,-10.91,-1.00,21.64,腾讯财经
2026-07-25 05:30:00,595.19,605.30,609.98,594.45,11433070,-10.91,-1.00,21.64,腾讯财经
2026-07-25 05:40:00,595.19,605.30,609.98,594.45,11437135,-10.91,-1.00,21.64,腾讯财经
2026-07-25 05:50:00,595.19,605.30,609.98,594.45,11439540,-10.91,-1.00,21.64,腾讯财经
2026-07-25 06:00:02,595.19,605.30,609.98,594.45,11469794,-10.91,-1.00,21.64,腾讯财经
2026-07-25 06:10:03,595.19,605.30,609.98,594.45,11473941,-10.91,-1.00,21.64,腾讯财经
2026-07-25 06:20:04,595.19,605.30,609.98,594.45,11476858,-10.91,-1.00,21.64,腾讯财经
2026-07-25 06:30:05,595.19,605.30,609.98,594.45,11478664,-10.91,-1.00,21.64,腾讯财经
2026-07-25 06:40:00,595.19,605.30,609.98,594.45,11483240,-10.91,-1.00,21.64,腾讯财经
2026-07-25 06:50:00,595.19,605.30,609.98,594.45,11488646,-10.91,-1.00,21.64,腾讯财经
2026-07-25 07:00:01,595.19,605.30,609.98,594.45,11491556,-10.91,-1.00,21.64,腾讯财经
2026-07-25 07:10:05,595.19,605.30,609.98,594.45,11492385,-10.91,-1.00,21.64,腾讯财经
2026-07-25 07:20:00,595.19,605.30,609.98,594.45,11493433,-10.91,-1.00,21.64,腾讯财经
2026-07-25 07:30:00,595.19,605.30,609.98,594.45,11494494,-10.91,-1.00,21.64,腾讯财经
2026-07-25 07:40:01,595.19,605.30,609.98,594.45,11496637,-10.91,-1.00,21.64,腾讯财经
2026-07-25 07:50:00,595.19,605.30,609.98,594.45,11498490,-10.91,-1.00,21.64,腾讯财经
2026-07-25 08:00:03,595.19,605.30,609.98,594.45,11503207,-10.91,-1.00,21.64,腾讯财经
2026-07-25 08:10:05,595.19,605.30,609.98,594.45,11503469,-10.91,-1.00,21.64,腾讯财经
2026-07-25 08:20:00,595.19,605.30,609.98,594.45,11503473,-10.91,-1.00,21.64,腾讯财经
2026-07-25 08:30:00,595.19,605.30,609.98,594.45,11503473,-10.91,-1.00,21.64,腾讯财经
2026-07-25 08:40:05,595.19,605.30,609.98,594.45,11503473,-10.91,-1.00,21.64,腾讯财经
2026-07-25 08:50:00,595.19,605.30,609.98,594.45,11503473,-10.91,-1.00,21.64,腾讯财经
2026-07-25 09:00:00,595.19,605.30,609.98,594.45,11503473,-10.91,-1.00,21.64,腾讯财经
2026-07-25 09:10:00,595.19,605.30,609.98,594.45,11503473,-10.91,-1.00,21.64,腾讯财经
2026-07-25 09:20:00,595.19,605.30,609.98,594.45,11503473,-10.91,-1.00,21.64,腾讯财经
2026-07-25 09:30:01,595.19,605.30,609.98,594.45,11503473,-10.91,-1.00,21.64,腾讯财经
2026-07-25 09:40:02,595.19,605.30,609.98,594.45,11503473,-10.91,-1.00,21.64,腾讯财经
2026-07-25 09:50:04,595.19,605.30,609.98,594.45,11503473,-10.91,-1.00,21.64,腾讯财经
2026-07-25 10:00:00,595.19,605.30,609.98,594.45,11503473,-10.91,-1.00,21.64,腾讯财经
2026-07-25 10:10:05,595.19,605.30,609.98,594.45,11503473,-10.91,-1.00,21.64,腾讯财经
2026-07-25 10:20:04,595.19,605.30,609.98,594.45,11503473,-10.91,-1.00,21.64,腾讯财经
2026-07-25 10:30:01,595.19,605.30,609.98,594.45,11503473,-10.91,-1.00,21.64,腾讯财经
2026-07-25 10:40:00,595.19,605.30,609.98,594.45,11503473,-10.91,-1.00,21.64,腾讯财经
2026-07-25 10:50:05,595.19,605.30,609.98,594.45,11503473,-10.91,-1.00,21.64,腾讯财经
2026-07-25 11:00:00,595.19,605.30,609.98,594.45,11503473,-10.91,-1.00,21.64,腾讯财经
2026-07-25 11:10:03,595.19,605.30,609.98,594.45,11503473,-10.91,-1.00,21.64,腾讯财经
2026-07-25 11:20:05,595.19,605.30,609.98,594.45,11503473,-10.91,-1.00,21.64,腾讯财经
2026-07-25 11:30:04,595.19,605.30,609.98,594.45,11503473,-10.91,-1.00,21.64,腾讯财经
2026-07-25 11:40:00,595.19,605.30,609.98,594.45,11503473,-10.91,-1.00,21.64,腾讯财经
2026-07-25 11:50:01,595.19,605.30,609.98,594.45,11503473,-10.91,-1.00,21.64,腾讯财经
2026-07-25 12:00:02,595.19,605.30,609.98,594.45,11503473,-10.91,-1.00,21.64,腾讯财经
2026-07-25 12:10:00,595.19,605.30,609.98,594.45,11503473,-10.91,-1.00,21.64,腾讯财经
2026-07-25 12:20:02,595.19,605.30,609.98,594.45,11503473,-10.91,-1.00,21.64,腾讯财经
2026-07-25 12:30:00,595.19,605.30,609.98,594.45,11503473,-10.91,-1.00,21.64,腾讯财经
2026-07-25 12:40:00,595.19,605.30,609.98,594.45,11503473,-10.91,-1.00,21.64,腾讯财经
2026-07-25 12:50:00,595.19,605.30,609.98,594.45,11503473,-10.91,-1.00,21.64,腾讯财经
2026-07-25 13:00:00,595.19,605.30,609.98,594.45,11503473,-10.91,-1.00,21.64,腾讯财经
2026-07-25 13:10:05,595.19,605.30,609.98,594.45,11503473,-10.91,-1.00,21.64,腾讯财经
2026-07-25 13:20:00,595.19,605.30,609.98,594.45,11503473,-10.91,-1.00,21.64,腾讯财经
2026-07-25 13:30:03,595.19,605.30,609.98,594.45,11503473,-10.91,-1.00,21.64,腾讯财经
2026-07-25 13:40:00,595.19,605.30,609.98,594.45,11503473,-10.91,-1.00,21.64,腾讯财经
2026-07-25 13:50:02,595.19,605.30,609.98,594.45,11503473,-10.91,-1.00,21.64,腾讯财经
2026-07-25 14:00:00,595.19,605.30,609.98,594.45,11503473,-10.91,-1.00,21.64,腾讯财经
2026-07-25 14:10:05,595.19,605.30,609.98,594.45,11503473,-10.91,-1.00,21.64,腾讯财经
2026-07-25 14:20:04,595.19,605.30,609.98,594.45,11503473,-10.91,-1.00,21.64,腾讯财经
2026-07-25 14:30:01,595.19,605.30,609.98,594.45,11503473,-10.91,-1.00,21.64,腾讯财经
2026-07-25 14:40:02,595.19,605.30,609.98,594.45,11503473,-10.91,-1.00,21.64,腾讯财经
2026-07-25 14:50:00,595.19,605.30,609.98,594.45,11503473,-10.91,-1.00,21.64,腾讯财经
2026-07-25 15:00:00,595.19,605.30,609.98,594.45,11503473,-10.91,-1.00,21.64,腾讯财经
2026-07-25 15:10:02,595.19,605.30,609.98,594.45,11503473,-10.91,-1.00,21.64,腾讯财经
2026-07-25 15:20:00,595.19,605.30,609.98,594.45,11503473,-10.91,-1.00,21.64,腾讯财经
2026-07-25 15:30:00,595.19,605.30,609.98,594.45,11503473,-10.91,-1.00,21.64,腾讯财经
2026-07-25 15:40:02,595.19,605.30,609.98,594.45,11503473,-10.91,-1.00,21.64,腾讯财经
2026-07-25 15:50:00,595.19,605.30,609.98,594.45,11503473,-10.91,-1.00,21.64,腾讯财经
2026-07-25 16:00:00,595.19,605.30,609.98,594.45,11503473,-10.91,-1.00,21.64,腾讯财经
2026-07-25 16:10:04,595.19,605.30,609.98,594.45,11503473,-10.91,-1.00,21.64,腾讯财经
2026-07-25 16:20:02,595.19,605.30,609.98,594.45,11503473,-10.91,-1.00,21.64,腾讯财经
2026-07-25 16:30:05,595.19,605.30,609.98,594.45,11503473,-10.91,-1.00,21.64,腾讯财经
2026-07-25 16:40:05,595.19,605.30,609.98,594.45,11503473,-10.91,-1.00,21.64,腾讯财经
2026-07-25 16:50:05,595.19,605.30,609.98,594.45,11503473,-10.91,-1.00,21.64,腾讯财经
2026-07-25 17:00:00,595.19,605.30,609.98,594.45,11503473,-10.91,-1.00,21.64,腾讯财经
2026-07-25 17:10:00,595.19,605.30,609.98,594.45,11503473,-10.91,-1.00,21.64,腾讯财经
2026-07-25 17:20:03,595.19,605.30,609.98,594.45,11503473,-10.91,-1.00,21.64,腾讯财经
2026-07-25 17:30:01,595.19,605.30,609.98,594.45,11503473,-10.91,-1.00,21.64,腾讯财经
2026-07-25 17:40:00,595.19,605.30,609.98,594.45,11503473,-10.91,-1.00,21.64,腾讯财经
2026-07-25 17:50:01,595.19,605.30,609.98,594.45,11503473,-10.91,-1.00,21.64,腾讯财经
2026-07-25 18:00:04,595.19,605.30,609.98,594.45,11503473,-10.91,-1.00,21.64,腾讯财经
2026-07-25 18:10:03,595.19,605.30,609.98,594.45,11503473,-10.91,-1.00,21.64,腾讯财经
2026-07-25 18:20:00,595.19,605.30,609.98,594.45,11503473,-10.91,-1.00,21.64,腾讯财经
2026-07-25 18:30:03,595.19,605.30,609.98,594.45,11503473,-10.91,-1.00,21.64,腾讯财经
2026-07-25 18:40:00,595.19,605.30,609.98,594.45,11503473,-10.91,-1.00,21.64,腾讯财经
2026-07-25 18:50:04,595.19,605.30,609.98,594.45,11503473,-10.91,-1.00,21.64,腾讯财经
2026-07-25 19:00:04,595.19,605.30,609.98,594.45,11503473,-10.91,-1.00,21.64,腾讯财经
2026-07-25 19:10:01,595.19,605.30,609.98,594.45,11503473,-10.91,-1.00,21.64,腾讯财经
2026-07-25 19:20:00,595.19,605.30,609.98,594.45,11503473,-10.91,-1.00,21.64,腾讯财经
2026-07-25 19:30:04,595.19,605.30,609.98,594.45,11503473,-10.91,-1.00,21.64,腾讯财经
2026-07-25 19:40:00,595.19,605.30,609.98,594.45,11503473,-10.91,-1.00,21.64,腾讯财经
2026-07-25 19:50:05,595.19,605.30,609.98,594.45,11503473,-10.91,-1.00,21.64,腾讯财经
2026-07-25 20:00:05,595.19,605.30,609.98,594.45,11503473,-10.91,-1.00,21.64,腾讯财经
2026-07-25 20:10:00,595.19,605.30,609.98,594.45,11503473,-10.91,-1.00,21.64,腾讯财经
2026-07-25 20:20:03,595.19,605.30,609.98,594.45,11503473,-10.91,-1.00,21.64,腾讯财经
2026-07-25 20:30:00,595.19,605.30,609.98,594.45,11503473,-10.91,-1.00,21.64,腾讯财经
2026-07-25 20:40:01,595.19,605.30,609.98,594.45,11503473,-10.91,-1.00,21.64,腾讯财经
2026-07-25 20:50:00,595.19,605.30,609.98,594.45,11503473,-10.91,-1.00,21.64,腾讯财经
2026-07-25 21:00:02,595.19,605.30,609.98,594.45,11503473,-10.91,-1.00,21.64,腾讯财经
2026-07-25 21:10:00,595.19,605.30,609.98,594.45,11503473,-10.91,-1.00,21.64,腾讯财经
2026-07-25 21:20:00,595.19,605.30,609.98,594.45,11503473,-10.91,-1.00,21.64,腾讯财经
2026-07-25 21:30:03,595.19,605.30,609.98,594.45,11503473,-10.91,-1.00,21.64,腾讯财经
2026-07-25 21:40:00,595.19,605.30,609.98,594.45,11503473,-10.91,-1.00,21.64,腾讯财经
2026-07-25 21:50:00,595.19,605.30,609.98,594.45,11503473,-10.91,-1.00,21.64,腾讯财经
2026-07-25 22:00:05,595.19,605.30,609.98,594.45,11503473,-10.91,-1.00,21.64,腾讯财经
2026-07-25 22:10:05,595.19,605.30,609.98,594.45,11503473,-10.91,-1.00,21.64,腾讯财经
2026-07-25 22:20:05,595.19,605.30,609.98,594.45,11503473,-10.91,-1.00,21.64,腾讯财经
2026-07-25 22:30:05,595.19,605.30,609.98,594.45,11503473,-10.91,-1.00,21.64,腾讯财经
2026-07-25 22:40:04,595.19,605.30,609.98,594.45,11503473,-10.91,-1.00,21.64,腾讯财经
2026-07-25 22:50:04,595.19,605.30,609.98,594.45,11503473,-10.91,-1.00,21.64,腾讯财经
2026-07-25 23:00:02,595.19,605.30,609.98,594.45,11503473,-10.91,-1.00,21.64,腾讯财经
2026-07-25 23:10:01,595.19,605.30,609.98,594.45,11503473,-10.91,-1.00,21.64,腾讯财经
2026-07-25 23:20:00,595.19,605.30,609.98,594.45,11503473,-10.91,-1.00,21.64,腾讯财经
2026-07-25 23:30:00,595.19,605.30,609.98,594.45,11503473,-10.91,-1.00,21.64,腾讯财经
2026-07-25 23:40:04,595.19,605.30,609.98,594.45,11503473,-10.91,-1.00,21.64,腾讯财经
2026-07-25 23:50:00,595.19,605.30,609.98,594.45,11503473,-10.91,-1.00,21.64,腾讯财经
2026-07-26 00:00:01,595.19,605.30,609.98,594.45,11503473,-10.91,-1.00,21.64,腾讯财经
2026-07-26 00:10:00,595.19,605.30,609.98,594.45,11503473,-10.91,-1.00,21.64,腾讯财经
2026-07-26 00:20:04,595.19,605.30,609.98,594.45,11503473,-10.91,-1.00,21.64,腾讯财经
2026-07-26 00:30:05,595.19,605.30,609.98,594.45,11503473,-10.91,-1.00,21.64,腾讯财经
2026-07-26 00:40:01,595.19,605.30,609.98,594.45,11503473,-10.91,-1.00,21.64,腾讯财经
2026-07-26 00:50:02,595.19,605.30,609.98,594.45,11503473,-10.91,-1.00,21.64,腾讯财经
2026-07-26 01:00:03,595.19,605.30,609.98,594.45,11503473,-10.91,-1.00,21.64,腾讯财经
2026-07-26 01:10:01,595.19,605.30,609.98,594.45,11503473,-10.91,-1.00,21.64,腾讯财经
2026-07-26 01:20:00,595.19,605.30,609.98,594.45,11503473,-10.91,-1.00,21.64,腾讯财经
2026-07-26 01:30:01,595.19,605.30,609.98,594.45,11503473,-10.91,-1.00,21.64,腾讯财经
2026-07-26 01:40:00,595.19,605.30,609.98,594.45,11503473,-10.91,-1.00,21.64,腾讯财经
2026-07-26 01:50:04,595.19,605.30,609.98,594.45,11503473,-10.91,-1.00,21.64,腾讯财经
2026-07-26 02:00:05,595.19,605.30,609.98,594.45,11503473,-10.91,-1.00,21.64,腾讯财经
2026-07-26 02:10:05,595.19,605.30,609.98,594.45,11503473,-10.91,-1.00,21.64,腾讯财经
2026-07-26 02:20:00,595.19,605.30,609.98,594.45,11503473,-10.91,-1.00,21.64,腾讯财经
2026-07-26 02:30:04,595.19,605.30,609.98,594.45,11503473,-10.91,-1.00,21.64,腾讯财经
2026-07-26 02:40:03,595.19,605.30,609.98,594.45,11503473,-10.91,-1.00,21.64,腾讯财经
2026-07-26 02:50:00,595.19,605.30,609.98,594.45,11503473,-10.91,-1.00,21.64,腾讯财经
2026-07-26 03:00:01,595.19,605.30,609.98,594.45,11503473,-10.91,-1.00,21.64,腾讯财经
2026-07-26 03:10:04,595.19,605.30,609.98,594.45,11503473,-10.91,-1.00,21.64,腾讯财经
2026-07-26 03:20:00,595.19,605.30,609.98,594.45,11503473,-10.91,-1.00,21.64,腾讯财经
2026-07-26 03:30:01,595.19,605.30,609.98,594.45,11503473,-10.91,-1.00,21.64,腾讯财经
2026-07-26 03:40:00,595.19,605.30,609.98,594.45,11503473,-10.91,-1.00,21.64,腾讯财经
2026-07-26 03:50:03,595.19,605.30,609.98,594.45,11503473,-10.91,-1.00,21.64,腾讯财经
2026-07-26 04:00:00,595.19,605.30,609.98,594.45,11503473,-10.91,-1.00,21.64,腾讯财经
2026-07-26 04:10:02,595.19,605.30,609.98,594.45,11503473,-10.91,-1.00,21.64,腾讯财经
2026-07-26 04:20:00,595.19,605.30,609.98,594.45,11503473,-10.91,-1.00,21.64,腾讯财经
2026-07-26 04:30:00,595.19,605.30,609.98,594.45,11503473,-10.91,-1.00,21.64,腾讯财经
2026-07-26 04:40:04,595.19,605.30,609.98,594.45,11503473,-10.91,-1.00,21.64,腾讯财经
2026-07-26 04:50:00,595.19,605.30,609.98,594.45,11503473,-10.91,-1.00,21.64,腾讯财经
2026-07-26 05:00:01,595.19,605.30,609.98,594.45,11503473,-10.91,-1.00,21.64,腾讯财经
2026-07-26 05:10:00,595.19,605.30,609.98,594.45,11503473,-10.91,-1.00,21.64,腾讯财经
2026-07-26 05:20:00,595.19,605.30,609.98,594.45,11503473,-10.91,-1.00,21.64,腾讯财经
2026-07-26 05:30:03,595.19,605.30,609.98,594.45,11503473,-10.91,-1.00,21.64,腾讯财经
2026-07-26 05:40:00,595.19,605.30,609.98,594.45,11503473,-10.91,-1.00,21.64,腾讯财经
2026-07-26 05:50:00,595.19,605.30,609.98,594.45,11503473,-10.91,-1.00,21.64,腾讯财经
2026-07-26 06:00:02,595.19,605.30,609.98,594.45,11503473,-10.91,-1.00,21.64,腾讯财经
2026-07-26 06:10:00,595.19,605.30,609.98,594.45,11503473,-10.91,-1.00,21.64,腾讯财经
2026-07-26 06:20:01,595.19,605.30,609.98,594.45,11503473,-10.91,-1.00,21.64,腾讯财经
2026-07-26 06:30:00,595.19,605.30,609.98,594.45,11503473,-10.91,-1.00,21.64,腾讯财经
2026-07-26 06:40:00,595.19,605.30,609.98,594.45,11503473,-10.91,-1.00,21.64,腾讯财经
2026-07-26 06:50:05,595.19,605.30,609.98,594.45,11503473,-10.91,-1.00,21.64,腾讯财经
2026-07-26 07:00:01,595.19,605.30,609.98,594.45,11503473,-10.91,-1.00,21.64,腾讯财经
2026-07-26 07:10:03,595.19,605.30,609.98,594.45,11503473,-10.91,-1.00,21.64,腾讯财经
2026-07-26 07:20:00,595.19,605.30,609.98,594.45,11503473,-10.91,-1.00,21.64,腾讯财经
2026-07-26 07:30:04,595.19,605.30,609.98,594.45,11503473,-10.91,-1.00,21.64,腾讯财经
2026-07-26 07:40:00,595.19,605.30,609.98,594.45,11503473,-10.91,-1.00,21.64,腾讯财经
2026-07-26 07:50:05,595.19,605.30,609.98,594.45,11503473,-10.91,-1.00,21.64,腾讯财经
2026-07-26 08:00:05,595.19,605.30,609.98,594.45,11503473,-10.91,-1.00,21.64,腾讯财经
2026-07-26 08:10:00,595.19,605.30,609.98,594.45,11503473,-10.91,-1.00,21.64,腾讯财经
2026-07-26 08:20:00,595.19,605.30,609.98,594.45,11503473,-10.91,-1.00,21.64,腾讯财经
2026-07-26 08:30:00,595.19,605.30,609.98,594.45,11503473,-10.91,-1.00,21.64,腾讯财经
2026-07-26 08:40:02,595.19,605.30,609.98,594.45,11503473,-10.91,-1.00,21.64,腾讯财经
2026-07-26 08:50:02,595.19,605.30,609.98,594.45,11503473,-10.91,-1.00,21.64,腾讯财经
2026-07-26 09:00:00,595.19,605.30,609.98,594.45,11503473,-10.91,-1.00,21.64,腾讯财经
2026-07-26 09:10:00,595.19,605.30,609.98,594.45,11503473,-10.91,-1.00,21.64,腾讯财经
2026-07-26 09:20:00,595.19,605.30,609.98,594.45,11503473,-10.91,-1.00,21.64,腾讯财经
2026-07-26 09:30:04,595.19,605.30,609.98,594.45,11503473,-10.91,-1.00,21.64,腾讯财经
2026-07-26 09:40:00,595.19,605.30,609.98,594.45,11503473,-10.91,-1.00,21.64,腾讯财经
2026-07-26 09:50:00,595.19,605.30,609.98,594.45,11503473,-10.91,-1.00,21.64,腾讯财经
2026-07-26 10:00:04,595.19,605.30,609.98,594.45,11503473,-10.91,-1.00,21.64,腾讯财经
2026-07-26 10:10:03,595.19,605.30,609.98,594.45,11503473,-10.91,-1.00,21.64,腾讯财经
2026-07-26 10:20:00,595.19,605.30,609.98,594.45,11503473,-10.91,-1.00,21.64,腾讯财经
2026-07-26 10:30:00,595.19,605.30,609.98,594.45,11503473,-10.91,-1.00,21.64,腾讯财经
2026-07-26 10:40:02,595.19,605.30,609.98,594.45,11503473,-10.91,-1.00,21.64,腾讯财经
2026-07-26 10:50:01,595.19,605.30,609.98,594.45,11503473,-10.91,-1.00,21.64,腾讯财经
2026-07-26 11:00:00,595.19,605.30,609.98,594.45,11503473,-10.91,-1.00,21.64,腾讯财经
2026-07-26 11:10:00,595.19,605.30,609.98,594.45,11503473,-10.91,-1.00,21.64,腾讯财经
2026-07-26 11:20:00,595.19,605.30,609.98,594.45,11503473,-10.91,-1.00,21.64,腾讯财经
2026-07-26 11:30:04,595.19,605.30,609.98,594.45,11503473,-10.91,-1.00,21.64,腾讯财经
2026-07-26 11:40:01,595.19,605.30,609.98,594.45,11503473,-10.91,-1.00,21.64,腾讯财经
2026-07-26 11:50:00,595.19,605.30,609.98,594.45,11503473,-10.91,-1.00,21.64,腾讯财经
2026-07-26 12:00:00,595.19,605.30,609.98,594.45,11503473,-10.91,-1.00,21.64,腾讯财经
2026-07-26 12:10:00,595.19,605.30,609.98,594.45,11503473,-10.91,-1.00,21.64,腾讯财经
2026-07-26 12:20:00,595.19,605.30,609.98,594.45,11503473,-10.91,-1.00,21.64,腾讯财经
2026-07-26 12:30:05,595.19,605.30,609.98,594.45,11503473,-10.91,-1.00,21.64,腾讯财经
2026-07-26 12:40:00,595.19,605.30,609.98,594.45,11503473,-10.91,-1.00,21.64,腾讯财经
2026-07-26 12:50:00,595.19,605.30,609.98,594.45,11503473,-10.91,-1.00,21.64,腾讯财经
2026-07-26 13:00:01,595.19,605.30,609.98,594.45,11503473,-10.91,-1.00,21.64,腾讯财经
2026-07-26 13:10:00,595.19,605.30,609.98,594.45,11503473,-10.91,-1.00,21.64,腾讯财经
2026-07-26 13:20:00,595.19,605.30,609.98,594.45,11503473,-10.91,-1.00,21.64,腾讯财经
2026-07-26 13:30:01,595.19,605.30,609.98,594.45,11503473,-10.91,-1.00,21.64,腾讯财经
2026-07-26 13:40:00,595.19,605.30,609.98,594.45,11503473,-10.91,-1.00,21.64,腾讯财经
2026-07-26 13:50:01,595.19,605.30,609.98,594.45,11503473,-10.91,-1.00,21.64,腾讯财经
2026-07-26 14:00:04,595.19,605.30,609.98,594.45,11503473,-10.91,-1.00,21.64,腾讯财经
2026-07-26 14:10:00,595.19,605.30,609.98,594.45,11503473,-10.91,-1.00,21.64,腾讯财经
2026-07-26 14:20:04,595.19,605.30,609.98,594.45,11503473,-10.91,-1.00,21.64,腾讯财经
2026-07-26 14:30:03,595.19,605.30,609.98,594.45,11503473,-10.91,-1.00,21.64,腾讯财经
2026-07-26 14:40:05,595.19,605.30,609.98,594.45,11503473,-10.91,-1.00,21.64,腾讯财经
2026-07-26 14:50:05,595.19,605.30,609.98,594.45,11503473,-10.91,-1.00,21.64,腾讯财经
2026-07-26 15:00:01,595.19,605.30,609.98,594.45,11503473,-10.91,-1.00,21.64,腾讯财经
2026-07-26 15:10:04,595.19,605.30,609.98,594.45,11503473,-10.91,-1.00,21.64,腾讯财经
2026-07-26 15:20:02,595.19,605.30,609.98,594.45,11503473,-10.91,-1.00,21.64,腾讯财经
2026-07-26 15:30:05,595.19,605.30,609.98,594.45,11503473,-10.91,-1.00,21.64,腾讯财经
2026-07-26 15:40:00,595.19,605.30,609.98,594.45,11503473,-10.91,-1.00,21.64,腾讯财经
2026-07-26 15:50:01,595.19,605.30,609.98,594.45,11503473,-10.91,-1.00,21.64,腾讯财经
2026-07-26 16:00:04,595.19,605.30,609.98,594.45,11503473,-10.91,-1.00,21.64,腾讯财经
2026-07-26 16:10:04,595.19,605.30,609.98,594.45,11503473,-10.91,-1.00,21.64,腾讯财经
2026-07-26 16:20:00,595.19,605.30,609.98,594.45,11503473,-10.91,-1.00,21.64,腾讯财经
2026-07-26 16:30:00,595.19,605.30,609.98,594.45,11503473,-10.91,-1.00,21.64,腾讯财经
2026-07-26 16:40:04,595.19,605.30,609.98,594.45,11503473,-10.91,-1.00,21.64,腾讯财经
2026-07-26 16:50:00,595.19,605.30,609.98,594.45,11503473,-10.91,-1.00,21.64,腾讯财经
2026-07-26 17:00:00,595.19,605.30,609.98,594.45,11503473,-10.91,-1.00,21.64,腾讯财经
2026-07-26 17:10:00,595.19,605.30,609.98,594.45,11503473,-10.91,-1.00,21.64,腾讯财经
2026-07-26 17:20:00,595.19,605.30,609.98,594.45,11503473,-10.91,-1.00,21.64,腾讯财经
2026-07-26 17:30:03,595.19,605.30,609.98,594.45,11503473,-10.91,-1.00,21.64,腾讯财经
2026-07-26 17:40:00,595.19,605.30,609.98,594.45,11503473,-10.91,-1.00,21.64,腾讯财经
2026-07-26 17:50:01,595.19,605.30,609.98,594.45,11503473,-10.91,-1.00,21.64,腾讯财经
2026-07-26 18:00:00,595.19,605.30,609.98,594.45,11503473,-10.91,-1.00,21.64,腾讯财经
2026-07-26 18:10:00,595.19,605.30,609.98,594.45,11503473,-10.91,-1.00,21.64,腾讯财经
2026-07-26 18:20:00,595.19,605.30,609.98,594.45,11503473,-10.91,-1.00,21.64,腾讯财经
2026-07-26 18:30:01,595.19,605.30,609.98,594.45,11503473,-10.91,-1.00,21.64,腾讯财经
2026-07-26 18:40:03,595.19,605.30,609.98,594.45,11503473,-10.91,-1.00,21.64,腾讯财经
2026-07-26 18:50:00,595.19,605.30,609.98,594.45,11503473,-10.91,-1.00,21.64,腾讯财经
2026-07-26 19:00:00,595.19,605.30,609.98,594.45,11503473,-10.91,-1.00,21.64,腾讯财经
2026-07-26 19:10:00,595.19,605.30,609.98,594.45,11503473,-10.91,-1.00,21.64,腾讯财经
2026-07-26 19:20:00,595.19,605.30,609.98,594.45,11503473,-10.91,-1.00,21.64,腾讯财经
2026-07-26 19:30:03,595.19,605.30,609.98,594.45,11503473,-10.91,-1.00,21.64,腾讯财经
2026-07-26 19:40:00,595.19,605.30,609.98,594.45,11503473,-10.91,-1.00,21.64,腾讯财经
2026-07-26 19:50:00,595.19,605.30,609.98,594.45,11503473,-10.91,-1.00,21.64,腾讯财经
2026-07-26 20:00:05,595.19,605.30,609.98,594.45,11503473,-10.91,-1.00,21.64,腾讯财经
2026-07-26 20:10:02,595.19,605.30,609.98,594.45,11503473,-10.91,-1.00,21.64,腾讯财经
2026-07-26 20:20:03,595.19,605.30,609.98,594.45,11503473,-10.91,-1.00,21.64,腾讯财经
2026-07-26 20:30:02,595.19,605.30,609.98,594.45,11503473,-10.91,-1.00,21.64,腾讯财经
2026-07-26 20:40:01,595.19,605.30,609.98,594.45,11503473,-10.91,-1.00,21.64,腾讯财经
2026-07-26 20:50:03,595.19,605.30,609.98,594.45,11503473,-10.91,-1.00,21.64,腾讯财经
2026-07-26 21:00:00,595.19,605.30,609.98,594.45,11503473,-10.91,-1.00,21.64,腾讯财经
2026-07-26 21:10:05,595.19,605.30,609.98,594.45,11503473,-10.91,-1.00,21.64,腾讯财经
2026-07-26 21:20:02,595.19,605.30,609.98,594.45,11503473,-10.91,-1.00,21.64,腾讯财经
2026-07-26 21:30:00,595.19,605.30,609.98,594.45,11503473,-10.91,-1.00,21.64,腾讯财经
2026-07-26 21:40:00,595.19,605.30,609.98,594.45,11503473,-10.91,-1.00,21.64,腾讯财经
2026-07-26 21:50:00,595.19,605.30,609.98,594.45,11503473,-10.91,-1.00,21.64,腾讯财经
2026-07-26 22:00:04,595.19,605.30,609.98,594.45,11503473,-10.91,-1.00,21.64,腾讯财经
2026-07-26 22:10:00,595.19,605.30,609.98,594.45,11503473,-10.91,-1.00,21.64,腾讯财经
2026-07-26 22:20:00,595.19,605.30,609.98,594.45,11503473,-10.91,-1.00,21.64,腾讯财经
2026-07-26 22:30:05,595.19,605.30,609.98,594.45,11503473,-10.91,-1.00,21.64,腾讯财经
2026-07-26 22:40:05,595.19,605.30,609.98,594.45,11503473,-10.91,-1.00,21.64,腾讯财经
2026-07-26 22:50:00,595.19,605.30,609.98,594.45,11503473,-10.91,-1.00,21.64,腾讯财经
2026-07-26 23:00:03,595.19,605.30,609.98,594.45,11503473,-10.91,-1.00,21.64,腾讯财经
2026-07-26 23:10:01,595.19,605.30,609.98,594.45,11503473,-10.91,-1.00,21.64,腾讯财经
2026-07-26 23:20:03,595.19,605.30,609.98,594.45,11503473,-10.91,-1.00,21.64,腾讯财经
2026-07-26 23:30:05,595.19,605.30,609.98,594.45,11503473,-10.91,-1.00,21.64,腾讯财经
2026-07-26 23:40:00,595.19,605.30,609.98,594.45,11503473,-10.91,-1.00,21.64,腾讯财经
2026-07-26 23:50:05,595.19,605.30,609.98,594.45,11503473,-10.91,-1.00,21.64,腾讯财经
2026-07-27 00:00:00,595.19,605.30,609.98,594.45,11503473,-10.91,-1.00,21.64,腾讯财经
2026-07-27 00:10:03,595.19,605.30,609.98,594.45,11503473,-10.91,-1.00,21.64,腾讯财经
2026-07-27 00:20:00,595.19,605.30,609.98,594.45,11503473,-10.91,-1.00,21.64,腾讯财经
2026-07-27 00:30:01,595.19,605.30,609.98,594.45,11503473,-10.91,-1.00,21.64,腾讯财经
2026-07-27 00:40:03,595.19,605.30,609.98,594.45,11503473,-10.91,-1.00,21.64,腾讯财经
2026-07-27 00:50:00,595.19,605.30,609.98,594.45,11503473,-10.91,-1.00,21.64,腾讯财经
2026-07-27 01:00:01,595.19,605.30,609.98,594.45,11503473,-10.91,-1.00,21.64,腾讯财经
2026-07-27 01:10:05,595.19,605.30,609.98,594.45,11503473,-10.91,-1.00,21.64,腾讯财经
2026-07-27 01:20:05,595.19,605.30,609.98,594.45,11503473,-10.91,-1.00,21.64,腾讯财经
2026-07-27 01:30:00,595.19,605.30,609.98,594.45,11503473,-10.91,-1.00,21.64,腾讯财经
2026-07-27 01:40:02,595.19,605.30,609.98,594.45,11503473,-10.91,-1.00,21.64,腾讯财经
2026-07-27 01:50:00,595.19,605.30,609.98,594.45,11503473,-10.91,-1.00,21.64,腾讯财经
2026-07-27 02:00:00,595.19,605.30,609.98,594.45,11503473,-10.91,-1.00,21.64,腾讯财经
2026-07-27 02:10:00,595.19,605.30,609.98,594.45,11503473,-10.91,-1.00,21.64,腾讯财经
2026-07-27 02:20:04,595.19,605.30,609.98,594.45,11503473,-10.91,-1.00,21.64,腾讯财经
2026-07-27 02:30:00,595.19,605.30,609.98,594.45,11503473,-10.91,-1.00,21.64,腾讯财经
2026-07-27 02:40:00,595.19,605.30,609.98,594.45,11503473,-10.91,-1.00,21.64,腾讯财经
2026-07-27 02:50:05,595.19,605.30,609.98,594.45,11503473,-10.91,-1.00,21.64,腾讯财经
2026-07-27 03:00:00,595.19,605.30,609.98,594.45,11503473,-10.91,-1.00,21.64,腾讯财经
2026-07-27 03:10:01,595.19,605.30,609.98,594.45,11503473,-10.91,-1.00,21.64,腾讯财经
2026-07-27 03:20:01,595.19,605.30,609.98,594.45,11503473,-10.91,-1.00,21.64,腾讯财经
2026-07-27 03:30:00,595.19,605.30,609.98,594.45,11503473,-10.91,-1.00,21.64,腾讯财经
2026-07-27 03:40:00,595.19,605.30,609.98,594.45,11503473,-10.91,-1.00,21.64,腾讯财经
2026-07-27 03:50:01,595.19,605.30,609.98,594.45,11503473,-10.91,-1.00,21.64,腾讯财经
2026-07-27 04:00:00,595.19,605.30,609.98,594.45,11503473,-10.91,-1.00,21.64,腾讯财经
2026-07-27 04:10:03,595.19,605.30,609.98,594.45,11503473,-10.91,-1.00,21.64,腾讯财经
2026-07-27 04:20:00,595.19,605.30,609.98,594.45,11503473,-10.91,-1.00,21.64,腾讯财经
2026-07-27 04:30:02,595.19,605.30,609.98,594.45,11503473,-10.91,-1.00,21.64,腾讯财经
2026-07-27 04:40:04,595.19,605.30,609.98,594.45,11503473,-10.91,-1.00,21.64,腾讯财经
2026-07-27 04:50:00,595.19,605.30,609.98,594.45,11503473,-10.91,-1.00,21.64,腾讯财经
2026-07-27 05:00:00,595.19,605.30,609.98,594.45,11503473,-10.91,-1.00,21.64,腾讯财经
2026-07-27 05:10:01,595.19,605.30,609.98,594.45,11503473,-10.91,-1.00,21.64,腾讯财经
2026-07-27 05:20:01,595.19,605.30,609.98,594.45,11503473,-10.91,-1.00,21.64,腾讯财经
2026-07-27 05:30:05,595.19,605.30,609.98,594.45,11503473,-10.91,-1.00,21.64,腾讯财经
2026-07-27 05:40:02,595.19,605.30,609.98,594.45,11503473,-10.91,-1.00,21.64,腾讯财经
2026-07-27 05:50:04,595.19,605.30,609.98,594.45,11503473,-10.91,-1.00,21.64,腾讯财经
2026-07-27 06:00:01,595.19,605.30,609.98,594.45,11503473,-10.91,-1.00,21.64,腾讯财经
2026-07-27 06:10:01,595.19,605.30,609.98,594.45,11503473,-10.91,-1.00,21.64,腾讯财经
2026-07-27 06:20:01,595.19,605.30,609.98,594.45,11503473,-10.91,-1.00,21.64,腾讯财经
2026-07-27 06:30:02,595.19,605.30,609.98,594.45,11503473,-10.91,-1.00,21.64,腾讯财经
2026-07-27 06:40:01,595.19,605.30,609.98,594.45,11503473,-10.91,-1.00,21.64,腾讯财经
2026-07-27 06:50:03,595.19,605.30,609.98,594.45,11503473,-10.91,-1.00,21.64,腾讯财经
2026-07-27 07:00:02,595.19,605.30,609.98,594.45,11503473,-10.91,-1.00,21.64,腾讯财经
2026-07-27 07:10:00,595.19,605.30,609.98,594.45,11503473,-10.91,-1.00,21.64,腾讯财经
2026-07-27 07:20:00,595.19,605.30,609.98,594.45,11503473,-10.91,-1.00,21.64,腾讯财经
2026-07-27 07:30:04,595.19,605.30,609.98,594.45,11503473,-10.91,-1.00,21.64,腾讯财经
2026-07-27 07:40:05,595.19,605.30,609.98,594.45,11503473,-10.91,-1.00,21.64,腾讯财经
2026-07-27 07:50:02,595.19,605.30,609.98,594.45,11503473,-10.91,-1.00,21.64,腾讯财经
2026-07-27 08:50:01,595.19,605.30,609.98,594.45,11503473,-10.91,-1.00,21.64,腾讯财经
2026-07-27 09:00:00,595.19,605.30,609.98,594.45,11503473,-10.91,-1.00,21.64,腾讯财经
2026-07-27 09:10:02,595.19,605.30,609.98,594.45,11503473,-10.91,-1.00,21.64,腾讯财经
2026-07-27 09:20:05,595.19,605.30,609.98,594.45,11503473,-10.91,-1.00,21.64,腾讯财经
2026-07-27 09:30:00,595.19,605.30,609.98,594.45,11503473,-10.91,-1.00,21.64,腾讯财经
2026-07-27 09:40:03,595.19,605.30,609.98,594.45,11503473,-10.91,-1.00,21.64,腾讯财经
2026-07-27 09:50:05,595.19,605.30,609.98,594.45,11503473,-10.91,-1.00,21.64,腾讯财经
2026-07-27 10:00:00,595.19,605.30,609.98,594.45,11503473,-10.91,-1.00,21.64,腾讯财经
2026-07-27 10:10:04,595.19,605.30,609.98,594.45,11503473,-10.91,-1.00,21.64,腾讯财经
2026-07-27 10:20:00,595.19,605.30,609.98,594.45,11503473,-10.91,-1.00,21.64,腾讯财经
2026-07-27 10:30:04,595.19,605.30,609.98,594.45,11503473,-10.91,-1.00,21.64,腾讯财经
2026-07-27 10:40:03,595.19,605.30,609.98,594.45,11503473,-10.91,-1.00,21.64,腾讯财经
2026-07-27 10:50:04,595.19,605.30,609.98,594.45,11503473,-10.91,-1.00,21.64,腾讯财经
2026-07-27 11:00:04,595.19,605.30,609.98,594.45,11503473,-10.91,-1.00,21.64,腾讯财经
2026-07-27 11:10:03,595.19,605.30,609.98,594.45,11503473,-10.91,-1.00,21.64,腾讯财经
2026-07-27 11:20:05,595.19,605.30,609.98,594.45,11503473,-10.91,-1.00,21.64,腾讯财经
2026-07-27 11:30:03,595.19,605.30,609.98,594.45,11503473,-10.91,-1.00,21.64,腾讯财经
2026-07-27 11:40:03,595.19,605.30,609.98,594.45,11503473,-10.91,-1.00,21.64,腾讯财经
2026-07-27 11:50:01,595.19,605.30,609.98,594.45,11503473,-10.91,-1.00,21.64,腾讯财经
2026-07-27 12:00:05,595.19,605.30,609.98,594.45,11503473,-10.91,-1.00,21.64,腾讯财经
2026-07-27 12:10:04,595.19,605.30,609.98,594.45,11503473,-10.91,-1.00,21.64,腾讯财经
2026-07-27 12:20:02,595.19,605.30,609.98,594.45,11503473,-10.91,-1.00,21.64,腾讯财经
2026-07-27 12:30:04,595.19,605.30,609.98,594.45,11503473,-10.91,-1.00,21.64,腾讯财经
2026-07-27 12:40:04,595.19,605.30,609.98,594.45,11503473,-10.91,-1.00,21.64,腾讯财经
2026-07-27 12:50:03,595.19,605.30,609.98,594.45,11503473,-10.91,-1.00,21.64,腾讯财经
2026-07-27 13:00:02,595.19,605.30,609.98,594.45,11503473,-10.91,-1.00,21.64,腾讯财经
2026-07-27 13:10:04,595.19,605.30,609.98,594.45,11503473,-10.91,-1.00,21.64,腾讯财经
2026-07-27 13:20:04,595.19,605.30,609.98,594.45,11503473,-10.91,-1.00,21.64,腾讯财经
2026-07-27 13:30:03,595.19,605.30,609.98,594.45,11503473,-10.91,-1.00,21.64,腾讯财经
2026-07-27 13:40:04,595.19,605.30,609.98,594.45,11503473,-10.91,-1.00,21.64,腾讯财经
2026-07-27 13:50:01,595.19,605.30,609.98,594.45,11503473,-10.91,-1.00,21.64,腾讯财经
2026-07-27 14:00:00,595.19,605.30,609.98,594.45,11503473,-10.91,-1.00,21.64,腾讯财经
2026-07-27 14:10:04,595.19,605.30,609.98,594.45,11503473,-10.91,-1.00,21.64,腾讯财经
2026-07-27 14:20:00,595.19,605.30,609.98,594.45,11503473,-10.91,-1.00,21.64,腾讯财经
2026-07-27 14:30:04,595.19,605.30,609.98,594.45,11503473,-10.91,-1.00,21.64,腾讯财经
2026-07-27 14:40:05,595.19,605.30,609.98,594.45,11503473,-10.91,-1.00,21.64,腾讯财经
2026-07-27 14:50:01,595.19,605.30,609.98,594.45,11503473,-10.91,-1.00,21.64,腾讯财经
2026-07-27 15:00:01,595.19,605.30,609.98,594.45,11503473,-10.91,-1.00,21.64,腾讯财经
2026-07-27 15:10:05,595.19,605.30,609.98,594.45,11503473,-10.91,-1.00,21.64,腾讯财经
2026-07-27 15:20:00,595.19,605.30,609.98,594.45,11503473,-10.91,-1.00,21.64,腾讯财经
2026-07-27 15:30:02,595.19,605.30,609.98,594.45,11503473,-10.91,-1.00,21.64,腾讯财经
2026-07-27 15:40:05,595.19,605.30,609.98,594.45,11503473,-10.91,-1.00,21.64,腾讯财经
2026-07-27 15:50:00,595.19,605.30,609.98,594.45,11503473,-10.91,-1.00,21.64,腾讯财经
2026-07-27 16:00:02,595.19,605.30,609.98,594.45,11503473,-10.91,-1.00,21.64,腾讯财经
2026-07-27 16:10:04,595.19,605.30,609.98,594.45,11503473,-10.91,-1.00,21.64,腾讯财经
2026-07-27 16:20:00,595.19,605.30,609.98,594.45,11503473,-10.91,-1.00,21.64,腾讯财经
2026-07-27 16:30:05,595.19,605.30,609.98,594.45,11503473,-10.91,-1.00,21.64,腾讯财经
2026-07-27 16:40:04,595.19,605.30,609.98,594.45,11503473,-10.91,-1.00,21.64,腾讯财经
2026-07-27 16:50:04,595.19,605.30,609.98,594.45,11503473,-10.91,-1.00,21.64,腾讯财经
2026-07-27 17:00:01,595.19,605.30,609.98,594.45,11503473,-10.91,-1.00,21.64,腾讯财经
2026-07-27 17:10:03,595.19,605.30,609.98,594.45,11503473,-10.91,-1.00,21.64,腾讯财经
2026-07-27 17:20:05,595.19,605.30,609.98,594.45,11503473,-10.91,-1.00,21.64,腾讯财经
2026-07-27 17:30:01,595.19,605.30,609.98,594.45,11503473,-10.91,-1.00,21.64,腾讯财经
2026-07-27 18:21:14,595.19,605.30,609.98,594.45,11503473,-10.91,-1.00,21.64,腾讯财经
2026-07-27 18:30:02,595.19,605.30,609.98,594.45,11503473,-10.91,-1.00,21.64,腾讯财经
2026-07-27 18:40:00,595.19,605.30,609.98,594.45,11503473,-10.91,-1.00,21.64,腾讯财经
2026-07-27 18:50:00,595.19,605.30,609.98,594.45,11503473,-10.91,-1.00,21.64,腾讯财经
2026-07-27 19:00:03,595.19,605.30,609.98,594.45,11503473,-10.91,-1.00,21.64,腾讯财经
2026-07-27 19:10:04,595.19,605.30,609.98,594.45,11503473,-10.91,-1.00,21.64,腾讯财经
2026-07-27 19:20:02,595.19,605.30,609.98,594.45,11503473,-10.91,-1.00,21.64,腾讯财经
2026-07-27 19:30:04,595.19,605.30,609.98,594.45,11503473,-10.91,-1.00,21.64,腾讯财经
2026-07-27 19:40:02,595.19,605.30,609.98,594.45,11503473,-10.91,-1.00,21.64,腾讯财经
2026-07-27 19:50:03,595.19,605.30,609.98,594.45,11503473,-10.91,-1.00,21.64,腾讯财经
2026-07-27 20:00:01,595.19,605.30,609.98,594.45,11503473,-10.91,-1.00,21.64,腾讯财经
2026-07-27 20:10:00,595.19,605.30,609.98,594.45,11503473,-10.91,-1.00,21.64,腾讯财经
2026-07-27 20:20:04,595.19,605.30,609.98,594.45,11503473,-10.91,-1.00,21.64,腾讯财经
2026-07-27 20:30:05,595.19,605.30,609.98,594.45,11503473,-10.91,-1.00,21.64,腾讯财经
2026-07-27 20:40:02,595.19,605.30,609.98,594.45,11503473,-10.91,-1.00,21.64,腾讯财经
2026-07-27 20:50:02,595.19,605.30,609.98,594.45,11503473,-10.91,-1.00,21.64,腾讯财经
2026-07-27 21:00:01,595.19,605.30,609.98,594.45,11503473,-10.91,-1.00,21.64,腾讯财经
2026-07-27 21:10:02,595.19,605.30,609.98,594.45,11503473,-10.91,-1.00,21.64,腾讯财经
2026-07-27 21:20:00,595.19,605.30,609.98,594.45,11503473,-10.91,-1.00,21.64,腾讯财经
2026-07-27 21:30:04,595.19,0.00,0.00,0.00,210409,0,0,21.64,腾讯财经
2026-07-27 21:40:03,604.43,607.22,611.26,600.18,826379,9.24,1.00,21.98,腾讯财经
2026-07-27 21:50:04,605.51,607.22,611.26,600.18,1180977,10.32,1.00,22.02,腾讯财经
2026-07-27 22:00:02,606.36,607.22,611.26,600.18,1492013,11.17,1.00,22.05,腾讯财经
2026-07-27 22:10:01,608.68,607.22,611.26,600.18,1797154,13.49,2.00,22.13,腾讯财经
2026-07-27 22:20:00,608.96,607.22,611.26,600.18,2184359,13.77,2.00,22.14,腾讯财经
2026-07-27 22:30:01,606.04,607.22,611.26,600.18,2440454,10.85,1.00,22.04,腾讯财经
2026-07-27 22:40:04,602.72,607.22,611.26,600.18,2805738,7.53,1.00,21.92,腾讯财经
2026-07-27 22:50:01,600.36,607.22,611.26,598.98,3160199,5.17,0,21.83,腾讯财经
2026-07-27 23:00:01,602.42,607.22,611.26,598.98,3400354,7.23,1.00,21.91,腾讯财经
2026-07-28 08:38:27,593.87,607.22,611.26,593.13,11195251,-1.32,0,21.60,腾讯财经
2026-07-28 08:40:01,593.87,607.22,611.26,593.13,11195251,-1.32,0,21.60,腾讯财经
2026-07-28 08:50:05,593.87,607.22,611.26,593.13,11195251,-1.32,0,21.60,腾讯财经
2026-07-28 09:00:01,593.87,607.22,611.26,593.13,11195251,-1.32,0,21.60,腾讯财经
2026-07-28 09:10:04,593.87,607.22,611.26,593.13,11195251,-1.32,0,21.60,腾讯财经
2026-07-28 09:20:00,593.87,607.22,611.26,593.13,11195251,-1.32,0,21.60,腾讯财经
2026-07-28 09:30:04,593.87,607.22,611.26,593.13,11195251,-1.32,0,21.60,腾讯财经
2026-07-28 09:40:00,593.87,607.22,611.26,593.13,11195251,-1.32,0,21.60,腾讯财经
2026-07-28 09:50:02,593.87,607.22,611.26,593.13,11195251,-1.32,0,21.60,腾讯财经
2026-07-28 10:00:03,593.87,607.22,611.26,593.13,11195251,-1.32,0,21.60,腾讯财经
2026-07-28 10:10:02,593.87,607.22,611.26,593.13,11195251,-1.32,0,21.60,腾讯财经
2026-07-28 10:20:02,593.87,607.22,611.26,593.13,11195251,-1.32,0,21.60,腾讯财经
2026-07-28 10:30:05,593.87,607.22,611.26,593.13,11195251,-1.32,0,21.60,腾讯财经
2026-07-28 10:40:00,593.87,607.22,611.26,593.13,11195251,-1.32,0,21.60,腾讯财经
2026-07-28 10:50:00,593.87,607.22,611.26,593.13,11195251,-1.32,0,21.60,腾讯财经
2026-07-28 11:00:00,593.87,607.22,611.26,593.13,11195251,-1.32,0,21.60,腾讯财经
2026-07-28 11:10:02,593.87,607.22,611.26,593.13,11195251,-1.32,0,21.60,腾讯财经
2026-07-28 11:20:00,593.87,607.22,611.26,593.13,11195251,-1.32,0,21.60,腾讯财经
2026-07-28 11:30:01,593.87,607.22,611.26,593.13,11195251,-1.32,0,21.60,腾讯财经
2026-07-28 11:40:05,593.87,607.22,611.26,593.13,11195251,-1.32,0,21.60,腾讯财经
2026-07-28 11:50:04,593.87,607.22,611.26,593.13,11195251,-1.32,0,21.60,腾讯财经
2026-07-28 12:00:04,593.87,607.22,611.26,593.13,11195251,-1.32,0,21.60,腾讯财经
2026-07-28 12:10:03,593.87,607.22,611.26,593.13,11195251,-1.32,0,21.60,腾讯财经
2026-07-28 12:20:00,593.87,607.22,611.26,593.13,11195251,-1.32,0,21.60,腾讯财经
2026-07-28 12:30:00,593.87,607.22,611.26,593.13,11195251,-1.32,0,21.60,腾讯财经
2026-07-28 12:40:02,593.87,607.22,611.26,593.13,11195251,-1.32,0,21.60,腾讯财经
2026-07-28 12:50:00,593.87,607.22,611.26,593.13,11195251,-1.32,0,21.60,腾讯财经
2026-07-28 13:00:00,593.87,607.22,611.26,593.13,11195251,-1.32,0,21.60,腾讯财经
2026-07-28 13:10:00,593.87,607.22,611.26,593.13,11195251,-1.32,0,21.60,腾讯财经
2026-07-28 13:20:03,593.87,607.22,611.26,593.13,11195251,-1.32,0,21.60,腾讯财经
2026-07-28 13:30:00,593.87,607.22,611.26,593.13,11195251,-1.32,0,21.60,腾讯财经
2026-07-28 13:40:03,593.87,607.22,611.26,593.13,11195251,-1.32,0,21.60,腾讯财经
2026-07-28 13:50:04,593.87,607.22,611.26,593.13,11195251,-1.32,0,21.60,腾讯财经
2026-07-28 14:00:05,593.87,607.22,611.26,593.13,11195251,-1.32,0,21.60,腾讯财经
2026-07-28 14:10:05,593.87,607.22,611.26,593.13,11195251,-1.32,0,21.60,腾讯财经
2026-07-28 14:20:01,593.87,607.22,611.26,593.13,11195251,-1.32,0,21.60,腾讯财经
2026-07-28 14:30:00,593.87,607.22,611.26,593.13,11195251,-1.32,0,21.60,腾讯财经
2026-07-28 14:40:00,593.87,607.22,611.26,593.13,11195251,-1.32,0,21.60,腾讯财经
2026-07-28 14:50:00,593.87,607.22,611.26,593.13,11195251,-1.32,0,21.60,腾讯财经
2026-07-28 15:00:00,593.87,607.22,611.26,593.13,11195251,-1.32,0,21.60,腾讯财经
2026-07-28 15:10:01,593.87,607.22,611.26,593.13,11195251,-1.32,0,21.60,腾讯财经
2026-07-28 15:20:00,593.87,607.22,611.26,593.13,11195251,-1.32,0,21.60,腾讯财经
2026-07-28 15:30:04,593.87,607.22,611.26,593.13,11195251,-1.32,0,21.60,腾讯财经
2026-07-28 15:40:05,593.87,607.22,611.26,593.13,11195251,-1.32,0,21.60,腾讯财经
2026-07-28 15:50:01,593.87,607.22,611.26,593.13,11195251,-1.32,0,21.60,腾讯财经
2026-07-28 16:00:03,593.87,607.22,611.26,593.13,11195251,-1.32,0,21.60,腾讯财经
2026-07-28 16:10:00,593.87,607.22,611.26,593.13,11195251,-1.32,0,21.60,腾讯财经
2026-07-28 16:20:04,593.87,607.22,611.26,593.13,11195251,-1.32,0,21.60,腾讯财经
2026-07-28 16:30:05,593.87,607.22,611.26,593.13,11195251,-1.32,0,21.60,腾讯财经
2026-07-28 16:40:02,593.87,607.22,611.26,593.13,11195251,-1.32,0,21.60,腾讯财经
2026-07-28 16:50:00,593.87,607.22,611.26,593.13,11195251,-1.32,0,21.60,腾讯财经
2026-07-28 17:00:04,593.87,607.22,611.26,593.13,11195251,-1.32,0,21.60,腾讯财经
2026-07-28 17:10:03,593.87,607.22,611.26,593.13,11195251,-1.32,0,21.60,腾讯财经
2026-07-28 17:20:05,593.87,607.22,611.26,593.13,11195251,-1.32,0,21.60,腾讯财经
2026-07-28 17:30:01,593.87,607.22,611.26,593.13,11195251,-1.32,0,21.60,腾讯财经
2026-07-28 18:39:24,593.87,607.22,611.26,593.13,11195251,-1.32,0,21.60,腾讯财经
2026-07-28 18:40:06,593.87,607.22,611.26,593.13,11195251,-1.32,0,21.60,腾讯财经
2026-07-28 18:50:04,593.87,607.22,611.26,593.13,11195251,-1.32,0,21.60,腾讯财经
2026-07-28 19:00:02,593.87,607.22,611.26,593.13,11195251,-1.32,0,21.60,腾讯财经
2026-07-28 19:10:00,593.87,607.22,611.26,593.13,11195251,-1.32,0,21.60,腾讯财经
2026-07-28 19:20:01,593.87,607.22,611.26,593.13,11195251,-1.32,0,21.60,腾讯财经
2026-07-28 19:30:03,593.87,607.22,611.26,593.13,11195251,-1.32,0,21.60,腾讯财经
2026-07-28 19:40:04,593.87,607.22,611.26,593.13,11195251,-1.32,0,21.60,腾讯财经
2026-07-28 19:50:00,593.87,607.22,611.26,593.13,11195251,-1.32,0,21.60,腾讯财经
2026-07-28 20:00:02,593.87,607.22,611.26,593.13,11195251,-1.32,0,21.60,腾讯财经
2026-07-28 20:10:00,593.87,607.22,611.26,593.13,11195251,-1.32,0,21.60,腾讯财经
2026-07-28 20:20:04,593.87,607.22,611.26,593.13,11195251,-1.32,0,21.60,腾讯财经
2026-07-28 20:30:05,593.87,607.22,611.26,593.13,11195251,-1.32,0,21.60,腾讯财经
2026-07-28 20:40:03,593.87,607.22,611.26,593.13,11195251,-1.32,0,21.60,腾讯财经
2026-07-28 20:50:03,593.87,607.22,611.26,593.13,11195251,-1.32,0,21.60,腾讯财经
2026-07-28 21:00:03,593.87,607.22,611.26,593.13,11195251,-1.32,0,21.60,腾讯财经
2026-07-28 21:10:01,593.87,607.22,611.26,593.13,11195251,-1.32,0,21.60,腾讯财经
2026-07-28 21:20:00,593.87,607.22,611.26,593.13,11195251,-1.32,0,21.60,腾讯财经
2026-07-28 21:30:00,593.87,0.00,0.00,0.00,219923,0,0,21.60,腾讯财经
2026-07-28 21:40:00,598.55,595.90,601.00,595.62,883033,4.68,0,21.77,腾讯财经
2026-07-28 21:50:02,592.67,596.82,601.00,591.00,1334937,-1.20,0,21.55,腾讯财经
2026-07-28 22:00:04,593.19,596.82,601.00,591.00,1612640,-.68,0,21.57,腾讯财经
2026-07-28 22:10:02,594.28,596.82,601.00,591.00,1804057,.41,0,21.61,腾讯财经
2026-07-28 22:20:00,593.94,596.82,601.00,591.00,2027262,.07,0,21.60,腾讯财经
2026-07-28 22:30:00,594.40,596.82,601.00,591.00,2255726,.53,0,21.61,腾讯财经
2026-07-28 22:40:02,590.66,596.82,601.00,589.88,2510469,-3.21,0,21.48,腾讯财经
2026-07-28 22:50:04,592.62,596.82,601.00,589.88,2747273,-1.25,0,21.55,腾讯财经
2026-07-28 23:00:00,589.86,596.82,601.00,589.64,2944809,-4.01,0,21.45,腾讯财经
2026-07-28 23:10:00,587.94,596.82,601.00,587.00,3379669,-5.93,0,21.38,腾讯财经
2026-07-28 23:20:01,594.31,596.82,601.00,587.00,3665077,.44,0,21.61,腾讯财经
2026-07-28 23:30:03,593.76,596.82,601.00,587.00,3839615,-.11,0,21.59,腾讯财经
2026-07-28 23:40:05,593.40,596.82,601.00,587.00,3989176,-.47,0,21.58,腾讯财经
2026-07-28 23:50:04,594.24,596.82,601.00,587.00,4100389,.37,0,21.61,腾讯财经
2026-07-29 00:00:00,594.96,596.82,601.00,587.00,4222209,1.09,0,21.63,腾讯财经
2026-07-29 00:10:02,596.89,596.82,601.00,587.00,4405542,3.02,0,21.71,腾讯财经
2026-07-29 00:20:03,597.39,596.82,601.00,587.00,4563423,3.52,0,21.72,腾讯财经
2026-07-29 00:30:00,596.37,596.82,601.00,587.00,4692654,2.50,0,21.69,腾讯财经
2026-07-29 00:40:00,595.55,596.82,601.00,587.00,4857549,1.68,0,21.66,腾讯财经
2026-07-29 00:50:04,594.16,596.82,601.00,587.00,4958853,.29,0,21.61,腾讯财经
2026-07-29 01:00:01,594.74,596.82,601.00,587.00,5136922,.87,0,21.63,腾讯财经
2026-07-29 01:10:05,592.60,596.82,601.00,587.00,5310030,-1.27,0,21.55,腾讯财经
2026-07-29 01:20:00,592.96,596.82,601.00,587.00,5720486,-.91,0,21.56,腾讯财经
2026-07-29 01:30:04,593.73,596.82,601.00,587.00,5846876,-.14,0,21.59,腾讯财经
2026-07-29 01:40:00,594.37,596.82,601.00,587.00,5976386,.50,0,21.61,腾讯财经
2026-07-29 01:50:02,593.56,596.82,601.00,587.00,6096710,-.31,0,21.58,腾讯财经
2026-07-29 02:00:02,594.59,596.82,601.00,587.00,6240579,.72,0,21.62,腾讯财经
2026-07-29 02:10:02,593.87,596.82,601.00,587.00,6320057,0,0,21.60,腾讯财经
2026-07-29 02:20:00,593.67,596.82,601.00,587.00,6406185,-.20,0,21.59,腾讯财经
2026-07-29 02:30:00,594.37,596.82,601.00,587.00,6529045,.50,0,21.61,腾讯财经
2026-07-29 02:40:00,593.11,596.82,601.00,587.00,6695755,-.76,0,21.57,腾讯财经
2026-07-29 02:50:05,594.30,596.82,601.00,587.00,6775201,.43,0,21.61,腾讯财经
2026-07-29 03:00:05,594.44,596.82,601.00,587.00,6853973,.57,0,21.62,腾讯财经
2026-07-29 03:10:05,594.38,596.82,601.00,587.00,7013496,.51,0,21.61,腾讯财经
2026-07-29 03:20:05,594.09,596.82,601.00,587.00,7127238,.22,0,21.60,腾讯财经
2026-07-29 03:30:01,593.54,596.82,601.00,587.00,7236730,-.33,0,21.58,腾讯财经
2026-07-29 03:40:03,593.55,596.82,601.00,587.00,7837875,-.32,0,21.58,腾讯财经
2026-07-29 03:50:00,594.05,596.82,601.00,587.00,8266035,.18,0,21.60,腾讯财经
2026-07-29 04:00:03,593.66,596.82,601.00,587.00,9065159,-.21,0,21.59,腾讯财经
2026-07-29 04:10:02,593.41,596.82,601.00,587.00,11582712,-.46,0,21.58,腾讯财经
2026-07-29 04:20:05,593.41,596.82,601.00,587.00,11593578,-.46,0,21.58,腾讯财经
2026-07-29 04:30:03,593.41,596.82,601.00,587.00,11598328,-.46,0,21.58,腾讯财经
2026-07-29 04:40:00,593.41,596.82,601.00,587.00,11612236,-.46,0,21.58,腾讯财经
2026-07-29 04:50:00,593.41,596.82,601.00,587.00,11920963,-.46,0,21.58,腾讯财经
2026-07-29 05:00:00,593.41,596.82,601.00,587.00,11926486,-.46,0,21.58,腾讯财经
2026-07-29 05:10:00,593.41,596.82,601.00,587.00,11929377,-.46,0,21.58,腾讯财经
2026-07-29 05:20:01,593.41,596.82,601.00,587.00,11931528,-.46,0,21.58,腾讯财经
2026-07-29 05:30:00,593.41,596.82,601.00,587.00,11935354,-.46,0,21.58,腾讯财经
2026-07-29 05:40:00,593.41,596.82,601.00,587.00,11937634,-.46,0,21.58,腾讯财经
2026-07-29 05:50:00,593.41,596.82,601.00,587.00,11939966,-.46,0,21.58,腾讯财经
2026-07-29 06:00:01,593.41,596.82,601.00,587.00,11942208,-.46,0,21.58,腾讯财经
2026-07-29 06:10:00,593.41,596.82,601.00,587.00,11943661,-.46,0,21.58,腾讯财经
2026-07-29 06:20:00,593.41,596.82,601.00,587.00,11947767,-.46,0,21.58,腾讯财经
2026-07-29 06:30:00,593.41,596.82,601.00,587.00,11951820,-.46,0,21.58,腾讯财经
2026-07-29 06:40:05,593.41,596.82,601.00,587.00,11953156,-.46,0,21.58,腾讯财经
2026-07-29 06:50:00,593.41,596.82,601.00,587.00,11963472,-.46,0,21.58,腾讯财经
2026-07-29 07:00:05,593.41,596.82,601.00,587.00,11972348,-.46,0,21.58,腾讯财经
2026-07-29 07:10:00,593.41,596.82,601.00,587.00,11978624,-.46,0,21.58,腾讯财经
2026-07-29 07:20:03,593.41,596.82,601.00,587.00,11988535,-.46,0,21.58,腾讯财经
2026-07-29 07:30:05,593.41,596.82,601.00,587.00,11990837,-.46,0,21.58,腾讯财经
2026-07-29 08:40:04,593.41,596.82,601.00,587.00,12009255,-.46,0,21.58,腾讯财经
2026-07-29 08:50:00,593.41,596.82,601.00,587.00,12009255,-.46,0,21.58,腾讯财经
2026-07-29 09:00:05,593.41,596.82,601.00,587.00,12009255,-.46,0,21.58,腾讯财经
2026-07-29 09:10:00,593.41,596.82,601.00,587.00,12009255,-.46,0,21.58,腾讯财经
2026-07-29 09:20:02,593.41,596.82,601.00,587.00,12009255,-.46,0,21.58,腾讯财经
2026-07-29 09:30:00,593.41,596.82,601.00,587.00,12009255,-.46,0,21.58,腾讯财经
2026-07-29 09:40:02,593.41,596.82,601.00,587.00,12009255,-.46,0,21.58,腾讯财经
2026-07-29 09:50:04,593.41,596.82,601.00,587.00,12009255,-.46,0,21.58,腾讯财经
2026-07-29 10:00:00,593.41,596.82,601.00,587.00,12009255,-.46,0,21.58,腾讯财经
2026-07-29 10:10:00,593.41,596.82,601.00,587.00,12009255,-.46,0,21.58,腾讯财经
2026-07-29 10:20:05,593.41,596.82,601.00,587.00,12009255,-.46,0,21.58,腾讯财经
2026-07-29 10:30:00,593.41,596.82,601.00,587.00,12009255,-.46,0,21.58,腾讯财经
2026-07-29 10:40:00,593.41,596.82,601.00,587.00,12009255,-.46,0,21.58,腾讯财经
2026-07-29 10:50:04,593.41,596.82,601.00,587.00,12009255,-.46,0,21.58,腾讯财经
2026-07-29 11:00:00,593.41,596.82,601.00,587.00,12009255,-.46,0,21.58,腾讯财经
2026-07-29 11:10:03,593.41,596.82,601.00,587.00,12009255,-.46,0,21.58,腾讯财经
2026-07-29 11:20:01,593.41,596.82,601.00,587.00,12009255,-.46,0,21.58,腾讯财经
2026-07-29 11:30:00,593.41,596.82,601.00,587.00,12009255,-.46,0,21.58,腾讯财经
2026-07-29 11:40:00,593.41,596.82,601.00,587.00,12009255,-.46,0,21.58,腾讯财经
2026-07-29 11:50:02,593.41,596.82,601.00,587.00,12009255,-.46,0,21.58,腾讯财经
2026-07-29 12:00:00,593.41,596.82,601.00,587.00,12009255,-.46,0,21.58,腾讯财经
2026-07-29 12:10:04,593.41,596.82,601.00,587.00,12009255,-.46,0,21.58,腾讯财经
2026-07-29 12:20:02,593.41,596.82,601.00,587.00,12009255,-.46,0,21.58,腾讯财经
2026-07-29 12:30:00,593.41,596.82,601.00,587.00,12009255,-.46,0,21.58,腾讯财经
2026-07-29 12:40:00,593.41,596.82,601.00,587.00,12009255,-.46,0,21.58,腾讯财经
2026-07-29 12:50:00,593.41,596.82,601.00,587.00,12009255,-.46,0,21.58,腾讯财经
2026-07-29 13:00:05,593.41,596.82,601.00,587.00,12009255,-.46,0,21.58,腾讯财经
2026-07-29 13:10:01,593.41,596.82,601.00,587.00,12009255,-.46,0,21.58,腾讯财经
2026-07-29 13:20:00,593.41,596.82,601.00,587.00,12009255,-.46,0,21.58,腾讯财经
2026-07-29 13:30:01,593.41,596.82,601.00,587.00,12009255,-.46,0,21.58,腾讯财经
2026-07-29 13:40:03,593.41,596.82,601.00,587.00,12009255,-.46,0,21.58,腾讯财经
2026-07-29 13:50:03,593.41,596.82,601.00,587.00,12009255,-.46,0,21.58,腾讯财经
2026-07-29 14:00:03,593.41,596.82,601.00,587.00,12009255,-.46,0,21.58,腾讯财经
2026-07-29 14:10:00,593.41,596.82,601.00,587.00,12009255,-.46,0,21.58,腾讯财经
2026-07-29 14:20:01,593.41,596.82,601.00,587.00,12009255,-.46,0,21.58,腾讯财经
2026-07-29 14:30:00,593.41,596.82,601.00,587.00,12009255,-.46,0,21.58,腾讯财经
2026-07-29 14:40:00,593.41,596.82,601.00,587.00,12009255,-.46,0,21.58,腾讯财经
2026-07-29 14:50:00,593.41,596.82,601.00,587.00,12009255,-.46,0,21.58,腾讯财经
2026-07-29 15:00:04,593.41,596.82,601.00,587.00,12009255,-.46,0,21.58,腾讯财经
2026-07-29 15:10:02,593.41,596.82,601.00,587.00,12009255,-.46,0,21.58,腾讯财经
2026-07-29 15:20:05,593.41,596.82,601.00,587.00,12009255,-.46,0,21.58,腾讯财经
2026-07-29 15:30:00,593.41,596.82,601.00,587.00,12009255,-.46,0,21.58,腾讯财经
2026-07-29 15:40:00,593.41,596.82,601.00,587.00,12009255,-.46,0,21.58,腾讯财经
2026-07-29 15:50:00,593.41,596.82,601.00,587.00,12009255,-.46,0,21.58,腾讯财经
2026-07-29 16:00:04,593.41,596.82,601.00,587.00,12009255,-.46,0,21.58,腾讯财经
2026-07-29 16:10:00,593.41,596.82,601.00,587.00,12009255,-.46,0,21.58,腾讯财经
2026-07-29 16:20:00,593.41,596.82,601.00,587.00,12009255,-.46,0,21.58,腾讯财经
2026-07-29 16:30:00,593.41,596.82,601.00,587.00,12009255,-.46,0,21.58,腾讯财经
2026-07-29 16:40:01,593.41,596.82,601.00,587.00,12009255,-.46,0,21.58,腾讯财经
2026-07-29 16:50:02,593.41,596.82,601.00,587.00,12009255,-.46,0,21.58,腾讯财经
2026-07-29 17:00:00,593.41,596.82,601.00,587.00,12009255,-.46,0,21.58,腾讯财经
2026-07-29 17:10:00,593.41,596.82,601.00,587.00,12009255,-.46,0,21.58,腾讯财经
2026-07-29 17:20:04,593.41,596.82,601.00,587.00,12009255,-.46,0,21.58,腾讯财经
2026-07-29 17:30:01,593.41,596.82,601.00,587.00,12009255,-.46,0,21.58,腾讯财经
2026-07-29 17:40:02,593.41,596.82,601.00,587.00,12009255,-.46,0,21.58,腾讯财经
2026-07-29 17:50:00,593.41,596.82,601.00,587.00,12009255,-.46,0,21.58,腾讯财经
2026-07-29 18:00:00,593.41,596.82,601.00,587.00,12009255,-.46,0,21.58,腾讯财经
2026-07-29 18:10:03,593.41,596.82,601.00,587.00,12009255,-.46,0,21.58,腾讯财经
2026-07-29 18:20:04,593.41,596.82,601.00,587.00,12009255,-.46,0,21.58,腾讯财经
2026-07-29 18:30:00,593.41,596.82,601.00,587.00,12009255,-.46,0,21.58,腾讯财经
2026-07-29 18:40:00,593.41,596.82,601.00,587.00,12009255,-.46,0,21.58,腾讯财经
2026-07-29 18:50:04,593.41,596.82,601.00,587.00,12009255,-.46,0,21.58,腾讯财经
2026-07-29 19:00:04,593.41,596.82,601.00,587.00,12009255,-.46,0,21.58,腾讯财经
2026-07-29 19:10:01,593.41,596.82,601.00,587.00,12009255,-.46,0,21.58,腾讯财经
2026-07-29 19:20:05,593.41,596.82,601.00,587.00,12009255,-.46,0,21.58,腾讯财经
2026-07-29 19:30:05,593.41,596.82,601.00,587.00,12009255,-.46,0,21.58,腾讯财经
2026-07-29 19:40:02,593.41,596.82,601.00,587.00,12009255,-.46,0,21.58,腾讯财经
2026-07-29 19:50:01,593.41,596.82,601.00,587.00,12009255,-.46,0,21.58,腾讯财经
2026-07-29 20:00:05,593.41,596.82,601.00,587.00,12009255,-.46,0,21.58,腾讯财经
2026-07-29 20:10:05,593.41,596.82,601.00,587.00,12009255,-.46,0,21.58,腾讯财经
2026-07-29 20:20:01,593.41,596.82,601.00,587.00,12009255,-.46,0,21.58,腾讯财经
2026-07-29 20:30:04,593.41,596.82,601.00,587.00,12009255,-.46,0,21.58,腾讯财经
2026-07-29 20:40:01,593.41,596.82,601.00,587.00,12009255,-.46,0,21.58,腾讯财经
2026-07-29 20:50:03,593.41,596.82,601.00,587.00,12009255,-.46,0,21.58,腾讯财经
2026-07-29 21:00:01,593.41,596.82,601.00,587.00,12009255,-.46,0,21.58,腾讯财经
2026-07-29 21:10:00,593.41,596.82,601.00,587.00,12009255,-.46,0,21.58,腾讯财经
2026-07-29 21:20:01,593.41,596.82,601.00,587.00,12009255,-.46,0,21.58,腾讯财经
2026-07-29 21:30:02,593.41,0.00,0.00,0.00,184495,0,0,21.58,腾讯财经
2026-07-29 21:40:00,593.61,593.42,594.00,589.61,844139,.20,0,21.59,腾讯财经
2026-07-29 21:50:00,589.10,593.25,594.55,588.61,1221180,-4.31,0,21.42,腾讯财经
2026-07-29 22:00:02,588.72,593.25,594.55,587.05,1515889,-4.69,0,21.41,腾讯财经
2026-07-29 22:10:00,589.90,593.25,594.55,587.05,1794733,-3.51,0,21.45,腾讯财经
2026-07-29 22:20:00,590.67,593.25,594.55,587.05,2111335,-2.74,0,21.48,腾讯财经
2026-07-29 22:30:03,588.37,593.25,594.55,586.39,2449865,-5.04,0,21.40,腾讯财经
2026-07-29 22:40:00,590.19,593.25,594.55,586.39,2685585,-3.22,0,21.46,腾讯财经
2026-07-29 22:50:00,588.58,593.25,594.55,586.39,2851044,-4.83,0,21.40,腾讯财经
2026-07-29 23:00:00,588.92,593.25,594.55,586.39,3085443,-4.49,0,21.42,腾讯财经
2026-07-29 23:10:04,590.57,593.25,594.55,586.39,3361051,-2.84,0,21.48,腾讯财经
2026-07-29 23:20:03,591.86,593.25,594.55,586.39,3694066,-1.55,0,21.52,腾讯财经
2026-07-29 23:30:02,591.47,593.25,594.55,586.39,3894157,-1.94,0,21.51,腾讯财经
2026-07-29 23:40:00,589.98,593.25,594.55,586.39,4044995,-3.43,0,21.45,腾讯财经
2026-07-29 23:50:03,588.88,593.25,594.55,586.39,4311783,-4.53,0,21.41,腾讯财经
2026-07-30 00:00:02,586.46,593.25,594.55,585.25,4537695,-6.95,-1.00,21.33,腾讯财经
2026-07-30 00:10:05,585.91,593.25,594.55,585.25,4814540,-7.50,-1.00,21.31,腾讯财经
2026-07-30 00:20:01,586.37,593.25,594.55,585.25,5106680,-7.04,-1.00,21.32,腾讯财经
2026-07-30 00:30:04,590.83,593.25,594.55,585.25,5397185,-2.58,0,21.48,腾讯财经
2026-07-30 00:40:04,591.38,593.25,594.55,585.25,5645236,-2.03,0,21.50,腾讯财经
2026-07-30 00:50:01,592.62,593.25,594.55,585.25,5797066,-.79,0,21.55,腾讯财经
2026-07-30 01:00:04,593.10,593.25,594.55,585.25,6057336,-.31,0,21.57,腾讯财经
2026-07-30 01:10:01,592.89,593.25,594.55,585.25,6295141,-.52,0,21.56,腾讯财经
2026-07-30 01:20:01,594.20,593.25,594.80,585.25,6581246,.79,0,21.61,腾讯财经
2026-07-30 01:30:05,592.94,593.25,595.45,585.25,6785168,-.47,0,21.56,腾讯财经
2026-07-30 01:40:02,592.47,593.25,595.45,585.25,6957245,-.94,0,21.54,腾讯财经
2026-07-30 01:50:01,593.08,593.25,595.45,585.25,7135452,-.33,0,21.57,腾讯财经
2026-07-30 02:00:01,593.39,593.25,595.45,585.25,7270499,-.02,0,21.58,腾讯财经
2026-07-30 02:10:01,595.06,593.25,598.23,585.25,7638646,1.65,0,21.64,腾讯财经
2026-07-30 02:20:00,595.04,593.25,598.23,585.25,7942713,1.63,0,21.64,腾讯财经
2026-07-30 02:30:03,593.66,593.25,598.23,585.25,8168951,.25,0,21.59,腾讯财经
2026-07-30 02:40:03,594.86,593.25,598.23,585.25,8383874,1.45,0,21.63,腾讯财经
2026-07-30 02:50:00,597.02,593.25,598.23,585.25,8688455,3.61,0,21.71,腾讯财经
2026-07-30 03:00:02,597.61,593.25,599.97,585.25,9090891,4.20,0,21.73,腾讯财经
2026-07-30 03:10:01,594.57,593.25,599.97,585.25,9346150,1.16,0,21.62,腾讯财经
2026-07-30 03:20:00,593.05,593.25,599.97,585.25,9685753,-.36,0,21.57,腾讯财经
2026-07-30 03:30:04,589.12,593.25,599.97,585.25,9998768,-4.29,0,21.42,腾讯财经
2026-07-30 03:40:00,587.41,593.25,599.97,585.25,10892230,-6.00,-1.00,21.36,腾讯财经
2026-07-30 03:50:02,584.75,593.25,599.97,584.26,11470423,-8.66,-1.00,21.26,腾讯财经
2026-07-30 04:00:05,585.15,593.25,599.97,582.22,13303256,-8.26,-1.00,21.28,腾讯财经
2026-07-30 04:10:00,585.61,593.25,599.97,582.22,18245091,-7.80,-1.00,21.29,腾讯财经
2026-07-30 04:20:00,585.61,593.25,599.97,582.22,18699253,-7.80,-1.00,21.29,腾讯财经
2026-07-30 04:30:00,585.61,593.25,599.97,582.22,19061394,-7.80,-1.00,21.29,腾讯财经
2026-07-30 04:40:04,585.61,593.25,599.97,582.22,19345771,-7.80,-1.00,21.29,腾讯财经
2026-07-30 04:50:01,585.61,593.25,599.97,582.22,19571692,-7.80,-1.00,21.29,腾讯财经
2026-07-30 05:00:00,585.61,593.25,599.97,582.22,19868867,-7.80,-1.00,21.29,腾讯财经
2026-07-30 05:10:04,585.61,593.25,599.97,582.22,20380821,-7.80,-1.00,21.29,腾讯财经
2026-07-30 05:20:00,585.61,593.25,599.97,582.22,20982196,-7.80,-1.00,21.29,腾讯财经
2026-07-30 05:30:00,585.61,593.25,599.97,582.22,21179549,-7.80,-1.00,21.29,腾讯财经
2026-07-30 05:40:00,585.61,593.25,599.97,582.22,21316910,-7.80,-1.00,21.29,腾讯财经
2026-07-30 05:50:00,585.61,593.25,599.97,582.22,21410986,-7.80,-1.00,21.29,腾讯财经
2026-07-30 06:00:02,585.61,593.25,599.97,582.22,21493607,-7.80,-1.00,21.29,腾讯财经
2026-07-30 06:10:05,585.61,593.25,599.97,582.22,21626146,-7.80,-1.00,21.29,腾讯财经
2026-07-30 06:20:00,585.61,593.25,599.97,582.22,21718266,-7.80,-1.00,21.29,腾讯财经
2026-07-30 06:30:00,585.61,593.25,599.97,582.22,21783547,-7.80,-1.00,21.29,腾讯财经
2026-07-30 06:40:01,585.61,593.25,599.97,582.22,21898674,-7.80,-1.00,21.29,腾讯财经
2026-07-30 06:50:00,585.61,593.25,599.97,582.22,21970617,-7.80,-1.00,21.29,腾讯财经
2026-07-30 07:00:00,585.61,593.25,599.97,582.22,22017718,-7.80,-1.00,21.29,腾讯财经
2026-07-30 07:10:05,585.61,593.25,599.97,582.22,22102579,-7.80,-1.00,21.29,腾讯财经
2026-07-30 07:20:00,585.61,593.25,599.97,582.22,22177801,-7.80,-1.00,21.29,腾讯财经
2026-07-30 07:30:00,585.61,593.25,599.97,582.22,22235251,-7.80,-1.00,21.29,腾讯财经
2026-07-30 07:40:03,585.61,593.25,599.97,582.22,22276376,-7.80,-1.00,21.29,腾讯财经
2026-07-30 07:50:00,585.61,593.25,599.97,582.22,22322191,-7.80,-1.00,21.29,腾讯财经
2026-07-30 08:00:00,585.61,593.25,599.97,582.22,22364340,-7.80,-1.00,21.29,腾讯财经
2026-07-30 08:10:00,585.61,593.25,599.97,582.22,22371040,-7.80,-1.00,21.29,腾讯财经
2026-07-30 08:20:05,585.61,593.25,599.97,582.22,22371067,-7.80,-1.00,21.29,腾讯财经
2026-07-30 08:30:05,585.61,593.25,599.97,582.22,22371067,-7.80,-1.00,21.29,腾讯财经
2026-07-30 08:40:04,585.61,593.25,599.97,582.22,22371067,-7.80,-1.00,21.29,腾讯财经
2026-07-30 08:50:00,585.61,593.25,599.97,582.22,22371067,-7.80,-1.00,21.29,腾讯财经
2026-07-30 09:00:02,585.61,593.25,599.97,582.22,22371067,-7.80,-1.00,21.29,腾讯财经
2026-07-30 09:10:03,585.61,593.25,599.97,582.22,22371067,-7.80,-1.00,21.29,腾讯财经
2026-07-30 09:20:00,585.61,593.25,599.97,582.22,22371067,-7.80,-1.00,21.29,腾讯财经
2026-07-30 09:30:01,585.61,593.25,599.97,582.22,22371067,-7.80,-1.00,21.29,腾讯财经
2026-07-30 09:40:02,585.61,593.25,599.97,582.22,22371067,-7.80,-1.00,21.29,腾讯财经
2026-07-30 09:50:03,585.61,593.25,599.97,582.22,22371067,-7.80,-1.00,21.29,腾讯财经
2026-07-30 10:00:02,585.61,593.25,599.97,582.22,22371067,-7.80,-1.00,21.29,腾讯财经
2026-07-30 10:10:02,585.61,593.25,599.97,582.22,22371067,-7.80,-1.00,21.29,腾讯财经
2026-07-30 10:20:00,585.61,593.25,599.97,582.22,22371067,-7.80,-1.00,21.29,腾讯财经
2026-07-30 10:30:01,585.61,593.25,599.97,582.22,22371067,-7.80,-1.00,21.29,腾讯财经
2026-07-30 10:40:04,585.61,593.25,599.97,582.22,22371067,-7.80,-1.00,21.29,腾讯财经
2026-07-30 10:50:00,585.61,593.25,599.97,582.22,22371067,-7.80,-1.00,21.29,腾讯财经
2026-07-30 11:00:00,585.61,593.25,599.97,582.22,22371067,-7.80,-1.00,21.29,腾讯财经
2026-07-30 11:10:00,585.61,593.25,599.97,582.22,22371067,-7.80,-1.00,21.29,腾讯财经
2026-07-30 11:20:05,585.61,593.25,599.97,582.22,22371067,-7.80,-1.00,21.29,腾讯财经
2026-07-30 11:30:00,585.61,593.25,599.97,582.22,22371067,-7.80,-1.00,21.29,腾讯财经
2026-07-30 11:40:00,585.61,593.25,599.97,582.22,22371067,-7.80,-1.00,21.29,腾讯财经
2026-07-30 11:50:02,585.61,593.25,599.97,582.22,22371067,-7.80,-1.00,21.29,腾讯财经
2026-07-30 12:00:00,585.61,593.25,599.97,582.22,22371067,-7.80,-1.00,21.29,腾讯财经
2026-07-30 12:10:01,585.61,593.25,599.97,582.22,22371067,-7.80,-1.00,21.29,腾讯财经
2026-07-30 12:20:00,585.61,593.25,599.97,582.22,22371067,-7.80,-1.00,21.29,腾讯财经
2026-07-30 12:30:04,585.61,593.25,599.97,582.22,22371067,-7.80,-1.00,21.29,腾讯财经
2026-07-30 12:40:03,585.61,593.25,599.97,582.22,22371067,-7.80,-1.00,21.29,腾讯财经
2026-07-30 12:50:04,585.61,593.25,599.97,582.22,22371067,-7.80,-1.00,21.29,腾讯财经
2026-07-30 13:00:03,585.61,593.25,599.97,582.22,22371067,-7.80,-1.00,21.29,腾讯财经
2026-07-30 13:10:00,585.61,593.25,599.97,582.22,22371067,-7.80,-1.00,21.29,腾讯财经
2026-07-30 13:20:04,585.61,593.25,599.97,582.22,22371067,-7.80,-1.00,21.29,腾讯财经
2026-07-30 13:30:01,585.61,593.25,599.97,582.22,22371067,-7.80,-1.00,21.29,腾讯财经
2026-07-30 13:40:00,585.61,593.25,599.97,582.22,22371067,-7.80,-1.00,21.29,腾讯财经
2026-07-30 13:50:00,585.61,593.25,599.97,582.22,22371067,-7.80,-1.00,21.29,腾讯财经
2026-07-30 14:00:02,585.61,593.25,599.97,582.22,22371067,-7.80,-1.00,21.29,腾讯财经
2026-07-30 14:10:05,585.61,593.25,599.97,582.22,22371067,-7.80,-1.00,21.29,腾讯财经
2026-07-30 14:20:00,585.61,593.25,599.97,582.22,22371067,-7.80,-1.00,21.29,腾讯财经
2026-07-30 14:30:00,585.61,593.25,599.97,582.22,22371067,-7.80,-1.00,21.29,腾讯财经
2026-07-30 14:40:00,585.61,593.25,599.97,582.22,22371067,-7.80,-1.00,21.29,腾讯财经
2026-07-30 14:50:00,585.61,593.25,599.97,582.22,22371067,-7.80,-1.00,21.29,腾讯财经
2026-07-30 15:00:04,585.61,593.25,599.97,582.22,22371067,-7.80,-1.00,21.29,腾讯财经
2026-07-30 15:10:04,585.61,593.25,599.97,582.22,22371067,-7.80,-1.00,21.29,腾讯财经
2026-07-30 15:20:00,585.61,593.25,599.97,582.22,22371067,-7.80,-1.00,21.29,腾讯财经
2026-07-30 15:30:05,585.61,593.25,599.97,582.22,22371067,-7.80,-1.00,21.29,腾讯财经
2026-07-30 15:40:04,585.61,593.25,599.97,582.22,22371067,-7.80,-1.00,21.29,腾讯财经
2026-07-30 15:50:00,585.61,593.25,599.97,582.22,22371067,-7.80,-1.00,21.29,腾讯财经
2026-07-30 16:00:00,585.61,593.25,599.97,582.22,22371067,-7.80,-1.00,21.29,腾讯财经
2026-07-30 16:10:05,585.61,593.25,599.97,582.22,22371067,-7.80,-1.00,21.29,腾讯财经
2026-07-30 16:20:01,585.61,593.25,599.97,582.22,22371067,-7.80,-1.00,21.29,腾讯财经
2026-07-30 16:30:00,585.61,593.25,599.97,582.22,22371067,-7.80,-1.00,21.29,腾讯财经
2026-07-30 16:40:03,585.61,593.25,599.97,582.22,22371067,-7.80,-1.00,21.29,腾讯财经
2026-07-30 16:50:00,585.61,593.25,599.97,582.22,22371067,-7.80,-1.00,21.29,腾讯财经
2026-07-30 17:00:03,585.61,593.25,599.97,582.22,22371067,-7.80,-1.00,21.29,腾讯财经
2026-07-30 17:10:04,585.61,593.25,599.97,582.22,22371067,-7.80,-1.00,21.29,腾讯财经
2026-07-30 17:20:00,585.61,593.25,599.97,582.22,22371067,-7.80,-1.00,21.29,腾讯财经
2026-07-30 17:30:01,585.61,593.25,599.97,582.22,22371067,-7.80,-1.00,21.29,腾讯财经
2026-07-30 18:08:59,585.61,593.25,599.97,582.22,22371067,-7.80,-1.00,21.29,腾讯财经
2026-07-30 18:10:04,585.61,593.25,599.97,582.22,22371067,-7.80,-1.00,21.29,腾讯财经
2026-07-30 18:20:01,585.61,593.25,599.97,582.22,22371067,-7.80,-1.00,21.29,腾讯财经
2026-07-30 18:30:00,585.61,593.25,599.97,582.22,22371067,-7.80,-1.00,21.29,腾讯财经
2026-07-30 18:40:00,585.61,593.25,599.97,582.22,22371067,-7.80,-1.00,21.29,腾讯财经
2026-07-30 18:50:04,585.61,593.25,599.97,582.22,22371067,-7.80,-1.00,21.29,腾讯财经
2026-07-30 19:00:05,585.61,593.25,599.97,582.22,22371067,-7.80,-1.00,21.29,腾讯财经
2026-07-30 19:10:05,585.61,593.25,599.97,582.22,22371067,-7.80,-1.00,21.29,腾讯财经
2026-07-30 19:20:00,585.61,593.25,599.97,582.22,22371067,-7.80,-1.00,21.29,腾讯财经
2026-07-30 19:30:04,585.61,593.25,599.97,582.22,22371067,-7.80,-1.00,21.29,腾讯财经
2026-07-30 19:40:00,585.61,593.25,599.97,582.22,22371067,-7.80,-1.00,21.29,腾讯财经
2026-07-30 19:50:01,585.61,593.25,599.97,582.22,22371067,-7.80,-1.00,21.29,腾讯财经
2026-07-30 20:00:00,585.61,593.25,599.97,582.22,22371067,-7.80,-1.00,21.29,腾讯财经
2026-07-30 20:10:01,585.61,593.25,599.97,582.22,22371067,-7.80,-1.00,21.29,腾讯财经
2026-07-30 20:20:00,585.61,593.25,599.97,582.22,22371067,-7.80,-1.00,21.29,腾讯财经
2026-07-30 20:30:02,585.61,593.25,599.97,582.22,22371067,-7.80,-1.00,21.29,腾讯财经
2026-07-30 20:40:04,585.61,593.25,599.97,582.22,22371067,-7.80,-1.00,21.29,腾讯财经
2026-07-30 20:50:00,585.61,593.25,599.97,582.22,22371067,-7.80,-1.00,21.29,腾讯财经
2026-07-30 21:00:05,585.61,593.25,599.97,582.22,22371067,-7.80,-1.00,21.29,腾讯财经
2026-07-30 21:10:05,585.61,593.25,599.97,582.22,22371067,-7.80,-1.00,21.29,腾讯财经
2026-07-30 21:20:05,585.61,593.25,599.97,582.22,22371067,-7.80,-1.00,21.29,腾讯财经
2026-07-30 21:30:00,585.61,0.00,0.00,0.00,2573804,0,0,22.06,腾讯财经
2026-07-30 21:40:02,528.83,525.74,536.69,524.52,6991373,-56.78,-9.00,19.92,腾讯财经
2026-07-30 21:50:03,534.71,526.00,536.69,524.52,9465534,-50.90,-8.00,20.14,腾讯财经
2026-07-30 22:00:05,532.03,526.00,537.50,524.52,11438656,-53.58,-9.00,20.04,腾讯财经
2026-07-30 22:10:05,532.15,526.00,537.50,524.52,13159776,-53.46,-9.00,20.04,腾讯财经
2026-07-30 22:20:00,530.11,526.00,537.50,524.52,14432394,-55.50,-9.00,19.97,腾讯财经
2026-07-30 22:30:03,531.40,526.00,537.50,524.52,15574208,-54.21,-9.00,20.02,腾讯财经
2026-07-30 22:40:05,532.57,526.00,537.50,524.52,16421885,-53.04,-9.00,20.06,腾讯财经
2026-07-30 22:50:03,531.52,526.00,537.50,524.52,17202385,-54.09,-9.00,20.02,腾讯财经
2026-07-30 23:00:00,534.70,526.00,537.50,524.52,18102103,-50.91,-8.00,20.14,腾讯财经
2026-07-30 23:10:02,538.05,526.00,538.89,524.52,19203078,-47.56,-8.00,20.27,腾讯财经
2026-07-30 23:20:02,533.70,526.00,538.94,524.52,20174103,-51.91,-8.00,20.10,腾讯财经
2026-07-30 23:30:03,532.87,526.00,538.94,524.52,20968655,-52.74,-9.00,20.07,腾讯财经
2026-07-30 23:40:03,533.17,526.00,538.94,524.52,21584160,-52.44,-8.00,20.08,腾讯财经
2026-07-30 23:50:00,532.82,526.00,538.94,524.52,22223738,-52.79,-9.00,20.07,腾讯财经
2026-07-31 00:00:01,532.41,526.00,538.94,524.52,22986414,-53.20,-9.00,20.05,腾讯财经
2026-07-31 00:10:05,534.68,526.00,538.94,524.52,23749165,-50.93,-8.00,20.14,腾讯财经
2026-07-31 00:20:00,533.25,526.00,538.94,524.52,24361983,-52.36,-8.00,20.08,腾讯财经
2026-07-31 00:30:00,532.13,526.00,538.94,524.52,24891755,-53.48,-9.00,20.04,腾讯财经
2026-07-31 00:40:04,530.71,526.00,538.94,524.52,25551996,-54.90,-9.00,19.99,腾讯财经
2026-07-31 00:50:00,529.86,526.00,538.94,524.52,26269894,-55.75,-9.00,19.96,腾讯财经
2026-07-31 01:00:00,530.80,526.00,538.94,524.52,26805304,-54.81,-9.00,19.99,腾讯财经
2026-07-31 01:10:05,532.39,526.00,538.94,524.52,27279451,-53.22,-9.00,20.05,腾讯财经
2026-07-31 01:20:03,532.39,526.00,538.94,524.52,27633416,-53.22,-9.00,20.05,腾讯财经
2026-07-31 01:30:00,532.52,526.00,538.94,524.52,28130514,-53.09,-9.00,20.06,腾讯财经
2026-07-31 01:40:00,533.36,526.00,538.94,524.52,28597239,-52.25,-8.00,20.09,腾讯财经
2026-07-31 01:50:01,533.14,526.00,538.94,524.52,29069070,-52.47,-8.00,20.08,腾讯财经
2026-07-31 02:00:04,532.86,526.00,538.94,524.52,29445863,-52.75,-9.00,20.07,腾讯财经
2026-07-31 02:10:00,532.06,526.00,538.94,524.52,29866651,-53.55,-9.00,20.04,腾讯财经
2026-07-31 02:20:02,532.71,526.00,538.94,524.52,30278834,-52.90,-9.00,20.06,腾讯财经
2026-07-31 02:30:00,533.25,526.00,538.94,524.52,30687456,-52.36,-8.00,20.08,腾讯财经
2026-07-31 02:40:00,534.21,526.00,538.94,524.52,31082765,-51.40,-8.00,20.12,腾讯财经
2026-07-31 02:50:04,532.54,526.00,538.94,524.52,31560130,-53.07,-9.00,20.06,腾讯财经
2026-07-31 03:00:00,534.57,526.00,538.94,524.52,31957621,-51.04,-8.00,20.13,腾讯财经
2026-07-31 03:10:00,532.54,526.00,538.94,524.52,32539910,-53.07,-9.00,20.06,腾讯财经
2026-07-31 03:20:03,534.98,526.00,538.94,524.52,33128239,-50.63,-8.00,20.15,腾讯财经
2026-07-31 03:30:04,534.48,526.00,538.94,524.52,33696310,-51.13,-8.00,20.13,腾讯财经
2026-07-31 03:40:04,533.33,526.00,538.94,524.52,34360191,-52.28,-8.00,20.09,腾讯财经
2026-07-31 03:50:03,536.62,526.00,538.94,524.52,35647532,-48.99,-8.00,20.21,腾讯财经
2026-07-31 04:00:01,539.66,526.00,539.76,524.52,37955114,-45.95,-7.00,20.33,腾讯财经
2026-07-31 04:10:05,539.03,526.00,539.88,524.52,41707095,-46.58,-7.00,20.30,腾讯财经
2026-07-31 04:20:00,539.03,526.00,539.88,524.49,41894656,-46.58,-7.00,20.30,腾讯财经
2026-07-31 04:30:03,539.03,526.00,539.88,524.49,41954095,-46.58,-7.00,20.30,腾讯财经
2026-07-31 04:40:04,539.03,526.00,539.88,524.49,41988531,-46.58,-7.00,20.30,腾讯财经
2026-07-31 04:50:05,539.03,526.00,539.88,524.49,42007385,-46.58,-7.00,20.30,腾讯财经
2026-07-31 05:00:04,539.03,526.00,539.88,524.49,42028135,-46.58,-7.00,20.30,腾讯财经
2026-07-31 05:10:01,539.03,526.00,539.88,524.49,42061920,-46.58,-7.00,20.30,腾讯财经
2026-07-31 05:20:01,539.03,526.00,539.88,524.49,42082586,-46.58,-7.00,20.30,腾讯财经
2026-07-31 05:30:00,539.03,526.00,539.88,524.49,42094606,-46.58,-7.00,20.30,腾讯财经
2026-07-31 05:40:00,539.03,526.00,539.88,524.49,42104438,-46.58,-7.00,20.30,腾讯财经
2026-07-31 05:50:02,539.03,526.00,539.88,524.49,42122107,-46.58,-7.00,20.30,腾讯财经
2026-07-31 06:00:03,539.03,526.00,539.88,524.49,42134612,-46.58,-7.00,20.30,腾讯财经
2026-07-31 06:10:03,539.03,526.00,539.88,524.49,42158172,-46.58,-7.00,20.30,腾讯财经
2026-07-31 06:20:00,539.03,526.00,539.88,524.49,42165068,-46.58,-7.00,20.30,腾讯财经
2026-07-31 06:30:00,539.03,526.00,539.88,524.49,42177007,-46.58,-7.00,20.30,腾讯财经
2026-07-31 06:40:00,539.03,526.00,539.88,524.49,42185101,-46.58,-7.00,20.30,腾讯财经
2026-07-31 06:50:03,539.03,526.00,539.88,524.49,42196863,-46.58,-7.00,20.30,腾讯财经
2026-07-31 07:00:04,539.03,526.00,539.88,524.49,42204586,-46.58,-7.00,20.30,腾讯财经
2026-07-31 07:10:01,539.03,526.00,539.88,524.49,42220747,-46.58,-7.00,20.30,腾讯财经
2026-07-31 07:20:00,539.03,526.00,539.88,524.49,42226859,-46.58,-7.00,20.30,腾讯财经
2026-07-31 07:30:01,539.03,526.00,539.88,524.49,42240730,-46.58,-7.00,20.30,腾讯财经
2026-07-31 08:34:12,539.03,526.00,539.88,524.49,42271465,-46.58,-7.00,20.30,腾讯财经
2026-07-31 08:40:03,539.03,526.00,539.88,524.49,42271465,-46.58,-7.00,20.30,腾讯财经
2026-07-31 08:50:04,539.03,526.00,539.88,524.49,42271465,-46.58,-7.00,20.30,腾讯财经
2026-07-31 09:00:00,539.03,526.00,539.88,524.49,42271465,-46.58,-7.00,20.30,腾讯财经
2026-07-31 09:10:04,539.03,526.00,539.88,524.49,42271465,-46.58,-7.00,20.30,腾讯财经
2026-07-31 09:20:00,539.03,526.00,539.88,524.49,42271465,-46.58,-7.00,20.30,腾讯财经
2026-07-31 09:30:04,539.03,526.00,539.88,524.49,42271465,-46.58,-7.00,20.30,腾讯财经
2026-07-31 09:40:00,539.03,526.00,539.88,524.49,42271465,-46.58,-7.00,20.30,腾讯财经
2026-07-31 09:50:05,539.03,526.00,539.88,524.49,42271465,-46.58,-7.00,20.30,腾讯财经
2026-07-31 10:00:02,539.03,526.00,539.88,524.49,42271465,-46.58,-7.00,20.30,腾讯财经
2026-07-31 10:10:03,539.03,526.00,539.88,524.49,42271465,-46.58,-7.00,20.30,腾讯财经
2026-07-31 10:20:00,539.03,526.00,539.88,524.49,42271465,-46.58,-7.00,20.30,腾讯财经
2026-07-31 10:30:00,539.03,526.00,539.88,524.49,42271465,-46.58,-7.00,20.30,腾讯财经
2026-07-31 10:40:01,539.03,526.00,539.88,524.49,42271465,-46.58,-7.00,20.30,腾讯财经
2026-07-31 10:50:05,539.03,526.00,539.88,524.49,42271465,-46.58,-7.00,20.30,腾讯财经
2026-07-31 11:00:00,539.03,526.00,539.88,524.49,42271465,-46.58,-7.00,20.30,腾讯财经
2026-07-31 11:10:05,539.03,526.00,539.88,524.49,42271465,-46.58,-7.00,20.30,腾讯财经
2026-07-31 11:20:00,539.03,526.00,539.88,524.49,42271465,-46.58,-7.00,20.30,腾讯财经
2026-07-31 11:30:05,539.03,526.00,539.88,524.49,42271465,-46.58,-7.00,20.30,腾讯财经
2026-07-31 11:40:00,539.03,526.00,539.88,524.49,42271465,-46.58,-7.00,20.30,腾讯财经
2026-07-31 11:50:03,539.03,526.00,539.88,524.49,42271465,-46.58,-7.00,20.30,腾讯财经
2026-07-31 12:00:04,539.03,526.00,539.88,524.49,42271465,-46.58,-7.00,20.30,腾讯财经
2026-07-31 12:10:00,539.03,526.00,539.88,524.49,42271465,-46.58,-7.00,20.30,腾讯财经
2026-07-31 12:20:00,539.03,526.00,539.88,524.49,42271465,-46.58,-7.00,20.30,腾讯财经
2026-07-31 12:30:02,539.03,526.00,539.88,524.49,42271465,-46.58,-7.00,20.30,腾讯财经
2026-07-31 12:40:00,539.03,526.00,539.88,524.49,42271465,-46.58,-7.00,20.30,腾讯财经
2026-07-31 12:50:00,539.03,526.00,539.88,524.49,42271465,-46.58,-7.00,20.30,腾讯财经
2026-07-31 13:00:01,539.03,526.00,539.88,524.49,42271465,-46.58,-7.00,20.30,腾讯财经
2026-07-31 13:10:00,539.03,526.00,539.88,524.49,42271465,-46.58,-7.00,20.30,腾讯财经
2026-07-31 13:20:02,539.03,526.00,539.88,524.49,42271465,-46.58,-7.00,20.30,腾讯财经
2026-07-31 13:30:01,539.03,526.00,539.88,524.49,42271465,-46.58,-7.00,20.30,腾讯财经
2026-07-31 13:40:02,539.03,526.00,539.88,524.49,42271465,-46.58,-7.00,20.30,腾讯财经
2026-07-31 13:50:05,539.03,526.00,539.88,524.49,42271465,-46.58,-7.00,20.30,腾讯财经
2026-07-31 14:00:00,539.03,526.00,539.88,524.49,42271465,-46.58,-7.00,20.30,腾讯财经
2026-07-31 14:10:05,539.03,526.00,539.88,524.49,42271465,-46.58,-7.00,20.30,腾讯财经
2026-07-31 14:20:02,539.03,526.00,539.88,524.49,42271465,-46.58,-7.00,20.30,腾讯财经
2026-07-31 14:30:03,539.03,526.00,539.88,524.49,42271465,-46.58,-7.00,20.30,腾讯财经
2026-07-31 14:40:01,539.03,526.00,539.88,524.49,42271465,-46.58,-7.00,20.30,腾讯财经
2026-07-31 14:50:03,539.03,526.00,539.88,524.49,42271465,-46.58,-7.00,20.30,腾讯财经
2026-07-31 15:00:03,539.03,526.00,539.88,524.49,42271465,-46.58,-7.00,20.30,腾讯财经
2026-07-31 15:10:00,539.03,526.00,539.88,524.49,42271465,-46.58,-7.00,20.30,腾讯财经
2026-07-31 15:20:00,539.03,526.00,539.88,524.49,42271465,-46.58,-7.00,20.30,腾讯财经
2026-07-31 15:30:02,539.03,526.00,539.88,524.49,42271465,-46.58,-7.00,20.30,腾讯财经
2026-07-31 15:40:00,539.03,526.00,539.88,524.49,42271465,-46.58,-7.00,20.30,腾讯财经
2026-07-31 15:50:03,539.03,526.00,539.88,524.49,42271465,-46.58,-7.00,20.30,腾讯财经
2026-07-31 16:00:02,539.03,526.00,539.88,524.49,42271465,-46.58,-7.00,20.30,腾讯财经
2026-07-31 16:10:04,539.03,526.00,539.88,524.49,42271465,-46.58,-7.00,20.30,腾讯财经
2026-07-31 16:20:00,539.03,526.00,539.88,524.49,42271465,-46.58,-7.00,20.30,腾讯财经
2026-07-31 16:30:01,539.03,526.00,539.88,524.49,42271465,-46.58,-7.00,20.30,腾讯财经
2026-07-31 16:40:00,539.03,526.00,539.88,524.49,42271465,-46.58,-7.00,20.30,腾讯财经
2026-07-31 16:50:00,539.03,526.00,539.88,524.49,42271465,-46.58,-7.00,20.30,腾讯财经
2026-07-31 17:00:03,539.03,526.00,539.88,524.49,42271465,-46.58,-7.00,20.30,腾讯财经
2026-07-31 17:10:05,539.03,526.00,539.88,524.49,42271465,-46.58,-7.00,20.30,腾讯财经
2026-07-31 17:20:02,539.03,526.00,539.88,524.49,42271465,-46.58,-7.00,20.30,腾讯财经
2026-07-31 17:30:00,539.03,526.00,539.88,524.49,42271465,-46.58,-7.00,20.30,腾讯财经
2026-07-31 17:56:03,539.03,526.00,539.88,524.49,42271465,-46.58,-7.00,20.30,腾讯财经
2026-07-31 18:00:05,539.03,526.00,539.88,524.49,42271465,-46.58,-7.00,20.30,腾讯财经
2026-07-31 18:10:05,539.03,526.00,539.88,524.49,42271465,-46.58,-7.00,20.30,腾讯财经
2026-07-31 18:20:04,539.03,526.00,539.88,524.49,42271465,-46.58,-7.00,20.30,腾讯财经
2026-07-31 18:30:02,539.03,526.00,539.88,524.49,42271465,-46.58,-7.00,20.30,腾讯财经
2026-07-31 18:40:00,539.03,526.00,539.88,524.49,42271465,-46.58,-7.00,20.30,腾讯财经
2026-07-31 18:50:01,539.03,526.00,539.88,524.49,42271465,-46.58,-7.00,20.30,腾讯财经
2026-07-31 19:00:00,539.03,526.00,539.88,524.49,42271465,-46.58,-7.00,20.30,腾讯财经
2026-07-31 19:10:05,539.03,526.00,539.88,524.49,42271465,-46.58,-7.00,20.30,腾讯财经
2026-07-31 19:20:00,539.03,526.00,539.88,524.49,42271465,-46.58,-7.00,20.30,腾讯财经
2026-07-31 19:30:05,539.03,526.00,539.88,524.49,42271465,-46.58,-7.00,20.30,腾讯财经
2026-07-31 19:40:03,539.03,526.00,539.88,524.49,42271465,-46.58,-7.00,20.30,腾讯财经
2026-07-31 19:50:05,539.03,526.00,539.88,524.49,42271465,-46.58,-7.00,20.30,腾讯财经
2026-07-31 20:00:05,539.03,526.00,539.88,524.49,42271465,-46.58,-7.00,20.30,腾讯财经
2026-07-31 20:10:04,539.03,526.00,539.88,524.49,42271465,-46.58,-7.00,20.30,腾讯财经
2026-07-31 20:20:02,539.03,526.00,539.88,524.49,42271465,-46.58,-7.00,20.30,腾讯财经
2026-07-31 20:30:00,539.03,526.00,539.88,524.49,42271465,-46.58,-7.00,20.30,腾讯财经
2026-07-31 20:40:02,539.03,526.00,539.88,524.49,42271465,-46.58,-7.00,20.30,腾讯财经
2026-07-31 20:50:01,539.03,526.00,539.88,524.49,42271465,-46.58,-7.00,20.30,腾讯财经
2026-07-31 21:00:00,539.03,526.00,539.88,524.49,42271465,-46.58,-7.00,20.30,腾讯财经
2026-07-31 21:10:05,539.03,526.00,539.88,524.49,42271465,-46.58,-7.00,20.30,腾讯财经
2026-07-31 21:20:04,539.03,526.00,539.88,524.49,42271465,-46.58,-7.00,20.30,腾讯财经
2026-07-31 21:30:05,539.03,0.00,0.00,0.00,1292827,0,0,20.30,腾讯财经
2026-07-31 21:40:00,548.89,543.56,557.96,542.82,3772079,9.86,1.00,20.67,腾讯财经
2026-07-31 21:50:00,546.72,543.60,557.96,542.82,4722768,7.69,1.00,20.59,腾讯财经
2026-07-31 22:00:00,547.04,543.60,557.96,542.82,5508800,8.01,1.00,20.60,腾讯财经
2026-07-31 22:10:05,547.19,543.60,557.96,542.76,6153865,8.16,1.00,20.61,腾讯财经
2026-07-31 22:20:00,548.80,543.60,557.96,542.76,6814858,9.77,1.00,20.67,腾讯财经
2026-07-31 22:30:00,546.75,543.60,557.96,542.76,7352223,7.72,1.00,20.59,腾讯财经
2026-07-31 22:40:03,545.95,543.60,557.96,542.76,7821996,6.92,1.00,20.56,腾讯财经
2026-07-31 22:50:00,551.20,543.60,557.96,542.76,8329878,12.17,2.00,20.76,腾讯财经
2026-07-31 23:00:04,551.09,543.60,557.96,542.76,9024117,12.06,2.00,20.76,腾讯财经
2026-07-31 23:10:05,549.85,543.60,557.96,542.76,9672058,10.82,2.00,20.71,腾讯财经
2026-07-31 23:20:03,545.77,543.60,557.96,542.76,10064378,6.74,1.00,20.56,腾讯财经
2026-07-31 23:30:00,541.14,543.60,557.96,541.14,10605502,2.11,0,20.38,腾讯财经
2026-07-31 23:40:00,546.28,543.60,557.96,540.24,11100479,7.25,1.00,20.58,腾讯财经
2026-07-31 23:50:01,545.09,543.60,557.96,540.24,11331911,6.06,1.00,20.53,腾讯财经
2026-08-01 00:00:00,545.80,543.60,557.96,540.24,11629622,6.77,1.00,20.56,腾讯财经
2026-08-01 00:10:00,546.36,543.60,557.96,540.24,11842833,7.33,1.00,20.58,腾讯财经
2026-08-01 00:20:00,548.30,543.60,557.96,540.24,12208088,9.27,1.00,20.65,腾讯财经
2026-08-01 00:30:03,549.30,543.60,557.96,540.24,12411417,10.27,1.00,20.69,腾讯财经
2026-08-01 00:40:00,551.82,543.60,557.96,540.24,12682764,12.79,2.00,20.78,腾讯财经
2026-08-01 00:50:00,549.46,543.60,557.96,540.24,13052456,10.43,1.00,20.70,腾讯财经
2026-08-01 01:00:00,548.65,543.60,557.96,540.24,13534041,9.62,1.00,20.66,腾讯财经
2026-08-01 01:10:03,547.75,543.60,557.96,540.24,13745478,8.72,1.00,20.63,腾讯财经
2026-08-01 01:20:00,547.20,543.60,557.96,540.24,14018168,8.17,1.00,20.61,腾讯财经
2026-08-01 01:30:05,549.34,543.60,557.96,540.24,14290788,10.31,1.00,20.69,腾讯财经
2026-08-01 01:40:00,548.88,543.60,557.96,540.24,14540679,9.85,1.00,20.67,腾讯财经
2026-08-01 01:50:00,548.96,543.60,557.96,540.24,14817044,9.93,1.00,20.68,腾讯财经
2026-08-01 02:00:00,548.84,543.60,557.96,540.24,15084978,9.81,1.00,20.67,腾讯财经
2026-08-01 02:10:03,548.49,543.60,557.96,540.24,15413068,9.46,1.00,20.66,腾讯财经
2026-08-01 02:20:00,550.92,543.60,557.96,540.24,15741187,11.89,2.00,20.75,腾讯财经
2026-08-01 02:30:00,550.59,543.60,557.96,540.24,16055969,11.56,2.00,20.74,腾讯财经
2026-08-01 02:40:03,549.51,543.60,557.96,540.24,16394732,10.48,1.00,20.70,腾讯财经
2026-08-01 02:50:00,551.47,543.60,557.96,540.24,16668116,12.44,2.00,20.77,腾讯财经
2026-08-01 03:00:00,550.67,543.60,557.96,540.24,16943700,11.64,2.00,20.74,腾讯财经
2026-08-01 03:10:00,550.91,543.60,557.96,540.24,17781721,11.88,2.00,20.75,腾讯财经
2026-08-01 03:20:01,552.75,543.60,557.96,540.24,18318887,13.72,2.00,20.82,腾讯财经
2026-08-01 03:30:00,552.75,543.60,557.96,540.24,18631337,13.72,2.00,20.82,腾讯财经
2026-08-01 03:40:00,553.16,543.60,557.96,540.24,19467413,14.13,2.00,20.83,腾讯财经
2026-08-01 03:50:03,552.33,543.60,557.96,540.24,20126740,13.30,2.00,20.80,腾讯财经
2026-08-01 04:00:01,556.29,543.60,558.33,540.24,21563904,17.26,3.00,20.95,腾讯财经
2026-08-01 04:10:00,556.71,543.60,558.33,540.24,24032389,17.68,3.00,20.97,腾讯财经
2026-08-01 04:20:00,556.71,543.60,558.33,540.22,24055314,17.68,3.00,20.97,腾讯财经
2026-08-01 04:30:01,556.71,543.60,558.33,540.22,24074355,17.68,3.00,20.97,腾讯财经
2026-08-01 04:40:04,556.71,543.60,558.33,540.22,24102828,17.68,3.00,20.97,腾讯财经
2026-08-01 04:50:00,556.71,543.60,558.33,540.22,24116375,17.68,3.00,20.97,腾讯财经
2026-08-01 05:00:00,556.71,543.60,558.33,540.22,24155241,17.68,3.00,20.97,腾讯财经
2026-08-01 05:10:03,556.71,543.60,558.33,540.22,24173052,17.68,3.00,20.97,腾讯财经
2026-08-01 05:20:05,556.71,543.60,558.33,540.22,24179447,17.68,3.00,20.97,腾讯财经
2026-08-01 05:30:00,556.71,543.60,558.33,540.22,24187837,17.68,3.00,20.97,腾讯财经
2026-08-01 05:40:00,556.71,543.60,558.33,540.22,24192085,17.68,3.00,20.97,腾讯财经
2026-08-01 05:50:00,556.71,543.60,558.33,540.22,24195318,17.68,3.00,20.97,腾讯财经
2026-08-01 06:00:03,556.71,543.60,558.33,540.22,24199471,17.68,3.00,20.97,腾讯财经
2026-08-01 06:10:00,556.71,543.60,558.33,540.22,24201045,17.68,3.00,20.97,腾讯财经
2026-08-01 06:20:00,556.71,543.60,558.33,540.22,24204194,17.68,3.00,20.97,腾讯财经
2026-08-01 06:30:00,556.71,543.60,558.33,540.22,24207934,17.68,3.00,20.97,腾讯财经
2026-08-01 06:40:04,556.71,543.60,558.33,540.22,24216788,17.68,3.00,20.97,腾讯财经
2026-08-01 06:50:00,556.71,543.60,558.33,540.22,24220695,17.68,3.00,20.97,腾讯财经
2026-08-01 07:00:02,556.71,543.60,558.33,540.22,24228691,17.68,3.00,20.97,腾讯财经
2026-08-01 07:10:05,556.71,543.60,558.33,540.22,24230660,17.68,3.00,20.97,腾讯财经
2026-08-01 07:20:06,556.71,543.60,558.33,540.22,24232912,17.68,3.00,20.97,腾讯财经
2026-08-01 07:30:00,556.71,543.60,558.33,540.22,24235919,17.68,3.00,20.97,腾讯财经
2026-08-01 07:40:05,556.71,543.60,558.33,540.22,24239137,17.68,3.00,20.97,腾讯财经
2026-08-01 07:50:00,556.71,543.60,558.33,540.22,24254127,17.68,3.00,20.97,腾讯财经
2026-08-01 08:00:00,556.71,543.60,558.33,540.22,24261354,17.68,3.00,20.97,腾讯财经
2026-08-01 08:10:05,556.71,543.60,558.33,540.22,24261453,17.68,3.00,20.97,腾讯财经
2026-08-01 08:20:00,556.71,543.60,558.33,540.22,24261457,17.68,3.00,20.97,腾讯财经
2026-08-01 08:30:00,556.71,543.60,558.33,540.22,24261457,17.68,3.00,20.97,腾讯财经
2026-08-01 08:40:02,556.71,543.60,558.33,540.22,24261457,17.68,3.00,20.97,腾讯财经
2026-08-01 08:50:04,556.71,543.60,558.33,540.22,24261457,17.68,3.00,20.97,腾讯财经
2026-08-01 09:00:02,556.71,543.60,558.33,540.22,24261457,17.68,3.00,20.97,腾讯财经
2026-08-01 09:10:04,556.71,543.60,558.33,540.22,24261457,17.68,3.00,20.97,腾讯财经
2026-08-01 09:20:05,556.71,543.60,558.33,540.22,24261457,17.68,3.00,20.97,腾讯财经
2026-08-01 09:30:02,556.71,543.60,558.33,540.22,24261457,17.68,3.00,20.97,腾讯财经
2026-08-01 09:40:00,556.71,543.60,558.33,540.22,24261457,17.68,3.00,20.97,腾讯财经
2026-08-01 09:50:01,556.71,543.60,558.33,540.22,24261457,17.68,3.00,20.97,腾讯财经
2026-08-01 10:00:02,556.71,543.60,558.33,540.22,24261457,17.68,3.00,20.97,腾讯财经
2026-08-01 10:10:01,556.71,543.60,558.33,540.22,24261457,17.68,3.00,20.97,腾讯财经
2026-08-01 10:20:04,556.71,543.60,558.33,540.22,24261457,17.68,3.00,20.97,腾讯财经
2026-08-01 10:30:02,556.71,543.60,558.33,540.22,24261457,17.68,3.00,20.97,腾讯财经
2026-08-01 10:40:01,556.71,543.60,558.33,540.22,24261457,17.68,3.00,20.97,腾讯财经
2026-08-01 10:50:01,556.71,543.60,558.33,540.22,24261457,17.68,3.00,20.97,腾讯财经
2026-08-01 11:00:05,556.71,543.60,558.33,540.22,24261457,17.68,3.00,20.97,腾讯财经
2026-08-01 11:10:02,556.71,543.60,558.33,540.22,24261457,17.68,3.00,20.97,腾讯财经
2026-08-01 11:20:00,556.71,543.60,558.33,540.22,24261457,17.68,3.00,20.97,腾讯财经
2026-08-01 11:30:01,556.71,543.60,558.33,540.22,24261457,17.68,3.00,20.97,腾讯财经
2026-08-01 11:40:05,556.71,543.60,558.33,540.22,24261457,17.68,3.00,20.97,腾讯财经
2026-08-01 11:50:00,556.71,543.60,558.33,540.22,24261457,17.68,3.00,20.97,腾讯财经
2026-08-01 12:00:00,556.71,543.60,558.33,540.22,24261457,17.68,3.00,20.97,腾讯财经
2026-08-01 12:10:04,556.71,543.60,558.33,540.22,24261457,17.68,3.00,20.97,腾讯财经
2026-08-01 12:20:02,556.71,543.60,558.33,540.22,24261457,17.68,3.00,20.97,腾讯财经
2026-08-01 12:30:00,556.71,543.60,558.33,540.22,24261457,17.68,3.00,20.97,腾讯财经
2026-08-01 12:40:01,556.71,543.60,558.33,540.22,24261457,17.68,3.00,20.97,腾讯财经
2026-08-01 12:50:00,556.71,543.60,558.33,540.22,24261457,17.68,3.00,20.97,腾讯财经
2026-08-01 13:00:00,556.71,543.60,558.33,540.22,24261457,17.68,3.00,20.97,腾讯财经
2026-08-01 13:10:03,556.71,543.60,558.33,540.22,24261457,17.68,3.00,20.97,腾讯财经
2026-08-01 13:20:05,556.71,543.60,558.33,540.22,24261457,17.68,3.00,20.97,腾讯财经
2026-08-01 13:30:01,556.71,543.60,558.33,540.22,24261457,17.68,3.00,20.97,腾讯财经
2026-08-01 13:40:04,556.71,543.60,558.33,540.22,24261457,17.68,3.00,20.97,腾讯财经
2026-08-01 13:50:00,556.71,543.60,558.33,540.22,24261457,17.68,3.00,20.97,腾讯财经
2026-08-01 14:00:00,556.71,543.60,558.33,540.22,24261457,17.68,3.00,20.97,腾讯财经
2026-08-01 14:10:04,556.71,543.60,558.33,540.22,24261457,17.68,3.00,20.97,腾讯财经
2026-08-01 14:20:00,556.71,543.60,558.33,540.22,24261457,17.68,3.00,20.97,腾讯财经
2026-08-01 14:30:00,556.71,543.60,558.33,540.22,24261457,17.68,3.00,20.97,腾讯财经
2026-08-01 14:40:01,556.71,543.60,558.33,540.22,24261457,17.68,3.00,20.97,腾讯财经
2026-08-01 14:50:01,556.71,543.60,558.33,540.22,24261457,17.68,3.00,20.97,腾讯财经
2026-08-01 15:00:05,556.71,543.60,558.33,540.22,24261457,17.68,3.00,20.97,腾讯财经
2026-08-01 15:10:02,556.71,543.60,558.33,540.22,24261457,17.68,3.00,20.97,腾讯财经
2026-08-01 15:20:03,556.71,543.60,558.33,540.22,24261457,17.68,3.00,20.97,腾讯财经
2026-08-01 15:30:00,556.71,543.60,558.33,540.22,24261457,17.68,3.00,20.97,腾讯财经
2026-08-01 15:40:00,556.71,543.60,558.33,540.22,24261457,17.68,3.00,20.97,腾讯财经
2026-08-01 15:50:05,556.71,543.60,558.33,540.22,24261457,17.68,3.00,20.97,腾讯财经
2026-08-01 16:00:01,556.71,543.60,558.33,540.22,24261457,17.68,3.00,20.97,腾讯财经
2026-08-01 16:10:00,556.71,543.60,558.33,540.22,24261457,17.68,3.00,20.97,腾讯财经
2026-08-01 16:20:00,556.71,543.60,558.33,540.22,24261457,17.68,3.00,20.97,腾讯财经
2026-08-01 16:30:00,556.71,543.60,558.33,540.22,24261457,17.68,3.00,20.97,腾讯财经
2026-08-01 16:40:02,556.71,543.60,558.33,540.22,24261457,17.68,3.00,20.97,腾讯财经
2026-08-01 16:50:02,556.71,543.60,558.33,540.22,24261457,17.68,3.00,20.97,腾讯财经
2026-08-01 17:00:00,556.71,543.60,558.33,540.22,24261457,17.68,3.00,20.97,腾讯财经
2026-08-01 17:10:00,556.71,543.60,558.33,540.22,24261457,17.68,3.00,20.97,腾讯财经
2026-08-01 17:20:00,556.71,543.60,558.33,540.22,24261457,17.68,3.00,20.97,腾讯财经
2026-08-01 17:30:03,556.71,543.60,558.33,540.22,24261457,17.68,3.00,20.97,腾讯财经
2026-08-01 17:40:04,556.71,543.60,558.33,540.22,24261457,17.68,3.00,20.97,腾讯财经
2026-08-01 17:50:00,556.71,543.60,558.33,540.22,24261457,17.68,3.00,20.97,腾讯财经
2026-08-01 18:00:00,556.71,543.60,558.33,540.22,24261457,17.68,3.00,20.97,腾讯财经
2026-08-01 18:10:00,556.71,543.60,558.33,540.22,24261457,17.68,3.00,20.97,腾讯财经
2026-08-01 18:20:00,556.71,543.60,558.33,540.22,24261457,17.68,3.00,20.97,腾讯财经
2026-08-01 18:30:05,556.71,543.60,558.33,540.22,24261457,17.68,3.00,20.97,腾讯财经
2026-08-01 18:40:00,556.71,543.60,558.33,540.22,24261457,17.68,3.00,20.97,腾讯财经
2026-08-01 18:50:05,556.71,543.60,558.33,540.22,24261457,17.68,3.00,20.97,腾讯财经
2026-08-01 19:00:01,556.71,543.60,558.33,540.22,24261457,17.68,3.00,20.97,腾讯财经
2026-08-01 19:10:02,556.71,543.60,558.33,540.22,24261457,17.68,3.00,20.97,腾讯财经
2026-08-01 19:20:00,556.71,543.60,558.33,540.22,24261457,17.68,3.00,20.97,腾讯财经
2026-08-01 19:30:00,556.71,543.60,558.33,540.22,24261457,17.68,3.00,20.97,腾讯财经
2026-08-01 19:40:00,556.71,543.60,558.33,540.22,24261457,17.68,3.00,20.97,腾讯财经
2026-08-01 19:50:01,556.71,543.60,558.33,540.22,24261457,17.68,3.00,20.97,腾讯财经
2026-08-01 20:00:02,556.71,543.60,558.33,540.22,24261457,17.68,3.00,20.97,腾讯财经
2026-08-01 20:10:02,556.71,543.60,558.33,540.22,24261457,17.68,3.00,20.97,腾讯财经
2026-08-01 20:20:00,556.71,543.60,558.33,540.22,24261457,17.68,3.00,20.97,腾讯财经
2026-08-01 20:30:00,556.71,543.60,558.33,540.22,24261457,17.68,3.00,20.97,腾讯财经
2026-08-01 21:28:21,556.71,543.60,558.33,540.22,24261457,17.68,3.00,20.97,腾讯财经
2026-08-01 21:30:05,556.71,543.60,558.33,540.22,24261457,17.68,3.00,20.97,腾讯财经
2026-08-01 21:40:05,556.71,543.60,558.33,540.22,24261457,17.68,3.00,20.97,腾讯财经
2026-08-01 21:50:02,556.71,543.60,558.33,540.22,24261457,17.68,3.00,20.97,腾讯财经
2026-08-01 22:00:00,556.71,543.60,558.33,540.22,24261457,17.68,3.00,20.97,腾讯财经
2026-08-01 22:10:01,556.71,543.60,558.33,540.22,24261457,17.68,3.00,20.97,腾讯财经
2026-08-01 22:20:04,556.71,543.60,558.33,540.22,24261457,17.68,3.00,20.97,腾讯财经
2026-08-01 22:30:03,556.71,543.60,558.33,540.22,24261457,17.68,3.00,20.97,腾讯财经
2026-08-01 22:40:00,556.71,543.60,558.33,540.22,24261457,17.68,3.00,20.97,腾讯财经
2026-08-01 22:50:04,556.71,543.60,558.33,540.22,24261457,17.68,3.00,20.97,腾讯财经
2026-08-01 23:00:00,556.71,543.60,558.33,540.22,24261457,17.68,3.00,20.97,腾讯财经
2026-08-01 23:10:00,556.71,543.60,558.33,540.22,24261457,17.68,3.00,20.97,腾讯财经
2026-08-01 23:20:00,556.71,543.60,558.33,540.22,24261457,17.68,3.00,20.97,腾讯财经
2026-08-01 23:30:00,556.71,543.60,558.33,540.22,24261457,17.68,3.00,20.97,腾讯财经
2026-08-01 23:40:01,556.71,543.60,558.33,540.22,24261457,17.68,3.00,20.97,腾讯财经
2026-08-01 23:50:02,556.71,543.60,558.33,540.22,24261457,17.68,3.00,20.97,腾讯财经
2026-08-02 00:00:00,556.71,543.60,558.33,540.22,24261457,17.68,3.00,20.97,腾讯财经
2026-08-02 00:10:05,556.71,543.60,558.33,540.22,24261457,17.68,3.00,20.97,腾讯财经
2026-08-02 00:20:01,556.71,543.60,558.33,540.22,24261457,17.68,3.00,20.97,腾讯财经
2026-08-02 00:30:05,556.71,543.60,558.33,540.22,24261457,17.68,3.00,20.97,腾讯财经
2026-08-02 00:40:04,556.71,543.60,558.33,540.22,24261457,17.68,3.00,20.97,腾讯财经
2026-08-02 00:50:00,556.71,543.60,558.33,540.22,24261457,17.68,3.00,20.97,腾讯财经
2026-08-02 01:00:04,556.71,543.60,558.33,540.22,24261457,17.68,3.00,20.97,腾讯财经
2026-08-02 01:10:01,556.71,543.60,558.33,540.22,24261457,17.68,3.00,20.97,腾讯财经
2026-08-02 01:20:04,556.71,543.60,558.33,540.22,24261457,17.68,3.00,20.97,腾讯财经
2026-08-02 01:30:00,556.71,543.60,558.33,540.22,24261457,17.68,3.00,20.97,腾讯财经
2026-08-02 01:40:01,556.71,543.60,558.33,540.22,24261457,17.68,3.00,20.97,腾讯财经
2026-08-02 01:50:03,556.71,543.60,558.33,540.22,24261457,17.68,3.00,20.97,腾讯财经
2026-08-02 02:00:05,556.71,543.60,558.33,540.22,24261457,17.68,3.00,20.97,腾讯财经
2026-08-02 02:10:05,556.71,543.60,558.33,540.22,24261457,17.68,3.00,20.97,腾讯财经
2026-08-02 02:20:00,556.71,543.60,558.33,540.22,24261457,17.68,3.00,20.97,腾讯财经
2026-08-02 02:30:01,556.71,543.60,558.33,540.22,24261457,17.68,3.00,20.97,腾讯财经
2026-08-02 02:40:00,556.71,543.60,558.33,540.22,24261457,17.68,3.00,20.97,腾讯财经
2026-08-02 02:50:02,556.71,543.60,558.33,540.22,24261457,17.68,3.00,20.97,腾讯财经
2026-08-02 03:00:01,556.71,543.60,558.33,540.22,24261457,17.68,3.00,20.97,腾讯财经
2026-08-02 03:10:00,556.71,543.60,558.33,540.22,24261457,17.68,3.00,20.97,腾讯财经
2026-08-02 03:20:00,556.71,543.60,558.33,540.22,24261457,17.68,3.00,20.97,腾讯财经
2026-08-02 03:30:05,556.71,543.60,558.33,540.22,24261457,17.68,3.00,20.97,腾讯财经
2026-08-02 03:40:00,556.71,543.60,558.33,540.22,24261457,17.68,3.00,20.97,腾讯财经
2026-08-02 03:50:03,556.71,543.60,558.33,540.22,24261457,17.68,3.00,20.97,腾讯财经
2026-08-02 04:00:00,556.71,543.60,558.33,540.22,24261457,17.68,3.00,20.97,腾讯财经
2026-08-02 04:10:01,556.71,543.60,558.33,540.22,24261457,17.68,3.00,20.97,腾讯财经
2026-08-02 04:20:01,556.71,543.60,558.33,540.22,24261457,17.68,3.00,20.97,腾讯财经
2026-08-02 04:30:01,556.71,543.60,558.33,540.22,24261457,17.68,3.00,20.97,腾讯财经
2026-08-02 04:40:02,556.71,543.60,558.33,540.22,24261457,17.68,3.00,20.97,腾讯财经
2026-08-02 04:50:03,556.71,543.60,558.33,540.22,24261457,17.68,3.00,20.97,腾讯财经
2026-08-02 05:00:03,556.71,543.60,558.33,540.22,24261457,17.68,3.00,20.97,腾讯财经
2026-08-02 05:10:02,556.71,543.60,558.33,540.22,24261457,17.68,3.00,20.97,腾讯财经
2026-08-02 05:20:04,556.71,543.60,558.33,540.22,24261457,17.68,3.00,20.97,腾讯财经
2026-08-02 05:30:05,556.71,543.60,558.33,540.22,24261457,17.68,3.00,20.97,腾讯财经
2026-08-02 05:40:02,556.71,543.60,558.33,540.22,24261457,17.68,3.00,20.97,腾讯财经
2026-08-02 05:50:02,556.71,543.60,558.33,540.22,24261457,17.68,3.00,20.97,腾讯财经
2026-08-02 06:00:04,556.71,543.60,558.33,540.22,24261457,17.68,3.00,20.97,腾讯财经
2026-08-02 06:10:05,556.71,543.60,558.33,540.22,24261457,17.68,3.00,20.97,腾讯财经
2026-08-02 06:20:05,556.71,543.60,558.33,540.22,24261457,17.68,3.00,20.97,腾讯财经
2026-08-02 06:30:04,556.71,543.60,558.33,540.22,24261457,17.68,3.00,20.97,腾讯财经
2026-08-02 06:40:00,556.71,543.60,558.33,540.22,24261457,17.68,3.00,20.97,腾讯财经
2026-08-02 06:50:00,556.71,543.60,558.33,540.22,24261457,17.68,3.00,20.97,腾讯财经
2026-08-02 07:00:05,556.71,543.60,558.33,540.22,24261457,17.68,3.00,20.97,腾讯财经
2026-08-02 07:10:00,556.71,543.60,558.33,540.22,24261457,17.68,3.00,20.97,腾讯财经
2026-08-02 07:20:00,556.71,543.60,558.33,540.22,24261457,17.68,3.00,20.97,腾讯财经
2026-08-02 07:30:00,556.71,543.60,558.33,540.22,24261457,17.68,3.00,20.97,腾讯财经
2026-08-02 07:40:00,556.71,543.60,558.33,540.22,24261457,17.68,3.00,20.97,腾讯财经
2026-08-02 07:50:03,556.71,543.60,558.33,540.22,24261457,17.68,3.00,20.97,腾讯财经
2026-08-02 08:00:00,556.71,543.60,558.33,540.22,24261457,17.68,3.00,20.97,腾讯财经
2026-08-02 08:10:03,556.71,543.60,558.33,540.22,24261457,17.68,3.00,20.97,腾讯财经
2026-08-02 08:20:01,556.71,543.60,558.33,540.22,24261457,17.68,3.00,20.97,腾讯财经
2026-08-02 08:30:01,556.71,543.60,558.33,540.22,24261457,17.68,3.00,20.97,腾讯财经
2026-08-02 08:40:03,556.71,543.60,558.33,540.22,24261457,17.68,3.00,20.97,腾讯财经
2026-08-02 08:50:03,556.71,543.60,558.33,540.22,24261457,17.68,3.00,20.97,腾讯财经
2026-08-02 09:00:02,556.71,543.60,558.33,540.22,24261457,17.68,3.00,20.97,腾讯财经
2026-08-02 09:10:04,556.71,543.60,558.33,540.22,24261457,17.68,3.00,20.97,腾讯财经
2026-08-02 09:20:00,556.71,543.60,558.33,540.22,24261457,17.68,3.00,20.97,腾讯财经
2026-08-02 09:30:04,556.71,543.60,558.33,540.22,24261457,17.68,3.00,20.97,腾讯财经
2026-08-02 09:40:00,556.71,543.60,558.33,540.22,24261457,17.68,3.00,20.97,腾讯财经
2026-08-02 09:50:00,556.71,543.60,558.33,540.22,24261457,17.68,3.00,20.97,腾讯财经
2026-08-02 10:00:05,556.71,543.60,558.33,540.22,24261457,17.68,3.00,20.97,腾讯财经
2026-08-02 10:10:03,556.71,543.60,558.33,540.22,24261457,17.68,3.00,20.97,腾讯财经
2026-08-02 10:20:00,556.71,543.60,558.33,540.22,24261457,17.68,3.00,20.97,腾讯财经
2026-08-02 10:30:02,556.71,543.60,558.33,540.22,24261457,17.68,3.00,20.97,腾讯财经
2026-08-02 10:40:00,556.71,543.60,558.33,540.22,24261457,17.68,3.00,20.97,腾讯财经
2026-08-02 10:50:03,556.71,543.60,558.33,540.22,24261457,17.68,3.00,20.97,腾讯财经
2026-08-02 11:00:04,556.71,543.60,558.33,540.22,24261457,17.68,3.00,20.97,腾讯财经
2026-08-02 11:10:00,556.71,543.60,558.33,540.22,24261457,17.68,3.00,20.97,腾讯财经
2026-08-02 11:20:00,556.71,543.60,558.33,540.22,24261457,17.68,3.00,20.97,腾讯财经
2026-08-02 11:30:05,556.71,543.60,558.33,540.22,24261457,17.68,3.00,20.97,腾讯财经
2026-08-02 11:40:00,556.71,543.60,558.33,540.22,24261457,17.68,3.00,20.97,腾讯财经
2026-08-02 11:50:00,556.71,543.60,558.33,540.22,24261457,17.68,3.00,20.97,腾讯财经
2026-08-02 12:00:03,556.71,543.60,558.33,540.22,24261457,17.68,3.00,20.97,腾讯财经
2026-08-02 12:10:03,556.71,543.60,558.33,540.22,24261457,17.68,3.00,20.97,腾讯财经
2026-08-02 12:20:00,556.71,543.60,558.33,540.22,24261457,17.68,3.00,20.97,腾讯财经
2026-08-02 12:30:01,556.71,543.60,558.33,540.22,24261457,17.68,3.00,20.97,腾讯财经
2026-08-02 12:40:03,556.71,543.60,558.33,540.22,24261457,17.68,3.00,20.97,腾讯财经
2026-08-02 12:50:00,556.71,543.60,558.33,540.22,24261457,17.68,3.00,20.97,腾讯财经
2026-08-02 13:00:00,556.71,543.60,558.33,540.22,24261457,17.68,3.00,20.97,腾讯财经
2026-08-02 13:10:00,556.71,543.60,558.33,540.22,24261457,17.68,3.00,20.97,腾讯财经
2026-08-02 13:20:03,556.71,543.60,558.33,540.22,24261457,17.68,3.00,20.97,腾讯财经
2026-08-02 13:30:00,556.71,543.60,558.33,540.22,24261457,17.68,3.00,20.97,腾讯财经
2026-08-02 13:40:02,556.71,543.60,558.33,540.22,24261457,17.68,3.00,20.97,腾讯财经
2026-08-02 13:50:00,556.71,543.60,558.33,540.22,24261457,17.68,3.00,20.97,腾讯财经
2026-08-02 14:00:00,556.71,543.60,558.33,540.22,24261457,17.68,3.00,20.97,腾讯财经
2026-08-02 14:10:00,556.71,543.60,558.33,540.22,24261457,17.68,3.00,20.97,腾讯财经
2026-08-02 14:20:02,556.71,543.60,558.33,540.22,24261457,17.68,3.00,20.97,腾讯财经
2026-08-02 14:30:05,556.71,543.60,558.33,540.22,24261457,17.68,3.00,20.97,腾讯财经
2026-08-02 14:40:02,556.71,543.60,558.33,540.22,24261457,17.68,3.00,20.97,腾讯财经
2026-08-02 14:50:00,556.71,543.60,558.33,540.22,24261457,17.68,3.00,20.97,腾讯财经
2026-08-02 15:00:04,556.71,543.60,558.33,540.22,24261457,17.68,3.00,20.97,腾讯财经
2026-08-02 15:10:00,556.71,543.60,558.33,540.22,24261457,17.68,3.00,20.97,腾讯财经
2026-08-02 15:20:04,556.71,543.60,558.33,540.22,24261457,17.68,3.00,20.97,腾讯财经
2026-08-02 15:30:05,556.71,543.60,558.33,540.22,24261457,17.68,3.00,20.97,腾讯财经
2026-08-02 15:40:03,556.71,543.60,558.33,540.22,24261457,17.68,3.00,20.97,腾讯财经
2026-08-02 15:50:04,556.71,543.60,558.33,540.22,24261457,17.68,3.00,20.97,腾讯财经
2026-08-02 16:00:03,556.71,543.60,558.33,540.22,24261457,17.68,3.00,20.97,腾讯财经
2026-08-02 16:10:05,556.71,543.60,558.33,540.22,24261457,17.68,3.00,20.97,腾讯财经
2026-08-02 16:20:04,556.71,543.60,558.33,540.22,24261457,17.68,3.00,20.97,腾讯财经
2026-08-02 16:30:03,556.71,543.60,558.33,540.22,24261457,17.68,3.00,20.97,腾讯财经
2026-08-02 16:40:05,556.71,543.60,558.33,540.22,24261457,17.68,3.00,20.97,腾讯财经
2026-08-02 16:50:01,556.71,543.60,558.33,540.22,24261457,17.68,3.00,20.97,腾讯财经
2026-08-02 17:00:00,556.71,543.60,558.33,540.22,24261457,17.68,3.00,20.97,腾讯财经
2026-08-02 17:10:00,556.71,543.60,558.33,540.22,24261457,17.68,3.00,20.97,腾讯财经
2026-08-02 17:20:05,556.71,543.60,558.33,540.22,24261457,17.68,3.00,20.97,腾讯财经
2026-08-02 17:30:02,556.71,543.60,558.33,540.22,24261457,17.68,3.00,20.97,腾讯财经
2026-08-02 17:40:04,556.71,543.60,558.33,540.22,24261457,17.68,3.00,20.97,腾讯财经
2026-08-02 17:50:05,556.71,543.60,558.33,540.22,24261457,17.68,3.00,20.97,腾讯财经
2026-08-02 18:00:04,556.71,543.60,558.33,540.22,24261457,17.68,3.00,20.97,腾讯财经
2026-08-02 18:10:05,556.71,543.60,558.33,540.22,24261457,17.68,3.00,20.97,腾讯财经
2026-08-02 18:20:04,556.71,543.60,558.33,540.22,24261457,17.68,3.00,20.97,腾讯财经
2026-08-02 18:30:04,556.71,543.60,558.33,540.22,24261457,17.68,3.00,20.97,腾讯财经
2026-08-02 18:40:03,556.71,543.60,558.33,540.22,24261457,17.68,3.00,20.97,腾讯财经
2026-08-02 18:50:03,556.71,543.60,558.33,540.22,24261457,17.68,3.00,20.97,腾讯财经
2026-08-02 19:00:02,556.71,543.60,558.33,540.22,24261457,17.68,3.00,20.97,腾讯财经
2026-08-02 19:10:04,556.71,543.60,558.33,540.22,24261457,17.68,3.00,20.97,腾讯财经
2026-08-02 19:20:04,556.71,543.60,558.33,540.22,24261457,17.68,3.00,20.97,腾讯财经
2026-08-02 19:30:04,556.71,543.60,558.33,540.22,24261457,17.68,3.00,20.97,腾讯财经
2026-08-02 19:40:04,556.71,543.60,558.33,540.22,24261457,17.68,3.00,20.97,腾讯财经
2026-08-02 19:50:04,556.71,543.60,558.33,540.22,24261457,17.68,3.00,20.97,腾讯财经
2026-08-02 20:00:04,556.71,543.60,558.33,540.22,24261457,17.68,3.00,20.97,腾讯财经
2026-08-02 20:10:04,556.71,543.60,558.33,540.22,24261457,17.68,3.00,20.97,腾讯财经
2026-08-02 20:20:05,556.71,543.60,558.33,540.22,24261457,17.68,3.00,20.97,腾讯财经
2026-08-02 20:30:00,556.71,543.60,558.33,540.22,24261457,17.68,3.00,20.97,腾讯财经
2026-08-02 20:40:01,556.71,543.60,558.33,540.22,24261457,17.68,3.00,20.97,腾讯财经
2026-08-02 20:50:00,556.71,543.60,558.33,540.22,24261457,17.68,3.00,20.97,腾讯财经
2026-08-02 21:00:01,556.71,543.60,558.33,540.22,24261457,17.68,3.00,20.97,腾讯财经
2026-08-02 21:10:05,556.71,543.60,558.33,540.22,24261457,17.68,3.00,20.97,腾讯财经
2026-08-02 21:20:05,556.71,543.60,558.33,540.22,24261457,17.68,3.00,20.97,腾讯财经
2026-08-02 21:30:03,556.71,543.60,558.33,540.22,24261457,17.68,3.00,20.97,腾讯财经
2026-08-02 21:40:05,556.71,543.60,558.33,540.22,24261457,17.68,3.00,20.97,腾讯财经
2026-08-02 21:50:03,556.71,543.60,558.33,540.22,24261457,17.68,3.00,20.97,腾讯财经
2026-08-02 22:00:05,556.71,543.60,558.33,540.22,24261457,17.68,3.00,20.97,腾讯财经
2026-08-02 22:10:00,556.71,543.60,558.33,540.22,24261457,17.68,3.00,20.97,腾讯财经
2026-08-02 22:20:03,556.71,543.60,558.33,540.22,24261457,17.68,3.00,20.97,腾讯财经
2026-08-02 22:30:00,556.71,543.60,558.33,540.22,24261457,17.68,3.00,20.97,腾讯财经
2026-08-02 22:40:00,556.71,543.60,558.33,540.22,24261457,17.68,3.00,20.97,腾讯财经
2026-08-02 22:50:03,556.71,543.60,558.33,540.22,24261457,17.68,3.00,20.97,腾讯财经
2026-08-02 23:00:04,556.71,543.60,558.33,540.22,24261457,17.68,3.00,20.97,腾讯财经
2026-08-02 23:10:05,556.71,543.60,558.33,540.22,24261457,17.68,3.00,20.97,腾讯财经
2026-08-02 23:20:03,556.71,543.60,558.33,540.22,24261457,17.68,3.00,20.97,腾讯财经
2026-08-02 23:30:03,556.71,543.60,558.33,540.22,24261457,17.68,3.00,20.97,腾讯财经
2026-08-02 23:40:03,556.71,543.60,558.33,540.22,24261457,17.68,3.00,20.97,腾讯财经
2026-08-02 23:50:04,556.71,543.60,558.33,540.22,24261457,17.68,3.00,20.97,腾讯财经
2026-08-03 00:00:03,556.71,543.60,558.33,540.22,24261457,17.68,3.00,20.97,腾讯财经
2026-08-03 00:10:01,556.71,543.60,558.33,540.22,24261457,17.68,3.00,20.97,腾讯财经
2026-08-03 00:20:05,556.71,543.60,558.33,540.22,24261457,17.68,3.00,20.97,腾讯财经
2026-08-03 00:30:00,556.71,543.60,558.33,540.22,24261457,17.68,3.00,20.97,腾讯财经
2026-08-03 00:40:00,556.71,543.60,558.33,540.22,24261457,17.68,3.00,20.97,腾讯财经
2026-08-03 00:50:04,556.71,543.60,558.33,540.22,24261457,17.68,3.00,20.97,腾讯财经
2026-08-03 01:00:00,556.71,543.60,558.33,540.22,24261457,17.68,3.00,20.97,腾讯财经
2026-08-03 01:10:04,556.71,543.60,558.33,540.22,24261457,17.68,3.00,20.97,腾讯财经
2026-08-03 01:20:03,556.71,543.60,558.33,540.22,24261457,17.68,3.00,20.97,腾讯财经
2026-08-03 01:30:05,556.71,543.60,558.33,540.22,24261457,17.68,3.00,20.97,腾讯财经
2026-08-03 01:40:01,556.71,543.60,558.33,540.22,24261457,17.68,3.00,20.97,腾讯财经
2026-08-03 01:50:02,556.71,543.60,558.33,540.22,24261457,17.68,3.00,20.97,腾讯财经
2026-08-03 02:00:04,556.71,543.60,558.33,540.22,24261457,17.68,3.00,20.97,腾讯财经
2026-08-03 02:10:03,556.71,543.60,558.33,540.22,24261457,17.68,3.00,20.97,腾讯财经
2026-08-03 02:20:04,556.71,543.60,558.33,540.22,24261457,17.68,3.00,20.97,腾讯财经
2026-08-03 02:30:04,556.71,543.60,558.33,540.22,24261457,17.68,3.00,20.97,腾讯财经
2026-08-03 02:40:04,556.71,543.60,558.33,540.22,24261457,17.68,3.00,20.97,腾讯财经
2026-08-03 02:50:05,556.71,543.60,558.33,540.22,24261457,17.68,3.00,20.97,腾讯财经
2026-08-03 03:00:00,556.71,543.60,558.33,540.22,24261457,17.68,3.00,20.97,腾讯财经
2026-08-03 03:10:04,556.71,543.60,558.33,540.22,24261457,17.68,3.00,20.97,腾讯财经
2026-08-03 03:20:02,556.71,543.60,558.33,540.22,24261457,17.68,3.00,20.97,腾讯财经
2026-08-03 03:30:05,556.71,543.60,558.33,540.22,24261457,17.68,3.00,20.97,腾讯财经
2026-08-03 03:40:00,556.71,543.60,558.33,540.22,24261457,17.68,3.00,20.97,腾讯财经
2026-08-03 03:50:00,556.71,543.60,558.33,540.22,24261457,17.68,3.00,20.97,腾讯财经
2026-08-03 04:00:01,556.71,543.60,558.33,540.22,24261457,17.68,3.00,20.97,腾讯财经
2026-08-03 04:10:00,556.71,543.60,558.33,540.22,24261457,17.68,3.00,20.97,腾讯财经
2026-08-03 04:20:00,556.71,543.60,558.33,540.22,24261457,17.68,3.00,20.97,腾讯财经
2026-08-03 04:30:04,556.71,543.60,558.33,540.22,24261457,17.68,3.00,20.97,腾讯财经
2026-08-03 04:40:03,556.71,543.60,558.33,540.22,24261457,17.68,3.00,20.97,腾讯财经
2026-08-03 04:50:00,556.71,543.60,558.33,540.22,24261457,17.68,3.00,20.97,腾讯财经
2026-08-03 05:00:00,556.71,543.60,558.33,540.22,24261457,17.68,3.00,20.97,腾讯财经
2026-08-03 05:10:05,556.71,543.60,558.33,540.22,24261457,17.68,3.00,20.97,腾讯财经
2026-08-03 05:20:01,556.71,543.60,558.33,540.22,24261457,17.68,3.00,20.97,腾讯财经
2026-08-03 05:30:04,556.71,543.60,558.33,540.22,24261457,17.68,3.00,20.97,腾讯财经
2026-08-03 05:40:03,556.71,543.60,558.33,540.22,24261457,17.68,3.00,20.97,腾讯财经
2026-08-03 05:50:04,556.71,543.60,558.33,540.22,24261457,17.68,3.00,20.97,腾讯财经
2026-08-03 06:00:00,556.71,543.60,558.33,540.22,24261457,17.68,3.00,20.97,腾讯财经
2026-08-03 06:10:00,556.71,543.60,558.33,540.22,24261457,17.68,3.00,20.97,腾讯财经
2026-08-03 06:20:00,556.71,543.60,558.33,540.22,24261457,17.68,3.00,20.97,腾讯财经
2026-08-03 06:30:00,556.71,543.60,558.33,540.22,24261457,17.68,3.00,20.97,腾讯财经
2026-08-03 06:40:00,556.71,543.60,558.33,540.22,24261457,17.68,3.00,20.97,腾讯财经
2026-08-03 06:50:02,556.71,543.60,558.33,540.22,24261457,17.68,3.00,20.97,腾讯财经
2026-08-03 07:00:00,556.71,543.60,558.33,540.22,24261457,17.68,3.00,20.97,腾讯财经
2026-08-03 07:10:00,556.71,543.60,558.33,540.22,24261457,17.68,3.00,20.97,腾讯财经
2026-08-03 07:20:00,556.71,543.60,558.33,540.22,24261457,17.68,3.00,20.97,腾讯财经
2026-08-03 07:30:05,556.71,543.60,558.33,540.22,24261457,17.68,3.00,20.97,腾讯财经
2026-08-03 07:40:03,556.71,543.60,558.33,540.22,24261457,17.68,3.00,20.97,腾讯财经
2026-08-03 07:50:00,556.71,543.60,558.33,540.22,24261457,17.68,3.00,20.97,腾讯财经
2026-08-03 08:40:00,556.71,543.60,558.33,540.22,24261457,17.68,3.00,20.97,腾讯财经
2026-08-03 08:50:01,556.71,543.60,558.33,540.22,24261457,17.68,3.00,20.97,腾讯财经
2026-08-03 09:00:03,556.71,543.60,558.33,540.22,24261457,17.68,3.00,20.97,腾讯财经
2026-08-03 09:10:00,556.71,543.60,558.33,540.22,24261457,17.68,3.00,20.97,腾讯财经
2026-08-03 09:20:01,556.71,543.60,558.33,540.22,24261457,17.68,3.00,20.97,腾讯财经
2026-08-03 09:30:04,556.71,543.60,558.33,540.22,24261457,17.68,3.00,20.97,腾讯财经
2026-08-03 09:40:03,556.71,543.60,558.33,540.22,24261457,17.68,3.00,20.97,腾讯财经
2026-08-03 09:50:00,556.71,543.60,558.33,540.22,24261457,17.68,3.00,20.97,腾讯财经
2026-08-03 10:00:00,556.71,543.60,558.33,540.22,24261457,17.68,3.00,20.97,腾讯财经
2026-08-03 10:10:02,556.71,543.60,558.33,540.22,24261457,17.68,3.00,20.97,腾讯财经
2026-08-03 10:30:01,556.71,543.60,558.33,540.22,24261457,17.68,3.00,20.97,腾讯财经
2026-08-03 10:40:01,556.71,543.60,558.33,540.22,24261457,17.68,3.00,20.97,腾讯财经
2026-08-03 10:50:02,556.71,543.60,558.33,540.22,24261457,17.68,3.00,20.97,腾讯财经
2026-08-03 11:00:04,556.71,543.60,558.33,540.22,24261457,17.68,3.00,20.97,腾讯财经
2026-08-03 11:10:02,556.71,543.60,558.33,540.22,24261457,17.68,3.00,20.97,腾讯财经
2026-08-03 11:20:05,556.71,543.60,558.33,540.22,24261457,17.68,3.00,20.97,腾讯财经
2026-08-03 11:30:02,556.71,543.60,558.33,540.22,24261457,17.68,3.00,20.97,腾讯财经
2026-08-03 11:40:04,556.71,543.60,558.33,540.22,24261457,17.68,3.00,20.97,腾讯财经
2026-08-03 11:50:02,556.71,543.60,558.33,540.22,24261457,17.68,3.00,20.97,腾讯财经
2026-08-03 12:00:04,556.71,543.60,558.33,540.22,24261457,17.68,3.00,20.97,腾讯财经
2026-08-03 12:10:02,556.71,543.60,558.33,540.22,24261457,17.68,3.00,20.97,腾讯财经
2026-08-03 12:20:04,556.71,543.60,558.33,540.22,24261457,17.68,3.00,20.97,腾讯财经
2026-08-03 12:30:02,556.71,543.60,558.33,540.22,24261457,17.68,3.00,20.97,腾讯财经
2026-08-03 12:40:05,556.71,543.60,558.33,540.22,24261457,17.68,3.00,20.97,腾讯财经
2026-08-03 12:50:01,556.71,543.60,558.33,540.22,24261457,17.68,3.00,20.97,腾讯财经
2026-08-03 13:00:03,556.71,543.60,558.33,540.22,24261457,17.68,3.00,20.97,腾讯财经
2026-08-03 13:10:03,556.71,543.60,558.33,540.22,24261457,17.68,3.00,20.97,腾讯财经
2026-08-03 13:20:03,556.71,543.60,558.33,540.22,24261457,17.68,3.00,20.97,腾讯财经
2026-08-03 13:30:03,556.71,543.60,558.33,540.22,24261457,17.68,3.00,20.97,腾讯财经
2026-08-03 13:40:04,556.71,543.60,558.33,540.22,24261457,17.68,3.00,20.97,腾讯财经
2026-08-03 13:50:02,556.71,543.60,558.33,540.22,24261457,17.68,3.00,20.97,腾讯财经
2026-08-03 14:00:01,556.71,543.60,558.33,540.22,24261457,17.68,3.00,20.97,腾讯财经
2026-08-03 14:10:03,556.71,543.60,558.33,540.22,24261457,17.68,3.00,20.97,腾讯财经
2026-08-03 14:20:05,556.71,543.60,558.33,540.22,24261457,17.68,3.00,20.97,腾讯财经
2026-08-03 14:30:01,556.71,543.60,558.33,540.22,24261457,17.68,3.00,20.97,腾讯财经
2026-08-03 14:40:01,556.71,543.60,558.33,540.22,24261457,17.68,3.00,20.97,腾讯财经
2026-08-03 14:50:05,556.71,543.60,558.33,540.22,24261457,17.68,3.00,20.97,腾讯财经
2026-08-03 15:00:01,556.71,543.60,558.33,540.22,24261457,17.68,3.00,20.97,腾讯财经
2026-08-03 22:01:17,590.11,562.24,593.90,559.36,5965719,33.40,5.00,22.23,腾讯财经
2026-08-03 22:10:01,593.81,562.24,594.60,559.36,7103005,37.10,6.00,22.37,腾讯财经
2026-08-03 22:20:01,590.65,562.24,594.60,559.36,7983939,33.94,6.00,22.25,腾讯财经
2026-08-03 22:30:03,586.79,562.24,594.60,559.36,8750950,30.08,5.00,22.10,腾讯财经
2026-08-03 22:40:00,585.20,562.24,594.60,559.36,9436413,28.49,5.00,22.04,腾讯财经
2026-08-03 22:50:02,588.74,562.24,594.60,559.36,9932511,32.03,5.00,22.17,腾讯财经
2026-08-03 23:00:00,587.90,562.24,594.60,559.36,10697254,31.19,5.00,22.14,腾讯财经
2026-08-03 23:10:00,591.07,562.24,594.60,559.36,11197253,34.36,6.00,22.26,腾讯财经
2026-08-03 23:20:00,591.67,562.24,594.60,559.36,11738209,34.96,6.00,22.29,腾讯财经
2026-08-03 23:30:00,594.36,562.24,594.78,559.36,12219694,37.65,6.00,22.39,腾讯财经
2026-08-03 23:40:05,594.42,562.24,594.97,559.36,12777161,37.71,6.00,22.39,腾讯财经
2026-08-03 23:50:00,594.03,562.24,594.97,559.36,13219742,37.32,6.00,22.37,腾讯财经
2026-08-04 00:00:00,592.78,562.24,594.97,559.36,13456638,36.07,6.00,22.33,腾讯财经
2026-08-04 00:10:02,593.23,562.24,594.97,559.36,13742575,36.52,6.00,22.34,腾讯财经
2026-08-04 00:20:02,593.90,562.24,594.97,559.36,14078222,37.19,6.00,22.37,腾讯财经
2026-08-04 00:30:00,595.69,562.24,596.93,559.36,14535250,38.98,7.00,22.44,腾讯财经
2026-08-04 00:40:00,596.66,562.24,597.52,559.36,14957596,39.95,7.00,22.47,腾讯财经
2026-08-04 00:50:02,595.23,562.24,597.52,559.36,15211033,38.52,6.00,22.42,腾讯财经
2026-08-04 01:00:00,593.18,562.24,597.52,559.36,15433722,36.47,6.00,22.34,腾讯财经
2026-08-04 01:10:00,592.47,562.24,597.52,559.36,15740114,35.76,6.00,22.32,腾讯财经
2026-08-04 01:20:03,593.22,562.24,597.52,559.36,16023649,36.51,6.00,22.34,腾讯财经
2026-08-04 01:30:00,593.90,562.24,597.52,559.36,16227376,37.19,6.00,22.37,腾讯财经
2026-08-04 01:40:00,590.88,562.24,597.52,559.36,16444769,34.17,6.00,22.26,腾讯财经
2026-08-04 01:50:02,590.73,562.24,597.52,559.36,16650357,34.02,6.00,22.25,腾讯财经
2026-08-04 02:00:00,590.26,562.24,597.52,559.36,17014092,33.55,6.00,22.23,腾讯财经
2026-08-04 02:10:04,590.24,562.24,597.52,559.36,17224032,33.53,6.00,22.23,腾讯财经
2026-08-04 02:20:00,589.40,562.24,597.52,559.36,17423441,32.69,5.00,22.20,腾讯财经
2026-08-04 02:30:00,591.13,562.24,597.52,559.36,17680449,34.42,6.00,22.26,腾讯财经
2026-08-04 02:40:00,591.29,562.24,597.52,559.36,17921334,34.58,6.00,22.27,腾讯财经
2026-08-04 02:50:04,593.63,562.24,597.52,559.36,18234788,36.92,6.00,22.36,腾讯财经
2026-08-04 03:00:00,593.57,562.24,597.52,559.36,18439246,36.86,6.00,22.36,腾讯财经
2026-08-04 03:10:02,593.21,562.24,597.52,559.36,18654400,36.50,6.00,22.34,腾讯财经
2026-08-04 03:20:00,592.87,562.24,597.52,559.36,18881820,36.16,6.00,22.33,腾讯财经
2026-08-04 03:30:01,593.67,562.24,597.52,559.36,19143124,36.96,6.00,22.36,腾讯财经
2026-08-04 03:40:00,593.55,562.24,597.52,559.36,19428385,36.84,6.00,22.36,腾讯财经
2026-08-04 03:50:02,592.47,562.24,597.52,559.36,19844419,35.76,6.00,22.32,腾讯财经
2026-08-04 04:00:00,590.53,562.24,597.52,559.36,21082057,33.82,6.00,22.24,腾讯财经
2026-08-04 04:10:00,590.24,562.24,597.52,559.36,24651427,33.53,6.00,22.23,腾讯财经
2026-08-04 04:20:05,590.24,562.24,597.52,559.36,24675998,33.53,6.00,22.23,腾讯财经
2026-08-04 04:30:01,590.24,562.24,597.52,559.36,25411135,33.53,6.00,22.23,腾讯财经
2026-08-04 04:40:00,590.24,562.24,597.52,559.36,25417430,33.53,6.00,22.23,腾讯财经
2026-08-04 04:50:00,590.24,562.24,597.52,559.36,25421399,33.53,6.00,22.23,腾讯财经
2026-08-04 05:00:03,590.24,562.24,597.52,559.36,25434632,33.53,6.00,22.23,腾讯财经
2026-08-04 05:10:00,590.24,562.24,597.52,559.36,25447979,33.53,6.00,22.23,腾讯财经
2026-08-04 05:20:00,590.24,562.24,597.52,559.36,25870760,33.53,6.00,22.23,腾讯财经
2026-08-04 05:30:00,590.24,562.24,597.52,559.36,25875075,33.53,6.00,22.23,腾讯财经
2026-08-04 05:40:02,590.24,562.24,597.52,559.36,25878822,33.53,6.00,22.23,腾讯财经
2026-08-04 05:50:04,590.24,562.24,597.52,559.36,25881570,33.53,6.00,22.23,腾讯财经
2026-08-04 06:00:00,590.24,562.24,597.52,559.36,25890170,33.53,6.00,22.23,腾讯财经
2026-08-04 06:10:00,590.24,562.24,597.52,559.36,25895291,33.53,6.00,22.23,腾讯财经
2026-08-04 06:20:01,590.24,562.24,597.52,559.36,25900361,33.53,6.00,22.23,腾讯财经
2026-08-04 06:30:00,590.24,562.24,597.52,559.36,25902944,33.53,6.00,22.23,腾讯财经
2026-08-04 06:40:00,590.24,562.24,597.52,559.36,25905560,33.53,6.00,22.23,腾讯财经
2026-08-04 06:50:00,590.24,562.24,597.52,559.36,25911318,33.53,6.00,22.23,腾讯财经
2026-08-04 07:00:04,590.24,562.24,597.52,559.36,25914410,33.53,6.00,22.23,腾讯财经
2026-08-04 07:10:05,590.24,562.24,597.52,559.36,25916375,33.53,6.00,22.23,腾讯财经
2026-08-04 07:20:00,590.24,562.24,597.52,559.36,25918118,33.53,6.00,22.23,腾讯财经
2026-08-04 07:30:02,590.24,562.24,597.52,559.36,25921203,33.53,6.00,22.23,腾讯财经
2026-08-04 07:40:00,590.24,562.24,597.52,559.36,25929264,33.53,6.00,22.23,腾讯财经
2026-08-04 07:50:00,590.24,562.24,597.52,559.36,25932784,33.53,6.00,22.23,腾讯财经
2026-08-04 08:30:05,590.24,562.24,597.52,559.36,25938067,33.53,6.00,22.23,腾讯财经
2026-08-04 08:40:00,590.24,562.24,597.52,559.36,25938067,33.53,6.00,22.23,腾讯财经
2026-08-04 08:50:01,590.24,562.24,597.52,559.36,25938067,33.53,6.00,22.23,腾讯财经
2026-08-04 09:00:05,590.24,562.24,597.52,559.36,25938067,33.53,6.00,22.23,腾讯财经
2026-08-04 09:10:00,590.24,562.24,597.52,559.36,25938067,33.53,6.00,22.23,腾讯财经
2026-08-04 09:20:03,590.24,562.24,597.52,559.36,25938067,33.53,6.00,22.23,腾讯财经
2026-08-04 09:30:03,590.24,562.24,597.52,559.36,25938067,33.53,6.00,22.23,腾讯财经
2026-08-04 09:40:03,590.24,562.24,597.52,559.36,25938067,33.53,6.00,22.23,腾讯财经
2026-08-04 09:50:05,590.24,562.24,597.52,559.36,25938067,33.53,6.00,22.23,腾讯财经
2026-08-04 10:00:00,590.24,562.24,597.52,559.36,25938067,33.53,6.00,22.23,腾讯财经
2026-08-04 10:10:03,590.24,562.24,597.52,559.36,25938067,33.53,6.00,22.23,腾讯财经
2026-08-04 10:20:00,590.24,562.24,597.52,559.36,25938067,33.53,6.00,22.23,腾讯财经
2026-08-04 10:30:05,590.24,562.24,597.52,559.36,25938067,33.53,6.00,22.23,腾讯财经
2026-08-04 10:40:05,590.24,562.24,597.52,559.36,25938067,33.53,6.00,22.23,腾讯财经
2026-08-04 10:50:01,590.24,562.24,597.52,559.36,25938067,33.53,6.00,22.23,腾讯财经
2026-08-04 11:00:05,590.24,562.24,597.52,559.36,25938067,33.53,6.00,22.23,腾讯财经
2026-08-04 11:10:00,590.24,562.24,597.52,559.36,25938067,33.53,6.00,22.23,腾讯财经
2026-08-04 11:20:00,590.24,562.24,597.52,559.36,25938067,33.53,6.00,22.23,腾讯财经
2026-08-04 11:30:04,590.24,562.24,597.52,559.36,25938067,33.53,6.00,22.23,腾讯财经
2026-08-04 11:40:00,590.24,562.24,597.52,559.36,25938067,33.53,6.00,22.23,腾讯财经
2026-08-04 11:50:00,590.24,562.24,597.52,559.36,25938067,33.53,6.00,22.23,腾讯财经
2026-08-04 12:00:00,590.24,562.24,597.52,559.36,25938067,33.53,6.00,22.23,腾讯财经
2026-08-04 12:10:05,590.24,562.24,597.52,559.36,25938067,33.53,6.00,22.23,腾讯财经
2026-08-04 12:20:00,590.24,562.24,597.52,559.36,25938067,33.53,6.00,22.23,腾讯财经
2026-08-04 12:30:00,590.24,562.24,597.52,559.36,25938067,33.53,6.00,22.23,腾讯财经
2026-08-04 12:40:04,590.24,562.24,597.52,559.36,25938067,33.53,6.00,22.23,腾讯财经
2026-08-04 12:50:00,590.24,562.24,597.52,559.36,25938067,33.53,6.00,22.23,腾讯财经
2026-08-04 13:00:00,590.24,562.24,597.52,559.36,25938067,33.53,6.00,22.23,腾讯财经
2026-08-04 13:10:03,590.24,562.24,597.52,559.36,25938067,33.53,6.00,22.23,腾讯财经
2026-08-04 13:20:01,590.24,562.24,597.52,559.36,25938067,33.53,6.00,22.23,腾讯财经
2026-08-04 13:30:03,590.24,562.24,597.52,559.36,25938067,33.53,6.00,22.23,腾讯财经
2026-08-04 13:40:02,590.24,562.24,597.52,559.36,25938067,33.53,6.00,22.23,腾讯财经
2026-08-04 13:50:04,590.24,562.24,597.52,559.36,25938067,33.53,6.00,22.23,腾讯财经
2026-08-04 14:00:01,590.24,562.24,597.52,559.36,25938067,33.53,6.00,22.23,腾讯财经
2026-08-04 14:10:00,590.24,562.24,597.52,559.36,25938067,33.53,6.00,22.23,腾讯财经
2026-08-04 14:30:00,590.24,562.24,597.52,559.36,25938067,33.53,6.00,22.23,腾讯财经
2026-08-04 14:40:01,590.24,562.24,597.52,559.36,25938067,33.53,6.00,22.23,腾讯财经
2026-08-04 14:50:00,590.24,562.24,597.52,559.36,25938067,33.53,6.00,22.23,腾讯财经
2026-08-04 15:00:00,590.24,562.24,597.52,559.36,25938067,33.53,6.00,22.23,腾讯财经
2026-08-04 15:10:03,590.24,562.24,597.52,559.36,25938067,33.53,6.00,22.23,腾讯财经
2026-08-04 15:20:00,590.24,562.24,597.52,559.36,25938067,33.53,6.00,22.23,腾讯财经
2026-08-04 15:30:00,590.24,562.24,597.52,559.36,25938067,33.53,6.00,22.23,腾讯财经
2026-08-04 15:40:03,590.24,562.24,597.52,559.36,25938067,33.53,6.00,22.23,腾讯财经
2026-08-04 15:50:00,590.24,562.24,597.52,559.36,25938067,33.53,6.00,22.23,腾讯财经
2026-08-04 16:00:04,590.24,562.24,597.52,559.36,25938067,33.53,6.00,22.23,腾讯财经
2026-08-04 16:10:00,590.24,562.24,597.52,559.36,25938067,33.53,6.00,22.23,腾讯财经
2026-08-04 16:20:02,590.24,562.24,597.52,559.36,25938067,33.53,6.00,22.23,腾讯财经
2026-08-04 16:30:00,590.24,562.24,597.52,559.36,25938067,33.53,6.00,22.23,腾讯财经
2026-08-04 16:40:04,590.24,562.24,597.52,559.36,25938067,33.53,6.00,22.23,腾讯财经
2026-08-04 16:50:00,590.24,562.24,597.52,559.36,25938067,33.53,6.00,22.23,腾讯财经
2026-08-04 17:00:01,590.24,562.24,597.52,559.36,25938067,33.53,6.00,22.23,腾讯财经
2026-08-04 17:10:00,590.24,562.24,597.52,559.36,25938067,33.53,6.00,22.23,腾讯财经
2026-08-04 17:20:04,590.24,562.24,597.52,559.36,25938067,33.53,6.00,22.23,腾讯财经
2026-08-04 17:30:03,590.24,562.24,597.52,559.36,25938067,33.53,6.00,22.23,腾讯财经
2026-08-04 17:40:00,590.24,562.24,597.52,559.36,25938067,33.53,6.00,22.23,腾讯财经
2026-08-04 17:50:04,590.24,562.24,597.52,559.36,25938067,33.53,6.00,22.23,腾讯财经
2026-08-04 18:20:03,590.24,562.24,597.52,559.36,25938067,33.53,6.00,22.23,腾讯财经
2026-08-04 18:30:00,590.24,562.24,597.52,559.36,25938067,33.53,6.00,22.23,腾讯财经
2026-08-04 18:40:05,590.24,562.24,597.52,559.36,25938067,33.53,6.00,22.23,腾讯财经
2026-08-04 18:50:04,590.24,562.24,597.52,559.36,25938067,33.53,6.00,22.23,腾讯财经
2026-08-04 19:00:04,590.24,562.24,597.52,559.36,25938067,33.53,6.00,22.23,腾讯财经
2026-08-04 19:10:02,590.24,562.24,597.52,559.36,25938067,33.53,6.00,22.23,腾讯财经
2026-08-04 19:20:05,590.24,562.24,597.52,559.36,25938067,33.53,6.00,22.23,腾讯财经
2026-08-04 19:30:01,590.24,562.24,597.52,559.36,25938067,33.53,6.00,22.23,腾讯财经
2026-08-04 19:40:03,590.24,562.24,597.52,559.36,25938067,33.53,6.00,22.23,腾讯财经
2026-08-04 19:50:03,590.24,562.24,597.52,559.36,25938067,33.53,6.00,22.23,腾讯财经
2026-08-04 20:00:05,590.24,562.24,597.52,559.36,25938067,33.53,6.00,22.23,腾讯财经
2026-08-04 20:10:03,590.24,562.24,597.52,559.36,25938067,33.53,6.00,22.23,腾讯财经
2026-08-04 20:20:00,590.24,562.24,597.52,559.36,25938067,33.53,6.00,22.23,腾讯财经
2026-08-04 20:30:01,590.24,562.24,597.52,559.36,25938067,33.53,6.00,22.23,腾讯财经
2026-08-04 20:40:00,590.24,562.24,597.52,559.36,25938067,33.53,6.00,22.23,腾讯财经
2026-08-04 20:50:01,590.24,562.24,597.52,559.36,25938067,33.53,6.00,22.23,腾讯财经
2026-08-04 21:00:00,590.24,562.24,597.52,559.36,25938067,33.53,6.00,22.23,腾讯财经
2026-08-04 21:10:01,590.24,562.24,597.52,559.36,25938067,33.53,6.00,22.23,腾讯财经
2026-08-04 21:20:05,590.24,562.24,597.52,559.36,25938067,33.53,6.00,22.23,腾讯财经
2026-08-04 21:30:04,590.24,0.00,0.00,0.00,642694,0,0,22.23,腾讯财经
2026-08-04 21:40:05,584.94,581.17,585.30,579.95,1778673,-5.30,0,22.03,腾讯财经
2026-08-04 21:50:02,583.63,581.50,586.37,579.95,2262206,-6.61,-1.00,21.98,腾讯财经
2026-08-04 22:00:05,585.41,581.50,586.37,579.95,2724792,-4.83,0,22.05,腾讯财经
2026-08-04 22:10:03,583.58,581.50,586.37,579.95,3173041,-6.66,-1.00,21.98,腾讯财经
2026-08-04 22:20:03,583.88,581.50,586.37,579.95,3599970,-6.36,-1.00,21.99,腾讯财经
2026-08-04 22:30:05,583.64,581.50,586.37,579.95,4048137,-6.60,-1.00,21.98,腾讯财经
2026-08-04 22:40:00,582.46,581.50,586.37,579.95,4515356,-7.78,-1.00,21.94,腾讯财经
2026-08-04 22:50:00,581.81,581.50,586.37,579.95,4810035,-8.43,-1.00,21.91,腾讯财经
2026-08-04 23:00:04,581.61,581.50,586.37,579.95,5133423,-8.63,-1.00,21.91,腾讯财经
2026-08-04 23:10:00,581.92,581.50,586.37,579.95,5444202,-8.32,-1.00,21.92,腾讯财经
2026-08-04 23:20:00,582.21,581.50,586.37,579.95,5721588,-8.03,-1.00,21.93,腾讯财经
2026-08-04 23:30:00,583.10,581.50,586.37,579.95,6065661,-7.14,-1.00,21.96,腾讯财经
2026-08-04 23:40:04,582.40,581.50,586.37,579.95,6361933,-7.84,-1.00,21.94,腾讯财经
2026-08-04 23:50:00,583.14,581.50,586.37,579.95,6617024,-7.10,-1.00,21.96,腾讯财经
2026-08-05 00:00:00,583.71,581.50,586.37,579.95,6855898,-6.53,-1.00,21.99,腾讯财经
2026-08-05 00:10:03,583.26,581.50,586.37,579.95,7118452,-6.98,-1.00,21.97,腾讯财经
2026-08-05 00:20:00,582.28,581.50,586.37,579.95,7314645,-7.96,-1.00,21.93,腾讯财经
2026-08-05 00:30:05,581.53,581.50,586.37,579.95,7506880,-8.71,-1.00,21.90,腾讯财经
2026-08-05 00:40:00,581.24,581.50,586.37,579.95,7717363,-9.00,-1.00,21.89,腾讯财经
2026-08-05 00:50:03,579.51,581.50,586.37,578.25,8511919,-10.73,-1.00,21.83,腾讯财经
2026-08-05 01:00:01,580.83,581.50,586.37,578.25,8832930,-9.41,-1.00,21.88,腾讯财经
2026-08-05 01:10:02,587.06,581.50,587.58,578.25,9354490,-3.18,0,22.11,腾讯财经
2026-08-05 01:20:00,585.89,581.50,587.58,578.25,9645220,-4.35,0,22.07,腾讯财经
2026-08-05 01:30:00,588.21,581.50,588.78,578.25,9933230,-2.03,0,22.15,腾讯财经
2026-08-05 01:40:00,588.74,581.50,589.42,578.25,10186495,-1.50,0,22.17,腾讯财经
2026-08-05 01:50:04,589.00,581.50,589.61,578.25,10379218,-1.24,0,22.18,腾讯财经
2026-08-05 02:00:00,588.10,581.50,589.61,578.25,10541890,-2.14,0,22.15,腾讯财经
2026-08-05 02:10:01,587.59,581.50,589.61,578.25,10708419,-2.65,0,22.13,腾讯财经
2026-08-05 02:20:04,589.41,581.50,589.61,578.25,10896260,-.83,0,22.20,腾讯财经
2026-08-05 02:30:00,589.21,581.50,589.67,578.25,11096706,-1.03,0,22.19,腾讯财经
2026-08-05 02:40:00,589.00,581.50,589.80,578.25,11228795,-1.24,0,22.18,腾讯财经
2026-08-05 02:50:00,588.71,581.50,589.80,578.25,11364486,-1.53,0,22.17,腾讯财经
2026-08-05 03:00:00,588.43,581.50,589.80,578.25,11695255,-1.81,0,22.16,腾讯财经
2026-08-05 03:10:03,589.43,581.50,589.80,578.25,11890737,-.81,0,22.20,腾讯财经
2026-08-05 03:20:00,589.65,581.50,590.19,578.25,12148707,-.59,0,22.21,腾讯财经
2026-08-05 03:30:00,590.43,581.50,591.00,578.25,12455061,.19,0,22.24,腾讯财经
2026-08-05 03:40:04,591.34,581.50,591.77,578.25,12757018,1.10,0,22.27,腾讯财经
2026-08-05 03:50:00,590.39,581.50,592.79,578.25,13846935,.15,0,22.24,腾讯财经
2026-08-05 04:00:04,588.17,581.50,592.79,578.25,14339944,-2.07,0,22.15,腾讯财经
2026-08-05 04:10:00,587.94,581.50,592.79,578.25,17483180,-2.30,0,22.14,腾讯财经
2026-08-05 04:20:02,587.94,581.50,592.79,578.25,17533990,-2.30,0,22.14,腾讯财经
2026-08-05 04:30:05,587.94,581.50,592.79,578.25,17564387,-2.30,0,22.14,腾讯财经
2026-08-05 04:40:00,587.94,581.50,592.79,578.25,17583021,-2.30,0,22.14,腾讯财经
2026-08-05 04:50:04,587.94,581.50,592.79,578.25,17596815,-2.30,0,22.14,腾讯财经
2026-08-05 05:00:05,587.94,581.50,592.79,578.25,17862576,-2.30,0,22.14,腾讯财经
2026-08-05 05:10:02,587.94,581.50,592.79,578.25,17870741,-2.30,0,22.14,腾讯财经
2026-08-05 05:20:01,587.94,581.50,592.79,578.25,17875285,-2.30,0,22.14,腾讯财经
2026-08-05 05:30:03,587.94,581.50,592.79,578.25,17882876,-2.30,0,22.14,腾讯财经
2026-08-05 05:40:01,587.94,581.50,592.79,578.25,17888832,-2.30,0,22.14,腾讯财经
2026-08-05 05:50:01,587.94,581.50,592.79,578.25,17896952,-2.30,0,22.14,腾讯财经
2026-08-05 06:00:01,587.94,581.50,592.79,578.25,17902357,-2.30,0,22.14,腾讯财经
2026-08-05 06:10:00,587.94,581.50,592.79,578.25,17913122,-2.30,0,22.14,腾讯财经
2026-08-05 06:20:00,587.94,581.50,592.79,578.25,17915915,-2.30,0,22.14,腾讯财经
2026-08-05 06:30:00,587.94,581.50,592.79,578.25,17929166,-2.30,0,22.14,腾讯财经
2026-08-05 06:40:00,587.94,581.50,592.79,578.25,17932648,-2.30,0,22.14,腾讯财经
2026-08-05 06:50:00,587.94,581.50,592.79,578.25,17935033,-2.30,0,22.14,腾讯财经
2026-08-05 07:00:02,587.94,581.50,592.79,578.25,17938186,-2.30,0,22.14,腾讯财经
2026-08-05 07:10:04,587.94,581.50,592.79,578.25,17940539,-2.30,0,22.14,腾讯财经
2026-08-05 07:20:00,587.94,581.50,592.79,578.25,17942837,-2.30,0,22.14,腾讯财经
2026-08-05 07:30:00,587.94,581.50,592.79,578.25,17949048,-2.30,0,22.14,腾讯财经
2026-08-05 07:40:01,587.94,581.50,592.79,578.25,17951278,-2.30,0,22.14,腾讯财经
2026-08-05 07:50:00,587.94,581.50,592.79,578.25,17954445,-2.30,0,22.14,腾讯财经
2026-08-05 08:50:00,587.94,581.50,592.79,578.25,17959238,-2.30,0,22.14,腾讯财经
2026-08-05 09:00:00,587.94,581.50,592.79,578.25,17959238,-2.30,0,22.14,腾讯财经
2026-08-05 09:10:05,587.94,581.50,592.79,578.25,17959238,-2.30,0,22.14,腾讯财经
2026-08-05 09:20:01,587.94,581.50,592.79,578.25,17959238,-2.30,0,22.14,腾讯财经
2026-08-05 09:30:01,587.94,581.50,592.79,578.25,17959238,-2.30,0,22.14,腾讯财经
2026-08-05 09:40:04,587.94,581.50,592.79,578.25,17959238,-2.30,0,22.14,腾讯财经
2026-08-05 09:50:00,587.94,581.50,592.79,578.25,17959238,-2.30,0,22.14,腾讯财经
2026-08-05 10:00:00,587.94,581.50,592.79,578.25,17959238,-2.30,0,22.14,腾讯财经
2026-08-05 10:10:05,587.94,581.50,592.79,578.25,17959238,-2.30,0,22.14,腾讯财经
2026-08-05 10:20:00,587.94,581.50,592.79,578.25,17959238,-2.30,0,22.14,腾讯财经
2026-08-05 10:30:04,587.94,581.50,592.79,578.25,17959238,-2.30,0,22.14,腾讯财经
2026-08-05 10:40:05,587.94,581.50,592.79,578.25,17959238,-2.30,0,22.14,腾讯财经
2026-08-05 10:50:05,587.94,581.50,592.79,578.25,17959238,-2.30,0,22.14,腾讯财经
2026-08-05 11:00:00,587.94,581.50,592.79,578.25,17959238,-2.30,0,22.14,腾讯财经
2026-08-05 11:10:04,587.94,581.50,592.79,578.25,17959238,-2.30,0,22.14,腾讯财经
2026-08-05 11:20:05,587.94,581.50,592.79,578.25,17959238,-2.30,0,22.14,腾讯财经
2026-08-05 11:30:00,587.94,581.50,592.79,578.25,17959238,-2.30,0,22.14,腾讯财经
2026-08-05 11:40:05,587.94,581.50,592.79,578.25,17959238,-2.30,0,22.14,腾讯财经
2026-08-05 11:50:05,587.94,581.50,592.79,578.25,17959238,-2.30,0,22.14,腾讯财经
2026-08-05 12:00:00,587.94,581.50,592.79,578.25,17959238,-2.30,0,22.14,腾讯财经
2026-08-05 12:10:04,587.94,581.50,592.79,578.25,17959238,-2.30,0,22.14,腾讯财经
2026-08-05 12:20:00,587.94,581.50,592.79,578.25,17959238,-2.30,0,22.14,腾讯财经
2026-08-05 12:30:01,587.94,581.50,592.79,578.25,17959238,-2.30,0,22.14,腾讯财经
2026-08-05 12:40:04,587.94,581.50,592.79,578.25,17959238,-2.30,0,22.14,腾讯财经
2026-08-05 12:50:00,587.94,581.50,592.79,578.25,17959238,-2.30,0,22.14,腾讯财经
2026-08-05 13:00:00,587.94,581.50,592.79,578.25,17959238,-2.30,0,22.14,腾讯财经
2026-08-05 13:10:02,587.94,581.50,592.79,578.25,17959238,-2.30,0,22.14,腾讯财经
2026-08-05 13:20:05,587.94,581.50,592.79,578.25,17959238,-2.30,0,22.14,腾讯财经
2026-08-05 13:30:00,587.94,581.50,592.79,578.25,17959238,-2.30,0,22.14,腾讯财经
2026-08-05 13:40:04,587.94,581.50,592.79,578.25,17959238,-2.30,0,22.14,腾讯财经
2026-08-05 13:50:04,587.94,581.50,592.79,578.25,17959238,-2.30,0,22.14,腾讯财经
2026-08-05 14:00:00,587.94,581.50,592.79,578.25,17959238,-2.30,0,22.14,腾讯财经
2026-08-05 14:10:00,587.94,581.50,592.79,578.25,17959238,-2.30,0,22.14,腾讯财经
2026-08-05 14:20:00,587.94,581.50,592.79,578.25,17959238,-2.30,0,22.14,腾讯财经
2026-08-05 14:30:03,587.94,581.50,592.79,578.25,17959238,-2.30,0,22.14,腾讯财经
2026-08-05 14:40:05,587.94,581.50,592.79,578.25,17959238,-2.30,0,22.14,腾讯财经
2026-08-05 14:50:00,587.94,581.50,592.79,578.25,17959238,-2.30,0,22.14,腾讯财经
2026-08-05 15:00:01,587.94,581.50,592.79,578.25,17959238,-2.30,0,22.14,腾讯财经
2026-08-05 15:10:00,587.94,581.50,592.79,578.25,17959238,-2.30,0,22.14,腾讯财经
2026-08-05 15:20:00,587.94,581.50,592.79,578.25,17959238,-2.30,0,22.14,腾讯财经
2026-08-05 15:30:00,587.94,581.50,592.79,578.25,17959238,-2.30,0,22.14,腾讯财经
2026-08-05 15:40:04,587.94,581.50,592.79,578.25,17959238,-2.30,0,22.14,腾讯财经
2026-08-05 15:50:00,587.94,581.50,592.79,578.25,17959238,-2.30,0,22.14,腾讯财经
2026-08-05 16:00:01,587.94,581.50,592.79,578.25,17959238,-2.30,0,22.14,腾讯财经
2026-08-05 16:10:00,587.94,581.50,592.79,578.25,17959238,-2.30,0,22.14,腾讯财经
2026-08-05 16:20:05,587.94,581.50,592.79,578.25,17959238,-2.30,0,22.14,腾讯财经
2026-08-05 16:30:02,587.94,581.50,592.79,578.25,17959238,-2.30,0,22.14,腾讯财经
2026-08-05 16:40:04,587.94,581.50,592.79,578.25,17959238,-2.30,0,22.14,腾讯财经
2026-08-05 16:50:00,587.94,581.50,592.79,578.25,17959238,-2.30,0,22.14,腾讯财经
2026-08-05 17:00:00,587.94,581.50,592.79,578.25,17959238,-2.30,0,22.14,腾讯财经
2026-08-05 17:10:01,587.94,581.50,592.79,578.25,17959238,-2.30,0,22.14,腾讯财经
2026-08-05 17:20:00,587.94,581.50,592.79,578.25,17959238,-2.30,0,22.14,腾讯财经
2026-08-05 17:30:00,587.94,581.50,592.79,578.25,17959238,-2.30,0,22.14,腾讯财经
2026-08-05 17:40:04,587.94,581.50,592.79,578.25,17959238,-2.30,0,22.14,腾讯财经
2026-08-05 17:50:03,587.94,581.50,592.79,578.25,17959238,-2.30,0,22.14,腾讯财经
2026-08-05 18:00:01,587.94,581.50,592.79,578.25,17959238,-2.30,0,22.14,腾讯财经
2026-08-05 18:10:04,587.94,581.50,592.79,578.25,17959238,-2.30,0,22.14,腾讯财经
2026-08-05 18:20:01,587.94,581.50,592.79,578.25,17959238,-2.30,0,22.14,腾讯财经
2026-08-05 18:30:01,587.94,581.50,592.79,578.25,17959238,-2.30,0,22.14,腾讯财经
2026-08-05 18:40:04,587.94,581.50,592.79,578.25,17959238,-2.30,0,22.14,腾讯财经
2026-08-05 18:50:03,587.94,581.50,592.79,578.25,17959238,-2.30,0,22.14,腾讯财经
2026-08-05 19:00:00,587.94,581.50,592.79,578.25,17959238,-2.30,0,22.14,腾讯财经
2026-08-05 19:10:01,587.94,581.50,592.79,578.25,17959238,-2.30,0,22.14,腾讯财经
2026-08-05 19:20:00,587.94,581.50,592.79,578.25,17959238,-2.30,0,22.14,腾讯财经
2026-08-05 19:30:04,587.94,581.50,592.79,578.25,17959238,-2.30,0,22.14,腾讯财经
2026-08-05 19:40:04,587.94,581.50,592.79,578.25,17959238,-2.30,0,22.14,腾讯财经
2026-08-05 19:50:02,587.94,581.50,592.79,578.25,17959238,-2.30,0,22.14,腾讯财经
2026-08-05 20:00:02,587.94,581.50,592.79,578.25,17959238,-2.30,0,22.14,腾讯财经
2026-08-05 20:10:00,587.94,581.50,592.79,578.25,17959238,-2.30,0,22.14,腾讯财经
2026-08-05 20:20:00,587.94,581.50,592.79,578.25,17959238,-2.30,0,22.14,腾讯财经
2026-08-05 20:30:05,587.94,581.50,592.79,578.25,17959238,-2.30,0,22.14,腾讯财经
2026-08-05 20:40:05,587.94,581.50,592.79,578.25,17959238,-2.30,0,22.14,腾讯财经
2026-08-05 20:50:00,587.94,581.50,592.79,578.25,17959238,-2.30,0,22.14,腾讯财经
2026-08-05 21:00:01,587.94,581.50,592.79,578.25,17959238,-2.30,0,22.14,腾讯财经
2026-08-05 21:10:02,587.94,581.50,592.79,578.25,17959238,-2.30,0,22.14,腾讯财经
2026-08-05 21:20:00,587.94,581.50,592.79,578.25,17959238,-2.30,0,22.14,腾讯财经
2026-08-05 21:30:00,587.94,0.00,0.00,0.00,478609,0,0,22.14,腾讯财经
2026-08-05 21:40:04,595.17,600.53,601.00,591.50,1442952,7.23,1.00,22.42,腾讯财经
2026-08-05 21:50:00,597.10,600.46,601.00,591.50,1909343,9.16,1.00,22.49,腾讯财经
2026-08-05 22:00:00,594.66,600.46,601.00,591.50,2376974,6.72,1.00,22.40,腾讯财经
2026-08-05 22:10:04,593.70,600.46,601.00,591.50,2706852,5.76,0,22.36,腾讯财经
2026-08-05 22:20:00,593.50,600.46,601.00,591.50,2924408,5.56,0,22.35,腾讯财经
2026-08-05 22:30:00,591.89,600.46,601.00,591.18,3208046,3.95,0,22.29,腾讯财经
2026-08-05 22:40:04,591.78,600.46,601.00,591.18,3453216,3.84,0,22.29,腾讯财经
2026-08-05 22:50:01,591.88,600.46,601.00,591.18,3629150,3.94,0,22.29,腾讯财经
2026-08-05 23:00:00,590.92,600.46,601.00,590.01,3851324,2.98,0,22.26,腾讯财经
2026-08-05 23:10:00,589.90,600.46,601.00,589.64,4039896,1.96,0,22.22,腾讯财经
2026-08-05 23:20:04,588.19,600.46,601.00,587.87,4273173,.25,0,22.15,腾讯财经
2026-08-05 23:30:00,586.00,600.46,601.00,585.99,4566885,-1.94,0,22.07,腾讯财经
2026-08-05 23:40:04,585.81,600.46,601.00,585.19,4864005,-2.13,0,22.06,腾讯财经
2026-08-05 23:50:05,584.19,600.46,601.00,584.19,5054326,-3.75,0,22.00,腾讯财经
2026-08-06 00:00:04,582.00,600.46,601.00,582.00,5357345,-5.94,-1.00,21.92,腾讯财经
2026-08-06 00:10:02,582.23,600.46,601.00,580.38,5740635,-5.71,0,21.93,腾讯财经
2026-08-06 00:20:00,583.96,600.46,601.00,580.12,6096751,-3.98,0,21.99,腾讯财经
2026-08-06 00:30:03,582.98,600.46,601.00,580.12,6349755,-4.96,0,21.96,腾讯财经
2026-08-06 00:40:04,582.65,600.46,601.00,580.12,6717874,-5.29,0,21.95,腾讯财经
2026-08-06 00:50:04,584.57,600.46,601.00,580.12,7001726,-3.37,0,22.02,腾讯财经
2026-08-06 01:00:00,584.96,600.46,601.00,580.12,7229572,-2.98,0,22.03,腾讯财经
2026-08-06 01:10:05,584.86,600.46,601.00,580.12,7345393,-3.08,0,22.03,腾讯财经
2026-08-06 01:20:00,584.78,600.46,601.00,580.12,7483420,-3.16,0,22.03,腾讯财经
2026-08-06 01:30:00,583.78,600.46,601.00,580.12,7623801,-4.16,0,21.99,腾讯财经
2026-08-06 01:40:04,582.71,600.46,601.00,580.12,7829040,-5.23,0,21.95,腾讯财经
2026-08-06 01:50:00,583.18,600.46,601.00,580.12,7967068,-4.76,0,21.97,腾讯财经
2026-08-06 02:00:04,583.38,600.46,601.00,580.12,8113928,-4.56,0,21.97,腾讯财经
2026-08-06 02:10:00,583.46,600.46,601.00,580.12,8224042,-4.48,0,21.98,腾讯财经
2026-08-06 02:20:00,583.49,600.46,601.00,580.12,8345173,-4.45,0,21.98,腾讯财经
2026-08-06 02:30:03,582.89,600.46,601.00,580.12,8515677,-5.05,0,21.95,腾讯财经
2026-08-06 02:40:05,583.45,600.46,601.00,580.12,8661131,-4.49,0,21.98,腾讯财经
2026-08-06 02:50:05,583.50,600.46,601.00,580.12,9063086,-4.44,0,21.98,腾讯财经
2026-08-06 03:00:00,582.71,600.46,601.00,580.12,9194892,-5.23,0,21.95,腾讯财经
2026-08-06 03:10:04,582.87,600.46,601.00,580.12,9672225,-5.07,0,21.95,腾讯财经
2026-08-06 03:20:01,586.61,600.46,601.00,580.12,10290613,-1.33,0,22.09,腾讯财经
2026-08-06 03:30:02,588.42,600.46,601.00,580.12,10804577,.48,0,22.16,腾讯财经
2026-08-06 03:40:04,587.12,600.46,601.00,580.12,11178364,-.82,0,22.11,腾讯财经
2026-08-06 03:50:00,587.58,600.46,601.00,580.12,11445301,-.36,0,22.13,腾讯财经
2026-08-06 04:00:00,589.41,600.46,601.00,580.12,12146458,1.47,0,22.20,腾讯财经
2026-08-06 04:10:03,588.77,600.46,601.00,580.12,14646652,.83,0,22.18,腾讯财经
2026-08-06 04:20:04,588.77,600.46,601.00,580.12,14689094,.83,0,22.18,腾讯财经
2026-08-06 04:30:00,588.77,600.46,601.00,580.12,14711289,.83,0,22.18,腾讯财经
2026-08-06 04:40:05,588.77,600.46,601.00,580.12,14728058,.83,0,22.18,腾讯财经
2026-08-06 04:50:00,588.77,600.46,601.00,580.12,14746145,.83,0,22.18,腾讯财经
2026-08-06 05:00:00,588.77,600.46,601.00,580.12,14756741,.83,0,22.18,腾讯财经
2026-08-06 05:10:00,588.77,600.46,601.00,580.12,14771963,.83,0,22.18,腾讯财经
2026-08-06 05:20:00,588.77,600.46,601.00,580.12,14777701,.83,0,22.18,腾讯财经
2026-08-06 05:30:01,588.77,600.46,601.00,580.12,14782400,.83,0,22.18,腾讯财经
2026-08-06 05:40:05,588.77,600.46,601.00,580.12,14789863,.83,0,22.18,腾讯财经
2026-08-06 05:50:00,588.77,600.46,601.00,580.12,14799534,.83,0,22.18,腾讯财经
2026-08-06 06:00:00,588.77,600.46,601.00,580.12,14803577,.83,0,22.18,腾讯财经
2026-08-06 06:10:00,588.77,600.46,601.00,580.12,14822885,.83,0,22.18,腾讯财经
2026-08-06 06:20:00,588.77,600.46,601.00,580.12,14829477,.83,0,22.18,腾讯财经
2026-08-06 06:30:04,588.77,600.46,601.00,580.12,14856935,.83,0,22.18,腾讯财经
2026-08-06 06:40:05,588.77,600.46,601.00,580.12,14864062,.83,0,22.18,腾讯财经
2026-08-06 06:50:04,588.77,600.46,601.00,580.12,14870440,.83,0,22.18,腾讯财经
2026-08-06 07:00:00,588.77,600.46,601.00,580.12,14874230,.83,0,22.18,腾讯财经
2026-08-06 07:10:00,588.77,600.46,601.00,580.12,14877415,.83,0,22.18,腾讯财经
2026-08-06 07:20:02,588.77,600.46,601.00,580.12,14880339,.83,0,22.18,腾讯财经
2026-08-06 07:30:00,588.77,600.46,601.00,580.12,14886747,.83,0,22.18,腾讯财经
2026-08-06 07:40:04,588.77,600.46,601.00,580.12,14891326,.83,0,22.18,腾讯财经
2026-08-06 07:50:02,588.77,600.46,601.00,580.12,14893506,.83,0,22.18,腾讯财经
2026-08-06 08:00:02,588.77,600.46,601.00,580.12,14897162,.83,0,22.18,腾讯财经
2026-08-06 08:10:00,588.77,600.46,601.00,580.12,14897162,.83,0,22.18,腾讯财经
2026-08-06 08:20:00,588.77,600.46,601.00,580.12,14897162,.83,0,22.18,腾讯财经
2026-08-06 08:30:04,588.77,600.46,601.00,580.12,14897162,.83,0,22.18,腾讯财经
2026-08-06 08:40:04,588.77,600.46,601.00,580.12,14897162,.83,0,22.18,腾讯财经
2026-08-06 08:50:03,588.77,600.46,601.00,580.12,14897162,.83,0,22.18,腾讯财经
2026-08-06 09:00:00,588.77,600.46,601.00,580.12,14897162,.83,0,22.18,腾讯财经
2026-08-06 09:10:04,588.77,600.46,601.00,580.12,14897162,.83,0,22.18,腾讯财经
2026-08-06 09:20:01,588.77,600.46,601.00,580.12,14897162,.83,0,22.18,腾讯财经
2026-08-06 09:30:04,588.77,600.46,601.00,580.12,14897162,.83,0,22.18,腾讯财经
2026-08-06 09:40:04,588.77,600.46,601.00,580.12,14897162,.83,0,22.18,腾讯财经
2026-08-06 09:50:00,588.77,600.46,601.00,580.12,14897162,.83,0,22.18,腾讯财经
2026-08-06 10:00:00,588.77,600.46,601.00,580.12,14897162,.83,0,22.18,腾讯财经
2026-08-06 10:10:00,588.77,600.46,601.00,580.12,14897162,.83,0,22.18,腾讯财经
2026-08-06 10:20:00,588.77,600.46,601.00,580.12,14897162,.83,0,22.18,腾讯财经
2026-08-06 10:30:00,588.77,600.46,601.00,580.12,14897162,.83,0,22.18,腾讯财经
2026-08-06 10:40:04,588.77,600.46,601.00,580.12,14897162,.83,0,22.18,腾讯财经
2026-08-06 10:50:00,588.77,600.46,601.00,580.12,14897162,.83,0,22.18,腾讯财经
2026-08-06 11:00:00,588.77,600.46,601.00,580.12,14897162,.83,0,22.18,腾讯财经
2026-08-06 11:10:00,588.77,600.46,601.00,580.12,14897162,.83,0,22.18,腾讯财经
2026-08-06 11:20:00,588.77,600.46,601.00,580.12,14897162,.83,0,22.18,腾讯财经
2026-08-06 11:30:00,588.77,600.46,601.00,580.12,14897162,.83,0,22.18,腾讯财经
2026-08-06 11:40:04,588.77,600.46,601.00,580.12,14897162,.83,0,22.18,腾讯财经
2026-08-06 11:50:01,588.77,600.46,601.00,580.12,14897162,.83,0,22.18,腾讯财经
2026-08-06 12:00:00,588.77,600.46,601.00,580.12,14897162,.83,0,22.18,腾讯财经
2026-08-06 12:10:01,588.77,600.46,601.00,580.12,14897162,.83,0,22.18,腾讯财经
2026-08-06 12:20:02,588.77,600.46,601.00,580.12,14897162,.83,0,22.18,腾讯财经
2026-08-06 12:30:00,588.77,600.46,601.00,580.12,14897162,.83,0,22.18,腾讯财经
2026-08-06 12:40:04,588.77,600.46,601.00,580.12,14897162,.83,0,22.18,腾讯财经
2026-08-06 12:50:00,588.77,600.46,601.00,580.12,14897162,.83,0,22.18,腾讯财经
2026-08-06 13:00:00,588.77,600.46,601.00,580.12,14897162,.83,0,22.18,腾讯财经
2026-08-06 13:10:02,588.77,600.46,601.00,580.12,14897162,.83,0,22.18,腾讯财经
2026-08-06 13:20:00,588.77,600.46,601.00,580.12,14897162,.83,0,22.18,腾讯财经
2026-08-06 13:30:00,588.77,600.46,601.00,580.12,14897162,.83,0,22.18,腾讯财经
2026-08-06 13:40:04,588.77,600.46,601.00,580.12,14897162,.83,0,22.18,腾讯财经
2026-08-06 13:50:05,588.77,600.46,601.00,580.12,14897162,.83,0,22.18,腾讯财经
2026-08-06 14:00:01,588.77,600.46,601.00,580.12,14897162,.83,0,22.18,腾讯财经
2026-08-06 14:10:05,588.77,600.46,601.00,580.12,14897162,.83,0,22.18,腾讯财经
2026-08-06 14:20:02,588.77,600.46,601.00,580.12,14897162,.83,0,22.18,腾讯财经
2026-08-06 14:30:00,588.77,600.46,601.00,580.12,14897162,.83,0,22.18,腾讯财经
2026-08-06 14:50:03,588.77,600.46,601.00,580.12,14897162,.83,0,22.18,腾讯财经
2026-08-06 15:00:01,588.77,600.46,601.00,580.12,14897162,.83,0,22.18,腾讯财经
2026-08-06 15:10:00,588.77,600.46,601.00,580.12,14897162,.83,0,22.18,腾讯财经
2026-08-06 15:20:03,588.77,600.46,601.00,580.12,14897162,.83,0,22.18,腾讯财经
2026-08-06 15:30:00,588.77,600.46,601.00,580.12,14897162,.83,0,22.18,腾讯财经
2026-08-06 15:50:03,588.77,600.46,601.00,580.12,14897162,.83,0,22.18,腾讯财经
2026-08-06 16:00:00,588.77,600.46,601.00,580.12,14897162,.83,0,22.18,腾讯财经
2026-08-06 16:10:03,588.77,600.46,601.00,580.12,14897162,.83,0,22.18,腾讯财经
2026-08-06 16:20:05,588.77,600.46,601.00,580.12,14897162,.83,0,22.18,腾讯财经
2026-08-06 16:30:04,588.77,600.46,601.00,580.12,14897162,.83,0,22.18,腾讯财经
2026-08-06 16:40:05,588.77,600.46,601.00,580.12,14897162,.83,0,22.18,腾讯财经
2026-08-06 17:00:01,588.77,600.46,601.00,580.12,14897162,.83,0,22.18,腾讯财经
2026-08-06 17:10:05,588.77,600.46,601.00,580.12,14897162,.83,0,22.18,腾讯财经
2026-08-06 17:20:02,588.77,600.46,601.00,580.12,14897162,.83,0,22.18,腾讯财经
2026-08-06 17:30:00,588.77,600.46,601.00,580.12,14897162,.83,0,22.18,腾讯财经
2026-08-06 17:40:04,588.77,600.46,601.00,580.12,14897162,.83,0,22.18,腾讯财经
2026-08-06 17:50:01,588.77,600.46,601.00,580.12,14897162,.83,0,22.18,腾讯财经
2026-08-06 18:00:03,588.77,600.46,601.00,580.12,14897162,.83,0,22.18,腾讯财经
2026-08-06 18:10:05,588.77,600.46,601.00,580.12,14897162,.83,0,22.18,腾讯财经
2026-08-06 18:20:01,588.77,600.46,601.00,580.12,14897162,.83,0,22.18,腾讯财经
2026-08-06 18:30:01,588.77,600.46,601.00,580.12,14897162,.83,0,22.18,腾讯财经
2026-08-06 18:40:04,588.77,600.46,601.00,580.12,14897162,.83,0,22.18,腾讯财经
2026-08-06 18:50:03,588.77,600.46,601.00,580.12,14897162,.83,0,22.18,腾讯财经
2026-08-06 19:00:00,588.77,600.46,601.00,580.12,14897162,.83,0,22.18,腾讯财经
2026-08-06 19:10:03,588.77,600.46,601.00,580.12,14897162,.83,0,22.18,腾讯财经
2026-08-06 19:20:00,588.77,600.46,601.00,580.12,14897162,.83,0,22.18,腾讯财经
2026-08-06 19:30:00,588.77,600.46,601.00,580.12,14897162,.83,0,22.18,腾讯财经
2026-08-06 19:40:04,588.77,600.46,601.00,580.12,14897162,.83,0,22.18,腾讯财经
2026-08-06 19:50:03,588.77,600.46,601.00,580.12,14897162,.83,0,22.18,腾讯财经
2026-08-06 20:00:02,588.77,600.46,601.00,580.12,14897162,.83,0,22.18,腾讯财经
2026-08-06 20:10:04,588.77,600.46,601.00,580.12,14897162,.83,0,22.18,腾讯财经
2026-08-06 20:20:00,588.77,600.46,601.00,580.12,14897162,.83,0,22.18,腾讯财经
2026-08-06 20:30:03,588.77,600.46,601.00,580.12,14897162,.83,0,22.18,腾讯财经
2026-08-06 20:40:04,588.77,600.46,601.00,580.12,14897162,.83,0,22.18,腾讯财经
2026-08-06 20:50:02,588.77,600.46,601.00,580.12,14897162,.83,0,22.18,腾讯财经
2026-08-06 21:00:00,588.77,600.46,601.00,580.12,14897162,.83,0,22.18,腾讯财经
2026-08-06 21:10:04,588.77,600.46,601.00,580.12,14897162,.83,0,22.18,腾讯财经
2026-08-06 21:20:03,588.77,600.46,601.00,580.12,14897162,.83,0,22.18,腾讯财经
2026-08-06 21:30:00,588.77,0.00,0.00,0.00,338435,0,0,22.18,腾讯财经
2026-08-06 21:40:04,591.42,586.34,594.80,586.00,1263084,2.65,0,22.28,腾讯财经
2026-08-06 21:50:00,590.01,586.95,594.80,586.00,1701163,1.24,0,22.22,腾讯财经
2026-08-06 22:00:00,593.86,586.95,595.31,586.00,2303590,5.09,0,22.37,腾讯财经
2026-08-06 22:10:00,590.77,586.95,595.31,586.00,2625427,2.00,0,22.25,腾讯财经
2026-08-06 22:20:00,589.42,586.95,595.31,586.00,3005379,.65,0,22.20,腾讯财经
2026-08-06 22:30:00,589.43,586.95,595.31,586.00,3243505,.66,0,22.20,腾讯财经
2026-08-06 22:40:04,593.38,586.95,595.31,586.00,3548334,4.61,0,22.35,腾讯财经
2026-08-06 22:50:00,589.40,586.95,595.31,586.00,3865265,.63,0,22.20,腾讯财经
2026-08-06 23:00:03,592.70,586.95,595.31,586.00,4119519,3.93,0,22.32,腾讯财经
2026-08-06 23:10:00,591.04,586.95,595.31,586.00,4434441,2.27,0,22.26,腾讯财经
2026-08-06 23:20:00,589.31,586.95,595.31,586.00,4664144,.54,0,22.20,腾讯财经
2026-08-06 23:30:00,589.83,586.95,595.31,586.00,4870222,1.06,0,22.22,腾讯财经
2026-08-06 23:40:04,589.46,586.95,595.31,586.00,5025771,.69,0,22.20,腾讯财经
2026-08-06 23:50:04,589.25,586.95,595.31,586.00,5152695,.48,0,22.19,腾讯财经
2026-08-07 00:00:00,587.90,586.95,595.31,586.00,5334476,-.87,0,22.14,腾讯财经
2026-08-07 00:10:00,588.06,586.95,595.31,586.00,5478165,-.71,0,22.15,腾讯财经
2026-08-07 00:20:01,589.43,586.95,595.31,586.00,5644997,.66,0,22.20,腾讯财经
2026-08-07 00:30:04,589.31,586.95,595.31,586.00,5991667,.54,0,22.20,腾讯财经
2026-08-07 00:40:04,590.49,586.95,595.31,586.00,6412857,1.72,0,22.24,腾讯财经
2026-08-07 00:50:00,588.32,586.95,595.31,586.00,6805428,-.45,0,22.16,腾讯财经
2026-08-07 01:00:02,590.03,586.95,595.31,586.00,7064050,1.26,0,22.22,腾讯财经
2026-08-07 01:10:04,588.77,586.95,595.31,586.00,7238768,0,0,22.18,腾讯财经
2026-08-07 01:20:00,588.52,586.95,595.31,586.00,7318274,-.25,0,22.17,腾讯财经
2026-08-07 01:30:00,588.16,586.95,595.31,586.00,7471610,-.61,0,22.15,腾讯财经
2026-08-07 01:40:04,588.17,586.95,595.31,586.00,7608733,-.60,0,22.15,腾讯财经
2026-08-07 01:50:00,589.21,586.95,595.31,586.00,7719786,.44,0,22.19,腾讯财经
2026-08-07 02:00:00,589.63,586.95,595.31,586.00,7807786,.86,0,22.21,腾讯财经
2026-08-07 02:10:03,588.58,586.95,595.31,586.00,7962056,-.19,0,22.17,腾讯财经
2026-08-07 02:20:00,588.89,586.95,595.31,586.00,8122992,.12,0,22.18,腾讯财经
2026-08-07 02:30:00,590.26,586.95,595.31,586.00,8271531,1.49,0,22.23,腾讯财经
2026-08-07 02:40:05,589.46,586.95,595.31,586.00,8449501,.69,0,22.20,腾讯财经
2026-08-07 02:50:05,589.71,586.95,595.31,586.00,8589371,.94,0,22.21,腾讯财经
2026-08-07 03:00:03,589.72,586.95,595.31,586.00,8715402,.95,0,22.21,腾讯财经
2026-08-07 03:10:00,590.49,586.95,595.31,586.00,8834070,1.72,0,22.24,腾讯财经
2026-08-07 03:20:00,590.05,586.95,595.31,586.00,8989955,1.28,0,22.22,腾讯财经
2026-08-07 03:30:01,589.25,586.95,595.31,586.00,9172228,.48,0,22.19,腾讯财经
2026-08-07 03:40:04,589.50,586.95,595.31,586.00,9381273,.73,0,22.20,腾讯财经
2026-08-07 03:50:00,588.23,586.95,595.31,586.00,9649886,-.54,0,22.16,腾讯财经
2026-08-07 04:00:02,590.01,586.95,595.31,586.00,10337401,1.24,0,22.22,腾讯财经
2026-08-07 04:10:04,589.90,586.95,595.31,586.00,11630544,1.13,0,22.22,腾讯财经
2026-08-07 04:20:04,589.90,586.95,595.31,586.00,11636845,1.13,0,22.22,腾讯财经
2026-08-07 04:30:05,589.90,586.95,595.31,586.00,11641972,1.13,0,22.22,腾讯财经
2026-08-07 04:40:04,589.90,586.95,595.31,586.00,11646827,1.13,0,22.22,腾讯财经
2026-08-07 04:50:02,589.90,586.95,595.31,586.00,11658638,1.13,0,22.22,腾讯财经
2026-08-07 05:00:00,589.90,586.95,595.31,586.00,11663389,1.13,0,22.22,腾讯财经
2026-08-07 05:10:01,589.90,586.95,595.31,586.00,11669239,1.13,0,22.22,腾讯财经
2026-08-07 05:20:04,589.90,586.95,595.31,586.00,11674734,1.13,0,22.22,腾讯财经
2026-08-07 05:30:01,589.90,586.95,595.31,586.00,11770605,1.13,0,22.22,腾讯财经
2026-08-07 05:40:04,589.90,586.95,595.31,586.00,11775101,1.13,0,22.22,腾讯财经
2026-08-07 05:50:02,589.90,586.95,595.31,586.00,11784226,1.13,0,22.22,腾讯财经
2026-08-07 06:00:00,589.90,586.95,595.31,586.00,11786112,1.13,0,22.22,腾讯财经
2026-08-07 06:10:00,589.90,586.95,595.31,586.00,11787458,1.13,0,22.22,腾讯财经
2026-08-07 06:20:03,589.90,586.95,595.31,586.00,11787897,1.13,0,22.22,腾讯财经
2026-08-07 06:30:05,589.90,586.95,595.31,586.00,11791008,1.13,0,22.22,腾讯财经
2026-08-07 06:40:04,589.90,586.95,595.31,586.00,11792802,1.13,0,22.22,腾讯财经
2026-08-07 06:50:03,589.90,586.95,595.31,586.00,11796530,1.13,0,22.22,腾讯财经
2026-08-07 07:00:00,589.90,586.95,595.31,586.00,11799185,1.13,0,22.22,腾讯财经
2026-08-07 07:10:00,589.90,586.95,595.31,586.00,11802547,1.13,0,22.22,腾讯财经
2026-08-07 07:20:00,589.90,586.95,595.31,586.00,11803857,1.13,0,22.22,腾讯财经
2026-08-07 07:30:00,589.90,586.95,595.31,586.00,11804842,1.13,0,22.22,腾讯财经
2026-08-07 07:40:05,589.90,586.95,595.31,586.00,11809106,1.13,0,22.22,腾讯财经
2026-08-07 07:50:00,589.90,586.95,595.31,586.00,11810553,1.13,0,22.22,腾讯财经
2026-08-07 08:00:02,589.90,586.95,595.31,586.00,11811458,1.13,0,22.22,腾讯财经
2026-08-07 08:10:00,589.90,586.95,595.31,586.00,11811461,1.13,0,22.22,腾讯财经
2026-08-07 08:20:00,589.90,586.95,595.31,586.00,11811461,1.13,0,22.22,腾讯财经
2026-08-07 08:30:02,589.90,586.95,595.31,586.00,11811461,1.13,0,22.22,腾讯财经
2026-08-07 08:40:05,589.90,586.95,595.31,586.00,11811461,1.13,0,22.22,腾讯财经
2026-08-07 08:50:00,589.90,586.95,595.31,586.00,11811461,1.13,0,22.22,腾讯财经
2026-08-07 09:00:00,589.90,586.95,595.31,586.00,11811461,1.13,0,22.22,腾讯财经
2026-08-07 09:10:00,589.90,586.95,595.31,586.00,11811461,1.13,0,22.22,腾讯财经
2026-08-07 09:20:05,589.90,586.95,595.31,586.00,11811461,1.13,0,22.22,腾讯财经
2026-08-07 09:30:04,589.90,586.95,595.31,586.00,11811461,1.13,0,22.22,腾讯财经
2026-08-07 09:40:05,589.90,586.95,595.31,586.00,11811461,1.13,0,22.22,腾讯财经
2026-08-07 09:50:03,589.90,586.95,595.31,586.00,11811461,1.13,0,22.22,腾讯财经
2026-08-07 10:00:00,589.90,586.95,595.31,586.00,11811461,1.13,0,22.22,腾讯财经
2026-08-07 10:10:00,589.90,586.95,595.31,586.00,11811461,1.13,0,22.22,腾讯财经
2026-08-07 10:20:00,589.90,586.95,595.31,586.00,11811461,1.13,0,22.22,腾讯财经
2026-08-07 10:30:02,589.90,586.95,595.31,586.00,11811461,1.13,0,22.22,腾讯财经
2026-08-07 10:40:04,589.90,586.95,595.31,586.00,11811461,1.13,0,22.22,腾讯财经
2026-08-07 10:50:00,589.90,586.95,595.31,586.00,11811461,1.13,0,22.22,腾讯财经
2026-08-07 11:00:01,589.90,586.95,595.31,586.00,11811461,1.13,0,22.22,腾讯财经
2026-08-07 11:10:02,589.90,586.95,595.31,586.00,11811461,1.13,0,22.22,腾讯财经
2026-08-07 11:20:01,589.90,586.95,595.31,586.00,11811461,1.13,0,22.22,腾讯财经
2026-08-07 11:30:02,589.90,586.95,595.31,586.00,11811461,1.13,0,22.22,腾讯财经
2026-08-07 11:40:04,589.90,586.95,595.31,586.00,11811461,1.13,0,22.22,腾讯财经
2026-08-07 11:50:02,589.90,586.95,595.31,586.00,11811461,1.13,0,22.22,腾讯财经
2026-08-07 12:00:01,589.90,586.95,595.31,586.00,11811461,1.13,0,22.22,腾讯财经
2026-08-07 12:10:00,589.90,586.95,595.31,586.00,11811461,1.13,0,22.22,腾讯财经
2026-08-07 12:20:00,589.90,586.95,595.31,586.00,11811461,1.13,0,22.22,腾讯财经
2026-08-07 12:30:04,589.90,586.95,595.31,586.00,11811461,1.13,0,22.22,腾讯财经
2026-08-07 12:40:04,589.90,586.95,595.31,586.00,11811461,1.13,0,22.22,腾讯财经
2026-08-07 12:50:00,589.90,586.95,595.31,586.00,11811461,1.13,0,22.22,腾讯财经
2026-08-07 13:00:01,589.90,586.95,595.31,586.00,11811461,1.13,0,22.22,腾讯财经
2026-08-07 13:10:03,589.90,586.95,595.31,586.00,11811461,1.13,0,22.22,腾讯财经
2026-08-07 13:20:01,589.90,586.95,595.31,586.00,11811461,1.13,0,22.22,腾讯财经
2026-08-07 13:30:00,589.90,586.95,595.31,586.00,11811461,1.13,0,22.22,腾讯财经
2026-08-07 13:40:04,589.90,586.95,595.31,586.00,11811461,1.13,0,22.22,腾讯财经
2026-08-07 13:50:04,589.90,586.95,595.31,586.00,11811461,1.13,0,22.22,腾讯财经
2026-08-07 14:00:00,589.90,586.95,595.31,586.00,11811461,1.13,0,22.22,腾讯财经
2026-08-07 14:10:03,589.90,586.95,595.31,586.00,11811461,1.13,0,22.22,腾讯财经
2026-08-07 14:20:04,589.90,586.95,595.31,586.00,11811461,1.13,0,22.22,腾讯财经
2026-08-07 14:30:00,589.90,586.95,595.31,586.00,11811461,1.13,0,22.22,腾讯财经
2026-08-07 14:40:03,589.90,586.95,595.31,586.00,11811461,1.13,0,22.22,腾讯财经
2026-08-07 14:50:01,589.90,586.95,595.31,586.00,11811461,1.13,0,22.22,腾讯财经
2026-08-07 15:00:04,589.90,586.95,595.31,586.00,11811461,1.13,0,22.22,腾讯财经
2026-08-07 15:10:03,589.90,586.95,595.31,586.00,11811461,1.13,0,22.22,腾讯财经
2026-08-07 15:20:00,589.90,586.95,595.31,586.00,11811461,1.13,0,22.22,腾讯财经
2026-08-07 15:30:04,589.90,586.95,595.31,586.00,11811461,1.13,0,22.22,腾讯财经
2026-08-07 15:40:04,589.90,586.95,595.31,586.00,11811461,1.13,0,22.22,腾讯财经
2026-08-07 15:50:02,589.90,586.95,595.31,586.00,11811461,1.13,0,22.22,腾讯财经
2026-08-07 16:00:04,589.90,586.95,595.31,586.00,11811461,1.13,0,22.22,腾讯财经
2026-08-07 16:10:01,589.90,586.95,595.31,586.00,11811461,1.13,0,22.22,腾讯财经
2026-08-07 16:20:00,589.90,586.95,595.31,586.00,11811461,1.13,0,22.22,腾讯财经
2026-08-07 16:30:01,589.90,586.95,595.31,586.00,11811461,1.13,0,22.22,腾讯财经
2026-08-07 16:40:04,589.90,586.95,595.31,586.00,11811461,1.13,0,22.22,腾讯财经
2026-08-07 16:50:02,589.90,586.95,595.31,586.00,11811461,1.13,0,22.22,腾讯财经
2026-08-07 17:00:00,589.90,586.95,595.31,586.00,11811461,1.13,0,22.22,腾讯财经
