时间戳,价格(USD),开盘价,最高价,最低价,成交量,涨跌额,涨跌幅(%),静态市盈率,动态市盈率,数据源
2026-07-13 20:53:07,315.32,314.72,316.91,312.17,34132321,-.90,0,43.49,38.17,腾讯财经
2026-07-13 21:07:13,315.32,314.72,316.91,312.17,34132321,-.90,0,38.17,腾讯财经
2026-07-13 21:08:18,315.32,314.72,316.91,312.17,34132321,-.90,0,38.17,腾讯财经
2026-07-13 21:09:08,315.32,314.72,316.91,312.17,34132321,-.90,0,38.17,腾讯财经
2026-07-13 22:18:36,320.33,317.02,323.45,316.45,11337769,5.01,1.00,38.78,腾讯财经
2026-07-13 22:18:36,320.33,317.02,323.45,316.45,11337814,5.01,1.00,38.78,腾讯财经
2026-07-13 22:20:00,320.08,317.02,323.45,316.45,11434518,4.76,1.00,38.75,腾讯财经
2026-07-13 22:30:00,320.20,317.02,323.45,316.45,12136792,4.88,1.00,38.77,腾讯财经
2026-07-13 22:40:03,318.85,317.02,323.45,316.45,12904687,3.53,1.00,38.60,腾讯财经
2026-07-13 22:50:01,319.33,317.02,323.45,316.45,13523762,4.01,1.00,38.66,腾讯财经
2026-07-13 23:00:00,318.82,317.02,323.45,316.45,14246906,3.50,1.00,38.60,腾讯财经
2026-07-13 23:10:00,318.43,317.02,323.45,316.45,14897015,3.11,0,38.55,腾讯财经
2026-07-13 23:20:00,317.66,317.02,323.45,316.45,15411303,2.34,0,38.46,腾讯财经
2026-07-13 23:30:00,317.20,317.02,323.45,316.45,16128414,1.88,0,38.40,腾讯财经
2026-07-13 23:40:01,316.70,317.02,323.45,316.09,16911792,1.38,0,38.34,腾讯财经
2026-07-13 23:50:02,316.86,317.02,323.45,316.09,17525886,1.54,0,38.36,腾讯财经
2026-07-14 00:00:01,317.18,317.02,323.45,316.09,18084948,1.86,0,38.40,腾讯财经
2026-07-14 00:10:01,317.85,317.02,323.45,316.09,18830387,2.53,0,38.48,腾讯财经
2026-07-14 00:20:03,317.26,317.02,323.45,316.09,19372651,1.94,0,38.41,腾讯财经
2026-07-14 00:30:00,317.38,317.02,323.45,316.09,19872196,2.06,0,38.42,腾讯财经
2026-07-14 00:40:04,316.50,317.02,323.45,316.09,20493650,1.18,0,38.32,腾讯财经
2026-07-14 00:50:04,316.76,317.02,323.45,315.93,21079000,1.44,0,38.35,腾讯财经
2026-07-14 01:00:00,316.49,317.02,323.45,315.93,21416353,1.17,0,38.32,腾讯财经
2026-07-14 01:10:04,316.42,317.02,323.45,315.93,21757240,1.10,0,38.31,腾讯财经
2026-07-14 01:20:00,316.16,317.02,323.45,315.78,22171561,.84,0,38.28,腾讯财经
2026-07-14 01:30:04,316.47,317.02,323.45,315.78,23495038,1.15,0,38.31,腾讯财经
2026-07-14 01:40:05,316.27,317.02,323.45,315.78,23966059,.95,0,38.29,腾讯财经
2026-07-14 01:50:00,316.46,317.02,323.45,315.78,24297104,1.14,0,38.31,腾讯财经
2026-07-14 02:00:00,316.16,317.02,323.45,315.78,24685207,.84,0,38.28,腾讯财经
2026-07-14 02:10:00,316.37,317.02,323.45,315.78,25044433,1.05,0,38.30,腾讯财经
2026-07-14 02:20:02,316.33,317.02,323.45,315.78,25390275,1.01,0,38.30,腾讯财经
2026-07-14 02:30:00,316.82,317.02,323.45,315.78,25811547,1.50,0,38.36,腾讯财经
2026-07-14 02:40:00,316.96,317.02,323.45,315.78,26281093,1.64,0,38.37,腾讯财经
2026-07-14 02:50:00,317.03,317.02,323.45,315.78,26652693,1.71,0,38.38,腾讯财经
2026-07-14 03:00:00,317.08,317.02,323.45,315.78,28131390,1.76,0,38.39,腾讯财经
2026-07-14 03:10:03,317.11,317.02,323.45,315.78,28713976,1.79,0,38.39,腾讯财经
2026-07-14 03:20:00,316.77,317.02,323.45,315.78,29370465,1.45,0,38.35,腾讯财经
2026-07-14 03:30:00,316.32,317.02,323.45,315.78,29959125,1.00,0,38.29,腾讯财经
2026-07-14 03:40:02,316.59,317.02,323.45,315.78,30612996,1.27,0,38.33,腾讯财经
2026-07-14 03:50:00,317.23,317.02,323.45,315.78,31429195,1.91,0,38.40,腾讯财经
2026-07-14 04:00:00,317.41,317.02,323.45,315.78,33705928,2.09,0,38.43,腾讯财经
2026-07-14 04:10:02,317.31,317.02,323.45,315.78,43016712,1.99,0,38.42,腾讯财经
2026-07-14 04:20:00,317.31,317.02,323.45,315.78,43116199,1.99,0,38.42,腾讯财经
2026-07-14 04:30:05,317.31,317.02,323.45,315.78,43138522,1.99,0,38.42,腾讯财经
2026-07-14 04:40:00,317.31,317.02,323.45,315.78,43154535,1.99,0,38.42,腾讯财经
2026-07-14 04:50:00,317.31,317.02,323.45,315.78,43158000,1.99,0,38.42,腾讯财经
2026-07-14 05:00:00,317.31,317.02,323.45,315.78,43162598,1.99,0,38.42,腾讯财经
2026-07-14 05:10:02,317.31,317.02,323.45,315.78,43169300,1.99,0,38.42,腾讯财经
2026-07-14 05:20:03,317.31,317.02,323.45,315.78,43186847,1.99,0,38.42,腾讯财经
2026-07-14 05:30:02,317.31,317.02,323.45,315.78,43193163,1.99,0,38.42,腾讯财经
2026-07-14 05:40:03,317.31,317.02,323.45,315.78,43195524,1.99,0,38.42,腾讯财经
2026-07-14 05:50:00,317.31,317.02,323.45,315.78,43196817,1.99,0,38.42,腾讯财经
2026-07-14 06:00:00,317.31,317.02,323.45,315.78,43211229,1.99,0,38.42,腾讯财经
2026-07-14 06:10:02,317.31,317.02,323.45,315.78,43213957,1.99,0,38.42,腾讯财经
2026-07-14 06:20:03,317.31,317.02,323.45,315.78,43215582,1.99,0,38.42,腾讯财经
2026-07-14 06:30:00,317.31,317.02,323.45,315.78,43216889,1.99,0,38.42,腾讯财经
2026-07-14 06:40:00,317.31,317.02,323.45,315.78,43219833,1.99,0,38.42,腾讯财经
2026-07-14 06:50:00,317.31,317.02,323.45,315.78,43221214,1.99,0,38.42,腾讯财经
2026-07-14 07:00:02,317.31,317.02,323.45,315.78,43224825,1.99,0,38.42,腾讯财经
2026-07-14 07:10:00,317.31,317.02,323.45,315.78,43228181,1.99,0,38.42,腾讯财经
2026-07-14 07:20:05,317.31,317.02,323.45,315.78,43231792,1.99,0,38.42,腾讯财经
2026-07-14 07:30:01,317.31,317.02,323.45,315.78,43234891,1.99,0,38.42,腾讯财经
2026-07-14 07:40:00,317.31,317.02,323.45,315.78,43237261,1.99,0,38.42,腾讯财经
2026-07-14 07:50:00,317.31,317.02,323.45,315.78,43242711,1.99,0,38.42,腾讯财经
2026-07-14 08:40:05,317.31,317.02,323.45,315.78,43257804,1.99,0,38.42,腾讯财经
2026-07-14 08:50:05,317.31,317.02,323.45,315.78,43257804,1.99,0,38.42,腾讯财经
2026-07-14 09:00:00,317.31,317.02,323.45,315.78,43257804,1.99,0,38.42,腾讯财经
2026-07-14 09:10:00,317.31,317.02,323.45,315.78,43257804,1.99,0,38.42,腾讯财经
2026-07-14 09:20:00,317.31,317.02,323.45,315.78,43257804,1.99,0,38.42,腾讯财经
2026-07-14 09:30:00,317.31,317.02,323.45,315.78,43257804,1.99,0,38.42,腾讯财经
2026-07-14 09:40:01,317.31,317.02,323.45,315.78,43257804,1.99,0,38.42,腾讯财经
2026-07-14 09:50:04,317.31,317.02,323.45,315.78,43257804,1.99,0,38.42,腾讯财经
2026-07-14 10:00:04,317.31,317.02,323.45,315.78,43257804,1.99,0,38.42,腾讯财经
2026-07-14 10:10:00,317.31,317.02,323.45,315.78,43257804,1.99,0,38.42,腾讯财经
2026-07-14 10:20:03,317.31,317.02,323.45,315.78,43257804,1.99,0,38.42,腾讯财经
2026-07-14 10:30:00,317.31,317.02,323.45,315.78,43257804,1.99,0,38.42,腾讯财经
2026-07-14 10:40:00,317.31,317.02,323.45,315.78,43257804,1.99,0,38.42,腾讯财经
2026-07-14 10:50:01,317.31,317.02,323.45,315.78,43257804,1.99,0,38.42,腾讯财经
2026-07-14 11:00:04,317.31,317.02,323.45,315.78,43257804,1.99,0,38.42,腾讯财经
2026-07-14 11:10:04,317.31,317.02,323.45,315.78,43257804,1.99,0,38.42,腾讯财经
2026-07-14 11:20:00,317.31,317.02,323.45,315.78,43257804,1.99,0,38.42,腾讯财经
2026-07-14 11:30:04,317.31,317.02,323.45,315.78,43257804,1.99,0,38.42,腾讯财经
2026-07-14 11:40:03,317.31,317.02,323.45,315.78,43257804,1.99,0,38.42,腾讯财经
2026-07-14 11:50:00,317.31,317.02,323.45,315.78,43257804,1.99,0,38.42,腾讯财经
2026-07-14 12:00:00,317.31,317.02,323.45,315.78,43257804,1.99,0,38.42,腾讯财经
2026-07-14 12:10:04,317.31,317.02,323.45,315.78,43257804,1.99,0,38.42,腾讯财经
2026-07-14 12:20:00,317.31,317.02,323.45,315.78,43257804,1.99,0,38.42,腾讯财经
2026-07-14 12:30:00,317.31,317.02,323.45,315.78,43257804,1.99,0,38.42,腾讯财经
2026-07-14 12:40:01,317.31,317.02,323.45,315.78,43257804,1.99,0,38.42,腾讯财经
2026-07-14 12:50:00,317.31,317.02,323.45,315.78,43257804,1.99,0,38.42,腾讯财经
2026-07-14 13:00:01,317.31,317.02,323.45,315.78,43257804,1.99,0,38.42,腾讯财经
2026-07-14 13:10:04,317.31,317.02,323.45,315.78,43257804,1.99,0,38.42,腾讯财经
2026-07-14 13:20:00,317.31,317.02,323.45,315.78,43257804,1.99,0,38.42,腾讯财经
2026-07-14 13:30:00,317.31,317.02,323.45,315.78,43257804,1.99,0,38.42,腾讯财经
2026-07-14 13:40:03,317.31,317.02,323.45,315.78,43257804,1.99,0,38.42,腾讯财经
2026-07-14 13:50:00,317.31,317.02,323.45,315.78,43257804,1.99,0,38.42,腾讯财经
2026-07-14 14:00:01,317.31,317.02,323.45,315.78,43257804,1.99,0,38.42,腾讯财经
2026-07-14 14:10:01,317.31,317.02,323.45,315.78,43257804,1.99,0,38.42,腾讯财经
2026-07-14 14:20:00,317.31,317.02,323.45,315.78,43257804,1.99,0,38.42,腾讯财经
2026-07-14 14:30:03,317.31,317.02,323.45,315.78,43257804,1.99,0,38.42,腾讯财经
2026-07-14 14:40:01,317.31,317.02,323.45,315.78,43257804,1.99,0,38.42,腾讯财经
2026-07-14 14:50:05,317.31,317.02,323.45,315.78,43257804,1.99,0,38.42,腾讯财经
2026-07-14 15:00:02,317.31,317.02,323.45,315.78,43257804,1.99,0,38.42,腾讯财经
2026-07-14 15:10:04,317.31,317.02,323.45,315.78,43257804,1.99,0,38.42,腾讯财经
2026-07-14 15:20:00,317.31,317.02,323.45,315.78,43257804,1.99,0,38.42,腾讯财经
2026-07-14 15:30:00,317.31,317.02,323.45,315.78,43257804,1.99,0,38.42,腾讯财经
2026-07-14 15:40:02,317.31,317.02,323.45,315.78,43257804,1.99,0,38.42,腾讯财经
2026-07-14 15:50:00,317.31,317.02,323.45,315.78,43257804,1.99,0,38.42,腾讯财经
2026-07-14 16:00:00,317.31,317.02,323.45,315.78,43257804,1.99,0,38.42,腾讯财经
2026-07-14 16:10:00,317.31,317.02,323.45,315.78,43257804,1.99,0,38.42,腾讯财经
2026-07-14 16:20:00,317.31,317.02,323.45,315.78,43257804,1.99,0,38.42,腾讯财经
2026-07-14 16:30:01,317.31,317.02,323.45,315.78,43257804,1.99,0,38.42,腾讯财经
2026-07-14 16:40:02,317.31,317.02,323.45,315.78,43257804,1.99,0,38.42,腾讯财经
2026-07-14 16:50:04,317.31,317.02,323.45,315.78,43257804,1.99,0,38.42,腾讯财经
2026-07-14 17:00:02,317.31,317.02,323.45,315.78,43257804,1.99,0,38.42,腾讯财经
2026-07-14 17:10:01,317.31,317.02,323.45,315.78,43257804,1.99,0,38.42,腾讯财经
2026-07-14 17:20:00,317.31,317.02,323.45,315.78,43257804,1.99,0,38.42,腾讯财经
2026-07-14 17:30:00,317.31,317.02,323.45,315.78,43257804,1.99,0,38.42,腾讯财经
2026-07-14 18:37:43,317.31,317.02,323.45,315.78,43257804,1.99,0,38.42,腾讯财经
2026-07-14 18:40:02,317.31,317.02,323.45,315.78,43257804,1.99,0,38.42,腾讯财经
2026-07-14 18:50:00,317.31,317.02,323.45,315.78,43257804,1.99,0,38.42,腾讯财经
2026-07-14 19:00:00,317.31,317.02,323.45,315.78,43257804,1.99,0,38.42,腾讯财经
2026-07-14 19:10:03,317.31,317.02,323.45,315.78,43257804,1.99,0,38.42,腾讯财经
2026-07-14 19:20:00,317.31,317.02,323.45,315.78,43257804,1.99,0,38.42,腾讯财经
2026-07-14 19:30:03,317.31,317.02,323.45,315.78,43257804,1.99,0,38.42,腾讯财经
2026-07-14 19:40:00,317.31,317.02,323.45,315.78,43257804,1.99,0,38.42,腾讯财经
2026-07-14 19:50:01,317.31,317.02,323.45,315.78,43257804,1.99,0,38.42,腾讯财经
2026-07-14 20:00:05,317.31,317.02,323.45,315.78,43257804,1.99,0,38.42,腾讯财经
2026-07-14 20:10:05,317.31,317.02,323.45,315.78,43257804,1.99,0,38.42,腾讯财经
2026-07-14 20:20:04,317.31,317.02,323.45,315.78,43257804,1.99,0,38.42,腾讯财经
2026-07-14 20:30:05,317.31,317.02,323.45,315.78,43257804,1.99,0,38.42,腾讯财经
2026-07-14 20:40:00,317.31,317.02,323.45,315.78,43257804,1.99,0,38.42,腾讯财经
2026-07-14 20:50:03,317.31,317.02,323.45,315.78,43257804,1.99,0,38.42,腾讯财经
2026-07-14 21:00:03,317.31,317.02,323.45,315.78,43257804,1.99,0,38.42,腾讯财经
2026-07-14 21:10:03,317.31,317.02,323.45,315.78,43257804,1.99,0,38.42,腾讯财经
2026-07-14 21:20:00,317.31,317.02,323.45,315.78,43257804,1.99,0,38.42,腾讯财经
2026-07-14 21:30:05,317.31,0.00,0.00,0.00,748245,0,0,38.42,腾讯财经
2026-07-14 21:40:01,315.09,313.64,315.69,311.91,2975112,-2.22,0,38.15,腾讯财经
2026-07-14 21:50:01,313.54,313.76,315.69,311.91,3941414,-3.77,-1.00,37.96,腾讯财经
2026-07-14 22:00:03,314.49,313.76,315.69,311.91,4691227,-2.82,0,38.07,腾讯财经
2026-07-14 22:10:03,314.09,313.76,315.69,311.91,5862945,-3.22,-1.00,38.02,腾讯财经
2026-07-14 22:20:00,313.79,313.76,315.69,311.91,6369100,-3.52,-1.00,37.99,腾讯财经
2026-07-14 22:30:01,315.06,313.76,315.69,311.91,6936933,-2.25,0,38.14,腾讯财经
2026-07-14 22:40:00,315.87,313.76,316.19,311.91,8978016,-1.44,0,38.24,腾讯财经
2026-07-14 22:50:00,314.47,313.76,316.19,311.91,9564323,-2.84,0,38.07,腾讯财经
2026-07-14 23:00:01,315.00,313.76,316.19,311.91,10119190,-2.31,0,38.14,腾讯财经
2026-07-14 23:10:02,315.79,313.76,316.19,311.91,10645895,-1.52,0,38.23,腾讯财经
2026-07-14 23:20:00,315.67,313.76,316.19,311.91,11053732,-1.64,0,38.22,腾讯财经
2026-07-14 23:30:00,314.55,313.76,316.19,311.91,11543342,-2.76,0,38.08,腾讯财经
2026-07-14 23:40:00,314.56,313.76,316.19,311.91,12153702,-2.75,0,38.08,腾讯财经
2026-07-14 23:50:03,313.87,313.76,316.19,311.91,12671235,-3.44,-1.00,38.00,腾讯财经
2026-07-15 00:00:00,313.26,313.76,316.19,311.91,13251237,-4.05,-1.00,37.92,腾讯财经
2026-07-15 00:10:01,314.20,313.76,316.19,311.91,13877765,-3.11,0,38.04,腾讯财经
2026-07-15 00:20:00,313.48,313.76,316.19,311.91,14259446,-3.83,-1.00,37.95,腾讯财经
2026-07-15 00:30:01,313.32,313.76,316.19,311.91,14720781,-3.99,-1.00,37.93,腾讯财经
2026-07-15 00:40:00,313.52,313.76,316.19,311.91,15145690,-3.79,-1.00,37.96,腾讯财经
2026-07-15 00:50:00,313.63,313.76,316.19,311.91,15552047,-3.68,-1.00,37.97,腾讯财经
2026-07-15 01:00:00,314.17,313.76,316.19,311.91,16049819,-3.14,0,38.04,腾讯财经
2026-07-15 01:10:00,314.54,313.76,316.19,311.91,16592056,-2.77,0,38.08,腾讯财经
2026-07-15 01:20:03,314.90,313.76,316.19,311.91,17063071,-2.41,0,38.12,腾讯财经
2026-07-15 01:30:04,314.87,313.76,316.19,311.91,17380079,-2.44,0,38.12,腾讯财经
2026-07-15 01:40:00,314.85,313.76,316.19,311.91,17682027,-2.46,0,38.12,腾讯财经
2026-07-15 01:50:03,314.89,313.76,316.19,311.91,18024275,-2.42,0,38.12,腾讯财经
2026-07-15 02:00:01,315.21,313.76,316.19,311.91,18344995,-2.10,0,38.16,腾讯财经
2026-07-15 02:10:00,315.25,313.76,316.19,311.91,18666339,-2.06,0,38.17,腾讯财经
2026-07-15 02:20:00,314.98,313.76,316.19,311.91,18951970,-2.33,0,38.13,腾讯财经
2026-07-15 02:30:00,315.17,313.76,316.19,311.91,19295496,-2.14,0,38.16,腾讯财经
2026-07-15 02:40:00,315.40,313.76,316.19,311.91,19636935,-1.91,0,38.18,腾讯财经
2026-07-15 02:50:00,315.16,313.76,316.19,311.91,20013970,-2.15,0,38.15,腾讯财经
2026-07-15 03:00:00,315.45,313.76,316.19,311.91,20365972,-1.86,0,38.19,腾讯财经
2026-07-15 03:10:01,315.80,313.76,316.19,311.91,20772416,-1.51,0,38.23,腾讯财经
2026-07-15 03:20:02,315.42,313.76,316.19,311.91,21164700,-1.89,0,38.19,腾讯财经
2026-07-15 03:30:04,315.71,313.76,316.19,311.91,21534154,-1.60,0,38.22,腾讯财经
2026-07-15 03:40:00,315.54,313.76,316.19,311.91,22116395,-1.77,0,38.20,腾讯财经
2026-07-15 03:50:05,315.34,313.76,316.19,311.91,22683003,-1.97,0,38.18,腾讯财经
2026-07-15 04:00:04,314.92,313.76,316.19,311.91,24554136,-2.39,0,38.13,腾讯财经
2026-07-15 04:10:00,314.86,313.76,316.19,311.91,34484616,-2.45,0,38.12,腾讯财经
2026-07-15 04:20:00,314.86,313.76,316.19,311.91,34501017,-2.45,0,38.12,腾讯财经
2026-07-15 04:30:02,314.86,313.76,316.19,311.91,34509411,-2.45,0,38.12,腾讯财经
2026-07-15 04:40:02,314.86,313.76,316.19,311.91,34545325,-2.45,0,38.12,腾讯财经
2026-07-15 04:50:00,314.86,313.76,316.19,311.91,36191877,-2.45,0,38.12,腾讯财经
2026-07-15 05:00:00,314.86,313.76,316.19,311.91,36202111,-2.45,0,38.12,腾讯财经
2026-07-15 05:10:01,314.86,313.76,316.19,311.91,36202882,-2.45,0,38.12,腾讯财经
2026-07-15 05:20:00,314.86,313.76,316.19,311.91,36204054,-2.45,0,38.12,腾讯财经
2026-07-15 05:30:00,314.86,313.76,316.19,311.91,36218411,-2.45,0,38.12,腾讯财经
2026-07-15 05:40:00,314.86,313.76,316.19,311.91,36218898,-2.45,0,38.12,腾讯财经
2026-07-15 05:50:00,314.86,313.76,316.19,311.91,36233056,-2.45,0,38.12,腾讯财经
2026-07-15 06:00:03,314.86,313.76,316.19,311.91,36266922,-2.45,0,38.12,腾讯财经
2026-07-15 06:10:02,314.86,313.76,316.19,311.91,36269130,-2.45,0,38.12,腾讯财经
2026-07-15 06:20:00,314.86,313.76,316.19,311.91,36271540,-2.45,0,38.12,腾讯财经
2026-07-15 06:30:00,314.86,313.76,316.19,311.91,36273913,-2.45,0,38.12,腾讯财经
2026-07-15 06:40:02,314.86,313.76,316.19,311.91,36275502,-2.45,0,38.12,腾讯财经
2026-07-15 06:50:00,314.86,313.76,316.19,311.91,36296095,-2.45,0,38.12,腾讯财经
2026-07-15 07:00:00,314.86,313.76,316.19,311.91,36297465,-2.45,0,38.12,腾讯财经
2026-07-15 07:10:00,314.86,313.76,316.19,311.91,36298563,-2.45,0,38.12,腾讯财经
2026-07-15 07:20:01,314.86,313.76,316.19,311.91,36308925,-2.45,0,38.12,腾讯财经
2026-07-15 07:30:00,314.86,313.76,316.19,311.91,36315484,-2.45,0,38.12,腾讯财经
2026-07-15 07:40:01,314.86,313.76,316.19,311.91,36320649,-2.45,0,38.12,腾讯财经
2026-07-15 07:50:01,314.86,313.76,316.19,311.91,36324997,-2.45,0,38.12,腾讯财经
2026-07-15 08:40:03,314.86,313.76,316.19,311.91,36336829,-2.45,0,38.12,腾讯财经
2026-07-15 08:50:01,314.86,313.76,316.19,311.91,36336829,-2.45,0,38.12,腾讯财经
2026-07-15 09:00:05,314.86,313.76,316.19,311.91,36336829,-2.45,0,38.12,腾讯财经
2026-07-15 09:10:00,314.86,313.76,316.19,311.91,36336829,-2.45,0,38.12,腾讯财经
2026-07-15 09:20:00,314.86,313.76,316.19,311.91,36336829,-2.45,0,38.12,腾讯财经
2026-07-15 09:30:00,314.86,313.76,316.19,311.91,36336829,-2.45,0,38.12,腾讯财经
2026-07-15 09:40:00,314.86,313.76,316.19,311.91,36336829,-2.45,0,38.12,腾讯财经
2026-07-15 09:50:00,314.86,313.76,316.19,311.91,36336829,-2.45,0,38.12,腾讯财经
2026-07-15 10:00:02,314.86,313.76,316.19,311.91,36336829,-2.45,0,38.12,腾讯财经
2026-07-15 10:10:00,314.86,313.76,316.19,311.91,36336829,-2.45,0,38.12,腾讯财经
2026-07-15 10:20:00,314.86,313.76,316.19,311.91,36336829,-2.45,0,38.12,腾讯财经
2026-07-15 10:30:00,314.86,313.76,316.19,311.91,36336829,-2.45,0,38.12,腾讯财经
2026-07-15 10:40:02,314.86,313.76,316.19,311.91,36336829,-2.45,0,38.12,腾讯财经
2026-07-15 10:50:01,314.86,313.76,316.19,311.91,36336829,-2.45,0,38.12,腾讯财经
2026-07-15 11:00:00,314.86,313.76,316.19,311.91,36336829,-2.45,0,38.12,腾讯财经
2026-07-15 11:10:02,314.86,313.76,316.19,311.91,36336829,-2.45,0,38.12,腾讯财经
2026-07-15 11:20:03,314.86,313.76,316.19,311.91,36336829,-2.45,0,38.12,腾讯财经
2026-07-15 11:30:00,314.86,313.76,316.19,311.91,36336829,-2.45,0,38.12,腾讯财经
2026-07-15 11:40:01,314.86,313.76,316.19,311.91,36336829,-2.45,0,38.12,腾讯财经
2026-07-15 11:50:01,314.86,313.76,316.19,311.91,36336829,-2.45,0,38.12,腾讯财经
2026-07-15 12:00:00,314.86,313.76,316.19,311.91,36336829,-2.45,0,38.12,腾讯财经
2026-07-15 12:10:00,314.86,313.76,316.19,311.91,36336829,-2.45,0,38.12,腾讯财经
2026-07-15 12:20:00,314.86,313.76,316.19,311.91,36336829,-2.45,0,38.12,腾讯财经
2026-07-15 12:30:01,314.86,313.76,316.19,311.91,36336829,-2.45,0,38.12,腾讯财经
2026-07-15 12:40:01,314.86,313.76,316.19,311.91,36336829,-2.45,0,38.12,腾讯财经
2026-07-15 12:50:03,314.86,313.76,316.19,311.91,36336829,-2.45,0,38.12,腾讯财经
2026-07-15 13:00:01,314.86,313.76,316.19,311.91,36336829,-2.45,0,38.12,腾讯财经
2026-07-15 13:10:04,314.86,313.76,316.19,311.91,36336829,-2.45,0,38.12,腾讯财经
2026-07-15 13:20:00,314.86,313.76,316.19,311.91,36336829,-2.45,0,38.12,腾讯财经
2026-07-15 13:30:05,314.86,313.76,316.19,311.91,36336829,-2.45,0,38.12,腾讯财经
2026-07-15 13:40:01,314.86,313.76,316.19,311.91,36336829,-2.45,0,38.12,腾讯财经
2026-07-15 13:50:01,314.86,313.76,316.19,311.91,36336829,-2.45,0,38.12,腾讯财经
2026-07-15 14:00:05,314.86,313.76,316.19,311.91,36336829,-2.45,0,38.12,腾讯财经
2026-07-15 14:10:05,314.86,313.76,316.19,311.91,36336829,-2.45,0,38.12,腾讯财经
2026-07-15 14:20:04,314.86,313.76,316.19,311.91,36336829,-2.45,0,38.12,腾讯财经
2026-07-15 14:30:05,314.86,313.76,316.19,311.91,36336829,-2.45,0,38.12,腾讯财经
2026-07-15 14:40:04,314.86,313.76,316.19,311.91,36336829,-2.45,0,38.12,腾讯财经
2026-07-15 14:50:05,314.86,313.76,316.19,311.91,36336829,-2.45,0,38.12,腾讯财经
2026-07-15 15:00:02,314.86,313.76,316.19,311.91,36336829,-2.45,0,38.12,腾讯财经
2026-07-15 15:10:04,314.86,313.76,316.19,311.91,36336829,-2.45,0,38.12,腾讯财经
2026-07-15 15:20:04,314.86,313.76,316.19,311.91,36336829,-2.45,0,38.12,腾讯财经
2026-07-15 15:30:05,314.86,313.76,316.19,311.91,36336829,-2.45,0,38.12,腾讯财经
2026-07-15 15:40:05,314.86,313.76,316.19,311.91,36336829,-2.45,0,38.12,腾讯财经
2026-07-15 15:50:05,314.86,313.76,316.19,311.91,36336829,-2.45,0,38.12,腾讯财经
2026-07-15 16:00:05,314.86,313.76,316.19,311.91,36336829,-2.45,0,38.12,腾讯财经
2026-07-15 16:10:00,314.86,313.76,316.19,311.91,36336829,-2.45,0,38.12,腾讯财经
2026-07-15 16:20:03,314.86,313.76,316.19,311.91,36336829,-2.45,0,38.12,腾讯财经
2026-07-15 16:30:05,314.86,313.76,316.19,311.91,36336829,-2.45,0,38.12,腾讯财经
2026-07-15 16:40:05,314.86,313.76,316.19,311.91,36336829,-2.45,0,38.12,腾讯财经
2026-07-15 16:50:05,314.86,313.76,316.19,311.91,36336829,-2.45,0,38.12,腾讯财经
2026-07-15 17:00:01,314.86,313.76,316.19,311.91,36336829,-2.45,0,38.12,腾讯财经
2026-07-15 17:10:02,314.86,313.76,316.19,311.91,36336829,-2.45,0,38.12,腾讯财经
2026-07-15 17:20:01,314.86,313.76,316.19,311.91,36336829,-2.45,0,38.12,腾讯财经
2026-07-15 17:30:02,314.86,313.76,316.19,311.91,36336829,-2.45,0,38.12,腾讯财经
2026-07-15 18:50:05,314.86,313.76,316.19,311.91,36336829,-2.45,0,38.12,腾讯财经
2026-07-15 19:00:00,314.86,313.76,316.19,311.91,36336829,-2.45,0,38.12,腾讯财经
2026-07-15 19:10:05,314.86,313.76,316.19,311.91,36336829,-2.45,0,38.12,腾讯财经
2026-07-15 19:20:05,314.86,313.76,316.19,311.91,36336829,-2.45,0,38.12,腾讯财经
2026-07-15 19:30:03,314.86,313.76,316.19,311.91,36336829,-2.45,0,38.12,腾讯财经
2026-07-15 19:40:03,314.86,313.76,316.19,311.91,36336829,-2.45,0,38.12,腾讯财经
2026-07-15 19:50:02,314.86,313.76,316.19,311.91,36336829,-2.45,0,38.12,腾讯财经
2026-07-15 20:00:00,314.86,313.76,316.19,311.91,36336829,-2.45,0,38.12,腾讯财经
2026-07-15 20:10:05,314.86,313.76,316.19,311.91,36336829,-2.45,0,38.12,腾讯财经
2026-07-15 20:20:01,314.86,313.76,316.19,311.91,36336829,-2.45,0,38.12,腾讯财经
2026-07-15 20:30:04,314.86,313.76,316.19,311.91,36336829,-2.45,0,38.12,腾讯财经
2026-07-15 20:40:00,314.86,313.76,316.19,311.91,36336829,-2.45,0,38.12,腾讯财经
2026-07-15 20:50:05,314.86,313.76,316.19,311.91,36336829,-2.45,0,38.12,腾讯财经
2026-07-15 21:00:00,314.86,313.76,316.19,311.91,36336829,-2.45,0,38.12,腾讯财经
2026-07-15 21:10:05,314.86,313.76,316.19,311.91,36336829,-2.45,0,38.12,腾讯财经
2026-07-15 21:20:00,314.86,313.76,316.19,311.91,36336829,-2.45,0,38.12,腾讯财经
2026-07-15 21:30:00,314.86,0.00,0.00,0.00,482212,0,0,38.12,腾讯财经
2026-07-15 21:40:00,318.93,317.63,319.79,317.32,2452016,4.07,1.00,38.61,腾讯财经
2026-07-15 21:50:05,320.77,317.62,321.82,317.32,4916078,5.91,1.00,38.83,腾讯财经
2026-07-15 22:00:04,320.61,317.62,321.82,317.32,6655305,5.75,1.00,38.81,腾讯财经
2026-07-15 22:10:01,323.34,317.62,323.71,317.32,9066864,8.48,2.00,39.14,腾讯财经
2026-07-15 22:20:00,325.51,317.62,325.68,317.32,11909488,10.65,3.00,39.41,腾讯财经
2026-07-15 22:30:00,324.81,317.62,325.68,317.32,13519616,9.95,3.00,39.32,腾讯财经
2026-07-15 22:40:00,323.95,317.62,325.68,317.32,14765917,9.09,2.00,39.22,腾讯财经
2026-07-15 22:50:03,325.06,317.62,325.68,317.32,16484235,10.20,3.00,39.35,腾讯财经
2026-07-15 23:00:00,323.78,317.62,325.68,317.32,17364760,8.92,2.00,39.20,腾讯财经
2026-07-15 23:10:00,324.09,317.62,325.68,317.32,18024856,9.23,2.00,39.24,腾讯财经
2026-07-15 23:20:00,324.33,317.62,325.68,317.32,18738499,9.47,3.00,39.27,腾讯财经
2026-07-15 23:30:00,325.54,317.62,325.68,317.32,19790311,10.68,3.00,39.41,腾讯财经
2026-07-15 23:40:02,326.82,317.62,327.10,317.32,21236637,11.96,3.00,39.57,腾讯财经
2026-07-15 23:50:04,326.66,317.62,327.10,317.32,22318911,11.80,3.00,39.55,腾讯财经
2026-07-16 00:00:00,326.40,317.62,327.10,317.32,23193384,11.54,3.00,39.52,腾讯财经
2026-07-16 00:10:00,326.96,317.62,327.10,317.32,24055657,12.10,3.00,39.58,腾讯财经
2026-07-16 00:20:04,327.21,317.62,327.70,317.32,25510638,12.35,3.00,39.61,腾讯财经
2026-07-16 00:30:00,328.17,317.62,328.53,317.32,27099954,13.31,4.00,39.73,腾讯财经
2026-07-16 00:40:00,328.02,317.62,328.53,317.32,28548144,13.16,4.00,39.71,腾讯财经
2026-07-16 00:50:00,328.05,317.62,328.53,317.32,29729739,13.19,4.00,39.72,腾讯财经
2026-07-16 01:00:01,327.90,317.62,328.53,317.32,30618444,13.04,4.00,39.70,腾讯财经
2026-07-16 01:10:04,326.98,317.62,328.53,317.32,31510466,12.12,3.00,39.59,腾讯财经
2026-07-16 01:20:00,326.20,317.62,328.53,317.32,32371228,11.34,3.00,39.49,腾讯财经
2026-07-16 01:30:00,327.08,317.62,328.53,317.32,33092029,12.22,3.00,39.60,腾讯财经
2026-07-16 01:40:00,327.84,317.62,328.53,317.32,33882649,12.98,4.00,39.69,腾讯财经
2026-07-16 01:50:02,327.53,317.62,328.53,317.32,34527847,12.67,4.00,39.65,腾讯财经
2026-07-16 02:00:00,327.52,317.62,328.53,317.32,35209082,12.66,4.00,39.65,腾讯财经
2026-07-16 02:10:00,327.26,317.62,328.53,317.32,35814446,12.40,3.00,39.62,腾讯财经
2026-07-16 02:20:01,327.28,317.62,328.53,317.32,36443647,12.42,3.00,39.62,腾讯财经
2026-07-16 02:30:04,327.83,317.62,328.53,317.32,36986522,12.97,4.00,39.69,腾讯财经
2026-07-16 02:40:00,327.72,317.62,328.53,317.32,37494370,12.86,4.00,39.67,腾讯财经
2026-07-16 02:50:05,327.15,317.62,328.53,317.32,38066888,12.29,3.00,39.61,腾讯财经
2026-07-16 03:00:02,327.45,317.62,328.53,317.32,38688389,12.59,3.00,39.64,腾讯财经
2026-07-16 03:10:01,328.25,317.62,328.72,317.32,39907235,13.39,4.00,39.74,腾讯财经
2026-07-16 03:20:01,327.66,317.62,328.72,317.32,40562324,12.80,4.00,39.67,腾讯财经
2026-07-16 03:30:00,326.98,317.62,328.72,317.32,41504748,12.12,3.00,39.59,腾讯财经
2026-07-16 03:40:00,326.41,317.62,328.72,317.32,43939574,11.55,3.00,39.52,腾讯财经
2026-07-16 03:50:04,326.60,317.62,328.72,317.32,45270869,11.74,3.00,39.54,腾讯财经
2026-07-16 04:00:00,327.27,317.62,328.72,317.32,48796908,12.41,3.00,39.62,腾讯财经
2026-07-16 04:10:00,327.50,317.62,328.72,317.32,60234977,12.64,4.00,39.65,腾讯财经
2026-07-16 04:20:00,327.50,317.62,328.73,317.32,60659573,12.64,4.00,39.65,腾讯财经
2026-07-16 04:30:00,327.50,317.62,328.73,317.32,60673574,12.64,4.00,39.65,腾讯财经
2026-07-16 04:40:05,327.50,317.62,328.73,317.32,60762599,12.64,4.00,39.65,腾讯财经
2026-07-16 04:50:01,327.50,317.62,328.73,317.32,60772768,12.64,4.00,39.65,腾讯财经
2026-07-16 05:00:00,327.50,317.62,328.73,317.32,60780844,12.64,4.00,39.65,腾讯财经
2026-07-16 05:10:00,327.50,317.62,328.73,317.32,60789114,12.64,4.00,39.65,腾讯财经
2026-07-16 05:20:00,327.50,317.62,328.73,317.32,60820599,12.64,4.00,39.65,腾讯财经
2026-07-16 05:30:05,327.50,317.62,328.73,317.32,60841837,12.64,4.00,39.65,腾讯财经
2026-07-16 05:40:04,327.50,317.62,328.73,317.32,60844756,12.64,4.00,39.65,腾讯财经
2026-07-16 05:50:02,327.50,317.62,328.73,317.32,60847155,12.64,4.00,39.65,腾讯财经
2026-07-16 06:00:00,327.50,317.62,328.73,317.32,60849928,12.64,4.00,39.65,腾讯财经
2026-07-16 06:10:04,327.50,317.62,328.73,317.32,60881616,12.64,4.00,39.65,腾讯财经
2026-07-16 06:20:02,327.50,317.62,328.73,317.32,60885978,12.64,4.00,39.65,腾讯财经
2026-07-16 06:30:04,327.50,317.62,328.73,317.32,60892630,12.64,4.00,39.65,腾讯财经
2026-07-16 06:40:05,327.50,317.62,328.73,317.32,60895879,12.64,4.00,39.65,腾讯财经
2026-07-16 06:50:01,327.50,317.62,328.73,317.32,60900301,12.64,4.00,39.65,腾讯财经
2026-07-16 07:00:02,327.50,317.62,328.73,317.32,60909201,12.64,4.00,39.65,腾讯财经
2026-07-16 07:10:00,327.50,317.62,328.73,317.32,60914752,12.64,4.00,39.65,腾讯财经
2026-07-16 07:20:00,327.50,317.62,328.73,317.32,60920126,12.64,4.00,39.65,腾讯财经
2026-07-16 07:30:00,327.50,317.62,328.73,317.32,60923031,12.64,4.00,39.65,腾讯财经
2026-07-16 08:40:00,327.50,317.62,328.73,317.32,60957644,12.64,4.00,39.65,腾讯财经
2026-07-16 08:50:00,327.50,317.62,328.73,317.32,60957644,12.64,4.00,39.65,腾讯财经
2026-07-16 09:00:00,327.50,317.62,328.73,317.32,60957644,12.64,4.00,39.65,腾讯财经
2026-07-16 09:10:04,327.50,317.62,328.73,317.32,60957644,12.64,4.00,39.65,腾讯财经
2026-07-16 09:20:00,327.50,317.62,328.73,317.32,60957644,12.64,4.00,39.65,腾讯财经
2026-07-16 09:30:05,327.50,317.62,328.73,317.32,60957644,12.64,4.00,39.65,腾讯财经
2026-07-16 09:40:00,327.50,317.62,328.73,317.32,60957644,12.64,4.00,39.65,腾讯财经
2026-07-16 09:50:00,327.50,317.62,328.73,317.32,60957644,12.64,4.00,39.65,腾讯财经
2026-07-16 10:00:00,327.50,317.62,328.73,317.32,60957644,12.64,4.00,39.65,腾讯财经
2026-07-16 10:10:01,327.50,317.62,328.73,317.32,60957644,12.64,4.00,39.65,腾讯财经
2026-07-16 10:20:00,327.50,317.62,328.73,317.32,60957644,12.64,4.00,39.65,腾讯财经
2026-07-16 10:30:01,327.50,317.62,328.73,317.32,60957644,12.64,4.00,39.65,腾讯财经
2026-07-16 10:40:05,327.50,317.62,328.73,317.32,60957644,12.64,4.00,39.65,腾讯财经
2026-07-16 10:50:03,327.50,317.62,328.73,317.32,60957644,12.64,4.00,39.65,腾讯财经
2026-07-16 11:00:02,327.50,317.62,328.73,317.32,60957644,12.64,4.00,39.65,腾讯财经
2026-07-16 11:10:05,327.50,317.62,328.73,317.32,60957644,12.64,4.00,39.65,腾讯财经
2026-07-16 11:20:00,327.50,317.62,328.73,317.32,60957644,12.64,4.00,39.65,腾讯财经
2026-07-16 11:30:00,327.50,317.62,328.73,317.32,60957644,12.64,4.00,39.65,腾讯财经
2026-07-16 11:40:00,327.50,317.62,328.73,317.32,60957644,12.64,4.00,39.65,腾讯财经
2026-07-16 11:50:03,327.50,317.62,328.73,317.32,60957644,12.64,4.00,39.65,腾讯财经
2026-07-16 12:00:01,327.50,317.62,328.73,317.32,60957644,12.64,4.00,39.65,腾讯财经
2026-07-16 12:10:00,327.50,317.62,328.73,317.32,60957644,12.64,4.00,39.65,腾讯财经
2026-07-16 12:20:00,327.50,317.62,328.73,317.32,60957644,12.64,4.00,39.65,腾讯财经
2026-07-16 12:30:02,327.50,317.62,328.73,317.32,60957644,12.64,4.00,39.65,腾讯财经
2026-07-16 12:40:05,327.50,317.62,328.73,317.32,60957644,12.64,4.00,39.65,腾讯财经
2026-07-16 12:50:00,327.50,317.62,328.73,317.32,60957644,12.64,4.00,39.65,腾讯财经
2026-07-16 13:00:02,327.50,317.62,328.73,317.32,60957644,12.64,4.00,39.65,腾讯财经
2026-07-16 13:10:00,327.50,317.62,328.73,317.32,60957644,12.64,4.00,39.65,腾讯财经
2026-07-16 13:20:03,327.50,317.62,328.73,317.32,60957644,12.64,4.00,39.65,腾讯财经
2026-07-16 13:30:04,327.50,317.62,328.73,317.32,60957644,12.64,4.00,39.65,腾讯财经
2026-07-16 13:40:00,327.50,317.62,328.73,317.32,60957644,12.64,4.00,39.65,腾讯财经
2026-07-16 13:50:01,327.50,317.62,328.73,317.32,60957644,12.64,4.00,39.65,腾讯财经
2026-07-16 14:00:03,327.50,317.62,328.73,317.32,60957644,12.64,4.00,39.65,腾讯财经
2026-07-16 14:10:02,327.50,317.62,328.73,317.32,60957644,12.64,4.00,39.65,腾讯财经
2026-07-16 14:20:01,327.50,317.62,328.73,317.32,60957644,12.64,4.00,39.65,腾讯财经
2026-07-16 14:30:00,327.50,317.62,328.73,317.32,60957644,12.64,4.00,39.65,腾讯财经
2026-07-16 14:40:00,327.50,317.62,328.73,317.32,60957644,12.64,4.00,39.65,腾讯财经
2026-07-16 14:50:03,327.50,317.62,328.73,317.32,60957644,12.64,4.00,39.65,腾讯财经
2026-07-16 15:00:04,327.50,317.62,328.73,317.32,60957644,12.64,4.00,39.65,腾讯财经
2026-07-16 15:10:00,327.50,317.62,328.73,317.32,60957644,12.64,4.00,39.65,腾讯财经
2026-07-16 15:20:00,327.50,317.62,328.73,317.32,60957644,12.64,4.00,39.65,腾讯财经
2026-07-16 15:30:04,327.50,317.62,328.73,317.32,60957644,12.64,4.00,39.65,腾讯财经
2026-07-16 15:40:02,327.50,317.62,328.73,317.32,60957644,12.64,4.00,39.65,腾讯财经
2026-07-16 15:50:02,327.50,317.62,328.73,317.32,60957644,12.64,4.00,39.65,腾讯财经
2026-07-16 16:00:03,327.50,317.62,328.73,317.32,60957644,12.64,4.00,39.65,腾讯财经
2026-07-16 16:10:00,327.50,317.62,328.73,317.32,60957644,12.64,4.00,39.65,腾讯财经
2026-07-16 16:20:00,327.50,317.62,328.73,317.32,60957644,12.64,4.00,39.65,腾讯财经
2026-07-16 16:30:04,327.50,317.62,328.73,317.32,60957644,12.64,4.00,39.65,腾讯财经
2026-07-16 16:40:00,327.50,317.62,328.73,317.32,60957644,12.64,4.00,39.65,腾讯财经
2026-07-16 16:50:00,327.50,317.62,328.73,317.32,60957644,12.64,4.00,39.65,腾讯财经
2026-07-16 17:00:05,327.50,317.62,328.73,317.32,60957644,12.64,4.00,39.65,腾讯财经
2026-07-16 17:10:04,327.50,317.62,328.73,317.32,60957644,12.64,4.00,39.65,腾讯财经
2026-07-16 17:20:03,327.50,317.62,328.73,317.32,60957644,12.64,4.00,39.65,腾讯财经
2026-07-16 17:30:01,327.50,317.62,328.73,317.32,60957644,12.64,4.00,39.65,腾讯财经
2026-07-16 18:44:02,327.50,317.62,328.73,317.32,60957644,12.64,4.00,39.65,腾讯财经
2026-07-16 18:50:03,327.50,317.62,328.73,317.32,60957644,12.64,4.00,39.65,腾讯财经
2026-07-16 19:00:00,327.50,317.62,328.73,317.32,60957644,12.64,4.00,39.65,腾讯财经
2026-07-16 19:10:00,327.50,317.62,328.73,317.32,60957644,12.64,4.00,39.65,腾讯财经
2026-07-16 19:20:04,327.50,317.62,328.73,317.32,60957644,12.64,4.00,39.65,腾讯财经
2026-07-16 19:30:01,327.50,317.62,328.73,317.32,60957644,12.64,4.00,39.65,腾讯财经
2026-07-16 19:40:04,327.50,317.62,328.73,317.32,60957644,12.64,4.00,39.65,腾讯财经
2026-07-16 19:50:00,327.50,317.62,328.73,317.32,60957644,12.64,4.00,39.65,腾讯财经
2026-07-16 20:00:04,327.50,317.62,328.73,317.32,60957644,12.64,4.00,39.65,腾讯财经
2026-07-16 20:10:00,327.50,317.62,328.73,317.32,60957644,12.64,4.00,39.65,腾讯财经
2026-07-16 20:20:04,327.50,317.62,328.73,317.32,60957644,12.64,4.00,39.65,腾讯财经
2026-07-16 20:30:04,327.50,317.62,328.73,317.32,60957644,12.64,4.00,39.65,腾讯财经
2026-07-16 20:40:01,327.50,317.62,328.73,317.32,60957644,12.64,4.00,39.65,腾讯财经
2026-07-16 20:50:00,327.50,317.62,328.73,317.32,60957644,12.64,4.00,39.65,腾讯财经
2026-07-16 21:00:00,327.50,317.62,328.73,317.32,60957644,12.64,4.00,39.65,腾讯财经
2026-07-16 21:10:02,327.50,317.62,328.73,317.32,60957644,12.64,4.00,39.65,腾讯财经
2026-07-16 21:20:01,327.50,317.62,328.73,317.32,60957644,12.64,4.00,39.65,腾讯财经
2026-07-16 21:30:02,327.50,0.00,0.00,0.00,813464,0,0,39.65,腾讯财经
2026-07-16 21:40:00,327.70,328.01,328.98,326.79,3725073,.20,0,39.67,腾讯财经
2026-07-16 21:50:00,329.02,328.01,329.68,326.79,5774421,1.52,0,39.83,腾讯财经
2026-07-16 22:00:00,330.87,328.01,330.89,326.79,8484620,3.37,1.00,40.06,腾讯财经
2026-07-16 22:10:00,328.03,328.01,331.41,326.79,10559635,.53,0,39.71,腾讯财经
2026-07-16 22:20:04,329.16,328.01,331.41,326.79,11746456,1.66,0,39.85,腾讯财经
2026-07-16 22:30:00,330.25,328.01,331.41,326.79,12778245,2.75,0,39.98,腾讯财经
2026-07-16 22:40:00,330.93,328.01,331.41,326.79,13768017,3.43,1.00,40.06,腾讯财经
2026-07-16 22:50:02,330.38,328.01,331.41,326.79,14716235,2.88,0,40.00,腾讯财经
2026-07-16 23:00:05,330.15,328.01,331.41,326.79,15496560,2.65,0,39.97,腾讯财经
2026-07-16 23:10:00,329.89,328.01,331.41,326.79,16212131,2.39,0,39.94,腾讯财经
2026-07-16 23:20:00,330.38,328.01,331.41,326.79,16940268,2.88,0,40.00,腾讯财经
2026-07-16 23:30:01,330.48,328.01,331.41,326.79,18071044,2.98,0,40.01,腾讯财经
2026-07-16 23:40:03,331.39,328.01,331.41,326.79,18771053,3.89,1.00,40.12,腾讯财经
2026-07-16 23:50:02,331.48,328.01,331.83,326.79,19538393,3.98,1.00,40.13,腾讯财经
2026-07-17 00:00:00,331.81,328.01,332.28,326.79,20393370,4.31,1.00,40.17,腾讯财经
2026-07-17 00:10:03,331.34,328.01,332.28,326.79,21381413,3.84,1.00,40.11,腾讯财经
2026-07-17 00:20:00,331.11,328.01,332.28,326.79,22151943,3.61,1.00,40.09,腾讯财经
2026-07-17 00:30:00,331.12,328.01,332.28,326.79,22680156,3.62,1.00,40.09,腾讯财经
2026-07-17 00:40:04,330.28,328.01,332.28,326.79,23326074,2.78,0,39.99,腾讯财经
2026-07-17 00:50:00,331.18,328.01,332.28,326.79,25133275,3.68,1.00,40.09,腾讯财经
2026-07-17 01:00:02,331.95,328.01,332.28,326.79,25963575,4.45,1.00,40.19,腾讯财经
2026-07-17 01:10:00,332.10,328.01,332.37,326.79,26845643,4.60,1.00,40.21,腾讯财经
2026-07-17 01:20:00,332.28,328.01,332.37,326.79,27365892,4.78,1.00,40.23,腾讯财经
2026-07-17 01:30:00,332.84,328.01,332.97,326.79,28359847,5.34,1.00,40.29,腾讯财经
2026-07-17 01:40:00,333.09,328.01,333.55,326.79,29474299,5.59,1.00,40.33,腾讯财经
2026-07-17 01:50:00,332.08,328.01,333.55,326.79,30361052,4.58,1.00,40.20,腾讯财经
2026-07-17 02:00:02,331.66,328.01,333.55,326.79,31834194,4.16,1.00,40.15,腾讯财经
2026-07-17 02:10:00,331.51,328.01,333.55,326.79,32583292,4.01,1.00,40.13,腾讯财经
2026-07-17 02:20:00,330.09,328.01,333.55,326.79,34146616,2.59,0,39.96,腾讯财经
2026-07-17 02:30:00,331.34,328.01,333.55,326.79,35161653,3.84,1.00,40.11,腾讯财经
2026-07-17 02:40:05,331.84,328.01,333.55,326.79,35925926,4.34,1.00,40.17,腾讯财经
2026-07-17 02:50:04,332.42,328.01,333.55,326.79,36640136,4.92,1.00,40.24,腾讯财经
2026-07-17 03:00:00,333.23,328.01,333.55,326.79,38229911,5.73,1.00,40.34,腾讯财经
2026-07-17 03:10:01,334.00,328.01,334.68,326.79,39916321,6.50,1.00,40.44,腾讯财经
2026-07-17 03:20:00,334.25,328.01,334.68,326.79,41402560,6.75,2.00,40.47,腾讯财经
2026-07-17 03:30:00,333.39,328.01,334.68,326.79,43062332,5.89,1.00,40.36,腾讯财经
2026-07-17 03:40:02,332.71,328.01,334.68,326.79,44805494,5.21,1.00,40.28,腾讯财经
2026-07-17 03:50:02,331.18,328.01,334.68,326.79,46515904,3.68,1.00,40.09,腾讯财经
2026-07-17 04:00:00,333.20,328.01,334.68,326.79,50709335,5.70,1.00,40.34,腾讯财经
2026-07-17 04:10:05,333.26,328.01,334.68,326.79,62543212,5.76,1.00,40.35,腾讯财经
2026-07-17 04:20:04,333.26,328.01,334.68,326.79,62614272,5.76,1.00,40.35,腾讯财经
2026-07-17 04:30:00,333.26,328.01,334.68,326.79,62566305,5.76,1.00,40.35,腾讯财经
2026-07-17 04:40:00,333.26,328.01,334.68,326.79,62650663,5.76,1.00,40.35,腾讯财经
2026-07-17 04:50:00,333.26,328.01,334.68,326.79,62654829,5.76,1.00,40.35,腾讯财经
2026-07-17 05:00:03,333.26,328.01,334.68,326.79,62673782,5.76,1.00,40.35,腾讯财经
2026-07-17 05:10:00,333.26,328.01,334.68,326.79,62676515,5.76,1.00,40.35,腾讯财经
2026-07-17 05:20:00,333.26,328.01,334.68,326.79,62683751,5.76,1.00,40.35,腾讯财经
2026-07-17 05:30:05,333.26,328.01,334.68,326.79,62688473,5.76,1.00,40.35,腾讯财经
2026-07-17 05:40:00,333.26,328.01,334.68,326.79,62693000,5.76,1.00,40.35,腾讯财经
2026-07-17 05:50:00,333.26,328.01,334.68,326.79,62701440,5.76,1.00,40.35,腾讯财经
2026-07-17 06:00:05,333.26,328.01,334.68,326.79,62706246,5.76,1.00,40.35,腾讯财经
2026-07-17 06:10:01,333.26,328.01,334.68,326.79,62724102,5.76,1.00,40.35,腾讯财经
2026-07-17 06:20:02,333.26,328.01,334.68,326.79,62761765,5.76,1.00,40.35,腾讯财经
2026-07-17 06:30:00,333.26,328.01,334.68,326.79,62776979,5.76,1.00,40.35,腾讯财经
2026-07-17 06:40:00,333.26,328.01,334.68,326.79,62788137,5.76,1.00,40.35,腾讯财经
2026-07-17 06:50:00,333.26,328.01,334.68,326.79,62827673,5.76,1.00,40.35,腾讯财经
2026-07-17 07:00:00,333.26,328.01,334.68,326.79,62856568,5.76,1.00,40.35,腾讯财经
2026-07-17 07:10:04,333.26,328.01,334.68,326.79,62863759,5.76,1.00,40.35,腾讯财经
2026-07-17 07:20:04,333.26,328.01,334.68,326.79,62878779,5.76,1.00,40.35,腾讯财经
2026-07-17 07:30:00,333.26,328.01,334.68,326.79,62887737,5.76,1.00,40.35,腾讯财经
2026-07-17 07:40:03,333.26,328.01,334.68,326.79,62933927,5.76,1.00,40.35,腾讯财经
2026-07-17 07:50:01,333.26,328.01,334.68,326.79,62956430,5.76,1.00,40.35,腾讯财经
2026-07-17 08:36:38,333.26,328.01,334.68,326.79,62970617,5.76,1.00,40.35,腾讯财经
2026-07-17 08:40:05,333.26,328.01,334.68,326.79,62970617,5.76,1.00,40.35,腾讯财经
2026-07-17 08:50:00,333.26,328.01,334.68,326.79,62970617,5.76,1.00,40.35,腾讯财经
2026-07-17 09:00:05,333.26,328.01,334.68,326.79,62970617,5.76,1.00,40.35,腾讯财经
2026-07-17 09:10:05,333.26,328.01,334.68,326.79,62970617,5.76,1.00,40.35,腾讯财经
2026-07-17 09:20:05,333.26,328.01,334.68,326.79,62970617,5.76,1.00,40.35,腾讯财经
2026-07-17 09:30:03,333.26,328.01,334.68,326.79,62970617,5.76,1.00,40.35,腾讯财经
2026-07-17 09:40:00,333.26,328.01,334.68,326.79,62970617,5.76,1.00,40.35,腾讯财经
2026-07-17 09:50:03,333.26,328.01,334.68,326.79,62970617,5.76,1.00,40.35,腾讯财经
2026-07-17 10:00:01,333.26,328.01,334.68,326.79,62970617,5.76,1.00,40.35,腾讯财经
2026-07-17 10:10:00,333.26,328.01,334.68,326.79,62970617,5.76,1.00,40.35,腾讯财经
2026-07-17 10:20:01,333.26,328.01,334.68,326.79,62970617,5.76,1.00,40.35,腾讯财经
2026-07-17 10:30:03,333.26,328.01,334.68,326.79,62970617,5.76,1.00,40.35,腾讯财经
2026-07-17 10:40:01,333.26,328.01,334.68,326.79,62970617,5.76,1.00,40.35,腾讯财经
2026-07-17 10:50:01,333.26,328.01,334.68,326.79,62970617,5.76,1.00,40.35,腾讯财经
2026-07-17 11:00:00,333.26,328.01,334.68,326.79,62970617,5.76,1.00,40.35,腾讯财经
2026-07-17 11:10:03,333.26,328.01,334.68,326.79,62970617,5.76,1.00,40.35,腾讯财经
2026-07-17 11:20:00,333.26,328.01,334.68,326.79,62970617,5.76,1.00,40.35,腾讯财经
2026-07-17 11:30:04,333.26,328.01,334.68,326.79,62970617,5.76,1.00,40.35,腾讯财经
2026-07-17 11:40:05,333.26,328.01,334.68,326.79,62970617,5.76,1.00,40.35,腾讯财经
2026-07-17 11:50:00,333.26,328.01,334.68,326.79,62970617,5.76,1.00,40.35,腾讯财经
2026-07-17 12:00:00,333.26,328.01,334.68,326.79,62970617,5.76,1.00,40.35,腾讯财经
2026-07-17 12:10:00,333.26,328.01,334.68,326.79,62970617,5.76,1.00,40.35,腾讯财经
2026-07-17 12:20:00,333.26,328.01,334.68,326.79,62970617,5.76,1.00,40.35,腾讯财经
2026-07-17 12:30:00,333.26,328.01,334.68,326.79,62970617,5.76,1.00,40.35,腾讯财经
2026-07-17 12:40:03,333.26,328.01,334.68,326.79,62970617,5.76,1.00,40.35,腾讯财经
2026-07-17 12:50:02,333.26,328.01,334.68,326.79,62970617,5.76,1.00,40.35,腾讯财经
2026-07-17 13:00:00,333.26,328.01,334.68,326.79,62970617,5.76,1.00,40.35,腾讯财经
2026-07-17 13:10:00,333.26,328.01,334.68,326.79,62970617,5.76,1.00,40.35,腾讯财经
2026-07-17 13:20:02,333.26,328.01,334.68,326.79,62970617,5.76,1.00,40.35,腾讯财经
2026-07-17 13:30:00,333.26,328.01,334.68,326.79,62970617,5.76,1.00,40.35,腾讯财经
2026-07-17 13:40:00,333.26,328.01,334.68,326.79,62970617,5.76,1.00,40.35,腾讯财经
2026-07-17 13:50:04,333.26,328.01,334.68,326.79,62970617,5.76,1.00,40.35,腾讯财经
2026-07-17 14:00:00,333.26,328.01,334.68,326.79,62970617,5.76,1.00,40.35,腾讯财经
2026-07-17 14:10:00,333.26,328.01,334.68,326.79,62970617,5.76,1.00,40.35,腾讯财经
2026-07-17 14:20:00,333.26,328.01,334.68,326.79,62970617,5.76,1.00,40.35,腾讯财经
2026-07-17 14:30:00,333.26,328.01,334.68,326.79,62970617,5.76,1.00,40.35,腾讯财经
2026-07-17 14:40:00,333.26,328.01,334.68,326.79,62970617,5.76,1.00,40.35,腾讯财经
2026-07-17 14:50:03,333.26,328.01,334.68,326.79,62970617,5.76,1.00,40.35,腾讯财经
2026-07-17 15:00:00,333.26,328.01,334.68,326.79,62970617,5.76,1.00,40.35,腾讯财经
2026-07-17 15:10:00,333.26,328.01,334.68,326.79,62970617,5.76,1.00,40.35,腾讯财经
2026-07-17 15:20:00,333.26,328.01,334.68,326.79,62970617,5.76,1.00,40.35,腾讯财经
2026-07-17 15:30:02,333.26,328.01,334.68,326.79,62970617,5.76,1.00,40.35,腾讯财经
2026-07-17 15:40:02,333.26,328.01,334.68,326.79,62970617,5.76,1.00,40.35,腾讯财经
2026-07-17 15:50:00,333.26,328.01,334.68,326.79,62970617,5.76,1.00,40.35,腾讯财经
2026-07-17 16:00:03,333.26,328.01,334.68,326.79,62970617,5.76,1.00,40.35,腾讯财经
2026-07-17 16:10:00,333.26,328.01,334.68,326.79,62970617,5.76,1.00,40.35,腾讯财经
2026-07-17 16:20:00,333.26,328.01,334.68,326.79,62970617,5.76,1.00,40.35,腾讯财经
2026-07-17 16:30:04,333.26,328.01,334.68,326.79,62970617,5.76,1.00,40.35,腾讯财经
2026-07-17 16:40:00,333.26,328.01,334.68,326.79,62970617,5.76,1.00,40.35,腾讯财经
2026-07-17 16:50:00,333.26,328.01,334.68,326.79,62970617,5.76,1.00,40.35,腾讯财经
2026-07-17 17:00:00,333.26,328.01,334.68,326.79,62970617,5.76,1.00,40.35,腾讯财经
2026-07-17 17:10:00,333.26,328.01,334.68,326.79,62970617,5.76,1.00,40.35,腾讯财经
2026-07-17 17:20:01,333.26,328.01,334.68,326.79,62970617,5.76,1.00,40.35,腾讯财经
2026-07-17 17:30:00,333.26,328.01,334.68,326.79,62970617,5.76,1.00,40.35,腾讯财经
2026-07-17 19:23:14,333.26,328.01,334.68,326.79,62970617,5.76,1.00,40.35,腾讯财经
2026-07-17 19:30:02,333.26,328.01,334.68,326.79,62970617,5.76,1.00,40.35,腾讯财经
2026-07-17 19:40:00,333.26,328.01,334.68,326.79,62970617,5.76,1.00,40.35,腾讯财经
2026-07-17 19:50:03,333.26,328.01,334.68,326.79,62970617,5.76,1.00,40.35,腾讯财经
2026-07-17 20:00:00,333.26,328.01,334.68,326.79,62970617,5.76,1.00,40.35,腾讯财经
2026-07-17 20:10:04,333.26,328.01,334.68,326.79,62970617,5.76,1.00,40.35,腾讯财经
2026-07-17 20:20:05,333.26,328.01,334.68,326.79,62970617,5.76,1.00,40.35,腾讯财经
2026-07-17 20:30:04,333.26,328.01,334.68,326.79,62970617,5.76,1.00,40.35,腾讯财经
2026-07-17 20:40:00,333.26,328.01,334.68,326.79,62970617,5.76,1.00,40.35,腾讯财经
2026-07-17 20:50:03,333.26,328.01,334.68,326.79,62970617,5.76,1.00,40.35,腾讯财经
2026-07-17 21:00:05,333.26,328.01,334.68,326.79,62970617,5.76,1.00,40.35,腾讯财经
2026-07-17 21:10:04,333.26,328.01,334.68,326.79,62970617,5.76,1.00,40.35,腾讯财经
2026-07-17 21:20:03,333.26,328.01,334.68,326.79,62970617,5.76,1.00,40.35,腾讯财经
2026-07-17 21:30:00,333.26,0.00,0.00,0.00,1142108,0,0,40.35,腾讯财经
2026-07-17 21:40:02,334.18,331.98,334.70,331.30,8396622,.92,0,40.46,腾讯财经
2026-07-17 21:50:03,333.06,331.98,334.98,331.30,10523116,-.20,0,40.32,腾讯财经
2026-07-17 22:00:05,330.73,331.98,334.98,330.73,12321529,-2.53,0,40.04,腾讯财经
2026-07-17 22:10:04,329.71,331.98,334.98,329.34,13985932,-3.55,-1.00,39.92,腾讯财经
2026-07-17 22:20:03,330.55,331.98,334.98,329.00,15462703,-2.71,0,40.02,腾讯财经
2026-07-17 22:30:00,331.54,331.98,334.98,329.00,16482961,-1.72,0,40.14,腾讯财经
2026-07-17 22:40:04,332.40,331.98,334.98,329.00,18344628,-.86,0,40.24,腾讯财经
2026-07-17 22:50:03,332.52,331.98,334.98,329.00,19436785,-.74,0,40.26,腾讯财经
2026-07-17 23:00:00,332.94,331.98,334.98,329.00,20287366,-.32,0,40.31,腾讯财经
2026-07-17 23:10:02,333.28,331.98,334.98,329.00,21030242,.02,0,40.35,腾讯财经
2026-07-17 23:20:03,333.74,331.98,334.98,329.00,21973827,.48,0,40.40,腾讯财经
2026-07-17 23:30:01,334.57,331.98,334.98,329.00,23052512,1.31,0,40.50,腾讯财经
2026-07-17 23:40:00,333.63,331.98,334.98,329.00,24093973,.37,0,40.39,腾讯财经
2026-07-17 23:50:03,333.57,331.98,334.98,329.00,24984894,.31,0,40.38,腾讯财经
2026-07-18 00:00:02,332.15,331.98,334.98,329.00,25872111,-1.11,0,40.21,腾讯财经
2026-07-18 00:10:00,330.34,331.98,334.98,329.00,27661519,-2.92,0,39.99,腾讯财经
2026-07-18 00:20:03,330.81,331.98,334.98,329.00,28574375,-2.45,0,40.05,腾讯财经
2026-07-18 00:30:04,331.74,331.98,334.98,329.00,29330647,-1.52,0,40.16,腾讯财经
2026-07-18 00:40:00,332.08,331.98,334.98,329.00,30065698,-1.18,0,40.20,腾讯财经
2026-07-18 00:50:05,331.82,331.98,334.98,329.00,30597329,-1.44,0,40.17,腾讯财经
2026-07-18 01:00:00,330.71,331.98,334.98,329.00,32164602,-2.55,0,40.04,腾讯财经
2026-07-18 01:10:03,330.26,331.98,334.98,329.00,33221537,-3.00,0,39.98,腾讯财经
2026-07-18 01:20:03,329.72,331.98,334.98,329.00,34552350,-3.54,-1.00,39.92,腾讯财经
2026-07-18 01:30:03,330.54,331.98,334.98,329.00,35605464,-2.72,0,40.02,腾讯财经
2026-07-18 01:40:01,330.27,331.98,334.98,329.00,36119030,-2.99,0,39.98,腾讯财经
2026-07-18 01:50:03,330.74,331.98,334.98,329.00,36690093,-2.52,0,40.04,腾讯财经
2026-07-18 02:00:00,331.80,331.98,334.98,329.00,37598949,-1.46,0,40.17,腾讯财经
2026-07-18 02:10:00,331.89,331.98,334.98,329.00,38442641,-1.37,0,40.18,腾讯财经
2026-07-18 02:20:03,332.35,331.98,334.98,329.00,39756452,-.91,0,40.24,腾讯财经
2026-07-18 02:30:00,332.46,331.98,334.98,329.00,40176247,-.80,0,40.25,腾讯财经
2026-07-18 02:40:00,332.45,331.98,334.98,329.00,40847637,-.81,0,40.25,腾讯财经
2026-07-18 02:50:03,334.49,331.98,334.98,329.00,42437665,1.23,0,40.50,腾讯财经
2026-07-18 03:00:00,334.00,331.98,334.98,329.00,43215109,.74,0,40.44,腾讯财经
2026-07-18 03:10:03,334.08,331.98,334.98,329.00,43807745,.82,0,40.45,腾讯财经
2026-07-18 03:20:03,333.36,331.98,334.98,329.00,44944969,.10,0,40.36,腾讯财经
2026-07-18 03:30:00,332.81,331.98,334.98,329.00,45909301,-.45,0,40.29,腾讯财经
2026-07-18 03:40:05,333.43,331.98,334.98,329.00,47154902,.17,0,40.37,腾讯财经
2026-07-18 03:50:03,333.85,331.98,334.98,329.00,48794014,.59,0,40.42,腾讯财经
2026-07-18 04:00:00,333.96,331.98,334.98,329.00,52037919,.70,0,40.43,腾讯财经
2026-07-18 04:10:00,333.74,331.98,334.98,329.00,62943708,.48,0,40.40,腾讯财经
2026-07-18 04:20:03,333.74,331.98,334.98,329.00,63239640,.48,0,40.40,腾讯财经
2026-07-18 04:30:00,333.74,331.98,334.98,329.00,63259008,.48,0,40.40,腾讯财经
2026-07-18 04:40:00,333.74,331.98,334.98,329.00,63275640,.48,0,40.40,腾讯财经
2026-07-18 04:50:03,333.74,331.98,334.98,329.00,63315901,.48,0,40.40,腾讯财经
2026-07-18 05:10:00,333.74,331.98,334.98,329.00,63335884,.48,0,40.40,腾讯财经
2026-07-18 05:20:03,333.74,331.98,334.98,329.00,63343260,.48,0,40.40,腾讯财经
2026-07-18 05:30:03,333.74,331.98,334.98,329.00,63346383,.48,0,40.40,腾讯财经
2026-07-18 05:40:00,333.74,331.98,334.98,329.00,63350251,.48,0,40.40,腾讯财经
2026-07-18 05:50:03,333.74,331.98,334.98,329.00,63361873,.48,0,40.40,腾讯财经
2026-07-18 06:00:03,333.74,331.98,334.98,329.00,63365142,.48,0,40.40,腾讯财经
2026-07-18 06:10:05,333.74,331.98,334.98,329.00,63368870,.48,0,40.40,腾讯财经
2026-07-18 06:20:03,333.74,331.98,334.98,329.00,63371864,.48,0,40.40,腾讯财经
2026-07-18 06:30:00,333.74,331.98,334.98,329.00,63374427,.48,0,40.40,腾讯财经
2026-07-18 06:40:02,333.74,331.98,334.98,329.00,63377735,.48,0,40.40,腾讯财经
2026-07-18 06:50:04,333.74,331.98,334.98,329.00,63380629,.48,0,40.40,腾讯财经
2026-07-18 07:00:00,333.74,331.98,334.98,329.00,63384039,.48,0,40.40,腾讯财经
2026-07-18 07:10:00,333.74,331.98,334.98,329.00,63386473,.48,0,40.40,腾讯财经
2026-07-18 07:20:03,333.74,331.98,334.98,329.00,63388471,.48,0,40.40,腾讯财经
2026-07-18 07:30:02,333.74,331.98,334.98,329.00,63393271,.48,0,40.40,腾讯财经
2026-07-18 07:40:04,333.74,331.98,334.98,329.00,63394894,.48,0,40.40,腾讯财经
2026-07-18 07:50:03,333.74,331.98,334.98,329.00,63397484,.48,0,40.40,腾讯财经
2026-07-18 08:00:00,333.74,331.98,334.98,329.00,63407019,.48,0,40.40,腾讯财经
2026-07-18 08:10:05,333.74,331.98,334.98,329.00,63407055,.48,0,40.40,腾讯财经
2026-07-18 08:20:03,333.74,331.98,334.99,329.00,63407059,.48,0,40.40,腾讯财经
2026-07-18 08:30:00,333.74,331.98,334.99,329.00,63407059,.48,0,40.40,腾讯财经
2026-07-18 08:40:00,333.74,331.98,334.99,329.00,63407059,.48,0,40.40,腾讯财经
2026-07-18 08:50:03,333.74,331.98,334.99,329.00,63407059,.48,0,40.40,腾讯财经
2026-07-18 09:00:00,333.74,331.98,334.99,329.00,63407059,.48,0,40.40,腾讯财经
2026-07-18 09:10:00,333.74,331.98,334.99,329.00,63407059,.48,0,40.40,腾讯财经
2026-07-18 09:20:05,333.74,331.98,334.99,329.00,63407059,.48,0,40.40,腾讯财经
2026-07-18 09:30:00,333.74,331.98,334.99,329.00,63407059,.48,0,40.40,腾讯财经
2026-07-18 09:40:03,333.74,331.98,334.99,329.00,63407059,.48,0,40.40,腾讯财经
2026-07-18 09:50:03,333.74,331.98,334.99,329.00,63407059,.48,0,40.40,腾讯财经
2026-07-18 10:00:04,333.74,331.98,334.99,329.00,63407059,.48,0,40.40,腾讯财经
2026-07-18 10:10:00,333.74,331.98,334.99,329.00,63407059,.48,0,40.40,腾讯财经
2026-07-18 10:20:03,333.74,331.98,334.99,329.00,63407059,.48,0,40.40,腾讯财经
2026-07-18 10:30:05,333.74,331.98,334.99,329.00,63407059,.48,0,40.40,腾讯财经
2026-07-18 10:40:01,333.74,331.98,334.99,329.00,63407059,.48,0,40.40,腾讯财经
2026-07-18 10:50:03,333.74,331.98,334.99,329.00,63407059,.48,0,40.40,腾讯财经
2026-07-18 11:00:00,333.74,331.98,334.99,329.00,63407059,.48,0,40.40,腾讯财经
2026-07-18 11:10:00,333.74,331.98,334.99,329.00,63407059,.48,0,40.40,腾讯财经
2026-07-18 11:20:03,333.74,331.98,334.99,329.00,63407059,.48,0,40.40,腾讯财经
2026-07-18 11:30:05,333.74,331.98,334.99,329.00,63407059,.48,0,40.40,腾讯财经
2026-07-18 11:40:02,333.74,331.98,334.99,329.00,63407059,.48,0,40.40,腾讯财经
2026-07-18 11:50:05,333.74,331.98,334.99,329.00,63407059,.48,0,40.40,腾讯财经
2026-07-18 12:00:00,333.74,331.98,334.99,329.00,63407059,.48,0,40.40,腾讯财经
2026-07-18 12:10:00,333.74,331.98,334.99,329.00,63407059,.48,0,40.40,腾讯财经
2026-07-18 12:20:03,333.74,331.98,334.99,329.00,63407059,.48,0,40.40,腾讯财经
2026-07-18 12:30:00,333.74,331.98,334.99,329.00,63407059,.48,0,40.40,腾讯财经
2026-07-18 12:40:00,333.74,331.98,334.99,329.00,63407059,.48,0,40.40,腾讯财经
2026-07-18 12:50:05,333.74,331.98,334.99,329.00,63407059,.48,0,40.40,腾讯财经
2026-07-18 13:00:00,333.74,331.98,334.99,329.00,63407059,.48,0,40.40,腾讯财经
2026-07-18 13:10:02,333.74,331.98,334.99,329.00,63407059,.48,0,40.40,腾讯财经
2026-07-18 13:20:03,333.74,331.98,334.99,329.00,63407059,.48,0,40.40,腾讯财经
2026-07-18 13:30:00,333.74,331.98,334.99,329.00,63407059,.48,0,40.40,腾讯财经
2026-07-18 13:40:01,333.74,331.98,334.99,329.00,63407059,.48,0,40.40,腾讯财经
2026-07-18 13:50:03,333.74,331.98,334.99,329.00,63407059,.48,0,40.40,腾讯财经
2026-07-18 14:00:00,333.74,331.98,334.99,329.00,63407059,.48,0,40.40,腾讯财经
2026-07-18 14:10:00,333.74,331.98,334.99,329.00,63407059,.48,0,40.40,腾讯财经
2026-07-18 14:20:03,333.74,331.98,334.99,329.00,63407059,.48,0,40.40,腾讯财经
2026-07-18 14:30:03,333.74,331.98,334.99,329.00,63407059,.48,0,40.40,腾讯财经
2026-07-18 14:40:03,333.74,331.98,334.99,329.00,63407059,.48,0,40.40,腾讯财经
2026-07-18 14:50:03,333.74,331.98,334.99,329.00,63407059,.48,0,40.40,腾讯财经
2026-07-18 15:00:01,333.74,331.98,334.99,329.00,63407059,.48,0,40.40,腾讯财经
2026-07-18 15:10:00,333.74,331.98,334.99,329.00,63407059,.48,0,40.40,腾讯财经
2026-07-18 15:20:03,333.74,331.98,334.99,329.00,63407059,.48,0,40.40,腾讯财经
2026-07-18 15:30:00,333.74,331.98,334.99,329.00,63407059,.48,0,40.40,腾讯财经
2026-07-18 15:40:05,333.74,331.98,334.99,329.00,63407059,.48,0,40.40,腾讯财经
2026-07-18 15:50:03,333.74,331.98,334.99,329.00,63407059,.48,0,40.40,腾讯财经
2026-07-18 16:00:00,333.74,331.98,334.99,329.00,63407059,.48,0,40.40,腾讯财经
2026-07-18 16:10:00,333.74,331.98,334.99,329.00,63407059,.48,0,40.40,腾讯财经
2026-07-18 16:20:03,333.74,331.98,334.99,329.00,63407059,.48,0,40.40,腾讯财经
2026-07-18 16:30:04,333.74,331.98,334.99,329.00,63407059,.48,0,40.40,腾讯财经
2026-07-18 16:40:03,333.74,331.98,334.99,329.00,63407059,.48,0,40.40,腾讯财经
2026-07-18 16:50:05,333.74,331.98,334.99,329.00,63407059,.48,0,40.40,腾讯财经
2026-07-18 17:00:00,333.74,331.98,334.99,329.00,63407059,.48,0,40.40,腾讯财经
2026-07-18 17:10:00,333.74,331.98,334.99,329.00,63407059,.48,0,40.40,腾讯财经
2026-07-18 17:20:03,333.74,331.98,334.99,329.00,63407059,.48,0,40.40,腾讯财经
2026-07-18 17:30:01,333.74,331.98,334.99,329.00,63407059,.48,0,40.40,腾讯财经
2026-07-18 17:40:03,333.74,331.98,334.99,329.00,63407059,.48,0,40.40,腾讯财经
2026-07-18 17:50:00,333.74,331.98,334.99,329.00,63407059,.48,0,40.40,腾讯财经
2026-07-18 18:00:03,333.74,331.98,334.99,329.00,63407059,.48,0,40.40,腾讯财经
2026-07-18 18:10:04,333.74,331.98,334.99,329.00,63407059,.48,0,40.40,腾讯财经
2026-07-18 18:20:04,333.74,331.98,334.99,329.00,63407059,.48,0,40.40,腾讯财经
2026-07-18 18:30:03,333.74,331.98,334.99,329.00,63407059,.48,0,40.40,腾讯财经
2026-07-18 18:40:00,333.74,331.98,334.99,329.00,63407059,.48,0,40.40,腾讯财经
2026-07-18 18:50:03,333.74,331.98,334.99,329.00,63407059,.48,0,40.40,腾讯财经
2026-07-18 19:00:02,333.74,331.98,334.99,329.00,63407059,.48,0,40.40,腾讯财经
2026-07-18 19:10:02,333.74,331.98,334.99,329.00,63407059,.48,0,40.40,腾讯财经
2026-07-18 19:20:03,333.74,331.98,334.99,329.00,63407059,.48,0,40.40,腾讯财经
2026-07-18 19:30:04,333.74,331.98,334.99,329.00,63407059,.48,0,40.40,腾讯财经
2026-07-18 19:40:01,333.74,331.98,334.99,329.00,63407059,.48,0,40.40,腾讯财经
2026-07-18 19:50:05,333.74,331.98,334.99,329.00,63407059,.48,0,40.40,腾讯财经
2026-07-18 20:00:01,333.74,331.98,334.99,329.00,63407059,.48,0,40.40,腾讯财经
2026-07-18 20:10:01,333.74,331.98,334.99,329.00,63407059,.48,0,40.40,腾讯财经
2026-07-18 20:20:03,333.74,331.98,334.99,329.00,63407059,.48,0,40.40,腾讯财经
2026-07-18 20:30:01,333.74,331.98,334.99,329.00,63407059,.48,0,40.40,腾讯财经
2026-07-18 20:40:02,333.74,331.98,334.99,329.00,63407059,.48,0,40.40,腾讯财经
2026-07-18 20:50:03,333.74,331.98,334.99,329.00,63407059,.48,0,40.40,腾讯财经
2026-07-18 21:00:01,333.74,331.98,334.99,329.00,63407059,.48,0,40.40,腾讯财经
2026-07-18 21:10:00,333.74,331.98,334.99,329.00,63407059,.48,0,40.40,腾讯财经
2026-07-18 21:20:03,333.74,331.98,334.99,329.00,63407059,.48,0,40.40,腾讯财经
2026-07-18 21:30:05,333.74,331.98,334.99,329.00,63407059,.48,0,40.40,腾讯财经
2026-07-18 21:40:01,333.74,331.98,334.99,329.00,63407059,.48,0,40.40,腾讯财经
2026-07-18 21:50:04,333.74,331.98,334.99,329.00,63407059,.48,0,40.40,腾讯财经
2026-07-18 22:00:06,333.74,331.98,334.99,329.00,63407059,.48,0,40.40,腾讯财经
2026-07-18 22:10:02,333.74,331.98,334.99,329.00,63407059,.48,0,40.40,腾讯财经
2026-07-18 22:20:04,333.74,331.98,334.99,329.00,63407059,.48,0,40.40,腾讯财经
2026-07-18 22:30:02,333.74,331.98,334.99,329.00,63407059,.48,0,40.40,腾讯财经
2026-07-18 22:40:06,333.74,331.98,334.99,329.00,63407059,.48,0,40.40,腾讯财经
2026-07-18 22:50:04,333.74,331.98,334.99,329.00,63407059,.48,0,40.40,腾讯财经
2026-07-18 23:00:04,333.74,331.98,334.99,329.00,63407059,.48,0,40.40,腾讯财经
2026-07-18 23:10:00,333.74,331.98,334.99,329.00,63407059,.48,0,40.40,腾讯财经
2026-07-18 23:20:03,333.74,331.98,334.99,329.00,63407059,.48,0,40.40,腾讯财经
2026-07-18 23:30:00,333.74,331.98,334.99,329.00,63407059,.48,0,40.40,腾讯财经
2026-07-18 23:40:00,333.74,331.98,334.99,329.00,63407059,.48,0,40.40,腾讯财经
2026-07-18 23:50:03,333.74,331.98,334.99,329.00,63407059,.48,0,40.40,腾讯财经
2026-07-19 00:00:05,333.74,331.98,334.99,329.00,63407059,.48,0,40.40,腾讯财经
2026-07-19 00:10:00,333.74,331.98,334.99,329.00,63407059,.48,0,40.40,腾讯财经
2026-07-19 00:20:04,333.74,331.98,334.99,329.00,63407059,.48,0,40.40,腾讯财经
2026-07-19 00:30:04,333.74,331.98,334.99,329.00,63407059,.48,0,40.40,腾讯财经
2026-07-19 00:40:00,333.74,331.98,334.99,329.00,63407059,.48,0,40.40,腾讯财经
2026-07-19 00:50:03,333.74,331.98,334.99,329.00,63407059,.48,0,40.40,腾讯财经
2026-07-19 01:00:04,333.74,331.98,334.99,329.00,63407059,.48,0,40.40,腾讯财经
2026-07-19 01:10:00,333.74,331.98,334.99,329.00,63407059,.48,0,40.40,腾讯财经
2026-07-19 01:20:03,333.74,331.98,334.99,329.00,63407059,.48,0,40.40,腾讯财经
2026-07-19 01:30:00,333.74,331.98,334.99,329.00,63407059,.48,0,40.40,腾讯财经
2026-07-19 01:40:00,333.74,331.98,334.99,329.00,63407059,.48,0,40.40,腾讯财经
2026-07-19 01:50:03,333.74,331.98,334.99,329.00,63407059,.48,0,40.40,腾讯财经
2026-07-19 02:00:00,333.74,331.98,334.99,329.00,63407059,.48,0,40.40,腾讯财经
2026-07-19 02:10:00,333.74,331.98,334.99,329.00,63407059,.48,0,40.40,腾讯财经
2026-07-19 02:20:03,333.74,331.98,334.99,329.00,63407059,.48,0,40.40,腾讯财经
2026-07-19 02:30:00,333.74,331.98,334.99,329.00,63407059,.48,0,40.40,腾讯财经
2026-07-19 02:40:00,333.74,331.98,334.99,329.00,63407059,.48,0,40.40,腾讯财经
2026-07-19 02:50:03,333.74,331.98,334.99,329.00,63407059,.48,0,40.40,腾讯财经
2026-07-19 03:00:03,333.74,331.98,334.99,329.00,63407059,.48,0,40.40,腾讯财经
2026-07-19 03:10:00,333.74,331.98,334.99,329.00,63407059,.48,0,40.40,腾讯财经
2026-07-19 03:20:03,333.74,331.98,334.99,329.00,63407059,.48,0,40.40,腾讯财经
2026-07-19 03:30:00,333.74,331.98,334.99,329.00,63407059,.48,0,40.40,腾讯财经
2026-07-19 03:40:01,333.74,331.98,334.99,329.00,63407059,.48,0,40.40,腾讯财经
2026-07-19 03:50:04,333.74,331.98,334.99,329.00,63407059,.48,0,40.40,腾讯财经
2026-07-19 04:00:00,333.74,331.98,334.99,329.00,63407059,.48,0,40.40,腾讯财经
2026-07-19 04:10:00,333.74,331.98,334.99,329.00,63407059,.48,0,40.40,腾讯财经
2026-07-19 04:20:04,333.74,331.98,334.99,329.00,63407059,.48,0,40.40,腾讯财经
2026-07-19 04:30:05,333.74,331.98,334.99,329.00,63407059,.48,0,40.40,腾讯财经
2026-07-19 04:40:04,333.74,331.98,334.99,329.00,63407059,.48,0,40.40,腾讯财经
2026-07-19 04:50:03,333.74,331.98,334.99,329.00,63407059,.48,0,40.40,腾讯财经
2026-07-19 05:00:00,333.74,331.98,334.99,329.00,63407059,.48,0,40.40,腾讯财经
2026-07-19 05:10:02,333.74,331.98,334.99,329.00,63407059,.48,0,40.40,腾讯财经
2026-07-19 05:20:05,333.74,331.98,334.99,329.00,63407059,.48,0,40.40,腾讯财经
2026-07-19 05:30:00,333.74,331.98,334.99,329.00,63407059,.48,0,40.40,腾讯财经
2026-07-19 05:40:00,333.74,331.98,334.99,329.00,63407059,.48,0,40.40,腾讯财经
2026-07-19 05:50:05,333.74,331.98,334.99,329.00,63407059,.48,0,40.40,腾讯财经
2026-07-19 06:00:00,333.74,331.98,334.99,329.00,63407059,.48,0,40.40,腾讯财经
2026-07-19 06:10:01,333.74,331.98,334.99,329.00,63407059,.48,0,40.40,腾讯财经
2026-07-19 06:20:03,333.74,331.98,334.99,329.00,63407059,.48,0,40.40,腾讯财经
2026-07-19 06:30:00,333.74,331.98,334.99,329.00,63407059,.48,0,40.40,腾讯财经
2026-07-19 06:40:04,333.74,331.98,334.99,329.00,63407059,.48,0,40.40,腾讯财经
2026-07-19 06:50:03,333.74,331.98,334.99,329.00,63407059,.48,0,40.40,腾讯财经
2026-07-19 07:00:00,333.74,331.98,334.99,329.00,63407059,.48,0,40.40,腾讯财经
2026-07-19 07:10:03,333.74,331.98,334.99,329.00,63407059,.48,0,40.40,腾讯财经
2026-07-19 07:20:03,333.74,331.98,334.99,329.00,63407059,.48,0,40.40,腾讯财经
2026-07-19 07:30:00,333.74,331.98,334.99,329.00,63407059,.48,0,40.40,腾讯财经
2026-07-19 07:40:00,333.74,331.98,334.99,329.00,63407059,.48,0,40.40,腾讯财经
2026-07-19 07:50:03,333.74,331.98,334.99,329.00,63407059,.48,0,40.40,腾讯财经
2026-07-19 08:00:02,333.74,331.98,334.99,329.00,63407059,.48,0,40.40,腾讯财经
2026-07-19 08:10:04,333.74,331.98,334.99,329.00,63407059,.48,0,40.40,腾讯财经
2026-07-19 08:20:03,333.74,331.98,334.99,329.00,63407059,.48,0,40.40,腾讯财经
2026-07-19 08:30:00,333.74,331.98,334.99,329.00,63407059,.48,0,40.40,腾讯财经
2026-07-19 08:40:03,333.74,331.98,334.99,329.00,63407059,.48,0,40.40,腾讯财经
2026-07-19 08:50:03,333.74,331.98,334.99,329.00,63407059,.48,0,40.40,腾讯财经
2026-07-19 09:00:00,333.74,331.98,334.99,329.00,63407059,.48,0,40.40,腾讯财经
2026-07-19 09:10:01,333.74,331.98,334.99,329.00,63407059,.48,0,40.40,腾讯财经
2026-07-19 09:20:03,333.74,331.98,334.99,329.00,63407059,.48,0,40.40,腾讯财经
2026-07-19 09:30:00,333.74,331.98,334.99,329.00,63407059,.48,0,40.40,腾讯财经
2026-07-19 09:40:00,333.74,331.98,334.99,329.00,63407059,.48,0,40.40,腾讯财经
2026-07-19 09:50:03,333.74,331.98,334.99,329.00,63407059,.48,0,40.40,腾讯财经
2026-07-19 10:00:00,333.74,331.98,334.99,329.00,63407059,.48,0,40.40,腾讯财经
2026-07-19 10:10:01,333.74,331.98,334.99,329.00,63407059,.48,0,40.40,腾讯财经
2026-07-19 10:20:03,333.74,331.98,334.99,329.00,63407059,.48,0,40.40,腾讯财经
2026-07-19 10:30:00,333.74,331.98,334.99,329.00,63407059,.48,0,40.40,腾讯财经
2026-07-19 10:40:00,333.74,331.98,334.99,329.00,63407059,.48,0,40.40,腾讯财经
2026-07-19 10:50:04,333.74,331.98,334.99,329.00,63407059,.48,0,40.40,腾讯财经
2026-07-19 11:00:05,333.74,331.98,334.99,329.00,63407059,.48,0,40.40,腾讯财经
2026-07-19 11:10:00,333.74,331.98,334.99,329.00,63407059,.48,0,40.40,腾讯财经
2026-07-19 11:20:03,333.74,331.98,334.99,329.00,63407059,.48,0,40.40,腾讯财经
2026-07-19 11:30:05,333.74,331.98,334.99,329.00,63407059,.48,0,40.40,腾讯财经
2026-07-19 11:40:00,333.74,331.98,334.99,329.00,63407059,.48,0,40.40,腾讯财经
2026-07-19 11:50:03,333.74,331.98,334.99,329.00,63407059,.48,0,40.40,腾讯财经
2026-07-19 12:00:00,333.74,331.98,334.99,329.00,63407059,.48,0,40.40,腾讯财经
2026-07-19 12:10:00,333.74,331.98,334.99,329.00,63407059,.48,0,40.40,腾讯财经
2026-07-19 12:20:03,333.74,331.98,334.99,329.00,63407059,.48,0,40.40,腾讯财经
2026-07-19 12:30:02,333.74,331.98,334.99,329.00,63407059,.48,0,40.40,腾讯财经
2026-07-19 12:40:02,333.74,331.98,334.99,329.00,63407059,.48,0,40.40,腾讯财经
2026-07-19 12:50:05,333.74,331.98,334.99,329.00,63407059,.48,0,40.40,腾讯财经
2026-07-19 13:00:03,333.74,331.98,334.99,329.00,63407059,.48,0,40.40,腾讯财经
2026-07-19 13:10:04,333.74,331.98,334.99,329.00,63407059,.48,0,40.40,腾讯财经
2026-07-19 13:20:03,333.74,331.98,334.99,329.00,63407059,.48,0,40.40,腾讯财经
2026-07-19 13:30:00,333.74,331.98,334.99,329.00,63407059,.48,0,40.40,腾讯财经
2026-07-19 13:40:01,333.74,331.98,334.99,329.00,63407059,.48,0,40.40,腾讯财经
2026-07-19 13:50:05,333.74,331.98,334.99,329.00,63407059,.48,0,40.40,腾讯财经
2026-07-19 14:00:02,333.74,331.98,334.99,329.00,63407059,.48,0,40.40,腾讯财经
2026-07-19 14:10:04,333.74,331.98,334.99,329.00,63407059,.48,0,40.40,腾讯财经
2026-07-19 14:20:03,333.74,331.98,334.99,329.00,63407059,.48,0,40.40,腾讯财经
2026-07-19 14:30:03,333.74,331.98,334.99,329.00,63407059,.48,0,40.40,腾讯财经
2026-07-19 14:40:00,333.74,331.98,334.99,329.00,63407059,.48,0,40.40,腾讯财经
2026-07-19 14:50:03,333.74,331.98,334.99,329.00,63407059,.48,0,40.40,腾讯财经
2026-07-19 15:00:00,333.74,331.98,334.99,329.00,63407059,.48,0,40.40,腾讯财经
2026-07-19 15:10:00,333.74,331.98,334.99,329.00,63407059,.48,0,40.40,腾讯财经
2026-07-19 15:20:03,333.74,331.98,334.99,329.00,63407059,.48,0,40.40,腾讯财经
2026-07-19 15:30:02,333.74,331.98,334.99,329.00,63407059,.48,0,40.40,腾讯财经
2026-07-19 15:40:00,333.74,331.98,334.99,329.00,63407059,.48,0,40.40,腾讯财经
2026-07-19 15:50:03,333.74,331.98,334.99,329.00,63407059,.48,0,40.40,腾讯财经
2026-07-19 16:00:00,333.74,331.98,334.99,329.00,63407059,.48,0,40.40,腾讯财经
2026-07-19 16:10:01,333.74,331.98,334.99,329.00,63407059,.48,0,40.40,腾讯财经
2026-07-19 16:20:04,333.74,331.98,334.99,329.00,63407059,.48,0,40.40,腾讯财经
2026-07-19 16:30:00,333.74,331.98,334.99,329.00,63407059,.48,0,40.40,腾讯财经
2026-07-19 16:40:00,333.74,331.98,334.99,329.00,63407059,.48,0,40.40,腾讯财经
2026-07-19 16:50:03,333.74,331.98,334.99,329.00,63407059,.48,0,40.40,腾讯财经
2026-07-19 17:00:00,333.74,331.98,334.99,329.00,63407059,.48,0,40.40,腾讯财经
2026-07-19 17:10:00,333.74,331.98,334.99,329.00,63407059,.48,0,40.40,腾讯财经
2026-07-19 17:20:03,333.74,331.98,334.99,329.00,63407059,.48,0,40.40,腾讯财经
2026-07-19 17:30:00,333.74,331.98,334.99,329.00,63407059,.48,0,40.40,腾讯财经
2026-07-19 17:40:00,333.74,331.98,334.99,329.00,63407059,.48,0,40.40,腾讯财经
2026-07-19 17:50:05,333.74,331.98,334.99,329.00,63407059,.48,0,40.40,腾讯财经
2026-07-19 18:00:00,333.74,331.98,334.99,329.00,63407059,.48,0,40.40,腾讯财经
2026-07-19 18:10:02,333.74,331.98,334.99,329.00,63407059,.48,0,40.40,腾讯财经
2026-07-19 18:20:03,333.74,331.98,334.99,329.00,63407059,.48,0,40.40,腾讯财经
2026-07-19 18:30:00,333.74,331.98,334.99,329.00,63407059,.48,0,40.40,腾讯财经
2026-07-19 18:40:00,333.74,331.98,334.99,329.00,63407059,.48,0,40.40,腾讯财经
2026-07-19 18:50:03,333.74,331.98,334.99,329.00,63407059,.48,0,40.40,腾讯财经
2026-07-19 19:00:00,333.74,331.98,334.99,329.00,63407059,.48,0,40.40,腾讯财经
2026-07-19 19:10:04,333.74,331.98,334.99,329.00,63407059,.48,0,40.40,腾讯财经
2026-07-19 19:20:03,333.74,331.98,334.99,329.00,63407059,.48,0,40.40,腾讯财经
2026-07-19 19:30:02,333.74,331.98,334.99,329.00,63407059,.48,0,40.40,腾讯财经
2026-07-19 19:40:05,333.74,331.98,334.99,329.00,63407059,.48,0,40.40,腾讯财经
2026-07-19 19:50:05,333.74,331.98,334.99,329.00,63407059,.48,0,40.40,腾讯财经
2026-07-19 20:00:05,333.74,331.98,334.99,329.00,63407059,.48,0,40.40,腾讯财经
2026-07-19 20:10:01,333.74,331.98,334.99,329.00,63407059,.48,0,40.40,腾讯财经
2026-07-19 20:20:03,333.74,331.98,334.99,329.00,63407059,.48,0,40.40,腾讯财经
2026-07-19 20:30:00,333.74,331.98,334.99,329.00,63407059,.48,0,40.40,腾讯财经
2026-07-19 20:40:03,333.74,331.98,334.99,329.00,63407059,.48,0,40.40,腾讯财经
2026-07-19 20:50:03,333.74,331.98,334.99,329.00,63407059,.48,0,40.40,腾讯财经
2026-07-20 08:40:04,333.74,331.98,334.99,329.00,63407059,.48,0,40.40,腾讯财经
2026-07-20 08:50:05,333.74,331.98,334.99,329.00,63407059,.48,0,40.40,腾讯财经
2026-07-20 09:00:04,333.74,331.98,334.99,329.00,63407059,.48,0,40.40,腾讯财经
2026-07-20 09:10:00,333.74,331.98,334.99,329.00,63407059,.48,0,40.40,腾讯财经
2026-07-20 09:20:05,333.74,331.98,334.99,329.00,63407059,.48,0,40.40,腾讯财经
2026-07-20 09:30:05,333.74,331.98,334.99,329.00,63407059,.48,0,40.40,腾讯财经
2026-07-20 09:40:04,333.74,331.98,334.99,329.00,63407059,.48,0,40.40,腾讯财经
2026-07-20 09:50:04,333.74,331.98,334.99,329.00,63407059,.48,0,40.40,腾讯财经
2026-07-20 10:00:05,333.74,331.98,334.99,329.00,63407059,.48,0,40.40,腾讯财经
2026-07-20 10:10:00,333.74,331.98,334.99,329.00,63407059,.48,0,40.40,腾讯财经
2026-07-20 10:20:00,333.74,331.98,334.99,329.00,63407059,.48,0,40.40,腾讯财经
2026-07-20 10:30:02,333.74,331.98,334.99,329.00,63407059,.48,0,40.40,腾讯财经
2026-07-20 10:40:00,333.74,331.98,334.99,329.00,63407059,.48,0,40.40,腾讯财经
2026-07-20 10:50:00,333.74,331.98,334.99,329.00,63407059,.48,0,40.40,腾讯财经
2026-07-20 11:00:04,333.74,331.98,334.99,329.00,63407059,.48,0,40.40,腾讯财经
2026-07-20 11:10:05,333.74,331.98,334.99,329.00,63407059,.48,0,40.40,腾讯财经
2026-07-20 11:20:05,333.74,331.98,334.99,329.00,63407059,.48,0,40.40,腾讯财经
2026-07-20 11:30:02,333.74,331.98,334.99,329.00,63407059,.48,0,40.40,腾讯财经
2026-07-20 11:40:04,333.74,331.98,334.99,329.00,63407059,.48,0,40.40,腾讯财经
2026-07-20 11:50:00,333.74,331.98,334.99,329.00,63407059,.48,0,40.40,腾讯财经
2026-07-20 12:00:04,333.74,331.98,334.99,329.00,63407059,.48,0,40.40,腾讯财经
2026-07-20 12:10:00,333.74,331.98,334.99,329.00,63407059,.48,0,40.40,腾讯财经
2026-07-20 12:20:04,333.74,331.98,334.99,329.00,63407059,.48,0,40.40,腾讯财经
2026-07-20 12:30:03,333.74,331.98,334.99,329.00,63407059,.48,0,40.40,腾讯财经
2026-07-20 12:40:00,333.74,331.98,334.99,329.00,63407059,.48,0,40.40,腾讯财经
2026-07-20 12:50:00,333.74,331.98,334.99,329.00,63407059,.48,0,40.40,腾讯财经
2026-07-20 13:00:00,333.74,331.98,334.99,329.00,63407059,.48,0,40.40,腾讯财经
2026-07-20 13:10:05,333.74,331.98,334.99,329.00,63407059,.48,0,40.40,腾讯财经
2026-07-20 13:20:01,333.74,331.98,334.99,329.00,63407059,.48,0,40.40,腾讯财经
2026-07-20 13:30:00,333.74,331.98,334.99,329.00,63407059,.48,0,40.40,腾讯财经
2026-07-20 13:40:05,333.74,331.98,334.99,329.00,63407059,.48,0,40.40,腾讯财经
2026-07-20 13:50:00,333.74,331.98,334.99,329.00,63407059,.48,0,40.40,腾讯财经
2026-07-20 14:00:00,333.74,331.98,334.99,329.00,63407059,.48,0,40.40,腾讯财经
2026-07-20 14:10:04,333.74,331.98,334.99,329.00,63407059,.48,0,40.40,腾讯财经
2026-07-20 14:20:02,333.74,331.98,334.99,329.00,63407059,.48,0,40.40,腾讯财经
2026-07-20 14:30:01,333.74,331.98,334.99,329.00,63407059,.48,0,40.40,腾讯财经
2026-07-20 14:40:04,333.74,331.98,334.99,329.00,63407059,.48,0,40.40,腾讯财经
2026-07-20 14:50:03,333.74,331.98,334.99,329.00,63407059,.48,0,40.40,腾讯财经
2026-07-20 15:00:00,333.74,331.98,334.99,329.00,63407059,.48,0,40.40,腾讯财经
2026-07-20 15:10:00,333.74,331.98,334.99,329.00,63407059,.48,0,40.40,腾讯财经
2026-07-20 15:20:00,333.74,331.98,334.99,329.00,63407059,.48,0,40.40,腾讯财经
2026-07-20 15:30:01,333.74,331.98,334.99,329.00,63407059,.48,0,40.40,腾讯财经
2026-07-20 15:40:01,333.74,331.98,334.99,329.00,63407059,.48,0,40.40,腾讯财经
2026-07-20 15:50:00,333.74,331.98,334.99,329.00,63407059,.48,0,40.40,腾讯财经
2026-07-20 16:00:04,333.74,331.98,334.99,329.00,63407059,.48,0,40.40,腾讯财经
2026-07-20 16:10:01,333.74,331.98,334.99,329.00,63407059,.48,0,40.40,腾讯财经
2026-07-20 16:20:01,333.74,331.98,334.99,329.00,63407059,.48,0,40.40,腾讯财经
2026-07-20 16:30:05,333.74,331.98,334.99,329.00,63407059,.48,0,40.40,腾讯财经
2026-07-20 16:40:00,333.74,331.98,334.99,329.00,63407059,.48,0,40.40,腾讯财经
2026-07-20 16:50:01,333.74,331.98,334.99,329.00,63407059,.48,0,40.40,腾讯财经
2026-07-20 17:00:04,333.74,331.98,334.99,329.00,63407059,.48,0,40.40,腾讯财经
2026-07-20 17:10:00,333.74,331.98,334.99,329.00,63407059,.48,0,40.40,腾讯财经
2026-07-20 17:20:01,333.74,331.98,334.99,329.00,63407059,.48,0,40.40,腾讯财经
2026-07-20 17:30:01,333.74,331.98,334.99,329.00,63407059,.48,0,40.40,腾讯财经
2026-07-20 18:17:59,333.74,331.98,334.99,329.00,63407059,.48,0,40.40,腾讯财经
2026-07-20 18:20:00,333.74,331.98,334.99,329.00,63407059,.48,0,40.40,腾讯财经
2026-07-20 18:30:04,333.74,331.98,334.99,329.00,63407059,.48,0,40.40,腾讯财经
2026-07-20 18:40:03,333.74,331.98,334.99,329.00,63407059,.48,0,40.40,腾讯财经
2026-07-20 18:50:05,333.74,331.98,334.99,329.00,63407059,.48,0,40.40,腾讯财经
2026-07-20 19:00:05,333.74,331.98,334.99,329.00,63407059,.48,0,40.40,腾讯财经
2026-07-20 19:10:03,333.74,331.98,334.99,329.00,63407059,.48,0,40.40,腾讯财经
2026-07-20 19:20:05,333.74,331.98,334.99,329.00,63407059,.48,0,40.40,腾讯财经
2026-07-20 19:30:00,333.74,331.98,334.99,329.00,63407059,.48,0,40.40,腾讯财经
2026-07-20 19:40:00,333.74,331.98,334.99,329.00,63407059,.48,0,40.40,腾讯财经
2026-07-20 19:50:03,333.74,331.98,334.99,329.00,63407059,.48,0,40.40,腾讯财经
2026-07-20 20:00:02,333.74,331.98,334.99,329.00,63407059,.48,0,40.40,腾讯财经
2026-07-20 20:10:04,333.74,331.98,334.99,329.00,63407059,.48,0,40.40,腾讯财经
2026-07-20 20:20:03,333.74,331.98,334.99,329.00,63407059,.48,0,40.40,腾讯财经
2026-07-20 20:30:02,333.74,331.98,334.99,329.00,63407059,.48,0,40.40,腾讯财经
2026-07-20 20:40:00,333.74,331.98,334.99,329.00,63407059,.48,0,40.40,腾讯财经
2026-07-20 20:50:01,333.74,331.98,334.99,329.00,63407059,.48,0,40.40,腾讯财经
2026-07-20 21:00:03,333.74,331.98,334.99,329.00,63407059,.48,0,40.40,腾讯财经
2026-07-20 21:10:00,333.74,331.98,334.99,329.00,63407059,.48,0,40.40,腾讯财经
2026-07-20 21:20:05,333.74,331.98,334.99,329.00,63407059,.48,0,40.40,腾讯财经
2026-07-20 21:30:00,333.74,0.00,0.00,0.00,1197008,0,0,40.40,腾讯财经
2026-07-20 21:40:00,330.90,333.03,333.71,330.78,3836799,-2.84,0,40.06,腾讯财经
2026-07-20 21:50:00,330.36,333.51,333.71,330.02,5142643,-3.38,-1.00,40.00,腾讯财经
2026-07-20 22:00:04,328.87,333.51,333.71,328.40,6621954,-4.87,-1.00,39.81,腾讯财经
2026-07-20 22:10:05,328.27,333.51,333.71,328.17,7685031,-5.47,-1.00,39.74,腾讯财经
2026-07-20 22:20:02,326.69,333.51,333.71,326.43,9500839,-7.05,-2.00,39.55,腾讯财经
2026-07-20 22:30:00,327.02,333.51,333.71,326.11,11109970,-6.72,-2.00,39.59,腾讯财经
2026-07-20 22:40:01,327.01,333.51,333.71,326.11,12108475,-6.73,-2.00,39.59,腾讯财经
2026-07-20 22:50:00,327.38,333.51,333.71,326.11,13208381,-6.36,-1.00,39.63,腾讯财经
2026-07-20 23:00:01,326.54,333.51,333.71,326.02,13981069,-7.20,-2.00,39.53,腾讯财经
2026-07-20 23:10:00,326.82,333.51,333.71,326.02,14922430,-6.92,-2.00,39.57,腾讯财经
2026-07-20 23:20:00,324.76,333.51,333.71,324.66,16660616,-8.98,-2.00,39.32,腾讯财经
2026-07-20 23:30:02,324.92,333.51,333.71,324.42,18476429,-8.82,-2.00,39.34,腾讯财经
2026-07-20 23:40:01,325.96,333.51,333.71,324.42,19138424,-7.78,-2.00,39.46,腾讯财经
2026-07-20 23:50:02,325.31,333.51,333.71,324.42,20190960,-8.43,-2.00,39.38,腾讯财经
2026-07-21 00:00:00,325.91,333.51,333.71,324.42,20881821,-7.83,-2.00,39.46,腾讯财经
2026-07-21 00:10:04,325.38,333.51,333.71,324.42,21572007,-8.36,-2.00,39.39,腾讯财经
2026-07-21 00:20:00,325.40,333.51,333.71,324.42,22522124,-8.34,-2.00,39.39,腾讯财经
2026-07-21 00:30:00,325.03,333.51,333.71,324.42,23172300,-8.71,-2.00,39.35,腾讯财经
2026-07-21 00:40:02,324.59,333.51,333.71,323.92,24336903,-9.15,-2.00,39.30,腾讯财经
2026-07-21 00:50:04,324.81,333.51,333.71,323.70,25225489,-8.93,-2.00,39.32,腾讯财经
2026-07-21 01:00:01,324.27,333.51,333.71,323.70,25745995,-9.47,-2.00,39.26,腾讯财经
2026-07-21 01:10:05,325.08,333.51,333.71,323.70,26438227,-8.66,-2.00,39.36,腾讯财经
2026-07-21 01:20:00,324.87,333.51,333.71,323.70,26845922,-8.87,-2.00,39.33,腾讯财经
2026-07-21 01:30:03,324.70,333.51,333.71,323.70,27309616,-9.04,-2.00,39.31,腾讯财经
2026-07-21 01:40:03,324.84,333.51,333.71,323.70,27860825,-8.90,-2.00,39.33,腾讯财经
2026-07-21 01:50:05,324.84,333.51,333.71,323.70,29412223,-8.90,-2.00,39.33,腾讯财经
2026-07-21 02:00:00,324.89,333.51,333.71,323.70,29831303,-8.85,-2.00,39.33,腾讯财经
2026-07-21 02:10:00,325.36,333.51,333.71,323.70,30626382,-8.38,-2.00,39.39,腾讯财经
2026-07-21 02:20:05,326.31,333.51,333.71,323.70,31322969,-7.43,-2.00,39.50,腾讯财经
2026-07-21 02:30:00,326.08,333.51,333.71,323.70,32263173,-7.66,-2.00,39.48,腾讯财经
2026-07-21 02:40:00,326.50,333.51,333.71,323.70,33493834,-7.24,-2.00,39.53,腾讯财经
2026-07-21 02:50:02,326.59,333.51,333.71,323.70,34378709,-7.15,-2.00,39.54,腾讯财经
2026-07-21 03:00:04,326.86,333.51,333.71,323.70,35117441,-6.88,-2.00,39.57,腾讯财经
2026-07-21 03:10:00,328.24,333.51,333.71,323.70,36167676,-5.50,-1.00,39.74,腾讯财经
2026-07-21 03:20:00,328.29,333.51,333.71,323.70,37280198,-5.45,-1.00,39.74,腾讯财经
2026-07-21 03:30:00,328.95,333.51,333.71,323.70,38059806,-4.79,-1.00,39.82,腾讯财经
2026-07-21 03:40:03,328.83,333.51,333.71,323.70,39763483,-4.91,-1.00,39.81,腾讯财经
2026-07-21 03:50:00,328.26,333.51,333.71,323.70,40548588,-5.48,-1.00,39.74,腾讯财经
2026-07-21 04:00:00,326.68,333.51,333.71,323.70,43210559,-7.06,-2.00,39.55,腾讯财经
2026-07-21 04:10:02,326.59,333.51,333.71,323.70,52982825,-7.15,-2.00,39.54,腾讯财经
2026-07-21 04:20:01,326.59,333.51,333.71,323.68,53129396,-7.15,-2.00,39.54,腾讯财经
2026-07-21 04:30:00,326.59,333.51,333.71,323.68,53196267,-7.15,-2.00,39.54,腾讯财经
2026-07-21 04:40:03,326.59,333.51,333.71,323.68,53273397,-7.15,-2.00,39.54,腾讯财经
2026-07-21 04:50:00,326.59,333.51,333.71,323.68,53283357,-7.15,-2.00,39.54,腾讯财经
2026-07-21 05:00:01,326.59,333.51,333.71,323.68,53295811,-7.15,-2.00,39.54,腾讯财经
2026-07-21 05:10:05,326.59,333.51,333.71,323.68,53299160,-7.15,-2.00,39.54,腾讯财经
2026-07-21 05:20:01,326.59,333.51,333.71,323.68,53300578,-7.15,-2.00,39.54,腾讯财经
2026-07-21 05:30:00,326.59,333.51,333.71,323.68,53306147,-7.15,-2.00,39.54,腾讯财经
2026-07-21 05:40:05,326.59,333.51,333.71,323.68,53373660,-7.15,-2.00,39.54,腾讯财经
2026-07-21 05:50:00,326.59,333.51,333.71,323.68,53374732,-7.15,-2.00,39.54,腾讯财经
2026-07-21 06:00:00,326.59,333.51,333.71,323.68,53376787,-7.15,-2.00,39.54,腾讯财经
2026-07-21 06:10:00,326.59,333.51,333.71,323.68,53392248,-7.15,-2.00,39.54,腾讯财经
2026-07-21 06:20:04,326.59,333.51,333.71,323.68,53399017,-7.15,-2.00,39.54,腾讯财经
2026-07-21 06:30:04,326.59,333.51,333.71,323.68,53404033,-7.15,-2.00,39.54,腾讯财经
2026-07-21 06:40:01,326.59,333.51,333.71,323.68,53410804,-7.15,-2.00,39.54,腾讯财经
2026-07-21 06:50:00,326.59,333.51,333.71,323.68,53414575,-7.15,-2.00,39.54,腾讯财经
2026-07-21 07:00:00,326.59,333.51,333.71,323.68,53421431,-7.15,-2.00,39.54,腾讯财经
2026-07-21 07:10:00,326.59,333.51,333.71,323.68,53434580,-7.15,-2.00,39.54,腾讯财经
2026-07-21 07:20:01,326.59,333.51,333.71,323.68,53437261,-7.15,-2.00,39.54,腾讯财经
2026-07-21 07:30:02,326.59,333.51,333.71,323.68,53441854,-7.15,-2.00,39.54,腾讯财经
2026-07-21 07:40:03,326.59,333.51,333.71,323.68,53445325,-7.15,-2.00,39.54,腾讯财经
2026-07-21 07:50:02,326.59,333.51,333.71,323.68,53448265,-7.15,-2.00,39.54,腾讯财经
2026-07-21 08:40:05,326.59,333.51,333.71,323.68,53468008,-7.15,-2.00,39.54,腾讯财经
2026-07-21 08:50:00,326.59,333.51,333.71,323.68,53468008,-7.15,-2.00,39.54,腾讯财经
2026-07-21 09:00:00,326.59,333.51,333.71,323.68,53468008,-7.15,-2.00,39.54,腾讯财经
2026-07-21 09:10:03,326.59,333.51,333.71,323.68,53468008,-7.15,-2.00,39.54,腾讯财经
2026-07-21 09:20:04,326.59,333.51,333.71,323.68,53468008,-7.15,-2.00,39.54,腾讯财经
2026-07-21 09:30:05,326.59,333.51,333.71,323.68,53468008,-7.15,-2.00,39.54,腾讯财经
2026-07-21 09:40:01,326.59,333.51,333.71,323.68,53468008,-7.15,-2.00,39.54,腾讯财经
2026-07-21 09:50:02,326.59,333.51,333.71,323.68,53468008,-7.15,-2.00,39.54,腾讯财经
2026-07-21 10:00:02,326.59,333.51,333.71,323.68,53468008,-7.15,-2.00,39.54,腾讯财经
2026-07-21 10:10:01,326.59,333.51,333.71,323.68,53468008,-7.15,-2.00,39.54,腾讯财经
2026-07-21 10:20:04,326.59,333.51,333.71,323.68,53468008,-7.15,-2.00,39.54,腾讯财经
2026-07-21 10:30:02,326.59,333.51,333.71,323.68,53468008,-7.15,-2.00,39.54,腾讯财经
2026-07-21 10:40:04,326.59,333.51,333.71,323.68,53468008,-7.15,-2.00,39.54,腾讯财经
2026-07-21 10:50:00,326.59,333.51,333.71,323.68,53468008,-7.15,-2.00,39.54,腾讯财经
2026-07-21 11:00:00,326.59,333.51,333.71,323.68,53468008,-7.15,-2.00,39.54,腾讯财经
2026-07-21 11:10:00,326.59,333.51,333.71,323.68,53468008,-7.15,-2.00,39.54,腾讯财经
2026-07-21 11:20:00,326.59,333.51,333.71,323.68,53468008,-7.15,-2.00,39.54,腾讯财经
2026-07-21 11:30:00,326.59,333.51,333.71,323.68,53468008,-7.15,-2.00,39.54,腾讯财经
2026-07-21 11:40:00,326.59,333.51,333.71,323.68,53468008,-7.15,-2.00,39.54,腾讯财经
2026-07-21 11:50:04,326.59,333.51,333.71,323.68,53468008,-7.15,-2.00,39.54,腾讯财经
2026-07-21 12:00:04,326.59,333.51,333.71,323.68,53468008,-7.15,-2.00,39.54,腾讯财经
2026-07-21 12:10:00,326.59,333.51,333.71,323.68,53468008,-7.15,-2.00,39.54,腾讯财经
2026-07-21 12:20:00,326.59,333.51,333.71,323.68,53468008,-7.15,-2.00,39.54,腾讯财经
2026-07-21 12:30:03,326.59,333.51,333.71,323.68,53468008,-7.15,-2.00,39.54,腾讯财经
2026-07-21 12:40:04,326.59,333.51,333.71,323.68,53468008,-7.15,-2.00,39.54,腾讯财经
2026-07-21 12:50:00,326.59,333.51,333.71,323.68,53468008,-7.15,-2.00,39.54,腾讯财经
2026-07-21 13:00:00,326.59,333.51,333.71,323.68,53468008,-7.15,-2.00,39.54,腾讯财经
2026-07-21 13:10:04,326.59,333.51,333.71,323.68,53468008,-7.15,-2.00,39.54,腾讯财经
2026-07-21 13:20:01,326.59,333.51,333.71,323.68,53468008,-7.15,-2.00,39.54,腾讯财经
2026-07-21 13:30:05,326.59,333.51,333.71,323.68,53468008,-7.15,-2.00,39.54,腾讯财经
2026-07-21 13:40:01,326.59,333.51,333.71,323.68,53468008,-7.15,-2.00,39.54,腾讯财经
2026-07-21 13:50:00,326.59,333.51,333.71,323.68,53468008,-7.15,-2.00,39.54,腾讯财经
2026-07-21 14:00:01,326.59,333.51,333.71,323.68,53468008,-7.15,-2.00,39.54,腾讯财经
2026-07-21 14:10:05,326.59,333.51,333.71,323.68,53468008,-7.15,-2.00,39.54,腾讯财经
2026-07-21 14:20:00,326.59,333.51,333.71,323.68,53468008,-7.15,-2.00,39.54,腾讯财经
2026-07-21 14:30:01,326.59,333.51,333.71,323.68,53468008,-7.15,-2.00,39.54,腾讯财经
2026-07-21 14:40:00,326.59,333.51,333.71,323.68,53468008,-7.15,-2.00,39.54,腾讯财经
2026-07-21 14:50:00,326.59,333.51,333.71,323.68,53468008,-7.15,-2.00,39.54,腾讯财经
2026-07-21 15:00:03,326.59,333.51,333.71,323.68,53468008,-7.15,-2.00,39.54,腾讯财经
2026-07-21 15:10:05,326.59,333.51,333.71,323.68,53468008,-7.15,-2.00,39.54,腾讯财经
2026-07-21 15:20:01,326.59,333.51,333.71,323.68,53468008,-7.15,-2.00,39.54,腾讯财经
2026-07-21 15:30:03,326.59,333.51,333.71,323.68,53468008,-7.15,-2.00,39.54,腾讯财经
2026-07-21 15:40:02,326.59,333.51,333.71,323.68,53468008,-7.15,-2.00,39.54,腾讯财经
2026-07-21 15:50:00,326.59,333.51,333.71,323.68,53468008,-7.15,-2.00,39.54,腾讯财经
2026-07-21 16:00:00,326.59,333.51,333.71,323.68,53468008,-7.15,-2.00,39.54,腾讯财经
2026-07-21 16:10:00,326.59,333.51,333.71,323.68,53468008,-7.15,-2.00,39.54,腾讯财经
2026-07-21 16:20:00,326.59,333.51,333.71,323.68,53468008,-7.15,-2.00,39.54,腾讯财经
2026-07-21 16:30:00,326.59,333.51,333.71,323.68,53468008,-7.15,-2.00,39.54,腾讯财经
2026-07-21 16:40:00,326.59,333.51,333.71,323.68,53468008,-7.15,-2.00,39.54,腾讯财经
2026-07-21 16:50:04,326.59,333.51,333.71,323.68,53468008,-7.15,-2.00,39.54,腾讯财经
2026-07-21 17:00:00,326.59,333.51,333.71,323.68,53468008,-7.15,-2.00,39.54,腾讯财经
2026-07-21 17:10:04,326.59,333.51,333.71,323.68,53468008,-7.15,-2.00,39.54,腾讯财经
2026-07-21 17:20:01,326.59,333.51,333.71,323.68,53468008,-7.15,-2.00,39.54,腾讯财经
2026-07-21 17:30:01,326.59,333.51,333.71,323.68,53468008,-7.15,-2.00,39.54,腾讯财经
2026-07-21 18:32:23,326.59,333.51,333.71,323.68,53468008,-7.15,-2.00,39.54,腾讯财经
2026-07-21 18:40:04,326.59,333.51,333.71,323.68,53468008,-7.15,-2.00,39.54,腾讯财经
2026-07-21 18:50:04,326.59,333.51,333.71,323.68,53468008,-7.15,-2.00,39.54,腾讯财经
2026-07-21 19:00:00,326.59,333.51,333.71,323.68,53468008,-7.15,-2.00,39.54,腾讯财经
2026-07-21 19:10:00,326.59,333.51,333.71,323.68,53468008,-7.15,-2.00,39.54,腾讯财经
2026-07-21 19:20:02,326.59,333.51,333.71,323.68,53468008,-7.15,-2.00,39.54,腾讯财经
2026-07-21 19:30:04,326.59,333.51,333.71,323.68,53468008,-7.15,-2.00,39.54,腾讯财经
2026-07-21 19:40:04,326.59,333.51,333.71,323.68,53468008,-7.15,-2.00,39.54,腾讯财经
2026-07-21 19:50:00,326.59,333.51,333.71,323.68,53468008,-7.15,-2.00,39.54,腾讯财经
2026-07-21 20:00:00,326.59,333.51,333.71,323.68,53468008,-7.15,-2.00,39.54,腾讯财经
2026-07-21 20:10:04,326.59,333.51,333.71,323.68,53468008,-7.15,-2.00,39.54,腾讯财经
2026-07-21 20:20:03,326.59,333.51,333.71,323.68,53468008,-7.15,-2.00,39.54,腾讯财经
2026-07-21 20:30:01,326.59,333.51,333.71,323.68,53468008,-7.15,-2.00,39.54,腾讯财经
2026-07-21 20:40:00,326.59,333.51,333.71,323.68,53468008,-7.15,-2.00,39.54,腾讯财经
2026-07-21 20:50:00,326.59,333.51,333.71,323.68,53468008,-7.15,-2.00,39.54,腾讯财经
2026-07-21 21:00:00,326.59,333.51,333.71,323.68,53468008,-7.15,-2.00,39.54,腾讯财经
2026-07-21 21:10:04,326.59,333.51,333.71,323.68,53468008,-7.15,-2.00,39.54,腾讯财经
2026-07-21 21:20:00,326.59,333.51,333.71,323.68,53468008,-7.15,-2.00,39.54,腾讯财经
2026-07-21 21:30:03,326.59,0.00,0.00,0.00,510771,0,0,39.54,腾讯财经
2026-07-21 21:40:04,324.82,323.35,325.51,322.38,3696626,-1.77,0,39.32,腾讯财经
2026-07-21 21:50:00,323.06,323.13,325.61,322.38,5244470,-3.53,-1.00,39.11,腾讯财经
2026-07-21 22:00:00,324.46,323.13,325.61,322.22,6522700,-2.13,0,39.28,腾讯财经
2026-07-21 22:10:04,325.44,323.13,325.67,322.22,7830316,-1.15,0,39.40,腾讯财经
2026-07-21 22:20:02,325.98,323.13,326.30,322.22,8860525,-.61,0,39.46,腾讯财经
2026-07-21 22:30:04,326.71,323.13,327.03,322.22,9699075,.12,0,39.55,腾讯财经
2026-07-21 22:40:00,326.68,323.13,327.03,322.22,10238677,.09,0,39.55,腾讯财经
2026-07-21 22:50:04,326.97,323.13,327.46,322.22,10938456,.38,0,39.58,腾讯财经
2026-07-21 23:00:00,327.15,323.13,327.46,322.22,11410828,.56,0,39.61,腾讯财经
2026-07-21 23:10:00,326.46,323.13,327.46,322.22,11941106,-.13,0,39.52,腾讯财经
2026-07-21 23:20:00,327.44,323.13,327.98,322.22,12921345,.85,0,39.64,腾讯财经
2026-07-21 23:30:00,328.37,323.13,328.45,322.22,13688009,1.78,0,39.75,腾讯财经
2026-07-21 23:40:00,327.93,323.13,328.58,322.22,14326875,1.34,0,39.70,腾讯财经
2026-07-21 23:50:00,328.85,323.13,328.98,322.22,14962067,2.26,0,39.81,腾讯财经
2026-07-22 00:00:01,328.76,323.13,328.98,322.22,15380999,2.17,0,39.80,腾讯财经
2026-07-22 00:10:00,329.15,323.13,329.15,322.22,15943160,2.56,0,39.85,腾讯财经
2026-07-22 00:20:02,329.24,323.13,329.60,322.22,16613253,2.65,0,39.86,腾讯财经
2026-07-22 00:30:04,328.62,323.13,329.60,322.22,17219944,2.03,0,39.78,腾讯财经
2026-07-22 00:40:00,328.30,323.13,329.60,322.22,17770155,1.71,0,39.75,腾讯财经
2026-07-22 00:50:00,327.75,323.13,329.60,322.22,18388717,1.16,0,39.68,腾讯财经
2026-07-22 01:00:00,328.42,323.13,329.60,322.22,19082975,1.83,0,39.76,腾讯财经
2026-07-22 01:10:02,328.71,323.13,329.60,322.22,19804354,2.12,0,39.80,腾讯财经
2026-07-22 01:20:00,328.05,323.13,329.60,322.22,20446706,1.46,0,39.72,腾讯财经
2026-07-22 01:30:01,327.04,323.13,329.60,322.22,21045628,.45,0,39.59,腾讯财经
2026-07-22 01:40:00,327.08,323.13,329.60,322.22,22472028,.49,0,39.60,腾讯财经
2026-07-22 01:50:01,327.16,323.13,329.60,322.22,22879284,.57,0,39.61,腾讯财经
2026-07-22 02:00:00,327.74,323.13,329.60,322.22,23341205,1.15,0,39.68,腾讯财经
2026-07-22 02:10:00,327.27,323.13,329.60,322.22,23745397,.68,0,39.62,腾讯财经
2026-07-22 02:20:00,327.59,323.13,329.60,322.22,24103749,1.00,0,39.66,腾讯财经
2026-07-22 02:30:00,327.21,323.13,329.60,322.22,24651462,.62,0,39.61,腾讯财经
2026-07-22 02:40:04,327.75,323.13,329.60,322.22,25065864,1.16,0,39.68,腾讯财经
2026-07-22 02:50:00,328.10,323.13,329.60,322.22,25592998,1.51,0,39.72,腾讯财经
2026-07-22 03:00:00,328.18,323.13,329.60,322.22,25977596,1.59,0,39.73,腾讯财经
2026-07-22 03:10:00,328.22,323.13,329.60,322.22,26339894,1.63,0,39.74,腾讯财经
2026-07-22 03:20:00,327.98,323.13,329.60,322.22,27077998,1.39,0,39.71,腾讯财经
2026-07-22 03:30:02,327.91,323.13,329.60,322.22,27637209,1.32,0,39.70,腾讯财经
2026-07-22 03:40:00,327.80,323.13,329.60,322.22,28335291,1.21,0,39.68,腾讯财经
2026-07-22 03:50:00,327.76,323.13,329.60,322.22,29058255,1.17,0,39.68,腾讯财经
2026-07-22 04:00:00,327.74,323.13,329.60,322.22,30962430,1.15,0,39.68,腾讯财经
2026-07-22 04:10:05,327.74,323.13,329.60,322.22,40608099,1.15,0,39.68,腾讯财经
2026-07-22 04:20:00,327.74,323.13,329.60,322.22,40942076,1.15,0,39.68,腾讯财经
2026-07-22 04:30:00,327.74,323.13,329.60,322.22,41121129,1.15,0,39.68,腾讯财经
2026-07-22 04:40:00,327.74,323.13,329.60,322.22,41127646,1.15,0,39.68,腾讯财经
2026-07-22 04:50:04,327.74,323.13,329.60,322.22,41148886,1.15,0,39.68,腾讯财经
2026-07-22 05:00:00,327.74,323.13,329.60,322.22,41172224,1.15,0,39.68,腾讯财经
2026-07-22 05:10:01,327.74,323.13,329.60,322.22,41180953,1.15,0,39.68,腾讯财经
2026-07-22 05:20:00,327.74,323.13,329.60,322.22,41187459,1.15,0,39.68,腾讯财经
2026-07-22 05:30:04,327.74,323.13,329.60,322.22,41195454,1.15,0,39.68,腾讯财经
2026-07-22 05:40:03,327.74,323.13,329.60,322.22,41232364,1.15,0,39.68,腾讯财经
2026-07-22 05:50:00,327.74,323.13,329.60,322.22,41240106,1.15,0,39.68,腾讯财经
2026-07-22 06:00:00,327.74,323.13,329.60,322.22,41245552,1.15,0,39.68,腾讯财经
2026-07-22 06:10:04,327.74,323.13,329.60,322.22,41252656,1.15,0,39.68,腾讯财经
2026-07-22 06:20:01,327.74,323.13,329.60,322.22,41259938,1.15,0,39.68,腾讯财经
2026-07-22 06:30:02,327.74,323.13,329.60,322.22,41272045,1.15,0,39.68,腾讯财经
2026-07-22 06:40:00,327.74,323.13,329.60,322.22,41284360,1.15,0,39.68,腾讯财经
2026-07-22 06:50:00,327.74,323.13,329.60,322.22,41295036,1.15,0,39.68,腾讯财经
2026-07-22 07:00:00,327.74,323.13,329.60,322.22,41299084,1.15,0,39.68,腾讯财经
2026-07-22 07:10:03,327.74,323.13,329.60,322.22,41304096,1.15,0,39.68,腾讯财经
2026-07-22 07:20:05,327.74,323.13,329.60,322.22,41308835,1.15,0,39.68,腾讯财经
2026-07-22 07:30:01,327.74,323.13,329.60,322.22,41313651,1.15,0,39.68,腾讯财经
2026-07-22 07:40:04,327.74,323.13,329.60,322.22,41322995,1.15,0,39.68,腾讯财经
2026-07-22 07:50:01,327.74,323.13,329.60,322.22,41329260,1.15,0,39.68,腾讯财经
2026-07-22 08:44:25,327.74,323.13,329.60,322.22,41338917,1.15,0,39.68,腾讯财经
2026-07-22 08:50:05,327.74,323.13,329.60,322.22,41338917,1.15,0,39.68,腾讯财经
2026-07-22 09:00:03,327.74,323.13,329.60,322.22,41338917,1.15,0,39.68,腾讯财经
2026-07-22 09:10:01,327.74,323.13,329.60,322.22,41338917,1.15,0,39.68,腾讯财经
2026-07-22 09:20:00,327.74,323.13,329.60,322.22,41338917,1.15,0,39.68,腾讯财经
2026-07-22 09:30:00,327.74,323.13,329.60,322.22,41338917,1.15,0,39.68,腾讯财经
2026-07-22 09:40:03,327.74,323.13,329.60,322.22,41338917,1.15,0,39.68,腾讯财经
2026-07-22 09:50:00,327.74,323.13,329.60,322.22,41338917,1.15,0,39.68,腾讯财经
2026-07-22 10:00:00,327.74,323.13,329.60,322.22,41338917,1.15,0,39.68,腾讯财经
2026-07-22 10:10:03,327.74,323.13,329.60,322.22,41338917,1.15,0,39.68,腾讯财经
2026-07-22 10:20:05,327.74,323.13,329.60,322.22,41338917,1.15,0,39.68,腾讯财经
2026-07-22 10:30:00,327.74,323.13,329.60,322.22,41338917,1.15,0,39.68,腾讯财经
2026-07-22 10:40:02,327.74,323.13,329.60,322.22,41338917,1.15,0,39.68,腾讯财经
2026-07-22 10:50:02,327.74,323.13,329.60,322.22,41338917,1.15,0,39.68,腾讯财经
2026-07-22 11:00:00,327.74,323.13,329.60,322.22,41338917,1.15,0,39.68,腾讯财经
2026-07-22 11:10:05,327.74,323.13,329.60,322.22,41338917,1.15,0,39.68,腾讯财经
2026-07-22 11:20:05,327.74,323.13,329.60,322.22,41338917,1.15,0,39.68,腾讯财经
2026-07-22 11:30:04,327.74,323.13,329.60,322.22,41338917,1.15,0,39.68,腾讯财经
2026-07-22 11:40:04,327.74,323.13,329.60,322.22,41338917,1.15,0,39.68,腾讯财经
2026-07-22 11:50:04,327.74,323.13,329.60,322.22,41338917,1.15,0,39.68,腾讯财经
2026-07-22 12:00:05,327.74,323.13,329.60,322.22,41338917,1.15,0,39.68,腾讯财经
2026-07-22 12:10:05,327.74,323.13,329.60,322.22,41338917,1.15,0,39.68,腾讯财经
2026-07-22 12:20:04,327.74,323.13,329.60,322.22,41338917,1.15,0,39.68,腾讯财经
2026-07-22 12:30:05,327.74,323.13,329.60,322.22,41338917,1.15,0,39.68,腾讯财经
2026-07-22 12:40:04,327.74,323.13,329.60,322.22,41338917,1.15,0,39.68,腾讯财经
2026-07-22 12:50:05,327.74,323.13,329.60,322.22,41338917,1.15,0,39.68,腾讯财经
2026-07-22 13:00:05,327.74,323.13,329.60,322.22,41338917,1.15,0,39.68,腾讯财经
2026-07-22 13:10:04,327.74,323.13,329.60,322.22,41338917,1.15,0,39.68,腾讯财经
2026-07-22 13:20:04,327.74,323.13,329.60,322.22,41338917,1.15,0,39.68,腾讯财经
2026-07-22 13:30:04,327.74,323.13,329.60,322.22,41338917,1.15,0,39.68,腾讯财经
2026-07-22 13:40:05,327.74,323.13,329.60,322.22,41338917,1.15,0,39.68,腾讯财经
2026-07-22 13:50:04,327.74,323.13,329.60,322.22,41338917,1.15,0,39.68,腾讯财经
2026-07-22 14:00:04,327.74,323.13,329.60,322.22,41338917,1.15,0,39.68,腾讯财经
2026-07-22 14:10:04,327.74,323.13,329.60,322.22,41338917,1.15,0,39.68,腾讯财经
2026-07-22 14:20:04,327.74,323.13,329.60,322.22,41338917,1.15,0,39.68,腾讯财经
2026-07-22 14:30:04,327.74,323.13,329.60,322.22,41338917,1.15,0,39.68,腾讯财经
2026-07-22 14:40:04,327.74,323.13,329.60,322.22,41338917,1.15,0,39.68,腾讯财经
2026-07-22 14:50:05,327.74,323.13,329.60,322.22,41338917,1.15,0,39.68,腾讯财经
2026-07-22 15:00:05,327.74,323.13,329.60,322.22,41338917,1.15,0,39.68,腾讯财经
2026-07-22 15:10:05,327.74,323.13,329.60,322.22,41338917,1.15,0,39.68,腾讯财经
2026-07-22 15:20:05,327.74,323.13,329.60,322.22,41338917,1.15,0,39.68,腾讯财经
2026-07-22 15:30:04,327.74,323.13,329.60,322.22,41338917,1.15,0,39.68,腾讯财经
2026-07-22 15:40:04,327.74,323.13,329.60,322.22,41338917,1.15,0,39.68,腾讯财经
2026-07-22 15:50:04,327.74,323.13,329.60,322.22,41338917,1.15,0,39.68,腾讯财经
2026-07-22 16:00:04,327.74,323.13,329.60,322.22,41338917,1.15,0,39.68,腾讯财经
2026-07-22 16:10:04,327.74,323.13,329.60,322.22,41338917,1.15,0,39.68,腾讯财经
2026-07-22 16:20:04,327.74,323.13,329.60,322.22,41338917,1.15,0,39.68,腾讯财经
2026-07-22 16:30:04,327.74,323.13,329.60,322.22,41338917,1.15,0,39.68,腾讯财经
2026-07-22 16:40:04,327.74,323.13,329.60,322.22,41338917,1.15,0,39.68,腾讯财经
2026-07-22 16:50:04,327.74,323.13,329.60,322.22,41338917,1.15,0,39.68,腾讯财经
2026-07-22 17:00:01,327.74,323.13,329.60,322.22,41338917,1.15,0,39.68,腾讯财经
2026-07-22 17:10:00,327.74,323.13,329.60,322.22,41338917,1.15,0,39.68,腾讯财经
2026-07-22 17:20:05,327.74,323.13,329.60,322.22,41338917,1.15,0,39.68,腾讯财经
2026-07-22 17:30:00,327.74,323.13,329.60,322.22,41338917,1.15,0,39.68,腾讯财经
2026-07-22 18:42:40,327.74,323.13,329.60,322.22,41338917,1.15,0,39.68,腾讯财经
2026-07-22 18:50:04,327.74,323.13,329.60,322.22,41338917,1.15,0,39.68,腾讯财经
2026-07-22 19:00:00,327.74,323.13,329.60,322.22,41338917,1.15,0,39.68,腾讯财经
2026-07-22 19:10:01,327.74,323.13,329.60,322.22,41338917,1.15,0,39.68,腾讯财经
2026-07-22 19:20:01,327.74,323.13,329.60,322.22,41338917,1.15,0,39.68,腾讯财经
2026-07-22 19:30:00,327.74,323.13,329.60,322.22,41338917,1.15,0,39.68,腾讯财经
2026-07-22 19:40:02,327.74,323.13,329.60,322.22,41338917,1.15,0,39.68,腾讯财经
2026-07-22 19:50:02,327.74,323.13,329.60,322.22,41338917,1.15,0,39.68,腾讯财经
2026-07-22 20:00:03,327.74,323.13,329.60,322.22,41338917,1.15,0,39.68,腾讯财经
2026-07-22 20:10:01,327.74,323.13,329.60,322.22,41338917,1.15,0,39.68,腾讯财经
2026-07-22 20:20:03,327.74,323.13,329.60,322.22,41338917,1.15,0,39.68,腾讯财经
2026-07-22 20:30:00,327.74,323.13,329.60,322.22,41338917,1.15,0,39.68,腾讯财经
2026-07-22 20:40:00,327.74,323.13,329.60,322.22,41338917,1.15,0,39.68,腾讯财经
2026-07-22 20:50:00,327.74,323.13,329.60,322.22,41338917,1.15,0,39.68,腾讯财经
2026-07-22 21:00:00,327.74,323.13,329.60,322.22,41338917,1.15,0,39.68,腾讯财经
2026-07-22 21:10:00,327.74,323.13,329.60,322.22,41338917,1.15,0,39.68,腾讯财经
2026-07-22 21:20:03,327.74,323.13,329.60,322.22,41338917,1.15,0,39.68,腾讯财经
2026-07-22 21:30:03,327.74,0.00,0.00,0.00,344849,0,0,39.68,腾讯财经
2026-07-22 21:40:03,327.41,327.88,329.00,325.69,2248552,-.33,0,39.64,腾讯财经
2026-07-22 21:50:00,326.78,327.87,329.00,325.69,3135390,-.96,0,39.56,腾讯财经
2026-07-22 22:00:03,325.94,327.87,329.00,325.69,4048243,-1.80,0,39.46,腾讯财经
2026-07-22 22:10:00,325.33,327.87,329.00,325.23,4733161,-2.41,0,39.39,腾讯财经
2026-07-22 22:20:00,324.93,327.87,329.00,324.88,5986158,-2.81,0,39.34,腾讯财经
2026-07-22 22:30:00,324.45,327.87,329.00,324.33,6545772,-3.29,-1.00,39.28,腾讯财经
2026-07-22 22:40:02,324.97,327.87,329.00,324.07,7347560,-2.77,0,39.34,腾讯财经
2026-07-22 22:50:03,324.90,327.87,329.00,324.07,7914817,-2.84,0,39.33,腾讯财经
2026-07-22 23:00:01,325.46,327.87,329.00,324.07,8637514,-2.28,0,39.40,腾讯财经
2026-07-22 23:10:00,324.64,327.87,329.00,324.07,9179540,-3.10,0,39.30,腾讯财经
2026-07-22 23:20:01,324.39,327.87,329.00,324.07,9663109,-3.35,-1.00,39.27,腾讯财经
2026-07-22 23:30:00,325.69,327.87,329.00,324.07,10242358,-2.05,0,39.43,腾讯财经
2026-07-22 23:40:00,325.31,327.87,329.00,324.07,11428208,-2.43,0,39.38,腾讯财经
2026-07-22 23:50:00,325.23,327.87,329.00,324.07,11905965,-2.51,0,39.37,腾讯财经
2026-07-23 00:00:00,325.06,327.87,329.00,324.07,12268544,-2.68,0,39.35,腾讯财经
2026-07-23 00:10:00,324.64,327.87,329.00,324.07,12830116,-3.10,0,39.30,腾讯财经
2026-07-23 00:20:00,324.93,327.87,329.00,324.07,13182005,-2.81,0,39.34,腾讯财经
2026-07-23 00:30:04,324.87,327.87,329.00,324.07,14341384,-2.87,0,39.33,腾讯财经
2026-07-23 00:40:00,324.01,327.87,329.00,323.81,15024868,-3.73,-1.00,39.23,腾讯财经
2026-07-23 00:50:00,324.40,327.87,329.00,323.81,15437630,-3.34,-1.00,39.27,腾讯财经
2026-07-23 01:00:04,324.21,327.87,329.00,323.81,15907903,-3.53,-1.00,39.25,腾讯财经
2026-07-23 01:10:00,323.95,327.87,329.00,323.81,16542292,-3.79,-1.00,39.22,腾讯财经
2026-07-23 01:20:00,323.85,327.87,329.00,323.59,16953161,-3.89,-1.00,39.21,腾讯财经
2026-07-23 01:30:00,323.69,327.87,329.00,323.34,17325183,-4.05,-1.00,39.19,腾讯财经
2026-07-23 01:40:05,323.76,327.87,329.00,323.34,17637146,-3.98,-1.00,39.20,腾讯财经
2026-07-23 01:50:01,323.81,327.87,329.00,323.34,17872959,-3.93,-1.00,39.20,腾讯财经
2026-07-23 02:00:05,323.94,327.87,329.00,323.34,18125000,-3.80,-1.00,39.22,腾讯财经
2026-07-23 02:10:00,323.89,327.87,329.00,323.34,18440370,-3.85,-1.00,39.21,腾讯财经
2026-07-23 02:20:03,323.86,327.87,329.00,323.34,18755276,-3.88,-1.00,39.21,腾讯财经
2026-07-23 02:30:05,323.93,327.87,329.00,323.34,18985013,-3.81,-1.00,39.22,腾讯财经
2026-07-23 02:40:00,324.31,327.87,329.00,323.34,19446071,-3.43,-1.00,39.26,腾讯财经
2026-07-23 02:50:00,324.67,327.87,329.00,323.34,19821389,-3.07,0,39.31,腾讯财经
2026-07-23 03:00:00,324.27,327.87,329.00,323.34,20251166,-3.47,-1.00,39.26,腾讯财经
2026-07-23 03:10:03,324.45,327.87,329.00,323.34,20681687,-3.29,-1.00,39.28,腾讯财经
2026-07-23 03:20:00,324.34,327.87,329.00,323.34,21096527,-3.40,-1.00,39.27,腾讯财经
2026-07-23 03:30:00,324.39,327.87,329.00,323.34,21506459,-3.35,-1.00,39.27,腾讯财经
2026-07-23 03:40:02,324.37,327.87,329.00,323.34,21989476,-3.37,-1.00,39.27,腾讯财经
2026-07-23 03:50:03,325.75,327.87,329.00,323.34,23464654,-1.99,0,39.44,腾讯财经
2026-07-23 04:00:00,326.42,327.87,329.00,323.34,26777309,-1.32,0,39.52,腾讯财经
2026-07-23 04:10:04,325.89,327.87,329.00,323.34,38519676,-1.85,0,39.45,腾讯财经
2026-07-23 04:20:00,325.89,327.87,329.00,323.34,38557732,-1.85,0,39.45,腾讯财经
2026-07-23 04:30:00,325.89,327.87,329.00,323.34,38568442,-1.85,0,39.45,腾讯财经
2026-07-23 04:40:05,325.89,327.87,329.00,323.34,38585688,-1.85,0,39.45,腾讯财经
2026-07-23 04:50:00,325.89,327.87,329.00,323.34,38591191,-1.85,0,39.45,腾讯财经
2026-07-23 05:00:02,325.89,327.87,329.00,323.34,38603904,-1.85,0,39.45,腾讯财经
2026-07-23 05:10:00,325.89,327.87,329.00,323.34,38614859,-1.85,0,39.45,腾讯财经
2026-07-23 05:20:00,325.89,327.87,329.00,323.34,38652252,-1.85,0,39.45,腾讯财经
2026-07-23 05:30:03,325.89,327.87,329.00,323.34,38660958,-1.85,0,39.45,腾讯财经
2026-07-23 05:40:00,325.89,327.87,329.00,323.34,38666376,-1.85,0,39.45,腾讯财经
2026-07-23 05:50:00,325.89,327.87,329.00,323.34,38677713,-1.85,0,39.45,腾讯财经
2026-07-23 06:00:04,325.89,327.87,329.00,323.34,38688123,-1.85,0,39.45,腾讯财经
2026-07-23 06:10:00,325.89,327.87,329.00,323.34,38698481,-1.85,0,39.45,腾讯财经
2026-07-23 06:20:00,325.89,327.87,329.00,323.34,38707937,-1.85,0,39.45,腾讯财经
2026-07-23 06:30:00,325.89,327.87,329.00,323.34,38720748,-1.85,0,39.45,腾讯财经
2026-07-23 06:40:00,325.89,327.87,329.00,323.34,38723769,-1.85,0,39.45,腾讯财经
2026-07-23 06:50:04,325.89,327.87,329.00,323.34,38732177,-1.85,0,39.45,腾讯财经
2026-07-23 07:00:00,325.89,327.87,329.00,323.34,38735915,-1.85,0,39.45,腾讯财经
2026-07-23 07:10:03,325.89,327.87,329.00,323.34,38739501,-1.85,0,39.45,腾讯财经
2026-07-23 07:20:00,325.89,327.87,329.00,323.34,38743453,-1.85,0,39.45,腾讯财经
2026-07-23 07:30:00,325.89,327.87,329.00,323.34,38747024,-1.85,0,39.45,腾讯财经
2026-07-23 08:50:05,325.89,327.87,329.00,323.34,38755929,-1.85,0,39.45,腾讯财经
2026-07-23 09:00:00,325.89,327.87,329.00,323.34,38755929,-1.85,0,39.45,腾讯财经
2026-07-23 09:10:04,325.89,327.87,329.00,323.34,38755929,-1.85,0,39.45,腾讯财经
2026-07-23 09:20:00,325.89,327.87,329.00,323.34,38755929,-1.85,0,39.45,腾讯财经
2026-07-23 09:30:04,325.89,327.87,329.00,323.34,38755929,-1.85,0,39.45,腾讯财经
2026-07-23 09:40:05,325.89,327.87,329.00,323.34,38755929,-1.85,0,39.45,腾讯财经
2026-07-23 09:50:04,325.89,327.87,329.00,323.34,38755929,-1.85,0,39.45,腾讯财经
2026-07-23 10:00:01,325.89,327.87,329.00,323.34,38755929,-1.85,0,39.45,腾讯财经
2026-07-23 10:10:04,325.89,327.87,329.00,323.34,38755929,-1.85,0,39.45,腾讯财经
2026-07-23 10:20:04,325.89,327.87,329.00,323.34,38755929,-1.85,0,39.45,腾讯财经
2026-07-23 10:30:01,325.89,327.87,329.00,323.34,38755929,-1.85,0,39.45,腾讯财经
2026-07-23 10:40:04,325.89,327.87,329.00,323.34,38755929,-1.85,0,39.45,腾讯财经
2026-07-23 10:50:00,325.89,327.87,329.00,323.34,38755929,-1.85,0,39.45,腾讯财经
2026-07-23 11:00:01,325.89,327.87,329.00,323.34,38755929,-1.85,0,39.45,腾讯财经
2026-07-23 11:10:03,325.89,327.87,329.00,323.34,38755929,-1.85,0,39.45,腾讯财经
2026-07-23 11:20:01,325.89,327.87,329.00,323.34,38755929,-1.85,0,39.45,腾讯财经
2026-07-23 11:30:01,325.89,327.87,329.00,323.34,38755929,-1.85,0,39.45,腾讯财经
2026-07-23 11:40:04,325.89,327.87,329.00,323.34,38755929,-1.85,0,39.45,腾讯财经
2026-07-23 11:50:00,325.89,327.87,329.00,323.34,38755929,-1.85,0,39.45,腾讯财经
2026-07-23 12:00:04,325.89,327.87,329.00,323.34,38755929,-1.85,0,39.45,腾讯财经
2026-07-23 12:10:05,325.89,327.87,329.00,323.34,38755929,-1.85,0,39.45,腾讯财经
2026-07-23 12:20:03,325.89,327.87,329.00,323.34,38755929,-1.85,0,39.45,腾讯财经
2026-07-23 12:30:02,325.89,327.87,329.00,323.34,38755929,-1.85,0,39.45,腾讯财经
2026-07-23 12:40:05,325.89,327.87,329.00,323.34,38755929,-1.85,0,39.45,腾讯财经
2026-07-23 12:50:00,325.89,327.87,329.00,323.34,38755929,-1.85,0,39.45,腾讯财经
2026-07-23 13:00:02,325.89,327.87,329.00,323.34,38755929,-1.85,0,39.45,腾讯财经
2026-07-23 13:10:04,325.89,327.87,329.00,323.34,38755929,-1.85,0,39.45,腾讯财经
2026-07-23 13:20:02,325.89,327.87,329.00,323.34,38755929,-1.85,0,39.45,腾讯财经
2026-07-23 13:30:05,325.89,327.87,329.00,323.34,38755929,-1.85,0,39.45,腾讯财经
2026-07-23 13:40:05,325.89,327.87,329.00,323.34,38755929,-1.85,0,39.45,腾讯财经
2026-07-23 13:50:04,325.89,327.87,329.00,323.34,38755929,-1.85,0,39.45,腾讯财经
2026-07-23 14:00:00,325.89,327.87,329.00,323.34,38755929,-1.85,0,39.45,腾讯财经
2026-07-23 14:10:05,325.89,327.87,329.00,323.34,38755929,-1.85,0,39.45,腾讯财经
2026-07-23 14:20:01,325.89,327.87,329.00,323.34,38755929,-1.85,0,39.45,腾讯财经
2026-07-23 14:30:00,325.89,327.87,329.00,323.34,38755929,-1.85,0,39.45,腾讯财经
2026-07-23 14:40:04,325.89,327.87,329.00,323.34,38755929,-1.85,0,39.45,腾讯财经
2026-07-23 14:50:00,325.89,327.87,329.00,323.34,38755929,-1.85,0,39.45,腾讯财经
2026-07-23 15:00:01,325.89,327.87,329.00,323.34,38755929,-1.85,0,39.45,腾讯财经
2026-07-23 15:10:00,325.89,327.87,329.00,323.34,38755929,-1.85,0,39.45,腾讯财经
2026-07-23 15:20:00,325.89,327.87,329.00,323.34,38755929,-1.85,0,39.45,腾讯财经
2026-07-23 15:30:04,325.89,327.87,329.00,323.34,38755929,-1.85,0,39.45,腾讯财经
2026-07-23 15:40:05,325.89,327.87,329.00,323.34,38755929,-1.85,0,39.45,腾讯财经
2026-07-23 15:50:05,325.89,327.87,329.00,323.34,38755929,-1.85,0,39.45,腾讯财经
2026-07-23 16:00:03,325.89,327.87,329.00,323.34,38755929,-1.85,0,39.45,腾讯财经
2026-07-23 16:10:03,325.89,327.87,329.00,323.34,38755929,-1.85,0,39.45,腾讯财经
2026-07-23 16:20:00,325.89,327.87,329.00,323.34,38755929,-1.85,0,39.45,腾讯财经
2026-07-23 16:30:00,325.89,327.87,329.00,323.34,38755929,-1.85,0,39.45,腾讯财经
2026-07-23 16:40:04,325.89,327.87,329.00,323.34,38755929,-1.85,0,39.45,腾讯财经
2026-07-23 16:50:00,325.89,327.87,329.00,323.34,38755929,-1.85,0,39.45,腾讯财经
2026-07-23 17:00:00,325.89,327.87,329.00,323.34,38755929,-1.85,0,39.45,腾讯财经
2026-07-23 17:10:01,325.89,327.87,329.00,323.34,38755929,-1.85,0,39.45,腾讯财经
2026-07-23 17:20:03,325.89,327.87,329.00,323.34,38755929,-1.85,0,39.45,腾讯财经
2026-07-23 17:30:01,325.89,327.87,329.00,323.34,38755929,-1.85,0,39.45,腾讯财经
2026-07-23 17:40:05,325.89,327.87,329.00,323.34,38755929,-1.85,0,39.45,腾讯财经
2026-07-23 18:12:05,325.89,327.87,329.00,323.34,38755929,-1.85,0,39.45,腾讯财经
2026-07-23 18:20:00,325.89,327.87,329.00,323.34,38755929,-1.85,0,39.45,腾讯财经
2026-07-23 18:30:00,325.89,327.87,329.00,323.34,38755929,-1.85,0,39.45,腾讯财经
2026-07-23 18:40:00,325.89,327.87,329.00,323.34,38755929,-1.85,0,39.45,腾讯财经
2026-07-23 18:50:05,325.89,327.87,329.00,323.34,38755929,-1.85,0,39.45,腾讯财经
2026-07-23 19:00:00,325.89,327.87,329.00,323.34,38755929,-1.85,0,39.45,腾讯财经
2026-07-23 19:10:03,325.89,327.87,329.00,323.34,38755929,-1.85,0,39.45,腾讯财经
2026-07-23 19:20:05,325.89,327.87,329.00,323.34,38755929,-1.85,0,39.45,腾讯财经
2026-07-23 19:30:02,325.89,327.87,329.00,323.34,38755929,-1.85,0,39.45,腾讯财经
2026-07-23 19:40:04,325.89,327.87,329.00,323.34,38755929,-1.85,0,39.45,腾讯财经
2026-07-23 19:50:00,325.89,327.87,329.00,323.34,38755929,-1.85,0,39.45,腾讯财经
2026-07-23 20:00:04,325.89,327.87,329.00,323.34,38755929,-1.85,0,39.45,腾讯财经
2026-07-23 20:10:00,325.89,327.87,329.00,323.34,38755929,-1.85,0,39.45,腾讯财经
2026-07-23 20:20:04,325.89,327.87,329.00,323.34,38755929,-1.85,0,39.45,腾讯财经
2026-07-23 20:30:04,325.89,327.87,329.00,323.34,38755929,-1.85,0,39.45,腾讯财经
2026-07-23 20:40:05,325.89,327.87,329.00,323.34,38755929,-1.85,0,39.45,腾讯财经
2026-07-23 20:50:00,325.89,327.87,329.00,323.34,38755929,-1.85,0,39.45,腾讯财经
2026-07-23 21:00:01,325.89,327.87,329.00,323.34,38755929,-1.85,0,39.45,腾讯财经
2026-07-23 21:10:03,325.89,327.87,329.00,323.34,38755929,-1.85,0,39.45,腾讯财经
2026-07-23 21:20:00,325.89,327.87,329.00,323.34,38755929,-1.85,0,39.45,腾讯财经
2026-07-24 08:40:05,321.66,321.73,323.30,319.35,40840778,-4.23,-1.00,38.94,腾讯财经
2026-07-24 08:50:05,321.66,321.73,323.30,319.35,40840778,-4.23,-1.00,38.94,腾讯财经
2026-07-24 09:00:01,321.66,321.73,323.30,319.35,40840778,-4.23,-1.00,38.94,腾讯财经
2026-07-24 09:10:05,321.66,321.73,323.30,319.35,40840778,-4.23,-1.00,38.94,腾讯财经
2026-07-24 09:20:01,321.66,321.73,323.30,319.35,40840778,-4.23,-1.00,38.94,腾讯财经
2026-07-24 09:30:04,321.66,321.73,323.30,319.35,40840778,-4.23,-1.00,38.94,腾讯财经
2026-07-24 09:40:00,321.66,321.73,323.30,319.35,40840778,-4.23,-1.00,38.94,腾讯财经
2026-07-24 09:50:00,321.66,321.73,323.30,319.35,40840778,-4.23,-1.00,38.94,腾讯财经
2026-07-24 10:00:04,321.66,321.73,323.30,319.35,40840778,-4.23,-1.00,38.94,腾讯财经
2026-07-24 10:10:05,321.66,321.73,323.30,319.35,40840778,-4.23,-1.00,38.94,腾讯财经
2026-07-24 10:20:02,321.66,321.73,323.30,319.35,40840778,-4.23,-1.00,38.94,腾讯财经
2026-07-24 10:30:00,321.66,321.73,323.30,319.35,40840778,-4.23,-1.00,38.94,腾讯财经
2026-07-24 10:40:04,321.66,321.73,323.30,319.35,40840778,-4.23,-1.00,38.94,腾讯财经
2026-07-24 10:50:02,321.66,321.73,323.30,319.35,40840778,-4.23,-1.00,38.94,腾讯财经
2026-07-24 11:00:02,321.66,321.73,323.30,319.35,40840778,-4.23,-1.00,38.94,腾讯财经
2026-07-24 11:10:05,321.66,321.73,323.30,319.35,40840778,-4.23,-1.00,38.94,腾讯财经
2026-07-24 11:20:03,321.66,321.73,323.30,319.35,40840778,-4.23,-1.00,38.94,腾讯财经
2026-07-24 11:30:05,321.66,321.73,323.30,319.35,40840778,-4.23,-1.00,38.94,腾讯财经
2026-07-24 11:40:05,321.66,321.73,323.30,319.35,40840778,-4.23,-1.00,38.94,腾讯财经
2026-07-24 11:50:04,321.66,321.73,323.30,319.35,40840778,-4.23,-1.00,38.94,腾讯财经
2026-07-24 12:00:00,321.66,321.73,323.30,319.35,40840778,-4.23,-1.00,38.94,腾讯财经
2026-07-24 12:10:03,321.66,321.73,323.30,319.35,40840778,-4.23,-1.00,38.94,腾讯财经
2026-07-24 12:20:01,321.66,321.73,323.30,319.35,40840778,-4.23,-1.00,38.94,腾讯财经
2026-07-24 12:30:02,321.66,321.73,323.30,319.35,40840778,-4.23,-1.00,38.94,腾讯财经
2026-07-24 12:40:05,321.66,321.73,323.30,319.35,40840778,-4.23,-1.00,38.94,腾讯财经
2026-07-24 12:50:00,321.66,321.73,323.30,319.35,40840778,-4.23,-1.00,38.94,腾讯财经
2026-07-24 13:00:05,321.66,321.73,323.30,319.35,40840778,-4.23,-1.00,38.94,腾讯财经
2026-07-24 13:10:05,321.66,321.73,323.30,319.35,40840778,-4.23,-1.00,38.94,腾讯财经
2026-07-24 13:20:00,321.66,321.73,323.30,319.35,40840778,-4.23,-1.00,38.94,腾讯财经
2026-07-24 13:30:01,321.66,321.73,323.30,319.35,40840778,-4.23,-1.00,38.94,腾讯财经
2026-07-24 13:40:00,321.66,321.73,323.30,319.35,40840778,-4.23,-1.00,38.94,腾讯财经
2026-07-24 13:50:03,321.66,321.73,323.30,319.35,40840778,-4.23,-1.00,38.94,腾讯财经
2026-07-24 14:00:04,321.66,321.73,323.30,319.35,40840778,-4.23,-1.00,38.94,腾讯财经
2026-07-24 14:10:02,321.66,321.73,323.30,319.35,40840778,-4.23,-1.00,38.94,腾讯财经
2026-07-24 14:20:03,321.66,321.73,323.30,319.35,40840778,-4.23,-1.00,38.94,腾讯财经
2026-07-24 14:30:05,321.66,321.73,323.30,319.35,40840778,-4.23,-1.00,38.94,腾讯财经
2026-07-24 14:40:05,321.66,321.73,323.30,319.35,40840778,-4.23,-1.00,38.94,腾讯财经
2026-07-24 14:50:03,321.66,321.73,323.30,319.35,40840778,-4.23,-1.00,38.94,腾讯财经
2026-07-24 15:00:04,321.66,321.73,323.30,319.35,40840778,-4.23,-1.00,38.94,腾讯财经
2026-07-24 15:10:05,321.66,321.73,323.30,319.35,40840778,-4.23,-1.00,38.94,腾讯财经
2026-07-24 15:20:05,321.66,321.73,323.30,319.35,40840778,-4.23,-1.00,38.94,腾讯财经
2026-07-24 15:30:05,321.66,321.73,323.30,319.35,40840778,-4.23,-1.00,38.94,腾讯财经
2026-07-24 15:40:02,321.66,321.73,323.30,319.35,40840778,-4.23,-1.00,38.94,腾讯财经
2026-07-24 15:50:05,321.66,321.73,323.30,319.35,40840778,-4.23,-1.00,38.94,腾讯财经
2026-07-24 16:00:03,321.66,321.73,323.30,319.35,40840778,-4.23,-1.00,38.94,腾讯财经
2026-07-24 16:10:00,321.66,321.73,323.30,319.35,40840778,-4.23,-1.00,38.94,腾讯财经
2026-07-24 16:20:01,321.66,321.73,323.30,319.35,40840778,-4.23,-1.00,38.94,腾讯财经
2026-07-24 16:30:03,321.66,321.73,323.30,319.35,40840778,-4.23,-1.00,38.94,腾讯财经
2026-07-24 16:40:04,321.66,321.73,323.30,319.35,40840778,-4.23,-1.00,38.94,腾讯财经
2026-07-24 16:50:04,321.66,321.73,323.30,319.35,40840778,-4.23,-1.00,38.94,腾讯财经
2026-07-24 17:00:02,321.66,321.73,323.30,319.35,40840778,-4.23,-1.00,38.94,腾讯财经
2026-07-24 17:10:00,321.66,321.73,323.30,319.35,40840778,-4.23,-1.00,38.94,腾讯财经
2026-07-24 17:20:00,321.66,321.73,323.30,319.35,40840778,-4.23,-1.00,38.94,腾讯财经
2026-07-24 17:30:00,321.66,321.73,323.30,319.35,40840778,-4.23,-1.00,38.94,腾讯财经
2026-07-24 19:15:14,321.66,321.73,323.30,319.35,40840778,-4.23,-1.00,38.94,腾讯财经
2026-07-24 20:00:05,321.66,321.73,323.30,319.35,40840778,-4.23,-1.00,38.94,腾讯财经
2026-07-24 20:10:04,321.66,321.73,323.30,319.35,40840778,-4.23,-1.00,38.94,腾讯财经
2026-07-24 20:20:02,321.66,321.73,323.30,319.35,40840778,-4.23,-1.00,38.94,腾讯财经
2026-07-24 20:30:02,321.66,321.73,323.30,319.35,40840778,-4.23,-1.00,38.94,腾讯财经
2026-07-24 20:40:05,321.66,321.73,323.30,319.35,40840778,-4.23,-1.00,38.94,腾讯财经
2026-07-24 20:50:04,321.66,321.73,323.30,319.35,40840778,-4.23,-1.00,38.94,腾讯财经
2026-07-24 21:00:01,321.66,321.73,323.30,319.35,40840778,-4.23,-1.00,38.94,腾讯财经
2026-07-24 21:10:05,321.66,321.73,323.30,319.35,40840778,-4.23,-1.00,38.94,腾讯财经
2026-07-24 21:20:00,321.66,321.73,323.30,319.35,40840778,-4.23,-1.00,38.94,腾讯财经
2026-07-24 21:30:05,321.66,0.00,0.00,0.00,219183,0,0,38.94,腾讯财经
2026-07-24 21:40:01,325.55,322.04,325.87,321.62,1993384,3.89,1.00,39.41,腾讯财经
2026-07-24 21:50:01,327.05,321.79,327.51,321.62,3657568,5.39,1.00,39.59,腾讯财经
2026-07-24 22:00:03,326.86,321.79,327.76,321.62,4918971,5.20,1.00,39.57,腾讯财经
2026-07-24 22:10:00,328.12,321.79,328.24,321.62,6190577,6.46,2.00,39.72,腾讯财经
2026-07-24 22:20:00,328.09,321.79,328.65,321.62,7423949,6.43,1.00,39.72,腾讯财经
2026-07-24 22:30:00,328.96,321.79,329.44,321.62,8558920,7.30,2.00,39.83,腾讯财经
2026-07-24 22:40:01,329.35,321.79,329.65,321.62,9444751,7.69,2.00,39.87,腾讯财经
2026-07-24 22:50:00,329.36,321.79,329.79,321.62,10490842,7.70,2.00,39.87,腾讯财经
2026-07-24 23:00:00,329.92,321.79,330.23,321.62,11771619,8.26,2.00,39.94,腾讯财经
2026-07-24 23:10:00,330.35,321.79,330.64,321.62,12626592,8.69,2.00,39.99,腾讯财经
2026-07-24 23:20:03,331.17,321.79,331.62,321.62,14016461,9.51,2.00,40.09,腾讯财经
2026-07-24 23:30:00,331.64,321.79,331.93,321.62,14819699,9.98,3.00,40.15,腾讯财经
2026-07-24 23:40:02,332.61,321.79,332.68,321.62,15947274,10.95,3.00,40.27,腾讯财经
2026-07-24 23:50:00,332.91,321.79,333.26,321.62,17099396,11.25,3.00,40.30,腾讯财经
2026-07-25 00:00:05,333.04,321.79,333.64,321.62,18390846,11.38,3.00,40.32,腾讯财经
2026-07-25 00:10:01,333.15,321.79,334.10,321.62,19619966,11.49,3.00,40.33,腾讯财经
2026-07-25 00:20:00,333.69,321.79,334.10,321.62,20581125,12.03,3.00,40.40,腾讯财经
2026-07-25 00:30:00,333.78,321.79,334.37,321.62,21451065,12.12,3.00,40.41,腾讯财经
2026-07-25 00:40:01,333.78,321.79,334.37,321.62,22086233,12.12,3.00,40.41,腾讯财经
2026-07-25 00:50:02,333.03,321.79,334.37,321.62,22686227,11.37,3.00,40.32,腾讯财经
2026-07-25 01:00:04,333.20,321.79,334.37,321.62,23227611,11.54,3.00,40.34,腾讯财经
2026-07-25 01:10:01,332.75,321.79,334.37,321.62,24127509,11.09,3.00,40.28,腾讯财经
2026-07-25 01:20:01,332.37,321.79,334.37,321.62,24696029,10.71,3.00,40.24,腾讯财经
2026-07-25 01:30:01,332.39,321.79,334.37,321.62,25298748,10.73,3.00,40.24,腾讯财经
2026-07-25 01:40:04,332.85,321.79,334.37,321.62,25941937,11.19,3.00,40.30,腾讯财经
2026-07-25 01:50:00,332.99,321.79,334.37,321.62,26342178,11.33,3.00,40.31,腾讯财经
2026-07-25 02:00:00,332.81,321.79,334.37,321.62,26660825,11.15,3.00,40.29,腾讯财经
2026-07-25 02:10:00,332.84,321.79,334.37,321.62,27116776,11.18,3.00,40.30,腾讯财经
2026-07-25 02:20:03,332.59,321.79,334.37,321.62,27532960,10.93,3.00,40.27,腾讯财经
2026-07-25 02:30:00,332.23,321.79,334.37,321.62,28077560,10.57,3.00,40.22,腾讯财经
2026-07-25 02:40:04,332.52,321.79,334.37,321.62,28876066,10.86,3.00,40.26,腾讯财经
2026-07-25 02:50:05,332.69,321.79,334.37,321.62,29461832,11.03,3.00,40.28,腾讯财经
2026-07-25 03:00:00,332.98,321.79,334.37,321.62,30037841,11.32,3.00,40.31,腾讯财经
2026-07-25 03:10:02,332.64,321.79,334.37,321.62,32838728,10.98,3.00,40.27,腾讯财经
2026-07-25 03:20:00,333.03,321.79,334.37,321.62,33694800,11.37,3.00,40.32,腾讯财经
2026-07-25 03:30:05,332.47,321.79,334.37,321.62,34343609,10.81,3.00,40.25,腾讯财经
2026-07-25 03:40:00,332.42,321.79,334.37,321.62,35172405,10.76,3.00,40.24,腾讯财经
2026-07-25 03:50:02,331.98,321.79,334.37,321.62,36184070,10.32,3.00,40.19,腾讯财经
2026-07-25 04:00:05,333.04,321.79,334.37,321.62,39056562,11.38,3.00,40.32,腾讯财经
2026-07-25 04:10:00,333.02,321.79,334.37,321.62,46931430,11.36,3.00,40.32,腾讯财经
2026-07-25 04:20:01,333.02,321.79,334.37,321.62,47265385,11.36,3.00,40.32,腾讯财经
2026-07-25 04:30:01,333.02,321.79,334.37,321.62,47282923,11.36,3.00,40.32,腾讯财经
2026-07-25 04:40:01,333.02,321.79,334.37,321.62,47370091,11.36,3.00,40.32,腾讯财经
2026-07-25 04:50:00,333.02,321.79,334.37,321.62,47390636,11.36,3.00,40.32,腾讯财经
2026-07-25 05:00:00,333.02,321.79,334.37,321.62,47402204,11.36,3.00,40.32,腾讯财经
2026-07-25 05:10:00,333.02,321.79,334.37,321.62,47405827,11.36,3.00,40.32,腾讯财经
2026-07-25 05:20:03,333.02,321.79,334.37,321.62,47408951,11.36,3.00,40.32,腾讯财经
2026-07-25 05:30:00,333.02,321.79,334.37,321.62,47415836,11.36,3.00,40.32,腾讯财经
2026-07-25 05:40:00,333.02,321.79,334.37,321.62,47428858,11.36,3.00,40.32,腾讯财经
2026-07-25 05:50:00,333.02,321.79,334.37,321.62,47435476,11.36,3.00,40.32,腾讯财经
2026-07-25 06:00:02,333.02,321.79,334.37,321.62,47440078,11.36,3.00,40.32,腾讯财经
2026-07-25 06:10:03,333.02,321.79,334.37,321.62,47443405,11.36,3.00,40.32,腾讯财经
2026-07-25 06:20:04,333.02,321.79,334.37,321.62,47445298,11.36,3.00,40.32,腾讯财经
2026-07-25 06:30:05,333.02,321.79,334.37,321.62,47447146,11.36,3.00,40.32,腾讯财经
2026-07-25 06:40:00,333.02,321.79,334.37,321.62,47450863,11.36,3.00,40.32,腾讯财经
2026-07-25 06:50:00,333.02,321.79,334.37,321.62,47457437,11.36,3.00,40.32,腾讯财经
2026-07-25 07:00:01,333.02,321.79,334.37,321.62,47460963,11.36,3.00,40.32,腾讯财经
2026-07-25 07:10:05,333.02,321.79,334.37,321.62,47466155,11.36,3.00,40.32,腾讯财经
2026-07-25 07:20:00,333.02,321.79,334.37,321.62,47467709,11.36,3.00,40.32,腾讯财经
2026-07-25 07:30:00,333.02,321.79,334.37,321.62,47470306,11.36,3.00,40.32,腾讯财经
2026-07-25 07:40:01,333.02,321.79,334.37,321.62,47475698,11.36,3.00,40.32,腾讯财经
2026-07-25 07:50:00,333.02,321.79,334.37,321.62,47481768,11.36,3.00,40.32,腾讯财经
2026-07-25 08:00:03,333.02,321.79,334.37,321.62,47489184,11.36,3.00,40.32,腾讯财经
2026-07-25 08:10:05,333.02,321.79,334.37,321.62,47489415,11.36,3.00,40.32,腾讯财经
2026-07-25 08:20:00,333.02,321.79,334.37,321.62,47489415,11.36,3.00,40.32,腾讯财经
2026-07-25 08:30:00,333.02,321.79,334.37,321.62,47489415,11.36,3.00,40.32,腾讯财经
2026-07-25 08:40:05,333.02,321.79,334.37,321.62,47489415,11.36,3.00,40.32,腾讯财经
2026-07-25 08:50:00,333.02,321.79,334.37,321.62,47489415,11.36,3.00,40.32,腾讯财经
2026-07-25 09:00:00,333.02,321.79,334.37,321.62,47489415,11.36,3.00,40.32,腾讯财经
2026-07-25 09:10:00,333.02,321.79,334.37,321.62,47489415,11.36,3.00,40.32,腾讯财经
2026-07-25 09:20:00,333.02,321.79,334.37,321.62,47489415,11.36,3.00,40.32,腾讯财经
2026-07-25 09:30:01,333.02,321.79,334.37,321.62,47489415,11.36,3.00,40.32,腾讯财经
2026-07-25 09:40:02,333.02,321.79,334.37,321.62,47489415,11.36,3.00,40.32,腾讯财经
2026-07-25 09:50:04,333.02,321.79,334.37,321.62,47489415,11.36,3.00,40.32,腾讯财经
2026-07-25 10:00:00,333.02,321.79,334.37,321.62,47489415,11.36,3.00,40.32,腾讯财经
2026-07-25 10:10:05,333.02,321.79,334.37,321.62,47489415,11.36,3.00,40.32,腾讯财经
2026-07-25 10:20:04,333.02,321.79,334.37,321.62,47489415,11.36,3.00,40.32,腾讯财经
2026-07-25 10:30:01,333.02,321.79,334.37,321.62,47489415,11.36,3.00,40.32,腾讯财经
2026-07-25 10:40:00,333.02,321.79,334.37,321.62,47489415,11.36,3.00,40.32,腾讯财经
2026-07-25 10:50:05,333.02,321.79,334.37,321.62,47489415,11.36,3.00,40.32,腾讯财经
2026-07-25 11:00:00,333.02,321.79,334.37,321.62,47489415,11.36,3.00,40.32,腾讯财经
2026-07-25 11:10:03,333.02,321.79,334.37,321.62,47489415,11.36,3.00,40.32,腾讯财经
2026-07-25 11:20:05,333.02,321.79,334.37,321.62,47489415,11.36,3.00,40.32,腾讯财经
2026-07-25 11:30:04,333.02,321.79,334.37,321.62,47489415,11.36,3.00,40.32,腾讯财经
2026-07-25 11:40:00,333.02,321.79,334.37,321.62,47489415,11.36,3.00,40.32,腾讯财经
2026-07-25 11:50:01,333.02,321.79,334.37,321.62,47489415,11.36,3.00,40.32,腾讯财经
2026-07-25 12:00:02,333.02,321.79,334.37,321.62,47489415,11.36,3.00,40.32,腾讯财经
2026-07-25 12:10:00,333.02,321.79,334.37,321.62,47489415,11.36,3.00,40.32,腾讯财经
2026-07-25 12:20:02,333.02,321.79,334.37,321.62,47489415,11.36,3.00,40.32,腾讯财经
2026-07-25 12:30:00,333.02,321.79,334.37,321.62,47489415,11.36,3.00,40.32,腾讯财经
2026-07-25 12:40:00,333.02,321.79,334.37,321.62,47489415,11.36,3.00,40.32,腾讯财经
2026-07-25 12:50:00,333.02,321.79,334.37,321.62,47489415,11.36,3.00,40.32,腾讯财经
2026-07-25 13:00:00,333.02,321.79,334.37,321.62,47489415,11.36,3.00,40.32,腾讯财经
2026-07-25 13:10:05,333.02,321.79,334.37,321.62,47489415,11.36,3.00,40.32,腾讯财经
2026-07-25 13:20:00,333.02,321.79,334.37,321.62,47489415,11.36,3.00,40.32,腾讯财经
2026-07-25 13:30:03,333.02,321.79,334.37,321.62,47489415,11.36,3.00,40.32,腾讯财经
2026-07-25 13:40:00,333.02,321.79,334.37,321.62,47489415,11.36,3.00,40.32,腾讯财经
2026-07-25 13:50:02,333.02,321.79,334.37,321.62,47489415,11.36,3.00,40.32,腾讯财经
2026-07-25 14:00:00,333.02,321.79,334.37,321.62,47489415,11.36,3.00,40.32,腾讯财经
2026-07-25 14:10:05,333.02,321.79,334.37,321.62,47489415,11.36,3.00,40.32,腾讯财经
2026-07-25 14:20:04,333.02,321.79,334.37,321.62,47489415,11.36,3.00,40.32,腾讯财经
2026-07-25 14:30:01,333.02,321.79,334.37,321.62,47489415,11.36,3.00,40.32,腾讯财经
2026-07-25 14:40:02,333.02,321.79,334.37,321.62,47489415,11.36,3.00,40.32,腾讯财经
2026-07-25 14:50:00,333.02,321.79,334.37,321.62,47489415,11.36,3.00,40.32,腾讯财经
2026-07-25 15:00:00,333.02,321.79,334.37,321.62,47489415,11.36,3.00,40.32,腾讯财经
2026-07-25 15:10:02,333.02,321.79,334.37,321.62,47489415,11.36,3.00,40.32,腾讯财经
2026-07-25 15:20:00,333.02,321.79,334.37,321.62,47489415,11.36,3.00,40.32,腾讯财经
2026-07-25 15:30:00,333.02,321.79,334.37,321.62,47489415,11.36,3.00,40.32,腾讯财经
2026-07-25 15:40:02,333.02,321.79,334.37,321.62,47489415,11.36,3.00,40.32,腾讯财经
2026-07-25 15:50:00,333.02,321.79,334.37,321.62,47489415,11.36,3.00,40.32,腾讯财经
2026-07-25 16:00:00,333.02,321.79,334.37,321.62,47489415,11.36,3.00,40.32,腾讯财经
2026-07-25 16:10:04,333.02,321.79,334.37,321.62,47489415,11.36,3.00,40.32,腾讯财经
2026-07-25 16:20:02,333.02,321.79,334.37,321.62,47489415,11.36,3.00,40.32,腾讯财经
2026-07-25 16:30:05,333.02,321.79,334.37,321.62,47489415,11.36,3.00,40.32,腾讯财经
2026-07-25 16:40:05,333.02,321.79,334.37,321.62,47489415,11.36,3.00,40.32,腾讯财经
2026-07-25 16:50:05,333.02,321.79,334.37,321.62,47489415,11.36,3.00,40.32,腾讯财经
2026-07-25 17:00:00,333.02,321.79,334.37,321.62,47489415,11.36,3.00,40.32,腾讯财经
2026-07-25 17:10:00,333.02,321.79,334.37,321.62,47489415,11.36,3.00,40.32,腾讯财经
2026-07-25 17:20:03,333.02,321.79,334.37,321.62,47489415,11.36,3.00,40.32,腾讯财经
2026-07-25 17:30:01,333.02,321.79,334.37,321.62,47489415,11.36,3.00,40.32,腾讯财经
2026-07-25 17:40:00,333.02,321.79,334.37,321.62,47489415,11.36,3.00,40.32,腾讯财经
2026-07-25 17:50:01,333.02,321.79,334.37,321.62,47489415,11.36,3.00,40.32,腾讯财经
2026-07-25 18:00:04,333.02,321.79,334.37,321.62,47489415,11.36,3.00,40.32,腾讯财经
2026-07-25 18:10:03,333.02,321.79,334.37,321.62,47489415,11.36,3.00,40.32,腾讯财经
2026-07-25 18:20:00,333.02,321.79,334.37,321.62,47489415,11.36,3.00,40.32,腾讯财经
2026-07-25 18:30:03,333.02,321.79,334.37,321.62,47489415,11.36,3.00,40.32,腾讯财经
2026-07-25 18:40:00,333.02,321.79,334.37,321.62,47489415,11.36,3.00,40.32,腾讯财经
2026-07-25 18:50:04,333.02,321.79,334.37,321.62,47489415,11.36,3.00,40.32,腾讯财经
2026-07-25 19:00:04,333.02,321.79,334.37,321.62,47489415,11.36,3.00,40.32,腾讯财经
2026-07-25 19:10:01,333.02,321.79,334.37,321.62,47489415,11.36,3.00,40.32,腾讯财经
2026-07-25 19:20:00,333.02,321.79,334.37,321.62,47489415,11.36,3.00,40.32,腾讯财经
2026-07-25 19:30:04,333.02,321.79,334.37,321.62,47489415,11.36,3.00,40.32,腾讯财经
2026-07-25 19:40:00,333.02,321.79,334.37,321.62,47489415,11.36,3.00,40.32,腾讯财经
2026-07-25 19:50:05,333.02,321.79,334.37,321.62,47489415,11.36,3.00,40.32,腾讯财经
2026-07-25 20:00:05,333.02,321.79,334.37,321.62,47489415,11.36,3.00,40.32,腾讯财经
2026-07-25 20:10:00,333.02,321.79,334.37,321.62,47489415,11.36,3.00,40.32,腾讯财经
2026-07-25 20:20:03,333.02,321.79,334.37,321.62,47489415,11.36,3.00,40.32,腾讯财经
2026-07-25 20:30:00,333.02,321.79,334.37,321.62,47489415,11.36,3.00,40.32,腾讯财经
2026-07-25 20:40:01,333.02,321.79,334.37,321.62,47489415,11.36,3.00,40.32,腾讯财经
2026-07-25 20:50:00,333.02,321.79,334.37,321.62,47489415,11.36,3.00,40.32,腾讯财经
2026-07-25 21:00:02,333.02,321.79,334.37,321.62,47489415,11.36,3.00,40.32,腾讯财经
2026-07-25 21:10:00,333.02,321.79,334.37,321.62,47489415,11.36,3.00,40.32,腾讯财经
2026-07-25 21:20:00,333.02,321.79,334.37,321.62,47489415,11.36,3.00,40.32,腾讯财经
2026-07-25 21:30:03,333.02,321.79,334.37,321.62,47489415,11.36,3.00,40.32,腾讯财经
2026-07-25 21:40:00,333.02,321.79,334.37,321.62,47489415,11.36,3.00,40.32,腾讯财经
2026-07-25 21:50:00,333.02,321.79,334.37,321.62,47489415,11.36,3.00,40.32,腾讯财经
2026-07-25 22:00:05,333.02,321.79,334.37,321.62,47489415,11.36,3.00,40.32,腾讯财经
2026-07-25 22:10:05,333.02,321.79,334.37,321.62,47489415,11.36,3.00,40.32,腾讯财经
2026-07-25 22:20:05,333.02,321.79,334.37,321.62,47489415,11.36,3.00,40.32,腾讯财经
2026-07-25 22:30:05,333.02,321.79,334.37,321.62,47489415,11.36,3.00,40.32,腾讯财经
2026-07-25 22:40:04,333.02,321.79,334.37,321.62,47489415,11.36,3.00,40.32,腾讯财经
2026-07-25 22:50:04,333.02,321.79,334.37,321.62,47489415,11.36,3.00,40.32,腾讯财经
2026-07-25 23:00:02,333.02,321.79,334.37,321.62,47489415,11.36,3.00,40.32,腾讯财经
2026-07-25 23:10:01,333.02,321.79,334.37,321.62,47489415,11.36,3.00,40.32,腾讯财经
2026-07-25 23:20:00,333.02,321.79,334.37,321.62,47489415,11.36,3.00,40.32,腾讯财经
2026-07-25 23:30:00,333.02,321.79,334.37,321.62,47489415,11.36,3.00,40.32,腾讯财经
2026-07-25 23:40:04,333.02,321.79,334.37,321.62,47489415,11.36,3.00,40.32,腾讯财经
2026-07-25 23:50:00,333.02,321.79,334.37,321.62,47489415,11.36,3.00,40.32,腾讯财经
2026-07-26 00:00:01,333.02,321.79,334.37,321.62,47489415,11.36,3.00,40.32,腾讯财经
2026-07-26 00:10:00,333.02,321.79,334.37,321.62,47489415,11.36,3.00,40.32,腾讯财经
2026-07-26 00:20:04,333.02,321.79,334.37,321.62,47489415,11.36,3.00,40.32,腾讯财经
2026-07-26 00:30:05,333.02,321.79,334.37,321.62,47489415,11.36,3.00,40.32,腾讯财经
2026-07-26 00:40:01,333.02,321.79,334.37,321.62,47489415,11.36,3.00,40.32,腾讯财经
2026-07-26 00:50:02,333.02,321.79,334.37,321.62,47489415,11.36,3.00,40.32,腾讯财经
2026-07-26 01:00:03,333.02,321.79,334.37,321.62,47489415,11.36,3.00,40.32,腾讯财经
2026-07-26 01:10:01,333.02,321.79,334.37,321.62,47489415,11.36,3.00,40.32,腾讯财经
2026-07-26 01:20:00,333.02,321.79,334.37,321.62,47489415,11.36,3.00,40.32,腾讯财经
2026-07-26 01:30:01,333.02,321.79,334.37,321.62,47489415,11.36,3.00,40.32,腾讯财经
2026-07-26 01:40:00,333.02,321.79,334.37,321.62,47489415,11.36,3.00,40.32,腾讯财经
2026-07-26 01:50:04,333.02,321.79,334.37,321.62,47489415,11.36,3.00,40.32,腾讯财经
2026-07-26 02:00:05,333.02,321.79,334.37,321.62,47489415,11.36,3.00,40.32,腾讯财经
2026-07-26 02:10:05,333.02,321.79,334.37,321.62,47489415,11.36,3.00,40.32,腾讯财经
2026-07-26 02:20:00,333.02,321.79,334.37,321.62,47489415,11.36,3.00,40.32,腾讯财经
2026-07-26 02:30:04,333.02,321.79,334.37,321.62,47489415,11.36,3.00,40.32,腾讯财经
2026-07-26 02:40:03,333.02,321.79,334.37,321.62,47489415,11.36,3.00,40.32,腾讯财经
2026-07-26 02:50:00,333.02,321.79,334.37,321.62,47489415,11.36,3.00,40.32,腾讯财经
2026-07-26 03:00:01,333.02,321.79,334.37,321.62,47489415,11.36,3.00,40.32,腾讯财经
2026-07-26 03:10:04,333.02,321.79,334.37,321.62,47489415,11.36,3.00,40.32,腾讯财经
2026-07-26 03:20:00,333.02,321.79,334.37,321.62,47489415,11.36,3.00,40.32,腾讯财经
2026-07-26 03:30:01,333.02,321.79,334.37,321.62,47489415,11.36,3.00,40.32,腾讯财经
2026-07-26 03:40:00,333.02,321.79,334.37,321.62,47489415,11.36,3.00,40.32,腾讯财经
2026-07-26 03:50:03,333.02,321.79,334.37,321.62,47489415,11.36,3.00,40.32,腾讯财经
2026-07-26 04:00:00,333.02,321.79,334.37,321.62,47489415,11.36,3.00,40.32,腾讯财经
2026-07-26 04:10:02,333.02,321.79,334.37,321.62,47489415,11.36,3.00,40.32,腾讯财经
2026-07-26 04:20:00,333.02,321.79,334.37,321.62,47489415,11.36,3.00,40.32,腾讯财经
2026-07-26 04:30:00,333.02,321.79,334.37,321.62,47489415,11.36,3.00,40.32,腾讯财经
2026-07-26 04:40:04,333.02,321.79,334.37,321.62,47489415,11.36,3.00,40.32,腾讯财经
2026-07-26 04:50:00,333.02,321.79,334.37,321.62,47489415,11.36,3.00,40.32,腾讯财经
2026-07-26 05:00:01,333.02,321.79,334.37,321.62,47489415,11.36,3.00,40.32,腾讯财经
2026-07-26 05:10:00,333.02,321.79,334.37,321.62,47489415,11.36,3.00,40.32,腾讯财经
2026-07-26 05:20:00,333.02,321.79,334.37,321.62,47489415,11.36,3.00,40.32,腾讯财经
2026-07-26 05:30:03,333.02,321.79,334.37,321.62,47489415,11.36,3.00,40.32,腾讯财经
2026-07-26 05:40:00,333.02,321.79,334.37,321.62,47489415,11.36,3.00,40.32,腾讯财经
2026-07-26 05:50:00,333.02,321.79,334.37,321.62,47489415,11.36,3.00,40.32,腾讯财经
2026-07-26 06:00:02,333.02,321.79,334.37,321.62,47489415,11.36,3.00,40.32,腾讯财经
2026-07-26 06:10:00,333.02,321.79,334.37,321.62,47489415,11.36,3.00,40.32,腾讯财经
2026-07-26 06:20:01,333.02,321.79,334.37,321.62,47489415,11.36,3.00,40.32,腾讯财经
2026-07-26 06:30:00,333.02,321.79,334.37,321.62,47489415,11.36,3.00,40.32,腾讯财经
2026-07-26 06:40:00,333.02,321.79,334.37,321.62,47489415,11.36,3.00,40.32,腾讯财经
2026-07-26 06:50:05,333.02,321.79,334.37,321.62,47489415,11.36,3.00,40.32,腾讯财经
2026-07-26 07:00:01,333.02,321.79,334.37,321.62,47489415,11.36,3.00,40.32,腾讯财经
2026-07-26 07:10:03,333.02,321.79,334.37,321.62,47489415,11.36,3.00,40.32,腾讯财经
2026-07-26 07:20:00,333.02,321.79,334.37,321.62,47489415,11.36,3.00,40.32,腾讯财经
2026-07-26 07:30:04,333.02,321.79,334.37,321.62,47489415,11.36,3.00,40.32,腾讯财经
2026-07-26 07:40:00,333.02,321.79,334.37,321.62,47489415,11.36,3.00,40.32,腾讯财经
2026-07-26 07:50:05,333.02,321.79,334.37,321.62,47489415,11.36,3.00,40.32,腾讯财经
2026-07-26 08:00:05,333.02,321.79,334.37,321.62,47489415,11.36,3.00,40.32,腾讯财经
2026-07-26 08:10:00,333.02,321.79,334.37,321.62,47489415,11.36,3.00,40.32,腾讯财经
2026-07-26 08:20:00,333.02,321.79,334.37,321.62,47489415,11.36,3.00,40.32,腾讯财经
2026-07-26 08:30:00,333.02,321.79,334.37,321.62,47489415,11.36,3.00,40.32,腾讯财经
2026-07-26 08:40:02,333.02,321.79,334.37,321.62,47489415,11.36,3.00,40.32,腾讯财经
2026-07-26 08:50:02,333.02,321.79,334.37,321.62,47489415,11.36,3.00,40.32,腾讯财经
2026-07-26 09:00:00,333.02,321.79,334.37,321.62,47489415,11.36,3.00,40.32,腾讯财经
2026-07-26 09:10:00,333.02,321.79,334.37,321.62,47489415,11.36,3.00,40.32,腾讯财经
2026-07-26 09:20:00,333.02,321.79,334.37,321.62,47489415,11.36,3.00,40.32,腾讯财经
2026-07-26 09:30:04,333.02,321.79,334.37,321.62,47489415,11.36,3.00,40.32,腾讯财经
2026-07-26 09:40:00,333.02,321.79,334.37,321.62,47489415,11.36,3.00,40.32,腾讯财经
2026-07-26 09:50:00,333.02,321.79,334.37,321.62,47489415,11.36,3.00,40.32,腾讯财经
2026-07-26 10:00:04,333.02,321.79,334.37,321.62,47489415,11.36,3.00,40.32,腾讯财经
2026-07-26 10:10:03,333.02,321.79,334.37,321.62,47489415,11.36,3.00,40.32,腾讯财经
2026-07-26 10:20:00,333.02,321.79,334.37,321.62,47489415,11.36,3.00,40.32,腾讯财经
2026-07-26 10:30:00,333.02,321.79,334.37,321.62,47489415,11.36,3.00,40.32,腾讯财经
2026-07-26 10:40:02,333.02,321.79,334.37,321.62,47489415,11.36,3.00,40.32,腾讯财经
2026-07-26 10:50:01,333.02,321.79,334.37,321.62,47489415,11.36,3.00,40.32,腾讯财经
2026-07-26 11:00:00,333.02,321.79,334.37,321.62,47489415,11.36,3.00,40.32,腾讯财经
2026-07-26 11:10:00,333.02,321.79,334.37,321.62,47489415,11.36,3.00,40.32,腾讯财经
2026-07-26 11:20:00,333.02,321.79,334.37,321.62,47489415,11.36,3.00,40.32,腾讯财经
2026-07-26 11:30:04,333.02,321.79,334.37,321.62,47489415,11.36,3.00,40.32,腾讯财经
2026-07-26 11:40:01,333.02,321.79,334.37,321.62,47489415,11.36,3.00,40.32,腾讯财经
2026-07-26 11:50:00,333.02,321.79,334.37,321.62,47489415,11.36,3.00,40.32,腾讯财经
2026-07-26 12:00:00,333.02,321.79,334.37,321.62,47489415,11.36,3.00,40.32,腾讯财经
2026-07-26 12:10:00,333.02,321.79,334.37,321.62,47489415,11.36,3.00,40.32,腾讯财经
2026-07-26 12:20:00,333.02,321.79,334.37,321.62,47489415,11.36,3.00,40.32,腾讯财经
2026-07-26 12:30:05,333.02,321.79,334.37,321.62,47489415,11.36,3.00,40.32,腾讯财经
2026-07-26 12:40:00,333.02,321.79,334.37,321.62,47489415,11.36,3.00,40.32,腾讯财经
2026-07-26 12:50:00,333.02,321.79,334.37,321.62,47489415,11.36,3.00,40.32,腾讯财经
2026-07-26 13:00:01,333.02,321.79,334.37,321.62,47489415,11.36,3.00,40.32,腾讯财经
2026-07-26 13:10:00,333.02,321.79,334.37,321.62,47489415,11.36,3.00,40.32,腾讯财经
2026-07-26 13:20:00,333.02,321.79,334.37,321.62,47489415,11.36,3.00,40.32,腾讯财经
2026-07-26 13:30:01,333.02,321.79,334.37,321.62,47489415,11.36,3.00,40.32,腾讯财经
2026-07-26 13:40:00,333.02,321.79,334.37,321.62,47489415,11.36,3.00,40.32,腾讯财经
2026-07-26 13:50:01,333.02,321.79,334.37,321.62,47489415,11.36,3.00,40.32,腾讯财经
2026-07-26 14:00:04,333.02,321.79,334.37,321.62,47489415,11.36,3.00,40.32,腾讯财经
2026-07-26 14:10:00,333.02,321.79,334.37,321.62,47489415,11.36,3.00,40.32,腾讯财经
2026-07-26 14:20:04,333.02,321.79,334.37,321.62,47489415,11.36,3.00,40.32,腾讯财经
2026-07-26 14:30:03,333.02,321.79,334.37,321.62,47489415,11.36,3.00,40.32,腾讯财经
2026-07-26 14:40:05,333.02,321.79,334.37,321.62,47489415,11.36,3.00,40.32,腾讯财经
2026-07-26 14:50:05,333.02,321.79,334.37,321.62,47489415,11.36,3.00,40.32,腾讯财经
2026-07-26 15:00:01,333.02,321.79,334.37,321.62,47489415,11.36,3.00,40.32,腾讯财经
2026-07-26 15:10:04,333.02,321.79,334.37,321.62,47489415,11.36,3.00,40.32,腾讯财经
2026-07-26 15:20:02,333.02,321.79,334.37,321.62,47489415,11.36,3.00,40.32,腾讯财经
2026-07-26 15:30:05,333.02,321.79,334.37,321.62,47489415,11.36,3.00,40.32,腾讯财经
2026-07-26 15:40:00,333.02,321.79,334.37,321.62,47489415,11.36,3.00,40.32,腾讯财经
2026-07-26 15:50:01,333.02,321.79,334.37,321.62,47489415,11.36,3.00,40.32,腾讯财经
2026-07-26 16:00:04,333.02,321.79,334.37,321.62,47489415,11.36,3.00,40.32,腾讯财经
2026-07-26 16:10:04,333.02,321.79,334.37,321.62,47489415,11.36,3.00,40.32,腾讯财经
2026-07-26 16:20:00,333.02,321.79,334.37,321.62,47489415,11.36,3.00,40.32,腾讯财经
2026-07-26 16:30:00,333.02,321.79,334.37,321.62,47489415,11.36,3.00,40.32,腾讯财经
2026-07-26 16:40:04,333.02,321.79,334.37,321.62,47489415,11.36,3.00,40.32,腾讯财经
2026-07-26 16:50:00,333.02,321.79,334.37,321.62,47489415,11.36,3.00,40.32,腾讯财经
2026-07-26 17:00:00,333.02,321.79,334.37,321.62,47489415,11.36,3.00,40.32,腾讯财经
2026-07-26 17:10:00,333.02,321.79,334.37,321.62,47489415,11.36,3.00,40.32,腾讯财经
2026-07-26 17:20:00,333.02,321.79,334.37,321.62,47489415,11.36,3.00,40.32,腾讯财经
2026-07-26 17:30:03,333.02,321.79,334.37,321.62,47489415,11.36,3.00,40.32,腾讯财经
2026-07-26 17:40:00,333.02,321.79,334.37,321.62,47489415,11.36,3.00,40.32,腾讯财经
2026-07-26 17:50:01,333.02,321.79,334.37,321.62,47489415,11.36,3.00,40.32,腾讯财经
2026-07-26 18:00:00,333.02,321.79,334.37,321.62,47489415,11.36,3.00,40.32,腾讯财经
2026-07-26 18:10:00,333.02,321.79,334.37,321.62,47489415,11.36,3.00,40.32,腾讯财经
2026-07-26 18:20:00,333.02,321.79,334.37,321.62,47489415,11.36,3.00,40.32,腾讯财经
2026-07-26 18:30:01,333.02,321.79,334.37,321.62,47489415,11.36,3.00,40.32,腾讯财经
2026-07-26 18:40:03,333.02,321.79,334.37,321.62,47489415,11.36,3.00,40.32,腾讯财经
2026-07-26 18:50:00,333.02,321.79,334.37,321.62,47489415,11.36,3.00,40.32,腾讯财经
2026-07-26 19:00:00,333.02,321.79,334.37,321.62,47489415,11.36,3.00,40.32,腾讯财经
2026-07-26 19:10:00,333.02,321.79,334.37,321.62,47489415,11.36,3.00,40.32,腾讯财经
2026-07-26 19:20:00,333.02,321.79,334.37,321.62,47489415,11.36,3.00,40.32,腾讯财经
2026-07-26 19:30:03,333.02,321.79,334.37,321.62,47489415,11.36,3.00,40.32,腾讯财经
2026-07-26 19:40:00,333.02,321.79,334.37,321.62,47489415,11.36,3.00,40.32,腾讯财经
2026-07-26 19:50:00,333.02,321.79,334.37,321.62,47489415,11.36,3.00,40.32,腾讯财经
2026-07-26 20:00:05,333.02,321.79,334.37,321.62,47489415,11.36,3.00,40.32,腾讯财经
2026-07-26 20:10:02,333.02,321.79,334.37,321.62,47489415,11.36,3.00,40.32,腾讯财经
2026-07-26 20:20:03,333.02,321.79,334.37,321.62,47489415,11.36,3.00,40.32,腾讯财经
2026-07-26 20:30:02,333.02,321.79,334.37,321.62,47489415,11.36,3.00,40.32,腾讯财经
2026-07-26 20:40:01,333.02,321.79,334.37,321.62,47489415,11.36,3.00,40.32,腾讯财经
2026-07-26 20:50:03,333.02,321.79,334.37,321.62,47489415,11.36,3.00,40.32,腾讯财经
2026-07-26 21:00:00,333.02,321.79,334.37,321.62,47489415,11.36,3.00,40.32,腾讯财经
2026-07-26 21:10:05,333.02,321.79,334.37,321.62,47489415,11.36,3.00,40.32,腾讯财经
2026-07-26 21:20:02,333.02,321.79,334.37,321.62,47489415,11.36,3.00,40.32,腾讯财经
2026-07-26 21:30:00,333.02,321.79,334.37,321.62,47489415,11.36,3.00,40.32,腾讯财经
2026-07-26 21:40:00,333.02,321.79,334.37,321.62,47489415,11.36,3.00,40.32,腾讯财经
2026-07-26 21:50:00,333.02,321.79,334.37,321.62,47489415,11.36,3.00,40.32,腾讯财经
2026-07-26 22:00:04,333.02,321.79,334.37,321.62,47489415,11.36,3.00,40.32,腾讯财经
2026-07-26 22:10:00,333.02,321.79,334.37,321.62,47489415,11.36,3.00,40.32,腾讯财经
2026-07-26 22:20:00,333.02,321.79,334.37,321.62,47489415,11.36,3.00,40.32,腾讯财经
2026-07-26 22:30:05,333.02,321.79,334.37,321.62,47489415,11.36,3.00,40.32,腾讯财经
2026-07-26 22:40:05,333.02,321.79,334.37,321.62,47489415,11.36,3.00,40.32,腾讯财经
2026-07-26 22:50:00,333.02,321.79,334.37,321.62,47489415,11.36,3.00,40.32,腾讯财经
2026-07-26 23:00:03,333.02,321.79,334.37,321.62,47489415,11.36,3.00,40.32,腾讯财经
2026-07-26 23:10:01,333.02,321.79,334.37,321.62,47489415,11.36,3.00,40.32,腾讯财经
2026-07-26 23:20:03,333.02,321.79,334.37,321.62,47489415,11.36,3.00,40.32,腾讯财经
2026-07-26 23:30:05,333.02,321.79,334.37,321.62,47489415,11.36,3.00,40.32,腾讯财经
2026-07-26 23:40:00,333.02,321.79,334.37,321.62,47489415,11.36,3.00,40.32,腾讯财经
2026-07-26 23:50:05,333.02,321.79,334.37,321.62,47489415,11.36,3.00,40.32,腾讯财经
2026-07-27 00:00:00,333.02,321.79,334.37,321.62,47489415,11.36,3.00,40.32,腾讯财经
2026-07-27 00:10:03,333.02,321.79,334.37,321.62,47489415,11.36,3.00,40.32,腾讯财经
2026-07-27 00:20:00,333.02,321.79,334.37,321.62,47489415,11.36,3.00,40.32,腾讯财经
2026-07-27 00:30:01,333.02,321.79,334.37,321.62,47489415,11.36,3.00,40.32,腾讯财经
2026-07-27 00:40:03,333.02,321.79,334.37,321.62,47489415,11.36,3.00,40.32,腾讯财经
2026-07-27 00:50:00,333.02,321.79,334.37,321.62,47489415,11.36,3.00,40.32,腾讯财经
2026-07-27 01:00:01,333.02,321.79,334.37,321.62,47489415,11.36,3.00,40.32,腾讯财经
2026-07-27 01:10:05,333.02,321.79,334.37,321.62,47489415,11.36,3.00,40.32,腾讯财经
2026-07-27 01:20:05,333.02,321.79,334.37,321.62,47489415,11.36,3.00,40.32,腾讯财经
2026-07-27 01:30:00,333.02,321.79,334.37,321.62,47489415,11.36,3.00,40.32,腾讯财经
2026-07-27 01:40:02,333.02,321.79,334.37,321.62,47489415,11.36,3.00,40.32,腾讯财经
2026-07-27 01:50:00,333.02,321.79,334.37,321.62,47489415,11.36,3.00,40.32,腾讯财经
2026-07-27 02:00:00,333.02,321.79,334.37,321.62,47489415,11.36,3.00,40.32,腾讯财经
2026-07-27 02:10:00,333.02,321.79,334.37,321.62,47489415,11.36,3.00,40.32,腾讯财经
2026-07-27 02:20:04,333.02,321.79,334.37,321.62,47489415,11.36,3.00,40.32,腾讯财经
2026-07-27 02:30:00,333.02,321.79,334.37,321.62,47489415,11.36,3.00,40.32,腾讯财经
2026-07-27 02:40:00,333.02,321.79,334.37,321.62,47489415,11.36,3.00,40.32,腾讯财经
2026-07-27 02:50:05,333.02,321.79,334.37,321.62,47489415,11.36,3.00,40.32,腾讯财经
2026-07-27 03:00:00,333.02,321.79,334.37,321.62,47489415,11.36,3.00,40.32,腾讯财经
2026-07-27 03:10:01,333.02,321.79,334.37,321.62,47489415,11.36,3.00,40.32,腾讯财经
2026-07-27 03:20:01,333.02,321.79,334.37,321.62,47489415,11.36,3.00,40.32,腾讯财经
2026-07-27 03:30:00,333.02,321.79,334.37,321.62,47489415,11.36,3.00,40.32,腾讯财经
2026-07-27 03:40:00,333.02,321.79,334.37,321.62,47489415,11.36,3.00,40.32,腾讯财经
2026-07-27 03:50:01,333.02,321.79,334.37,321.62,47489415,11.36,3.00,40.32,腾讯财经
2026-07-27 04:00:00,333.02,321.79,334.37,321.62,47489415,11.36,3.00,40.32,腾讯财经
2026-07-27 04:10:03,333.02,321.79,334.37,321.62,47489415,11.36,3.00,40.32,腾讯财经
2026-07-27 04:20:00,333.02,321.79,334.37,321.62,47489415,11.36,3.00,40.32,腾讯财经
2026-07-27 04:30:02,333.02,321.79,334.37,321.62,47489415,11.36,3.00,40.32,腾讯财经
2026-07-27 04:40:04,333.02,321.79,334.37,321.62,47489415,11.36,3.00,40.32,腾讯财经
2026-07-27 04:50:00,333.02,321.79,334.37,321.62,47489415,11.36,3.00,40.32,腾讯财经
2026-07-27 05:00:00,333.02,321.79,334.37,321.62,47489415,11.36,3.00,40.32,腾讯财经
2026-07-27 05:10:01,333.02,321.79,334.37,321.62,47489415,11.36,3.00,40.32,腾讯财经
2026-07-27 05:20:01,333.02,321.79,334.37,321.62,47489415,11.36,3.00,40.32,腾讯财经
2026-07-27 05:30:05,333.02,321.79,334.37,321.62,47489415,11.36,3.00,40.32,腾讯财经
2026-07-27 05:40:02,333.02,321.79,334.37,321.62,47489415,11.36,3.00,40.32,腾讯财经
2026-07-27 05:50:04,333.02,321.79,334.37,321.62,47489415,11.36,3.00,40.32,腾讯财经
2026-07-27 06:00:01,333.02,321.79,334.37,321.62,47489415,11.36,3.00,40.32,腾讯财经
2026-07-27 06:10:01,333.02,321.79,334.37,321.62,47489415,11.36,3.00,40.32,腾讯财经
2026-07-27 06:20:01,333.02,321.79,334.37,321.62,47489415,11.36,3.00,40.32,腾讯财经
2026-07-27 06:30:02,333.02,321.79,334.37,321.62,47489415,11.36,3.00,40.32,腾讯财经
2026-07-27 06:40:01,333.02,321.79,334.37,321.62,47489415,11.36,3.00,40.32,腾讯财经
2026-07-27 06:50:03,333.02,321.79,334.37,321.62,47489415,11.36,3.00,40.32,腾讯财经
2026-07-27 07:00:02,333.02,321.79,334.37,321.62,47489415,11.36,3.00,40.32,腾讯财经
2026-07-27 07:10:00,333.02,321.79,334.37,321.62,47489415,11.36,3.00,40.32,腾讯财经
2026-07-27 07:20:00,333.02,321.79,334.37,321.62,47489415,11.36,3.00,40.32,腾讯财经
2026-07-27 07:30:04,333.02,321.79,334.37,321.62,47489415,11.36,3.00,40.32,腾讯财经
2026-07-27 07:40:05,333.02,321.79,334.37,321.62,47489415,11.36,3.00,40.32,腾讯财经
2026-07-27 07:50:02,333.02,321.79,334.37,321.62,47489415,11.36,3.00,40.32,腾讯财经
2026-07-27 08:50:01,333.02,321.79,334.37,321.62,47489415,11.36,3.00,40.32,腾讯财经
2026-07-27 09:00:00,333.02,321.79,334.37,321.62,47489415,11.36,3.00,40.32,腾讯财经
2026-07-27 09:10:02,333.02,321.79,334.37,321.62,47489415,11.36,3.00,40.32,腾讯财经
2026-07-27 09:20:05,333.02,321.79,334.37,321.62,47489415,11.36,3.00,40.32,腾讯财经
2026-07-27 09:30:00,333.02,321.79,334.37,321.62,47489415,11.36,3.00,40.32,腾讯财经
