时间戳,价格(USD),开盘价,最高价,最低价,成交量,涨跌额,涨跌幅(%),数据源
2026-07-13 19:30:00,145.30,150.13,150.57,145.07,46825995,-6.86,-4.51,东方财富网(修正后)
2026-07-13 19:50:50,145.30,150.13,150.57,145.07,46825995,-6.86,-4.00,腾讯财经
2026-07-13 19:51:36,145.30,150.13,150.57,145.07,46825995,-6.86,-4.00,腾讯财经
2026-07-13 20:00:01,145.30,150.13,150.57,145.07,46825995,-6.86,-4.00,腾讯财经
2026-07-13 20:10:02,145.30,150.13,150.57,145.07,46825995,-6.86,-4.00,腾讯财经
2026-07-13 20:20:02,145.30,150.13,150.57,145.07,46825995,-6.86,-4.00,腾讯财经
2026-07-13 20:30:01,145.30,150.13,150.57,145.07,46825995,-6.86,-4.00,腾讯财经
2026-07-13 20:32:28,145.30,150.13,150.57,145.07,46825995,-6.86,-4.00,55.43,-216.12,腾讯财经
2026-07-13 20:32:45,145.30,150.13,150.57,145.07,46825995,-6.86,-4.00,55.43,-216.12,腾讯财经
2026-07-13 20:33:34,145.30,150.13,150.57,145.07,46825995,-6.86,-4.00,55.43,-216.12,腾讯财经
2026-07-13 20:37:30,145.30,150.13,150.57,145.07,46825995,-6.86,-4.00,55.43,-216.12,腾讯财经
2026-07-13 20:40:01,145.30,150.13,150.57,145.07,46825995,-6.86,-4.00,55.43,-216.12,腾讯财经
2026-07-13 20:48:36,145.30,150.13,150.57,145.07,46825995,-6.86,-4.00,55.43,-216.12,腾讯财经
2026-07-13 20:50:04,145.30,150.13,150.57,145.07,46825995,-6.86,-4.00,55.43,-216.12,腾讯财经
2026-07-13 21:00:04,145.30,150.13,150.57,145.07,46825995,-6.86,-4.00,55.43,-216.12,腾讯财经
2026-07-13 21:08:18,145.30,150.13,150.57,145.07,46825995,-6.86,-4.00,-216.12,腾讯财经
2026-07-13 21:09:08,145.30,150.13,150.57,145.07,46825995,-6.86,-4.00,-216.12,腾讯财经
2026-07-13 21:10:04,145.30,150.13,150.57,145.07,46825995,-6.86,-4.00,-216.12,腾讯财经
2026-07-13 21:20:00,145.30,150.13,150.57,145.07,46825995,-6.86,-4.00,-216.12,腾讯财经
2026-07-13 21:30:00,145.30,0.00,0.00,0.00,2511152,0,0,-216.12,腾讯财经
2026-07-13 21:40:04,141.70,144.59,144.92,141.40,7178892,-3.60,-2.00,-210.76,腾讯财经
2026-07-13 21:50:00,141.42,144.70,144.92,140.20,10940612,-3.88,-2.00,-210.35,腾讯财经
2026-07-13 22:00:00,140.59,144.70,144.92,140.12,12839846,-4.71,-3.00,-209.12,腾讯财经
2026-07-13 22:10:00,138.04,144.70,144.92,137.68,20362377,-7.26,-4.00,-205.33,腾讯财经
2026-07-13 22:20:00,139.15,144.70,144.92,137.68,23134928,-6.15,-4.00,-206.98,腾讯财经
2026-07-13 22:30:00,139.97,144.70,144.92,137.68,24828674,-5.33,-3.00,-208.20,腾讯财经
2026-07-13 22:40:03,139.28,144.70,144.92,137.68,26180409,-6.02,-4.00,-207.17,腾讯财经
2026-07-13 22:50:01,139.50,144.70,144.92,137.68,27345488,-5.80,-3.00,-207.50,腾讯财经
2026-07-13 23:00:00,139.33,144.70,144.92,137.68,28246867,-5.97,-4.00,-207.24,腾讯财经
2026-07-13 23:10:00,139.22,144.70,144.92,137.68,29184188,-6.08,-4.00,-207.07,腾讯财经
2026-07-13 23:20:00,138.57,144.70,144.92,137.68,30299516,-6.73,-4.00,-206.11,腾讯财经
2026-07-13 23:30:00,138.73,144.70,144.92,137.68,31242520,-6.57,-4.00,-206.34,腾讯财经
2026-07-13 23:40:01,139.10,144.70,144.92,137.68,35741875,-6.20,-4.00,-206.90,腾讯财经
2026-07-13 23:50:02,139.01,144.70,144.92,137.68,36617492,-6.29,-4.00,-206.77,腾讯财经
2026-07-14 00:00:01,139.62,144.70,144.92,137.68,38282566,-5.68,-3.00,-207.67,腾讯财经
2026-07-14 00:10:01,139.85,144.70,144.92,137.68,38869973,-5.45,-3.00,-208.01,腾讯财经
2026-07-14 00:20:03,139.51,144.70,144.92,137.68,39925122,-5.79,-3.00,-207.50,腾讯财经
2026-07-14 00:30:00,138.47,144.70,144.92,137.68,41151266,-6.83,-4.00,-205.96,腾讯财经
2026-07-14 00:40:04,138.92,144.70,144.92,137.68,42194288,-6.38,-4.00,-206.63,腾讯财经
2026-07-14 00:50:04,139.14,144.70,144.92,137.68,43078364,-6.16,-4.00,-206.95,腾讯财经
2026-07-14 01:00:00,138.90,144.70,144.92,137.68,43730178,-6.40,-4.00,-206.60,腾讯财经
2026-07-14 01:10:04,139.28,144.70,144.92,137.68,44286161,-6.02,-4.00,-207.17,腾讯财经
2026-07-14 01:20:00,139.50,144.70,144.92,137.68,44801233,-5.80,-3.00,-207.50,腾讯财经
2026-07-14 01:30:04,138.59,144.70,144.92,137.68,45824197,-6.71,-4.00,-206.14,腾讯财经
2026-07-14 01:40:05,138.14,144.70,144.92,137.68,48063862,-7.16,-4.00,-205.47,腾讯财经
2026-07-14 01:50:00,137.68,144.70,144.92,137.55,49580365,-7.62,-5.00,-204.78,腾讯财经
2026-07-14 02:00:00,137.51,144.70,144.92,137.35,50729896,-7.79,-5.00,-204.54,腾讯财经
2026-07-14 02:10:00,137.24,144.70,144.92,137.11,51865195,-8.06,-5.00,-204.14,腾讯财经
2026-07-14 02:20:02,136.93,144.70,144.92,136.78,53144326,-8.37,-5.00,-203.67,腾讯财经
2026-07-14 02:30:00,137.48,144.70,144.92,136.78,53842171,-7.82,-5.00,-204.48,腾讯财经
2026-07-14 02:40:00,137.30,144.70,144.92,136.78,54504178,-8.00,-5.00,-204.22,腾讯财经
2026-07-14 02:50:00,137.58,144.70,144.92,136.78,55150535,-7.72,-5.00,-204.64,腾讯财经
2026-07-14 03:00:00,137.86,144.70,144.92,136.78,56196500,-7.44,-5.00,-205.06,腾讯财经
2026-07-14 03:10:03,137.38,144.70,144.92,136.78,58683789,-7.92,-5.00,-204.34,腾讯财经
2026-07-14 03:20:00,137.58,144.70,144.92,136.78,59674336,-7.72,-5.00,-204.64,腾讯财经
2026-07-14 03:30:00,137.66,144.70,144.92,136.78,60514593,-7.64,-5.00,-204.76,腾讯财经
2026-07-14 03:40:02,138.21,144.70,144.92,136.78,61643401,-7.09,-4.00,-205.58,腾讯财经
2026-07-14 03:50:00,139.32,144.70,144.92,136.78,63454961,-5.98,-4.00,-207.23,腾讯财经
2026-07-14 04:00:00,138.62,144.70,144.92,136.78,67382584,-6.68,-4.00,-206.19,腾讯财经
2026-07-14 04:10:02,139.14,144.70,144.92,136.78,70710426,-6.16,-4.00,-206.96,腾讯财经
2026-07-14 04:20:00,139.14,144.70,144.92,136.78,70867027,-6.16,-4.00,-206.96,腾讯财经
2026-07-14 04:30:05,139.14,144.70,144.92,136.78,70899248,-6.16,-4.00,-206.96,腾讯财经
2026-07-14 04:40:00,139.14,144.70,144.92,136.78,70937725,-6.16,-4.00,-206.96,腾讯财经
2026-07-14 04:50:00,139.14,144.70,144.92,136.78,70967923,-6.16,-4.00,-206.96,腾讯财经
2026-07-14 05:00:00,139.14,144.70,144.92,136.78,71005526,-6.16,-4.00,-206.96,腾讯财经
2026-07-14 05:10:02,139.14,144.70,144.92,136.78,71041230,-6.16,-4.00,-206.96,腾讯财经
2026-07-14 05:20:03,139.14,144.70,144.92,136.78,71057606,-6.16,-4.00,-206.96,腾讯财经
2026-07-14 05:30:02,139.14,144.70,144.92,136.78,71091944,-6.16,-4.00,-206.96,腾讯财经
2026-07-14 05:40:03,139.14,144.70,144.92,136.78,71115531,-6.16,-4.00,-206.96,腾讯财经
2026-07-14 05:50:00,139.14,144.70,144.92,136.78,71127682,-6.16,-4.00,-206.96,腾讯财经
2026-07-14 06:00:00,139.14,144.70,144.92,136.78,71143877,-6.16,-4.00,-206.96,腾讯财经
2026-07-14 06:10:02,139.14,144.70,144.92,136.78,71165794,-6.16,-4.00,-206.96,腾讯财经
2026-07-14 06:20:03,139.14,144.70,144.92,136.78,71182225,-6.16,-4.00,-206.96,腾讯财经
2026-07-14 06:30:00,139.14,144.70,144.92,136.78,71191953,-6.16,-4.00,-206.96,腾讯财经
2026-07-14 06:40:00,139.14,144.70,144.92,136.78,71203523,-6.16,-4.00,-206.96,腾讯财经
2026-07-14 06:50:00,139.14,144.70,144.92,136.78,71220977,-6.16,-4.00,-206.96,腾讯财经
2026-07-14 07:00:02,139.14,144.70,144.92,136.78,71243618,-6.16,-4.00,-206.96,腾讯财经
2026-07-14 07:10:00,139.14,144.70,144.92,136.78,71274511,-6.16,-4.00,-206.96,腾讯财经
2026-07-14 07:20:05,139.14,144.70,144.92,136.78,71311953,-6.16,-4.00,-206.96,腾讯财经
2026-07-14 07:30:01,139.14,144.70,144.92,136.78,71329513,-6.16,-4.00,-206.96,腾讯财经
2026-07-14 07:40:00,139.14,144.70,144.92,136.78,71382532,-6.16,-4.00,-206.96,腾讯财经
2026-07-14 07:50:00,139.14,144.70,144.92,136.78,71419434,-6.16,-4.00,-206.96,腾讯财经
2026-07-14 08:40:05,139.14,144.70,144.92,136.78,71456511,-6.16,-4.00,-206.96,腾讯财经
2026-07-14 08:50:05,139.14,144.70,144.92,136.78,71456511,-6.16,-4.00,-206.96,腾讯财经
2026-07-14 09:00:00,139.14,144.70,144.92,136.78,71456511,-6.16,-4.00,-206.96,腾讯财经
2026-07-14 09:10:00,139.14,144.70,144.92,136.78,71456511,-6.16,-4.00,-206.96,腾讯财经
2026-07-14 09:20:00,139.14,144.70,144.92,136.78,71456511,-6.16,-4.00,-206.96,腾讯财经
2026-07-14 09:30:00,139.14,144.70,144.92,136.78,71456511,-6.16,-4.00,-206.96,腾讯财经
2026-07-14 09:40:01,139.14,144.70,144.92,136.78,71456511,-6.16,-4.00,-206.96,腾讯财经
2026-07-14 09:50:04,139.14,144.70,144.92,136.78,71456511,-6.16,-4.00,-206.96,腾讯财经
2026-07-14 10:00:04,139.14,144.70,144.92,136.78,71456511,-6.16,-4.00,-206.96,腾讯财经
2026-07-14 10:10:00,139.14,144.70,144.92,136.78,71456511,-6.16,-4.00,-206.96,腾讯财经
2026-07-14 10:20:03,139.14,144.70,144.92,136.78,71456511,-6.16,-4.00,-206.96,腾讯财经
2026-07-14 10:30:00,139.14,144.70,144.92,136.78,71456511,-6.16,-4.00,-206.96,腾讯财经
2026-07-14 10:40:00,139.14,144.70,144.92,136.78,71456511,-6.16,-4.00,-206.96,腾讯财经
2026-07-14 10:50:01,139.14,144.70,144.92,136.78,71456511,-6.16,-4.00,-206.96,腾讯财经
2026-07-14 11:00:04,139.14,144.70,144.92,136.78,71456511,-6.16,-4.00,-206.96,腾讯财经
2026-07-14 11:10:04,139.14,144.70,144.92,136.78,71456511,-6.16,-4.00,-206.96,腾讯财经
2026-07-14 11:20:00,139.14,144.70,144.92,136.78,71456511,-6.16,-4.00,-206.96,腾讯财经
2026-07-14 11:30:04,139.14,144.70,144.92,136.78,71456511,-6.16,-4.00,-206.96,腾讯财经
2026-07-14 11:40:03,139.14,144.70,144.92,136.78,71456511,-6.16,-4.00,-206.96,腾讯财经
2026-07-14 11:50:00,139.14,144.70,144.92,136.78,71456511,-6.16,-4.00,-206.96,腾讯财经
2026-07-14 12:00:00,139.14,144.70,144.92,136.78,71456511,-6.16,-4.00,-206.96,腾讯财经
2026-07-14 12:10:04,139.14,144.70,144.92,136.78,71456511,-6.16,-4.00,-206.96,腾讯财经
2026-07-14 12:20:00,139.14,144.70,144.92,136.78,71456511,-6.16,-4.00,-206.96,腾讯财经
2026-07-14 12:30:00,139.14,144.70,144.92,136.78,71456511,-6.16,-4.00,-206.96,腾讯财经
2026-07-14 12:40:01,139.14,144.70,144.92,136.78,71456511,-6.16,-4.00,-206.96,腾讯财经
2026-07-14 12:50:00,139.14,144.70,144.92,136.78,71456511,-6.16,-4.00,-206.96,腾讯财经
2026-07-14 13:00:01,139.14,144.70,144.92,136.78,71456511,-6.16,-4.00,-206.96,腾讯财经
2026-07-14 13:10:05,139.14,144.70,144.92,136.78,71456511,-6.16,-4.00,-206.96,腾讯财经
2026-07-14 13:20:00,139.14,144.70,144.92,136.78,71456511,-6.16,-4.00,-206.96,腾讯财经
2026-07-14 13:30:00,139.14,144.70,144.92,136.78,71456511,-6.16,-4.00,-206.96,腾讯财经
2026-07-14 13:40:03,139.14,144.70,144.92,136.78,71456511,-6.16,-4.00,-206.96,腾讯财经
2026-07-14 13:50:00,139.14,144.70,144.92,136.78,71456511,-6.16,-4.00,-206.96,腾讯财经
2026-07-14 14:00:01,139.14,144.70,144.92,136.78,71456511,-6.16,-4.00,-206.96,腾讯财经
2026-07-14 14:10:01,139.14,144.70,144.92,136.78,71456511,-6.16,-4.00,-206.96,腾讯财经
2026-07-14 14:20:00,139.14,144.70,144.92,136.78,71456511,-6.16,-4.00,-206.96,腾讯财经
2026-07-14 14:30:03,139.14,144.70,144.92,136.78,71456511,-6.16,-4.00,-206.96,腾讯财经
2026-07-14 14:40:01,139.14,144.70,144.92,136.78,71456511,-6.16,-4.00,-206.96,腾讯财经
2026-07-14 14:50:05,139.14,144.70,144.92,136.78,71456511,-6.16,-4.00,-206.96,腾讯财经
2026-07-14 15:00:02,139.14,144.70,144.92,136.78,71456511,-6.16,-4.00,-206.96,腾讯财经
2026-07-14 15:10:04,139.14,144.70,144.92,136.78,71456511,-6.16,-4.00,-206.96,腾讯财经
2026-07-14 15:20:00,139.14,144.70,144.92,136.78,71456511,-6.16,-4.00,-206.96,腾讯财经
2026-07-14 15:30:00,139.14,144.70,144.92,136.78,71456511,-6.16,-4.00,-206.96,腾讯财经
2026-07-14 15:40:02,139.14,144.70,144.92,136.78,71456511,-6.16,-4.00,-206.96,腾讯财经
2026-07-14 15:50:00,139.14,144.70,144.92,136.78,71456511,-6.16,-4.00,-206.96,腾讯财经
2026-07-14 16:00:00,139.14,144.70,144.92,136.78,71456511,-6.16,-4.00,-206.96,腾讯财经
2026-07-14 16:10:00,139.14,144.70,144.92,136.78,71456511,-6.16,-4.00,-206.96,腾讯财经
2026-07-14 16:20:00,139.14,144.70,144.92,136.78,71456511,-6.16,-4.00,-206.96,腾讯财经
2026-07-14 16:30:01,139.14,144.70,144.92,136.78,71456511,-6.16,-4.00,-206.96,腾讯财经
2026-07-14 16:40:02,139.14,144.70,144.92,136.78,71456511,-6.16,-4.00,-206.96,腾讯财经
2026-07-14 16:50:04,139.14,144.70,144.92,136.78,71456511,-6.16,-4.00,-206.96,腾讯财经
2026-07-14 17:00:02,139.14,144.70,144.92,136.78,71456511,-6.16,-4.00,-206.96,腾讯财经
2026-07-14 17:10:01,139.14,144.70,144.92,136.78,71456511,-6.16,-4.00,-206.96,腾讯财经
2026-07-14 17:20:00,139.14,144.70,144.92,136.78,71456511,-6.16,-4.00,-206.96,腾讯财经
2026-07-14 17:30:00,139.14,144.70,144.92,136.78,71456511,-6.16,-4.00,-206.96,腾讯财经
2026-07-14 18:37:43,139.14,144.70,144.92,136.78,71456511,-6.16,-4.00,-206.96,腾讯财经
2026-07-14 18:40:02,139.14,144.70,144.92,136.78,71456511,-6.16,-4.00,-206.96,腾讯财经
2026-07-14 18:50:00,139.14,144.70,144.92,136.78,71456511,-6.16,-4.00,-206.96,腾讯财经
2026-07-14 19:00:00,139.14,144.70,144.92,136.78,71456511,-6.16,-4.00,-206.96,腾讯财经
2026-07-14 19:10:03,139.14,144.70,144.92,136.78,71456511,-6.16,-4.00,-206.96,腾讯财经
2026-07-14 19:20:00,139.14,144.70,144.92,136.78,71456511,-6.16,-4.00,-206.96,腾讯财经
2026-07-14 19:30:03,139.14,144.70,144.92,136.78,71456511,-6.16,-4.00,-206.96,腾讯财经
2026-07-14 19:40:00,139.14,144.70,144.92,136.78,71456511,-6.16,-4.00,-206.96,腾讯财经
2026-07-14 19:50:01,139.14,144.70,144.92,136.78,71456511,-6.16,-4.00,-206.96,腾讯财经
2026-07-14 20:00:05,139.14,144.70,144.92,136.78,71456511,-6.16,-4.00,-206.96,腾讯财经
2026-07-14 20:10:05,139.14,144.70,144.92,136.78,71456511,-6.16,-4.00,-206.96,腾讯财经
2026-07-14 20:20:04,139.14,144.70,144.92,136.78,71456511,-6.16,-4.00,-206.96,腾讯财经
2026-07-14 20:30:05,139.14,144.70,144.92,136.78,71456511,-6.16,-4.00,-206.96,腾讯财经
2026-07-14 20:40:00,139.14,144.70,144.92,136.78,71456511,-6.16,-4.00,-206.96,腾讯财经
2026-07-14 20:50:03,139.14,144.70,144.92,136.78,71456511,-6.16,-4.00,-206.96,腾讯财经
2026-07-14 21:00:03,139.14,144.70,144.92,136.78,71456511,-6.16,-4.00,-206.96,腾讯财经
2026-07-14 21:10:03,139.14,144.70,144.92,136.78,71456511,-6.16,-4.00,-206.96,腾讯财经
2026-07-14 21:20:00,139.14,144.70,144.92,136.78,71456511,-6.16,-4.00,-206.96,腾讯财经
2026-07-14 21:30:05,139.14,0.00,0.00,0.00,2376370,0,0,-206.96,腾讯财经
2026-07-14 21:40:01,142.44,140.95,142.80,140.50,6067732,3.30,2.00,-211.87,腾讯财经
2026-07-14 21:50:01,141.33,140.95,143.20,140.50,8079720,2.19,1.00,-210.21,腾讯财经
2026-07-14 22:00:03,142.55,140.95,143.20,140.40,9713083,3.41,2.00,-212.03,腾讯财经
2026-07-14 22:10:03,142.07,140.95,143.20,140.40,10772322,2.93,2.00,-211.32,腾讯财经
2026-07-14 22:20:00,142.49,140.95,143.20,140.40,12079443,3.35,2.00,-211.94,腾讯财经
2026-07-14 22:30:01,140.88,140.95,143.20,140.40,13243905,1.74,1.00,-209.55,腾讯财经
2026-07-14 22:40:00,141.67,140.95,143.20,140.29,14383205,2.53,1.00,-210.72,腾讯财经
2026-07-14 22:50:00,141.23,140.95,143.20,140.29,15000817,2.09,1.00,-210.06,腾讯财经
2026-07-14 23:00:01,141.21,140.95,143.20,140.29,15799238,2.07,1.00,-210.04,腾讯财经
2026-07-14 23:10:02,141.71,140.95,143.20,140.29,16443990,2.57,1.00,-210.78,腾讯财经
2026-07-14 23:20:00,142.42,140.95,143.20,140.29,17356234,3.28,2.00,-211.83,腾讯财经
2026-07-14 23:30:00,143.11,140.95,143.20,140.29,18314432,3.97,2.00,-212.87,腾讯财经
2026-07-14 23:40:00,142.95,140.95,143.33,140.29,19361136,3.81,2.00,-212.62,腾讯财经
2026-07-14 23:50:03,142.73,140.95,143.33,140.29,19894233,3.59,2.00,-212.30,腾讯财经
2026-07-15 00:00:00,142.39,140.95,143.33,140.29,20341577,3.25,2.00,-211.80,腾讯财经
2026-07-15 00:10:01,141.75,140.95,143.33,140.29,21027247,2.61,1.00,-210.84,腾讯财经
2026-07-15 00:20:00,141.19,140.95,143.33,140.29,21721792,2.05,1.00,-210.01,腾讯财经
2026-07-15 00:30:01,140.77,140.95,143.33,140.29,22431381,1.63,1.00,-209.39,腾讯财经
2026-07-15 00:40:00,140.36,140.95,143.33,140.29,23066015,1.22,0,-208.78,腾讯财经
2026-07-15 00:50:00,139.57,140.95,143.33,139.25,24539237,.43,0,-207.59,腾讯财经
2026-07-15 01:00:00,138.62,140.95,143.33,138.62,25722211,-.52,0,-206.19,腾讯财经
2026-07-15 01:10:00,139.08,140.95,143.33,138.24,26775076,-.06,0,-206.86,腾讯财经
2026-07-15 01:20:03,138.47,140.95,143.33,138.20,27756437,-.67,0,-205.96,腾讯财经
2026-07-15 01:30:04,138.82,140.95,143.33,138.20,28376514,-.32,0,-206.48,腾讯财经
2026-07-15 01:40:00,138.59,140.95,143.33,138.20,28903029,-.55,0,-206.14,腾讯财经
2026-07-15 01:50:03,138.36,140.95,143.33,138.20,29475439,-.78,0,-205.80,腾讯财经
2026-07-15 02:00:01,138.65,140.95,143.33,138.20,29978696,-.49,0,-206.23,腾讯财经
2026-07-15 02:10:00,138.13,140.95,143.33,137.88,31196873,-1.01,0,-205.46,腾讯财经
2026-07-15 02:20:00,138.53,140.95,143.33,137.88,31726986,-.61,0,-206.05,腾讯财经
2026-07-15 02:30:00,138.32,140.95,143.33,137.88,32226323,-.82,0,-205.74,腾讯财经
2026-07-15 02:40:00,138.97,140.95,143.33,137.88,32853259,-.17,0,-206.71,腾讯财经
2026-07-15 02:50:00,138.92,140.95,143.33,137.88,33688076,-.22,0,-206.63,腾讯财经
2026-07-15 03:00:00,138.59,140.95,143.33,137.88,34104646,-.55,0,-206.14,腾讯财经
2026-07-15 03:10:01,138.69,140.95,143.33,137.88,34552163,-.45,0,-206.28,腾讯财经
2026-07-15 03:20:02,138.55,140.95,143.33,137.88,35099287,-.59,0,-206.08,腾讯财经
2026-07-15 03:30:04,138.13,140.95,143.33,137.88,35784919,-1.01,0,-205.46,腾讯财经
2026-07-15 03:40:00,137.33,140.95,143.33,137.28,37179080,-1.81,-1.00,-204.27,腾讯财经
2026-07-15 03:50:05,136.76,140.95,143.33,136.72,39276857,-2.38,-1.00,-203.42,腾讯财经
2026-07-15 04:00:04,136.12,140.95,143.33,135.93,43493690,-3.02,-2.00,-202.47,腾讯财经
2026-07-15 04:10:00,136.08,140.95,143.33,135.93,45761808,-3.06,-2.00,-202.41,腾讯财经
2026-07-15 04:20:00,136.08,140.95,143.33,135.52,45862452,-3.06,-2.00,-202.41,腾讯财经
2026-07-15 04:30:02,136.08,140.95,143.33,135.52,45938590,-3.06,-2.00,-202.41,腾讯财经
2026-07-15 04:40:02,136.08,140.95,143.33,135.52,46004141,-3.06,-2.00,-202.41,腾讯财经
2026-07-15 04:50:00,136.08,140.95,143.33,135.52,46068478,-3.06,-2.00,-202.41,腾讯财经
2026-07-15 05:00:00,136.08,140.95,143.33,135.52,46118138,-3.06,-2.00,-202.41,腾讯财经
2026-07-15 05:10:01,136.08,140.95,143.33,135.52,46192856,-3.06,-2.00,-202.41,腾讯财经
2026-07-15 05:20:00,136.08,140.95,143.33,135.52,46235861,-3.06,-2.00,-202.41,腾讯财经
2026-07-15 05:30:00,136.08,140.95,143.33,135.52,46259740,-3.06,-2.00,-202.41,腾讯财经
2026-07-15 05:40:00,136.08,140.95,143.33,135.52,46279955,-3.06,-2.00,-202.41,腾讯财经
2026-07-15 05:50:00,136.08,140.95,143.33,135.52,46307610,-3.06,-2.00,-202.41,腾讯财经
2026-07-15 06:00:03,136.08,140.95,143.33,135.52,46345470,-3.06,-2.00,-202.41,腾讯财经
2026-07-15 06:10:02,136.08,140.95,143.33,135.52,46377605,-3.06,-2.00,-202.41,腾讯财经
2026-07-15 06:20:00,136.08,140.95,143.33,135.52,46412578,-3.06,-2.00,-202.41,腾讯财经
2026-07-15 06:30:00,136.08,140.95,143.33,135.52,46450130,-3.06,-2.00,-202.41,腾讯财经
2026-07-15 06:40:02,136.08,140.95,143.33,135.52,46499621,-3.06,-2.00,-202.41,腾讯财经
2026-07-15 06:50:00,136.08,140.95,143.33,135.52,46514164,-3.06,-2.00,-202.41,腾讯财经
2026-07-15 07:00:00,136.08,140.95,143.33,135.52,46535455,-3.06,-2.00,-202.41,腾讯财经
2026-07-15 07:10:00,136.08,140.95,143.33,135.52,46583268,-3.06,-2.00,-202.41,腾讯财经
2026-07-15 07:20:01,136.08,140.95,143.33,135.52,46600565,-3.06,-2.00,-202.41,腾讯财经
2026-07-15 07:30:00,136.08,140.95,143.33,135.52,46622439,-3.06,-2.00,-202.41,腾讯财经
2026-07-15 07:40:01,136.08,140.95,143.33,135.52,46644451,-3.06,-2.00,-202.41,腾讯财经
2026-07-15 07:50:01,136.08,140.95,143.33,135.52,46665771,-3.06,-2.00,-202.41,腾讯财经
2026-07-15 08:40:03,136.08,140.95,143.33,135.52,46694833,-3.06,-2.00,-202.41,腾讯财经
2026-07-15 08:50:01,136.08,140.95,143.33,135.52,46694833,-3.06,-2.00,-202.41,腾讯财经
2026-07-15 09:00:05,136.08,140.95,143.33,135.52,46694833,-3.06,-2.00,-202.41,腾讯财经
2026-07-15 09:10:00,136.08,140.95,143.33,135.52,46694833,-3.06,-2.00,-202.41,腾讯财经
2026-07-15 09:20:00,136.08,140.95,143.33,135.52,46694833,-3.06,-2.00,-202.41,腾讯财经
2026-07-15 09:30:00,136.08,140.95,143.33,135.52,46694833,-3.06,-2.00,-202.41,腾讯财经
2026-07-15 09:40:00,136.08,140.95,143.33,135.52,46694833,-3.06,-2.00,-202.41,腾讯财经
2026-07-15 09:50:00,136.08,140.95,143.33,135.52,46694833,-3.06,-2.00,-202.41,腾讯财经
2026-07-15 10:00:02,136.08,140.95,143.33,135.52,46694833,-3.06,-2.00,-202.41,腾讯财经
2026-07-15 10:10:00,136.08,140.95,143.33,135.52,46694833,-3.06,-2.00,-202.41,腾讯财经
2026-07-15 10:20:00,136.08,140.95,143.33,135.52,46694833,-3.06,-2.00,-202.41,腾讯财经
2026-07-15 10:30:00,136.08,140.95,143.33,135.52,46694833,-3.06,-2.00,-202.41,腾讯财经
2026-07-15 10:40:02,136.08,140.95,143.33,135.52,46694833,-3.06,-2.00,-202.41,腾讯财经
2026-07-15 10:50:01,136.08,140.95,143.33,135.52,46694833,-3.06,-2.00,-202.41,腾讯财经
2026-07-15 11:00:00,136.08,140.95,143.33,135.52,46694833,-3.06,-2.00,-202.41,腾讯财经
2026-07-15 11:10:02,136.08,140.95,143.33,135.52,46694833,-3.06,-2.00,-202.41,腾讯财经
2026-07-15 11:20:03,136.08,140.95,143.33,135.52,46694833,-3.06,-2.00,-202.41,腾讯财经
2026-07-15 11:30:00,136.08,140.95,143.33,135.52,46694833,-3.06,-2.00,-202.41,腾讯财经
2026-07-15 11:40:01,136.08,140.95,143.33,135.52,46694833,-3.06,-2.00,-202.41,腾讯财经
2026-07-15 11:50:01,136.08,140.95,143.33,135.52,46694833,-3.06,-2.00,-202.41,腾讯财经
2026-07-15 12:00:00,136.08,140.95,143.33,135.52,46694833,-3.06,-2.00,-202.41,腾讯财经
2026-07-15 12:10:00,136.08,140.95,143.33,135.52,46694833,-3.06,-2.00,-202.41,腾讯财经
2026-07-15 12:20:00,136.08,140.95,143.33,135.52,46694833,-3.06,-2.00,-202.41,腾讯财经
2026-07-15 12:30:01,136.08,140.95,143.33,135.52,46694833,-3.06,-2.00,-202.41,腾讯财经
2026-07-15 12:40:00,136.08,140.95,143.33,135.52,46694833,-3.06,-2.00,-202.41,腾讯财经
2026-07-15 12:50:03,136.08,140.95,143.33,135.52,46694833,-3.06,-2.00,-202.41,腾讯财经
2026-07-15 13:00:01,136.08,140.95,143.33,135.52,46694833,-3.06,-2.00,-202.41,腾讯财经
2026-07-15 13:10:04,136.08,140.95,143.33,135.52,46694833,-3.06,-2.00,-202.41,腾讯财经
2026-07-15 13:20:00,136.08,140.95,143.33,135.52,46694833,-3.06,-2.00,-202.41,腾讯财经
2026-07-15 13:30:05,136.08,140.95,143.33,135.52,46694833,-3.06,-2.00,-202.41,腾讯财经
2026-07-15 13:40:01,136.08,140.95,143.33,135.52,46694833,-3.06,-2.00,-202.41,腾讯财经
2026-07-15 13:50:01,136.08,140.95,143.33,135.52,46694833,-3.06,-2.00,-202.41,腾讯财经
2026-07-15 14:00:05,136.08,140.95,143.33,135.52,46694833,-3.06,-2.00,-202.41,腾讯财经
2026-07-15 14:10:05,136.08,140.95,143.33,135.52,46694833,-3.06,-2.00,-202.41,腾讯财经
2026-07-15 14:20:04,136.08,140.95,143.33,135.52,46694833,-3.06,-2.00,-202.41,腾讯财经
2026-07-15 14:30:05,136.08,140.95,143.33,135.52,46694833,-3.06,-2.00,-202.41,腾讯财经
2026-07-15 14:40:04,136.08,140.95,143.33,135.52,46694833,-3.06,-2.00,-202.41,腾讯财经
2026-07-15 14:50:05,136.08,140.95,143.33,135.52,46694833,-3.06,-2.00,-202.41,腾讯财经
2026-07-15 15:00:02,136.08,140.95,143.33,135.52,46694833,-3.06,-2.00,-202.41,腾讯财经
2026-07-15 15:10:04,136.08,140.95,143.33,135.52,46694833,-3.06,-2.00,-202.41,腾讯财经
2026-07-15 15:20:04,136.08,140.95,143.33,135.52,46694833,-3.06,-2.00,-202.41,腾讯财经
2026-07-15 15:30:05,136.08,140.95,143.33,135.52,46694833,-3.06,-2.00,-202.41,腾讯财经
2026-07-15 15:40:05,136.08,140.95,143.33,135.52,46694833,-3.06,-2.00,-202.41,腾讯财经
2026-07-15 15:50:05,136.08,140.95,143.33,135.52,46694833,-3.06,-2.00,-202.41,腾讯财经
2026-07-15 16:00:05,136.08,140.95,143.33,135.52,46694833,-3.06,-2.00,-202.41,腾讯财经
2026-07-15 16:10:00,136.08,140.95,143.33,135.52,46694833,-3.06,-2.00,-202.41,腾讯财经
2026-07-15 16:20:03,136.08,140.95,143.33,135.52,46694833,-3.06,-2.00,-202.41,腾讯财经
2026-07-15 16:30:05,136.08,140.95,143.33,135.52,46694833,-3.06,-2.00,-202.41,腾讯财经
2026-07-15 16:40:05,136.08,140.95,143.33,135.52,46694833,-3.06,-2.00,-202.41,腾讯财经
2026-07-15 16:50:05,136.08,140.95,143.33,135.52,46694833,-3.06,-2.00,-202.41,腾讯财经
2026-07-15 17:00:01,136.08,140.95,143.33,135.52,46694833,-3.06,-2.00,-202.41,腾讯财经
2026-07-15 17:10:02,136.08,140.95,143.33,135.52,46694833,-3.06,-2.00,-202.41,腾讯财经
2026-07-15 17:20:01,136.08,140.95,143.33,135.52,46694833,-3.06,-2.00,-202.41,腾讯财经
2026-07-15 17:30:02,136.08,140.95,143.33,135.52,46694833,-3.06,-2.00,-202.41,腾讯财经
2026-07-15 18:44:39,136.08,140.95,143.33,135.52,46694833,-3.06,-2.00,-202.41,腾讯财经
2026-07-15 18:50:05,136.08,140.95,143.33,135.52,46694833,-3.06,-2.00,-202.41,腾讯财经
2026-07-15 19:00:00,136.08,140.95,143.33,135.52,46694833,-3.06,-2.00,-202.41,腾讯财经
2026-07-15 19:10:05,136.08,140.95,143.33,135.52,46694833,-3.06,-2.00,-202.41,腾讯财经
2026-07-15 19:20:05,136.08,140.95,143.33,135.52,46694833,-3.06,-2.00,-202.41,腾讯财经
2026-07-15 19:30:03,136.08,140.95,143.33,135.52,46694833,-3.06,-2.00,-202.41,腾讯财经
2026-07-15 19:40:03,136.08,140.95,143.33,135.52,46694833,-3.06,-2.00,-202.41,腾讯财经
2026-07-15 19:50:02,136.08,140.95,143.33,135.52,46694833,-3.06,-2.00,-202.41,腾讯财经
2026-07-15 20:00:00,136.08,140.95,143.33,135.52,46694833,-3.06,-2.00,-202.41,腾讯财经
2026-07-15 20:10:05,136.08,140.95,143.33,135.52,46694833,-3.06,-2.00,-202.41,腾讯财经
2026-07-15 20:20:01,136.08,140.95,143.33,135.52,46694833,-3.06,-2.00,-202.41,腾讯财经
2026-07-15 20:30:04,136.08,140.95,143.33,135.52,46694833,-3.06,-2.00,-202.41,腾讯财经
2026-07-15 20:40:00,136.08,140.95,143.33,135.52,46694833,-3.06,-2.00,-202.41,腾讯财经
2026-07-15 20:50:05,136.08,140.95,143.33,135.52,46694833,-3.06,-2.00,-202.41,腾讯财经
2026-07-15 21:00:00,136.08,140.95,143.33,135.52,46694833,-3.06,-2.00,-202.41,腾讯财经
2026-07-15 21:10:05,136.08,140.95,143.33,135.52,46694833,-3.06,-2.00,-202.41,腾讯财经
2026-07-15 21:20:00,136.08,140.95,143.33,135.52,46694833,-3.06,-2.00,-202.41,腾讯财经
2026-07-15 21:30:00,136.08,0.00,0.00,0.00,1617214,0,0,-202.41,腾讯财经
2026-07-15 21:40:00,138.42,137.51,139.34,137.11,4664787,2.34,1.00,-205.88,腾讯财经
2026-07-15 21:50:05,137.84,137.51,139.34,137.11,6334933,1.76,1.00,-205.03,腾讯财经
2026-07-15 22:00:04,138.14,137.51,139.34,137.11,7613357,2.06,1.00,-205.47,腾讯财经
2026-07-15 22:10:01,137.65,137.51,139.34,137.11,8387797,1.57,1.00,-204.74,腾讯财经
2026-07-15 22:20:00,137.31,137.51,139.34,137.11,9445893,1.23,0,-204.24,腾讯财经
2026-07-15 22:30:00,137.08,137.51,139.34,136.44,10863689,1.00,0,-203.90,腾讯财经
2026-07-15 22:40:00,136.60,137.51,139.34,136.44,11662054,.52,0,-203.18,腾讯财经
2026-07-15 22:50:03,136.51,137.51,139.34,136.10,12876172,.43,0,-203.05,腾讯财经
2026-07-15 23:00:00,136.80,137.51,139.34,136.10,13567446,.72,0,-203.48,腾讯财经
2026-07-15 23:10:00,137.02,137.51,139.34,136.10,14190947,.94,0,-203.81,腾讯财经
2026-07-15 23:20:00,136.09,137.51,139.34,135.84,15512673,.01,0,-202.42,腾讯财经
2026-07-15 23:30:00,135.86,137.51,139.34,135.33,17043177,-.22,0,-202.08,腾讯财经
2026-07-15 23:40:02,136.46,137.51,139.34,135.33,17951550,.38,0,-202.97,腾讯财经
2026-07-15 23:50:04,136.29,137.51,139.34,135.33,18468756,.21,0,-202.72,腾讯财经
2026-07-16 00:00:00,135.80,137.51,139.34,135.33,19152830,-.28,0,-201.99,腾讯财经
2026-07-16 00:10:00,133.15,137.51,139.34,133.01,26764961,-2.93,-2.00,-198.06,腾讯财经
2026-07-16 00:20:04,133.33,137.51,139.34,132.15,29674540,-2.75,-2.00,-198.31,腾讯财经
2026-07-16 00:30:00,133.84,137.51,139.34,132.15,31103678,-2.24,-1.00,-199.08,腾讯财经
2026-07-16 00:40:00,132.70,137.51,139.34,132.15,32553812,-3.38,-2.00,-197.38,腾讯财经
2026-07-16 00:50:00,133.22,137.51,139.34,132.15,33865761,-2.86,-2.00,-198.16,腾讯财经
2026-07-16 01:00:01,134.05,137.51,139.34,132.15,36061333,-2.03,-1.00,-199.40,腾讯财经
2026-07-16 01:10:04,135.23,137.51,139.34,132.15,37742992,-.85,0,-201.14,腾讯财经
2026-07-16 01:20:00,134.84,137.51,139.34,132.15,38983537,-1.24,0,-200.56,腾讯财经
2026-07-16 01:30:00,134.88,137.51,139.34,132.15,40449761,-1.20,0,-200.62,腾讯财经
2026-07-16 01:40:00,134.72,137.51,139.34,132.15,41448326,-1.36,0,-200.39,腾讯财经
2026-07-16 01:50:02,135.43,137.51,139.34,132.15,42293784,-.65,0,-201.44,腾讯财经
2026-07-16 02:00:00,135.55,137.51,139.34,132.15,43493937,-.53,0,-201.61,腾讯财经
2026-07-16 02:10:00,136.07,137.51,139.34,132.15,44573777,-.01,0,-202.40,腾讯财经
2026-07-16 02:20:01,135.77,137.51,139.34,132.15,45197070,-.31,0,-201.95,腾讯财经
2026-07-16 02:30:04,135.74,137.51,139.34,132.15,45768885,-.34,0,-201.90,腾讯财经
2026-07-16 02:40:00,135.69,137.51,139.34,132.15,46834435,-.39,0,-201.82,腾讯财经
2026-07-16 02:50:05,134.81,137.51,139.34,132.15,48029286,-1.27,0,-200.51,腾讯财经
2026-07-16 03:00:02,134.47,137.51,139.34,132.15,48759838,-1.61,-1.00,-200.01,腾讯财经
2026-07-16 03:10:01,134.31,137.51,139.34,132.15,49405830,-1.77,-1.00,-199.78,腾讯财经
2026-07-16 03:20:01,134.20,137.51,139.34,132.15,49990367,-1.88,-1.00,-199.61,腾讯财经
2026-07-16 03:30:00,134.88,137.51,139.34,132.15,50790882,-1.20,0,-200.62,腾讯财经
2026-07-16 03:40:00,135.22,137.51,139.34,132.15,51669877,-.86,0,-201.12,腾讯财经
2026-07-16 03:50:04,135.41,137.51,139.34,132.15,52723155,-.67,0,-201.41,腾讯财经
2026-07-16 04:00:00,135.20,137.51,139.34,132.15,55435223,-.88,0,-201.10,腾讯财经
2026-07-16 04:10:00,135.27,137.51,139.34,132.15,57515142,-.81,0,-201.20,腾讯财经
2026-07-16 04:20:00,135.27,137.51,139.34,132.15,57555472,-.81,0,-201.20,腾讯财经
2026-07-16 04:30:00,135.27,137.51,139.34,132.15,57571451,-.81,0,-201.20,腾讯财经
2026-07-16 04:40:05,135.27,137.51,139.34,132.15,57596571,-.81,0,-201.20,腾讯财经
2026-07-16 04:50:01,135.27,137.51,139.34,132.15,57624427,-.81,0,-201.20,腾讯财经
2026-07-16 05:00:00,135.27,137.51,139.34,132.15,57650071,-.81,0,-201.20,腾讯财经
2026-07-16 05:10:00,135.27,137.51,139.34,132.15,57680109,-.81,0,-201.20,腾讯财经
2026-07-16 05:20:00,135.27,137.51,139.34,132.15,57700298,-.81,0,-201.20,腾讯财经
2026-07-16 05:30:05,135.27,137.51,139.34,132.15,57726926,-.81,0,-201.20,腾讯财经
2026-07-16 05:40:04,135.27,137.51,139.34,132.15,57739216,-.81,0,-201.20,腾讯财经
2026-07-16 05:50:02,135.27,137.51,139.34,132.15,57751834,-.81,0,-201.20,腾讯财经
2026-07-16 06:00:00,135.27,137.51,139.34,132.15,57816306,-.81,0,-201.20,腾讯财经
2026-07-16 06:10:04,135.27,137.51,139.34,132.15,57864415,-.81,0,-201.20,腾讯财经
2026-07-16 06:20:02,135.27,137.51,139.34,132.15,57880949,-.81,0,-201.20,腾讯财经
2026-07-16 06:30:04,135.27,137.51,139.34,132.15,57905126,-.81,0,-201.20,腾讯财经
2026-07-16 06:40:05,135.27,137.51,139.34,132.15,57915101,-.81,0,-201.20,腾讯财经
2026-07-16 06:50:01,135.27,137.51,139.34,132.15,57931523,-.81,0,-201.20,腾讯财经
2026-07-16 07:00:02,135.27,137.51,139.34,132.15,57947042,-.81,0,-201.20,腾讯财经
2026-07-16 07:10:00,135.27,137.51,139.34,132.15,57957525,-.81,0,-201.20,腾讯财经
2026-07-16 07:20:00,135.27,137.51,139.34,132.15,57974389,-.81,0,-201.20,腾讯财经
2026-07-16 07:30:00,135.27,137.51,139.34,132.15,57991553,-.81,0,-201.20,腾讯财经
2026-07-16 08:40:00,135.27,137.51,139.34,132.15,58040919,-.81,0,-201.20,腾讯财经
2026-07-16 08:50:00,135.27,137.51,139.34,132.15,58040919,-.81,0,-201.20,腾讯财经
2026-07-16 09:00:00,135.27,137.51,139.34,132.15,58040919,-.81,0,-201.20,腾讯财经
2026-07-16 09:10:04,135.27,137.51,139.34,132.15,58040919,-.81,0,-201.20,腾讯财经
2026-07-16 09:20:00,135.27,137.51,139.34,132.15,58040919,-.81,0,-201.20,腾讯财经
2026-07-16 09:30:05,135.27,137.51,139.34,132.15,58040919,-.81,0,-201.20,腾讯财经
2026-07-16 09:40:00,135.27,137.51,139.34,132.15,58040919,-.81,0,-201.20,腾讯财经
2026-07-16 09:50:00,135.27,137.51,139.34,132.15,58040919,-.81,0,-201.20,腾讯财经
2026-07-16 10:00:00,135.27,137.51,139.34,132.15,58040919,-.81,0,-201.20,腾讯财经
2026-07-16 10:10:01,135.27,137.51,139.34,132.15,58040919,-.81,0,-201.20,腾讯财经
2026-07-16 10:20:00,135.27,137.51,139.34,132.15,58040919,-.81,0,-201.20,腾讯财经
2026-07-16 10:30:01,135.27,137.51,139.34,132.15,58040919,-.81,0,-201.20,腾讯财经
2026-07-16 10:40:05,135.27,137.51,139.34,132.15,58040919,-.81,0,-201.20,腾讯财经
2026-07-16 10:50:03,135.27,137.51,139.34,132.15,58040919,-.81,0,-201.20,腾讯财经
2026-07-16 11:00:02,135.27,137.51,139.34,132.15,58040919,-.81,0,-201.20,腾讯财经
2026-07-16 11:10:05,135.27,137.51,139.34,132.15,58040919,-.81,0,-201.20,腾讯财经
2026-07-16 11:20:00,135.27,137.51,139.34,132.15,58040919,-.81,0,-201.20,腾讯财经
2026-07-16 11:30:00,135.27,137.51,139.34,132.15,58040919,-.81,0,-201.20,腾讯财经
2026-07-16 11:40:00,135.27,137.51,139.34,132.15,58040919,-.81,0,-201.20,腾讯财经
2026-07-16 11:50:03,135.27,137.51,139.34,132.15,58040919,-.81,0,-201.20,腾讯财经
2026-07-16 12:00:01,135.27,137.51,139.34,132.15,58040919,-.81,0,-201.20,腾讯财经
2026-07-16 12:10:00,135.27,137.51,139.34,132.15,58040919,-.81,0,-201.20,腾讯财经
2026-07-16 12:20:00,135.27,137.51,139.34,132.15,58040919,-.81,0,-201.20,腾讯财经
2026-07-16 12:30:02,135.27,137.51,139.34,132.15,58040919,-.81,0,-201.20,腾讯财经
2026-07-16 12:40:05,135.27,137.51,139.34,132.15,58040919,-.81,0,-201.20,腾讯财经
2026-07-16 12:50:00,135.27,137.51,139.34,132.15,58040919,-.81,0,-201.20,腾讯财经
2026-07-16 13:00:02,135.27,137.51,139.34,132.15,58040919,-.81,0,-201.20,腾讯财经
2026-07-16 13:10:00,135.27,137.51,139.34,132.15,58040919,-.81,0,-201.20,腾讯财经
2026-07-16 13:20:03,135.27,137.51,139.34,132.15,58040919,-.81,0,-201.20,腾讯财经
2026-07-16 13:30:04,135.27,137.51,139.34,132.15,58040919,-.81,0,-201.20,腾讯财经
2026-07-16 13:40:00,135.27,137.51,139.34,132.15,58040919,-.81,0,-201.20,腾讯财经
2026-07-16 13:50:01,135.27,137.51,139.34,132.15,58040919,-.81,0,-201.20,腾讯财经
2026-07-16 14:00:03,135.27,137.51,139.34,132.15,58040919,-.81,0,-201.20,腾讯财经
2026-07-16 14:10:02,135.27,137.51,139.34,132.15,58040919,-.81,0,-201.20,腾讯财经
2026-07-16 14:20:01,135.27,137.51,139.34,132.15,58040919,-.81,0,-201.20,腾讯财经
2026-07-16 14:30:00,135.27,137.51,139.34,132.15,58040919,-.81,0,-201.20,腾讯财经
2026-07-16 14:40:00,135.27,137.51,139.34,132.15,58040919,-.81,0,-201.20,腾讯财经
2026-07-16 14:50:03,135.27,137.51,139.34,132.15,58040919,-.81,0,-201.20,腾讯财经
2026-07-16 15:00:04,135.27,137.51,139.34,132.15,58040919,-.81,0,-201.20,腾讯财经
2026-07-16 15:10:00,135.27,137.51,139.34,132.15,58040919,-.81,0,-201.20,腾讯财经
2026-07-16 15:20:00,135.27,137.51,139.34,132.15,58040919,-.81,0,-201.20,腾讯财经
2026-07-16 15:30:04,135.27,137.51,139.34,132.15,58040919,-.81,0,-201.20,腾讯财经
2026-07-16 15:40:02,135.27,137.51,139.34,132.15,58040919,-.81,0,-201.20,腾讯财经
2026-07-16 15:50:02,135.27,137.51,139.34,132.15,58040919,-.81,0,-201.20,腾讯财经
2026-07-16 16:00:03,135.27,137.51,139.34,132.15,58040919,-.81,0,-201.20,腾讯财经
2026-07-16 16:10:00,135.27,137.51,139.34,132.15,58040919,-.81,0,-201.20,腾讯财经
2026-07-16 16:20:00,135.27,137.51,139.34,132.15,58040919,-.81,0,-201.20,腾讯财经
2026-07-16 16:30:04,135.27,137.51,139.34,132.15,58040919,-.81,0,-201.20,腾讯财经
2026-07-16 16:40:00,135.27,137.51,139.34,132.15,58040919,-.81,0,-201.20,腾讯财经
2026-07-16 16:50:00,135.27,137.51,139.34,132.15,58040919,-.81,0,-201.20,腾讯财经
2026-07-16 17:00:05,135.27,137.51,139.34,132.15,58040919,-.81,0,-201.20,腾讯财经
2026-07-16 17:10:04,135.27,137.51,139.34,132.15,58040919,-.81,0,-201.20,腾讯财经
2026-07-16 17:20:03,135.27,137.51,139.34,132.15,58040919,-.81,0,-201.20,腾讯财经
2026-07-16 17:30:01,135.27,137.51,139.34,132.15,58040919,-.81,0,-201.20,腾讯财经
2026-07-16 18:44:02,135.27,137.51,139.34,132.15,58040919,-.81,0,-201.20,腾讯财经
2026-07-16 18:50:03,135.27,137.51,139.34,132.15,58040919,-.81,0,-201.20,腾讯财经
2026-07-16 19:00:00,135.27,137.51,139.34,132.15,58040919,-.81,0,-201.20,腾讯财经
2026-07-16 19:10:00,135.27,137.51,139.34,132.15,58040919,-.81,0,-201.20,腾讯财经
2026-07-16 19:20:04,135.27,137.51,139.34,132.15,58040919,-.81,0,-201.20,腾讯财经
2026-07-16 19:30:01,135.27,137.51,139.34,132.15,58040919,-.81,0,-201.20,腾讯财经
2026-07-16 19:40:04,135.27,137.51,139.34,132.15,58040919,-.81,0,-201.20,腾讯财经
2026-07-16 19:50:00,135.27,137.51,139.34,132.15,58040919,-.81,0,-201.20,腾讯财经
2026-07-16 20:00:04,135.27,137.51,139.34,132.15,58040919,-.81,0,-201.20,腾讯财经
2026-07-16 20:10:00,135.27,137.51,139.34,132.15,58040919,-.81,0,-201.20,腾讯财经
2026-07-16 20:20:04,135.27,137.51,139.34,132.15,58040919,-.81,0,-201.20,腾讯财经
2026-07-16 20:30:04,135.27,137.51,139.34,132.15,58040919,-.81,0,-201.20,腾讯财经
2026-07-16 20:40:01,135.27,137.51,139.34,132.15,58040919,-.81,0,-201.20,腾讯财经
2026-07-16 20:50:00,135.27,137.51,139.34,132.15,58040919,-.81,0,-201.20,腾讯财经
2026-07-16 21:00:00,135.27,137.51,139.34,132.15,58040919,-.81,0,-201.20,腾讯财经
2026-07-16 21:10:02,135.27,137.51,139.34,132.15,58040919,-.81,0,-201.20,腾讯财经
2026-07-16 21:20:01,135.27,137.51,139.34,132.15,58040919,-.81,0,-201.20,腾讯财经
2026-07-16 21:30:02,135.27,0.00,0.00,0.00,1662994,0,0,-201.20,腾讯财经
2026-07-16 21:40:00,136.63,134.95,137.60,134.37,7389335,1.36,1.00,-203.23,腾讯财经
2026-07-16 21:50:00,136.19,135.01,137.76,134.37,10427100,.92,0,-202.57,腾讯财经
2026-07-16 22:00:00,136.38,135.01,137.76,134.37,12755886,1.11,0,-202.86,腾讯财经
2026-07-16 22:10:00,136.34,135.01,137.76,134.37,13836251,1.07,0,-202.80,腾讯财经
2026-07-16 22:20:04,136.83,135.01,137.76,134.37,14754795,1.56,1.00,-203.52,腾讯财经
2026-07-16 22:30:00,136.75,135.01,137.76,134.37,15759965,1.48,1.00,-203.41,腾讯财经
2026-07-16 22:40:00,134.88,135.01,137.76,134.37,17292316,-.39,0,-200.62,腾讯财经
2026-07-16 22:50:02,135.00,135.01,137.76,134.37,18461959,-.27,0,-200.80,腾讯财经
2026-07-16 23:00:05,134.85,135.01,137.76,134.02,19665367,-.42,0,-200.57,腾讯财经
2026-07-16 23:10:00,134.31,135.01,137.76,133.90,20656561,-.96,0,-199.78,腾讯财经
2026-07-16 23:20:00,134.37,135.01,137.76,133.70,21519034,-.90,0,-199.87,腾讯财经
2026-07-16 23:30:01,135.31,135.01,137.76,133.70,22697321,.04,0,-201.26,腾讯财经
2026-07-16 23:40:03,135.40,135.01,137.76,133.70,23618683,.13,0,-201.39,腾讯财经
2026-07-16 23:50:02,134.45,135.01,137.76,133.70,24448178,-.82,0,-199.99,腾讯财经
2026-07-17 00:00:00,134.33,135.01,137.76,133.70,25471950,-.94,0,-199.81,腾讯财经
2026-07-17 00:10:03,133.72,135.01,137.76,133.62,27041879,-1.55,-1.00,-198.90,腾讯财经
2026-07-17 00:20:00,132.87,135.01,137.76,132.80,28448624,-2.40,-1.00,-197.63,腾讯财经
2026-07-17 00:30:00,133.22,135.01,137.76,132.60,29434278,-2.05,-1.00,-198.15,腾讯财经
2026-07-17 00:40:04,133.17,135.01,137.76,132.60,30058144,-2.10,-1.00,-198.08,腾讯财经
2026-07-17 00:50:00,132.69,135.01,137.76,132.33,31011897,-2.58,-1.00,-197.36,腾讯财经
2026-07-17 01:00:02,133.19,135.01,137.76,132.33,32202741,-2.08,-1.00,-198.11,腾讯财经
2026-07-17 01:10:00,132.72,135.01,137.76,132.33,32782250,-2.55,-1.00,-197.41,腾讯财经
2026-07-17 01:20:00,132.50,135.01,137.76,132.33,33476126,-2.77,-2.00,-197.08,腾讯财经
2026-07-17 01:30:00,132.47,135.01,137.76,131.73,35253934,-2.80,-2.00,-197.04,腾讯财经
2026-07-17 01:40:00,131.06,135.01,137.76,131.05,36437089,-4.21,-3.00,-194.94,腾讯财经
2026-07-17 01:50:00,131.14,135.01,137.76,130.74,38251759,-4.13,-3.00,-195.05,腾讯财经
2026-07-17 02:00:02,131.48,135.01,137.76,130.74,38942710,-3.79,-2.00,-195.57,腾讯财经
2026-07-17 02:10:00,131.76,135.01,137.76,130.74,40139561,-3.51,-2.00,-195.98,腾讯财经
2026-07-17 02:20:00,131.54,135.01,137.76,130.74,40755079,-3.73,-2.00,-195.66,腾讯财经
2026-07-17 02:30:00,131.68,135.01,137.76,130.74,41439827,-3.59,-2.00,-195.86,腾讯财经
2026-07-17 02:40:05,131.37,135.01,137.76,130.74,42148165,-3.90,-2.00,-195.40,腾讯财经
2026-07-17 02:50:04,131.50,135.01,137.76,130.74,42761320,-3.77,-2.00,-195.60,腾讯财经
2026-07-17 03:00:00,131.18,135.01,137.76,130.74,43376478,-4.09,-3.00,-195.12,腾讯财经
2026-07-17 03:10:01,131.24,135.01,137.76,130.74,44359903,-4.03,-2.00,-195.21,腾讯财经
2026-07-17 03:20:00,131.30,135.01,137.76,130.74,45124070,-3.97,-2.00,-195.30,腾讯财经
2026-07-17 03:30:00,131.49,135.01,137.76,130.74,45966301,-3.78,-2.00,-195.58,腾讯财经
2026-07-17 03:40:02,131.85,135.01,137.76,130.74,46947753,-3.42,-2.00,-196.12,腾讯财经
2026-07-17 03:50:02,132.44,135.01,137.76,130.74,48160178,-2.83,-2.00,-196.99,腾讯财经
2026-07-17 04:00:00,131.07,135.01,137.76,130.74,51200441,-4.20,-3.00,-194.96,腾讯财经
2026-07-17 04:10:05,131.11,135.01,137.76,130.74,54278035,-4.16,-3.00,-195.02,腾讯财经
2026-07-17 04:20:04,131.11,135.01,137.76,130.74,54366783,-4.16,-3.00,-195.02,腾讯财经
2026-07-17 04:30:00,131.11,135.01,137.76,130.74,54444931,-4.16,-3.00,-195.02,腾讯财经
2026-07-17 04:40:00,131.11,135.01,137.76,130.74,54488898,-4.16,-3.00,-195.02,腾讯财经
2026-07-17 04:50:00,131.11,135.01,137.76,130.74,54527457,-4.16,-3.00,-195.02,腾讯财经
2026-07-17 05:00:03,131.11,135.01,137.76,130.74,54593293,-4.16,-3.00,-195.02,腾讯财经
2026-07-17 05:10:00,131.11,135.01,137.76,130.74,54673168,-4.16,-3.00,-195.02,腾讯财经
2026-07-17 05:20:00,131.11,135.01,137.76,130.74,54701458,-4.16,-3.00,-195.02,腾讯财经
2026-07-17 05:30:05,131.11,135.01,137.76,130.74,54732622,-4.16,-3.00,-195.02,腾讯财经
2026-07-17 05:40:00,131.11,135.01,137.76,130.74,54792833,-4.16,-3.00,-195.02,腾讯财经
2026-07-17 05:50:00,131.11,135.01,137.76,130.74,54851522,-4.16,-3.00,-195.02,腾讯财经
2026-07-17 06:00:05,131.11,135.01,137.76,130.74,54889533,-4.16,-3.00,-195.02,腾讯财经
2026-07-17 06:10:01,131.11,135.01,137.76,130.74,54916543,-4.16,-3.00,-195.02,腾讯财经
2026-07-17 06:20:02,131.11,135.01,137.76,130.74,54936720,-4.16,-3.00,-195.02,腾讯财经
2026-07-17 06:30:00,131.11,135.01,137.76,130.74,54973975,-4.16,-3.00,-195.02,腾讯财经
2026-07-17 06:40:00,131.11,135.01,137.76,130.74,55002620,-4.16,-3.00,-195.02,腾讯财经
2026-07-17 06:50:00,131.11,135.01,137.76,130.74,56015096,-4.16,-3.00,-195.02,腾讯财经
2026-07-17 07:00:00,131.11,135.01,137.76,130.74,56937440,-4.16,-3.00,-195.02,腾讯财经
2026-07-17 07:10:04,131.11,135.01,137.76,130.74,57545730,-4.16,-3.00,-195.02,腾讯财经
2026-07-17 07:20:04,131.11,135.01,137.76,130.74,57846344,-4.16,-3.00,-195.02,腾讯财经
2026-07-17 07:30:00,131.11,135.01,137.76,130.74,58181663,-4.16,-3.00,-195.02,腾讯财经
2026-07-17 07:40:03,131.11,135.01,137.76,130.74,58393413,-4.16,-3.00,-195.02,腾讯财经
2026-07-17 07:50:01,131.11,135.01,137.76,130.74,58562325,-4.16,-3.00,-195.02,腾讯财经
2026-07-17 08:36:38,131.11,135.01,137.76,130.74,58725579,-4.16,-3.00,-195.02,腾讯财经
2026-07-17 08:40:05,131.11,135.01,137.76,130.74,58725579,-4.16,-3.00,-195.02,腾讯财经
2026-07-17 08:50:00,131.11,135.01,137.76,130.74,58725579,-4.16,-3.00,-195.02,腾讯财经
2026-07-17 09:00:05,131.11,135.01,137.76,130.74,58725579,-4.16,-3.00,-195.02,腾讯财经
2026-07-17 09:10:05,131.11,135.01,137.76,130.74,58725579,-4.16,-3.00,-195.02,腾讯财经
2026-07-17 09:20:05,131.11,135.01,137.76,130.74,58725579,-4.16,-3.00,-195.02,腾讯财经
2026-07-17 09:30:03,131.11,135.01,137.76,130.74,58725579,-4.16,-3.00,-195.02,腾讯财经
2026-07-17 09:40:00,131.11,135.01,137.76,130.74,58725579,-4.16,-3.00,-195.02,腾讯财经
2026-07-17 09:50:03,131.11,135.01,137.76,130.74,58725579,-4.16,-3.00,-195.02,腾讯财经
2026-07-17 10:00:01,131.11,135.01,137.76,130.74,58725579,-4.16,-3.00,-195.02,腾讯财经
2026-07-17 10:10:00,131.11,135.01,137.76,130.74,58725579,-4.16,-3.00,-195.02,腾讯财经
2026-07-17 10:20:01,131.11,135.01,137.76,130.74,58725579,-4.16,-3.00,-195.02,腾讯财经
2026-07-17 10:30:03,131.11,135.01,137.76,130.74,58725579,-4.16,-3.00,-195.02,腾讯财经
2026-07-17 10:40:01,131.11,135.01,137.76,130.74,58725579,-4.16,-3.00,-195.02,腾讯财经
2026-07-17 10:50:01,131.11,135.01,137.76,130.74,58725579,-4.16,-3.00,-195.02,腾讯财经
2026-07-17 11:00:00,131.11,135.01,137.76,130.74,58725579,-4.16,-3.00,-195.02,腾讯财经
2026-07-17 11:10:03,131.11,135.01,137.76,130.74,58725579,-4.16,-3.00,-195.02,腾讯财经
2026-07-17 11:20:00,131.11,135.01,137.76,130.74,58725579,-4.16,-3.00,-195.02,腾讯财经
2026-07-17 11:30:04,131.11,135.01,137.76,130.74,58725579,-4.16,-3.00,-195.02,腾讯财经
2026-07-17 11:40:05,131.11,135.01,137.76,130.74,58725579,-4.16,-3.00,-195.02,腾讯财经
2026-07-17 11:50:00,131.11,135.01,137.76,130.74,58725579,-4.16,-3.00,-195.02,腾讯财经
2026-07-17 12:00:00,131.11,135.01,137.76,130.74,58725579,-4.16,-3.00,-195.02,腾讯财经
2026-07-17 12:10:00,131.11,135.01,137.76,130.74,58725579,-4.16,-3.00,-195.02,腾讯财经
2026-07-17 12:20:00,131.11,135.01,137.76,130.74,58725579,-4.16,-3.00,-195.02,腾讯财经
2026-07-17 12:30:00,131.11,135.01,137.76,130.74,58725579,-4.16,-3.00,-195.02,腾讯财经
2026-07-17 12:40:03,131.11,135.01,137.76,130.74,58725579,-4.16,-3.00,-195.02,腾讯财经
2026-07-17 12:50:02,131.11,135.01,137.76,130.74,58725579,-4.16,-3.00,-195.02,腾讯财经
2026-07-17 13:00:00,131.11,135.01,137.76,130.74,58725579,-4.16,-3.00,-195.02,腾讯财经
2026-07-17 13:10:00,131.11,135.01,137.76,130.74,58725579,-4.16,-3.00,-195.02,腾讯财经
2026-07-17 13:20:02,131.11,135.01,137.76,130.74,58725579,-4.16,-3.00,-195.02,腾讯财经
2026-07-17 13:30:00,131.11,135.01,137.76,130.74,58725579,-4.16,-3.00,-195.02,腾讯财经
2026-07-17 13:40:00,131.11,135.01,137.76,130.74,58725579,-4.16,-3.00,-195.02,腾讯财经
2026-07-17 13:50:04,131.11,135.01,137.76,130.74,58725579,-4.16,-3.00,-195.02,腾讯财经
2026-07-17 14:00:00,131.11,135.01,137.76,130.74,58725579,-4.16,-3.00,-195.02,腾讯财经
2026-07-17 14:10:00,131.11,135.01,137.76,130.74,58725579,-4.16,-3.00,-195.02,腾讯财经
2026-07-17 14:20:00,131.11,135.01,137.76,130.74,58725579,-4.16,-3.00,-195.02,腾讯财经
2026-07-17 14:30:00,131.11,135.01,137.76,130.74,58725579,-4.16,-3.00,-195.02,腾讯财经
2026-07-17 14:40:00,131.11,135.01,137.76,130.74,58725579,-4.16,-3.00,-195.02,腾讯财经
2026-07-17 14:50:03,131.11,135.01,137.76,130.74,58725579,-4.16,-3.00,-195.02,腾讯财经
2026-07-17 15:00:00,131.11,135.01,137.76,130.74,58725579,-4.16,-3.00,-195.02,腾讯财经
2026-07-17 15:10:00,131.11,135.01,137.76,130.74,58725579,-4.16,-3.00,-195.02,腾讯财经
2026-07-17 15:20:00,131.11,135.01,137.76,130.74,58725579,-4.16,-3.00,-195.02,腾讯财经
2026-07-17 15:30:02,131.11,135.01,137.76,130.74,58725579,-4.16,-3.00,-195.02,腾讯财经
2026-07-17 15:40:02,131.11,135.01,137.76,130.74,58725579,-4.16,-3.00,-195.02,腾讯财经
2026-07-17 15:50:00,131.11,135.01,137.76,130.74,58725579,-4.16,-3.00,-195.02,腾讯财经
2026-07-17 16:00:03,131.11,135.01,137.76,130.74,58725579,-4.16,-3.00,-195.02,腾讯财经
2026-07-17 16:10:00,131.11,135.01,137.76,130.74,58725579,-4.16,-3.00,-195.02,腾讯财经
2026-07-17 16:20:00,131.11,135.01,137.76,130.74,58725579,-4.16,-3.00,-195.02,腾讯财经
2026-07-17 16:30:04,131.11,135.01,137.76,130.74,58725579,-4.16,-3.00,-195.02,腾讯财经
2026-07-17 16:40:00,131.11,135.01,137.76,130.74,58725579,-4.16,-3.00,-195.02,腾讯财经
2026-07-17 16:50:00,131.11,135.01,137.76,130.74,58725579,-4.16,-3.00,-195.02,腾讯财经
2026-07-17 17:00:00,131.11,135.01,137.76,130.74,58725579,-4.16,-3.00,-195.02,腾讯财经
2026-07-17 17:10:00,131.11,135.01,137.76,130.74,58725579,-4.16,-3.00,-195.02,腾讯财经
2026-07-17 17:20:03,131.11,135.01,137.76,130.74,58725579,-4.16,-3.00,-195.02,腾讯财经
2026-07-17 17:30:00,131.11,135.01,137.76,130.74,58725579,-4.16,-3.00,-195.02,腾讯财经
2026-07-17 19:23:14,131.11,135.01,137.76,130.74,58725579,-4.16,-3.00,-195.02,腾讯财经
2026-07-17 19:30:02,131.11,135.01,137.76,130.74,58725579,-4.16,-3.00,-195.02,腾讯财经
2026-07-17 19:40:00,131.11,135.01,137.76,130.74,58725579,-4.16,-3.00,-195.02,腾讯财经
2026-07-17 19:50:03,131.11,135.01,137.76,130.74,58725579,-4.16,-3.00,-195.02,腾讯财经
2026-07-17 20:00:00,131.11,135.01,137.76,130.74,58725579,-4.16,-3.00,-195.02,腾讯财经
2026-07-17 20:10:04,131.11,135.01,137.76,130.74,58725579,-4.16,-3.00,-195.02,腾讯财经
2026-07-17 20:20:05,131.11,135.01,137.76,130.74,58725579,-4.16,-3.00,-195.02,腾讯财经
2026-07-17 20:30:04,131.11,135.01,137.76,130.74,58725579,-4.16,-3.00,-195.02,腾讯财经
2026-07-17 20:40:00,131.11,135.01,137.76,130.74,58725579,-4.16,-3.00,-195.02,腾讯财经
2026-07-17 20:50:03,131.11,135.01,137.76,130.74,58725579,-4.16,-3.00,-195.02,腾讯财经
2026-07-17 21:00:05,131.11,135.01,137.76,130.74,58725579,-4.16,-3.00,-195.02,腾讯财经
2026-07-17 21:10:04,131.11,135.01,137.76,130.74,58725579,-4.16,-3.00,-195.02,腾讯财经
2026-07-17 21:20:03,131.11,135.01,137.76,130.74,58725579,-4.16,-3.00,-195.02,腾讯财经
2026-07-17 21:30:00,131.11,0.00,0.00,0.00,4509432,0,0,-195.02,腾讯财经
2026-07-17 21:40:02,123.04,127.43,128.20,122.12,13609895,-8.07,-6.00,-183.01,腾讯财经
2026-07-17 21:50:03,125.46,127.43,128.20,122.12,17692054,-5.65,-4.00,-186.61,腾讯财经
2026-07-17 22:00:05,125.45,127.43,128.20,122.12,20346323,-5.66,-4.00,-186.59,腾讯财经
2026-07-17 22:10:04,126.81,127.43,128.20,122.12,22827820,-4.30,-3.00,-188.61,腾讯财经
2026-07-17 22:20:03,126.65,127.43,128.20,122.12,24456298,-4.46,-3.00,-188.38,腾讯财经
2026-07-17 22:30:00,125.93,127.43,128.20,122.12,26063929,-5.18,-3.00,-187.31,腾讯财经
2026-07-17 22:40:04,126.19,127.43,128.20,122.12,27682724,-4.92,-3.00,-187.70,腾讯财经
2026-07-17 22:50:03,124.80,127.43,128.20,122.12,28928124,-6.31,-4.00,-185.63,腾讯财经
2026-07-17 23:00:00,124.38,127.43,128.20,122.12,30219783,-6.73,-5.00,-185.00,腾讯财经
2026-07-17 23:10:02,123.50,127.43,128.20,122.12,32281203,-7.61,-5.00,-183.70,腾讯财经
2026-07-17 23:20:03,123.54,127.43,128.20,122.12,33789894,-7.57,-5.00,-183.76,腾讯财经
2026-07-17 23:30:01,124.52,127.43,128.20,122.12,35520250,-6.59,-5.00,-185.21,腾讯财经
2026-07-17 23:40:00,123.89,127.43,128.20,122.12,36896171,-7.22,-5.00,-184.27,腾讯财经
2026-07-17 23:50:03,123.49,127.43,128.20,122.12,39416466,-7.62,-5.00,-183.68,腾讯财经
2026-07-18 00:00:02,124.53,127.43,128.20,122.12,40993635,-6.58,-5.00,-185.23,腾讯财经
2026-07-18 00:10:00,124.80,127.43,128.20,122.12,42555418,-6.31,-4.00,-185.63,腾讯财经
2026-07-18 00:20:03,125.18,127.43,128.20,122.12,44117588,-5.93,-4.00,-186.20,腾讯财经
2026-07-18 00:30:04,124.46,127.43,128.20,122.12,45542125,-6.65,-5.00,-185.12,腾讯财经
2026-07-18 00:40:00,124.52,127.43,128.20,122.12,46517234,-6.59,-5.00,-185.21,腾讯财经
2026-07-18 00:50:05,125.40,127.43,128.20,122.12,47654566,-5.71,-4.00,-186.52,腾讯财经
2026-07-18 01:00:00,125.91,127.43,128.20,122.12,48942375,-5.20,-3.00,-187.28,腾讯财经
2026-07-18 01:10:03,125.90,127.43,128.20,122.12,49987774,-5.21,-3.00,-187.27,腾讯财经
2026-07-18 01:20:03,125.74,127.43,128.20,122.12,51105627,-5.37,-4.00,-187.03,腾讯财经
2026-07-18 01:30:03,126.33,127.43,128.20,122.12,51900978,-4.78,-3.00,-187.90,腾讯财经
2026-07-18 01:40:01,125.90,127.43,128.20,122.12,52624395,-5.21,-3.00,-187.26,腾讯财经
2026-07-18 01:50:03,125.68,127.43,128.20,122.12,53703980,-5.43,-4.00,-186.94,腾讯财经
2026-07-18 02:00:00,125.92,127.43,128.20,122.12,54293520,-5.19,-3.00,-187.30,腾讯财经
2026-07-18 02:10:00,125.26,127.43,128.20,122.12,55154811,-5.85,-4.00,-186.32,腾讯财经
2026-07-18 02:20:03,125.16,127.43,128.20,122.12,56080140,-5.95,-4.00,-186.16,腾讯财经
2026-07-18 02:30:00,125.31,127.43,128.20,122.12,56687811,-5.80,-4.00,-186.38,腾讯财经
2026-07-18 02:40:00,125.16,127.43,128.20,122.12,57315234,-5.95,-4.00,-186.17,腾讯财经
2026-07-18 02:50:03,125.45,127.43,128.20,122.12,58049336,-5.66,-4.00,-186.60,腾讯财经
2026-07-18 03:00:00,125.93,127.43,128.20,122.12,58908903,-5.18,-3.00,-187.31,腾讯财经
2026-07-18 03:10:03,126.00,127.43,130.33,122.12,66142062,-5.11,-3.00,-187.42,腾讯财经
2026-07-18 03:20:03,124.96,127.43,130.33,122.12,68835688,-6.15,-4.00,-185.87,腾讯财经
2026-07-18 03:30:00,123.91,127.43,130.33,122.12,71828942,-7.20,-5.00,-184.31,腾讯财经
2026-07-18 03:40:05,123.80,127.43,130.33,122.12,73378263,-7.31,-5.00,-184.14,腾讯财经
2026-07-18 03:50:03,123.70,127.43,130.33,122.12,75078410,-7.41,-5.00,-184.00,腾讯财经
2026-07-18 04:00:00,124.06,127.43,130.33,122.12,78814443,-7.05,-5.00,-184.53,腾讯财经
2026-07-18 04:10:00,123.99,127.43,130.33,122.12,82842229,-7.12,-5.00,-184.43,腾讯财经
2026-07-18 04:20:03,123.99,127.43,130.33,122.12,82956983,-7.12,-5.00,-184.43,腾讯财经
2026-07-18 04:30:00,123.99,127.43,130.33,122.12,83027765,-7.12,-5.00,-184.43,腾讯财经
2026-07-18 04:40:00,123.99,127.43,130.33,122.12,83112545,-7.12,-5.00,-184.43,腾讯财经
2026-07-18 04:50:03,123.99,127.43,130.33,122.12,83189564,-7.12,-5.00,-184.43,腾讯财经
2026-07-18 05:10:00,123.99,127.43,130.33,122.12,83264779,-7.12,-5.00,-184.43,腾讯财经
2026-07-18 05:20:03,123.99,127.43,130.33,122.12,83331445,-7.12,-5.00,-184.43,腾讯财经
2026-07-18 05:30:03,123.99,127.43,130.33,122.12,83364102,-7.12,-5.00,-184.43,腾讯财经
2026-07-18 05:40:00,123.99,127.43,130.33,122.12,83385548,-7.12,-5.00,-184.43,腾讯财经
2026-07-18 05:50:03,123.99,127.43,130.33,122.12,83405482,-7.12,-5.00,-184.43,腾讯财经
2026-07-18 06:00:03,123.99,127.43,130.33,122.12,83437290,-7.12,-5.00,-184.43,腾讯财经
2026-07-18 06:10:05,123.99,127.43,130.33,122.12,83457478,-7.12,-5.00,-184.43,腾讯财经
2026-07-18 06:20:03,123.99,127.43,130.33,122.12,83486446,-7.12,-5.00,-184.43,腾讯财经
2026-07-18 06:30:00,123.99,127.43,130.33,122.12,83499866,-7.12,-5.00,-184.43,腾讯财经
2026-07-18 06:40:02,123.99,127.43,130.33,122.12,83513947,-7.12,-5.00,-184.43,腾讯财经
2026-07-18 06:50:04,123.99,127.43,130.33,122.12,83529429,-7.12,-5.00,-184.43,腾讯财经
2026-07-18 07:00:00,123.99,127.43,130.33,122.12,83545014,-7.12,-5.00,-184.43,腾讯财经
2026-07-18 07:10:00,123.99,127.43,130.33,122.12,83563558,-7.12,-5.00,-184.43,腾讯财经
2026-07-18 07:20:03,123.99,127.43,130.33,122.12,83596554,-7.12,-5.00,-184.43,腾讯财经
2026-07-18 07:30:02,123.99,127.43,130.33,122.12,83610052,-7.12,-5.00,-184.43,腾讯财经
2026-07-18 07:40:04,123.99,127.43,130.33,122.12,83638568,-7.12,-5.00,-184.43,腾讯财经
2026-07-18 07:50:03,123.99,127.43,130.33,122.12,83661682,-7.12,-5.00,-184.43,腾讯财经
2026-07-18 08:00:00,123.99,127.43,130.33,122.12,83705585,-7.12,-5.00,-184.43,腾讯财经
2026-07-18 08:10:05,123.99,127.43,130.33,122.12,83706220,-7.12,-5.00,-184.43,腾讯财经
2026-07-18 08:20:03,123.99,127.43,130.33,122.12,83706220,-7.12,-5.00,-184.43,腾讯财经
2026-07-18 08:30:00,123.99,127.43,130.33,122.12,83706220,-7.12,-5.00,-184.43,腾讯财经
2026-07-18 08:40:00,123.99,127.43,130.33,122.12,83706220,-7.12,-5.00,-184.43,腾讯财经
2026-07-18 08:50:03,123.99,127.43,130.33,122.12,83706220,-7.12,-5.00,-184.43,腾讯财经
2026-07-18 09:00:00,123.99,127.43,130.33,122.12,83706220,-7.12,-5.00,-184.43,腾讯财经
2026-07-18 09:10:00,123.99,127.43,130.33,122.12,83706220,-7.12,-5.00,-184.43,腾讯财经
2026-07-18 09:20:05,123.99,127.43,130.33,122.12,83706220,-7.12,-5.00,-184.43,腾讯财经
2026-07-18 09:30:00,123.99,127.43,130.33,122.12,83706220,-7.12,-5.00,-184.43,腾讯财经
2026-07-18 09:40:03,123.99,127.43,130.33,122.12,83706220,-7.12,-5.00,-184.43,腾讯财经
2026-07-18 09:50:03,123.99,127.43,130.33,122.12,83706220,-7.12,-5.00,-184.43,腾讯财经
2026-07-18 10:00:04,123.99,127.43,130.33,122.12,83706220,-7.12,-5.00,-184.43,腾讯财经
2026-07-18 10:10:00,123.99,127.43,130.33,122.12,83706220,-7.12,-5.00,-184.43,腾讯财经
2026-07-18 10:20:03,123.99,127.43,130.33,122.12,83706220,-7.12,-5.00,-184.43,腾讯财经
2026-07-18 10:30:05,123.99,127.43,130.33,122.12,83706220,-7.12,-5.00,-184.43,腾讯财经
2026-07-18 10:40:01,123.99,127.43,130.33,122.12,83706220,-7.12,-5.00,-184.43,腾讯财经
2026-07-18 10:50:03,123.99,127.43,130.33,122.12,83706220,-7.12,-5.00,-184.43,腾讯财经
2026-07-18 11:00:00,123.99,127.43,130.33,122.12,83706220,-7.12,-5.00,-184.43,腾讯财经
2026-07-18 11:10:00,123.99,127.43,130.33,122.12,83706220,-7.12,-5.00,-184.43,腾讯财经
2026-07-18 11:20:03,123.99,127.43,130.33,122.12,83706220,-7.12,-5.00,-184.43,腾讯财经
2026-07-18 11:30:05,123.99,127.43,130.33,122.12,83706220,-7.12,-5.00,-184.43,腾讯财经
2026-07-18 11:40:02,123.99,127.43,130.33,122.12,83706220,-7.12,-5.00,-184.43,腾讯财经
2026-07-18 11:50:05,123.99,127.43,130.33,122.12,83706220,-7.12,-5.00,-184.43,腾讯财经
2026-07-18 12:00:00,123.99,127.43,130.33,122.12,83706220,-7.12,-5.00,-184.43,腾讯财经
2026-07-18 12:10:00,123.99,127.43,130.33,122.12,83706220,-7.12,-5.00,-184.43,腾讯财经
2026-07-18 12:20:03,123.99,127.43,130.33,122.12,83706220,-7.12,-5.00,-184.43,腾讯财经
2026-07-18 12:30:00,123.99,127.43,130.33,122.12,83706220,-7.12,-5.00,-184.43,腾讯财经
2026-07-18 12:40:00,123.99,127.43,130.33,122.12,83706220,-7.12,-5.00,-184.43,腾讯财经
2026-07-18 12:50:05,123.99,127.43,130.33,122.12,83706220,-7.12,-5.00,-184.43,腾讯财经
2026-07-18 13:00:00,123.99,127.43,130.33,122.12,83706220,-7.12,-5.00,-184.43,腾讯财经
2026-07-18 13:10:02,123.99,127.43,130.33,122.12,83706220,-7.12,-5.00,-184.43,腾讯财经
2026-07-18 13:20:03,123.99,127.43,130.33,122.12,83706220,-7.12,-5.00,-184.43,腾讯财经
2026-07-18 13:30:00,123.99,127.43,130.33,122.12,83706220,-7.12,-5.00,-184.43,腾讯财经
2026-07-18 13:40:01,123.99,127.43,130.33,122.12,83706220,-7.12,-5.00,-184.43,腾讯财经
2026-07-18 13:50:03,123.99,127.43,130.33,122.12,83706220,-7.12,-5.00,-184.43,腾讯财经
2026-07-18 14:00:00,123.99,127.43,130.33,122.12,83706220,-7.12,-5.00,-184.43,腾讯财经
2026-07-18 14:10:00,123.99,127.43,130.33,122.12,83706220,-7.12,-5.00,-184.43,腾讯财经
2026-07-18 14:20:03,123.99,127.43,130.33,122.12,83706220,-7.12,-5.00,-184.43,腾讯财经
2026-07-18 14:30:03,123.99,127.43,130.33,122.12,83706220,-7.12,-5.00,-184.43,腾讯财经
2026-07-18 14:40:03,123.99,127.43,130.33,122.12,83706220,-7.12,-5.00,-184.43,腾讯财经
2026-07-18 14:50:03,123.99,127.43,130.33,122.12,83706220,-7.12,-5.00,-184.43,腾讯财经
2026-07-18 15:00:01,123.99,127.43,130.33,122.12,83706220,-7.12,-5.00,-184.43,腾讯财经
2026-07-18 15:10:00,123.99,127.43,130.33,122.12,83706220,-7.12,-5.00,-184.43,腾讯财经
2026-07-18 15:20:03,123.99,127.43,130.33,122.12,83706220,-7.12,-5.00,-184.43,腾讯财经
2026-07-18 15:30:00,123.99,127.43,130.33,122.12,83706220,-7.12,-5.00,-184.43,腾讯财经
2026-07-18 15:40:05,123.99,127.43,130.33,122.12,83706220,-7.12,-5.00,-184.43,腾讯财经
2026-07-18 15:50:03,123.99,127.43,130.33,122.12,83706220,-7.12,-5.00,-184.43,腾讯财经
2026-07-18 16:00:00,123.99,127.43,130.33,122.12,83706220,-7.12,-5.00,-184.43,腾讯财经
2026-07-18 16:10:00,123.99,127.43,130.33,122.12,83706220,-7.12,-5.00,-184.43,腾讯财经
2026-07-18 16:20:03,123.99,127.43,130.33,122.12,83706220,-7.12,-5.00,-184.43,腾讯财经
2026-07-18 16:30:04,123.99,127.43,130.33,122.12,83706220,-7.12,-5.00,-184.43,腾讯财经
2026-07-18 16:40:03,123.99,127.43,130.33,122.12,83706220,-7.12,-5.00,-184.43,腾讯财经
2026-07-18 16:50:05,123.99,127.43,130.33,122.12,83706220,-7.12,-5.00,-184.43,腾讯财经
2026-07-18 17:00:00,123.99,127.43,130.33,122.12,83706220,-7.12,-5.00,-184.43,腾讯财经
2026-07-18 17:10:00,123.99,127.43,130.33,122.12,83706220,-7.12,-5.00,-184.43,腾讯财经
2026-07-18 17:20:03,123.99,127.43,130.33,122.12,83706220,-7.12,-5.00,-184.43,腾讯财经
2026-07-18 17:30:01,123.99,127.43,130.33,122.12,83706220,-7.12,-5.00,-184.43,腾讯财经
2026-07-18 17:40:03,123.99,127.43,130.33,122.12,83706220,-7.12,-5.00,-184.43,腾讯财经
2026-07-18 17:50:00,123.99,127.43,130.33,122.12,83706220,-7.12,-5.00,-184.43,腾讯财经
2026-07-18 18:00:03,123.99,127.43,130.33,122.12,83706220,-7.12,-5.00,-184.43,腾讯财经
2026-07-18 18:10:04,123.99,127.43,130.33,122.12,83706220,-7.12,-5.00,-184.43,腾讯财经
2026-07-18 18:20:04,123.99,127.43,130.33,122.12,83706220,-7.12,-5.00,-184.43,腾讯财经
2026-07-18 18:30:03,123.99,127.43,130.33,122.12,83706220,-7.12,-5.00,-184.43,腾讯财经
2026-07-18 18:40:00,123.99,127.43,130.33,122.12,83706220,-7.12,-5.00,-184.43,腾讯财经
2026-07-18 18:50:03,123.99,127.43,130.33,122.12,83706220,-7.12,-5.00,-184.43,腾讯财经
2026-07-18 19:00:02,123.99,127.43,130.33,122.12,83706220,-7.12,-5.00,-184.43,腾讯财经
2026-07-18 19:10:02,123.99,127.43,130.33,122.12,83706220,-7.12,-5.00,-184.43,腾讯财经
2026-07-18 19:20:03,123.99,127.43,130.33,122.12,83706220,-7.12,-5.00,-184.43,腾讯财经
2026-07-18 19:30:04,123.99,127.43,130.33,122.12,83706220,-7.12,-5.00,-184.43,腾讯财经
2026-07-18 19:40:01,123.99,127.43,130.33,122.12,83706220,-7.12,-5.00,-184.43,腾讯财经
2026-07-18 19:50:05,123.99,127.43,130.33,122.12,83706220,-7.12,-5.00,-184.43,腾讯财经
2026-07-18 20:00:01,123.99,127.43,130.33,122.12,83706220,-7.12,-5.00,-184.43,腾讯财经
2026-07-18 20:10:01,123.99,127.43,130.33,122.12,83706220,-7.12,-5.00,-184.43,腾讯财经
2026-07-18 20:20:03,123.99,127.43,130.33,122.12,83706220,-7.12,-5.00,-184.43,腾讯财经
2026-07-18 20:30:01,123.99,127.43,130.33,122.12,83706220,-7.12,-5.00,-184.43,腾讯财经
2026-07-18 20:40:02,123.99,127.43,130.33,122.12,83706220,-7.12,-5.00,-184.43,腾讯财经
2026-07-18 20:50:03,123.99,127.43,130.33,122.12,83706220,-7.12,-5.00,-184.43,腾讯财经
2026-07-18 21:00:01,123.99,127.43,130.33,122.12,83706220,-7.12,-5.00,-184.43,腾讯财经
2026-07-18 21:10:00,123.99,127.43,130.33,122.12,83706220,-7.12,-5.00,-184.43,腾讯财经
2026-07-18 21:20:03,123.99,127.43,130.33,122.12,83706220,-7.12,-5.00,-184.43,腾讯财经
2026-07-18 21:30:05,123.99,127.43,130.33,122.12,83706220,-7.12,-5.00,-184.43,腾讯财经
2026-07-18 21:40:01,123.99,127.43,130.33,122.12,83706220,-7.12,-5.00,-184.43,腾讯财经
2026-07-18 21:50:04,123.99,127.43,130.33,122.12,83706220,-7.12,-5.00,-184.43,腾讯财经
2026-07-18 22:00:06,123.99,127.43,130.33,122.12,83706220,-7.12,-5.00,-184.43,腾讯财经
2026-07-18 22:10:02,123.99,127.43,130.33,122.12,83706220,-7.12,-5.00,-184.43,腾讯财经
2026-07-18 22:20:04,123.99,127.43,130.33,122.12,83706220,-7.12,-5.00,-184.43,腾讯财经
2026-07-18 22:30:02,123.99,127.43,130.33,122.12,83706220,-7.12,-5.00,-184.43,腾讯财经
2026-07-18 22:40:06,123.99,127.43,130.33,122.12,83706220,-7.12,-5.00,-184.43,腾讯财经
2026-07-18 22:50:04,123.99,127.43,130.33,122.12,83706220,-7.12,-5.00,-184.43,腾讯财经
2026-07-18 23:00:04,123.99,127.43,130.33,122.12,83706220,-7.12,-5.00,-184.43,腾讯财经
2026-07-18 23:10:00,123.99,127.43,130.33,122.12,83706220,-7.12,-5.00,-184.43,腾讯财经
2026-07-18 23:20:03,123.99,127.43,130.33,122.12,83706220,-7.12,-5.00,-184.43,腾讯财经
2026-07-18 23:30:00,123.99,127.43,130.33,122.12,83706220,-7.12,-5.00,-184.43,腾讯财经
2026-07-18 23:40:00,123.99,127.43,130.33,122.12,83706220,-7.12,-5.00,-184.43,腾讯财经
2026-07-18 23:50:03,123.99,127.43,130.33,122.12,83706220,-7.12,-5.00,-184.43,腾讯财经
2026-07-19 00:00:05,123.99,127.43,130.33,122.12,83706220,-7.12,-5.00,-184.43,腾讯财经
2026-07-19 00:10:00,123.99,127.43,130.33,122.12,83706220,-7.12,-5.00,-184.43,腾讯财经
2026-07-19 00:20:04,123.99,127.43,130.33,122.12,83706220,-7.12,-5.00,-184.43,腾讯财经
2026-07-19 00:30:04,123.99,127.43,130.33,122.12,83706220,-7.12,-5.00,-184.43,腾讯财经
2026-07-19 00:40:00,123.99,127.43,130.33,122.12,83706220,-7.12,-5.00,-184.43,腾讯财经
2026-07-19 00:50:03,123.99,127.43,130.33,122.12,83706220,-7.12,-5.00,-184.43,腾讯财经
2026-07-19 01:00:04,123.99,127.43,130.33,122.12,83706220,-7.12,-5.00,-184.43,腾讯财经
2026-07-19 01:10:00,123.99,127.43,130.33,122.12,83706220,-7.12,-5.00,-184.43,腾讯财经
2026-07-19 01:20:03,123.99,127.43,130.33,122.12,83706220,-7.12,-5.00,-184.43,腾讯财经
2026-07-19 01:30:00,123.99,127.43,130.33,122.12,83706220,-7.12,-5.00,-184.43,腾讯财经
2026-07-19 01:40:00,123.99,127.43,130.33,122.12,83706220,-7.12,-5.00,-184.43,腾讯财经
2026-07-19 01:50:03,123.99,127.43,130.33,122.12,83706220,-7.12,-5.00,-184.43,腾讯财经
2026-07-19 02:00:00,123.99,127.43,130.33,122.12,83706220,-7.12,-5.00,-184.43,腾讯财经
2026-07-19 02:10:00,123.99,127.43,130.33,122.12,83706220,-7.12,-5.00,-184.43,腾讯财经
2026-07-19 02:20:03,123.99,127.43,130.33,122.12,83706220,-7.12,-5.00,-184.43,腾讯财经
2026-07-19 02:30:00,123.99,127.43,130.33,122.12,83706220,-7.12,-5.00,-184.43,腾讯财经
2026-07-19 02:40:00,123.99,127.43,130.33,122.12,83706220,-7.12,-5.00,-184.43,腾讯财经
2026-07-19 02:50:03,123.99,127.43,130.33,122.12,83706220,-7.12,-5.00,-184.43,腾讯财经
2026-07-19 03:00:03,123.99,127.43,130.33,122.12,83706220,-7.12,-5.00,-184.43,腾讯财经
2026-07-19 03:10:00,123.99,127.43,130.33,122.12,83706220,-7.12,-5.00,-184.43,腾讯财经
2026-07-19 03:20:03,123.99,127.43,130.33,122.12,83706220,-7.12,-5.00,-184.43,腾讯财经
2026-07-19 03:30:00,123.99,127.43,130.33,122.12,83706220,-7.12,-5.00,-184.43,腾讯财经
2026-07-19 03:40:01,123.99,127.43,130.33,122.12,83706220,-7.12,-5.00,-184.43,腾讯财经
2026-07-19 03:50:04,123.99,127.43,130.33,122.12,83706220,-7.12,-5.00,-184.43,腾讯财经
2026-07-19 04:00:00,123.99,127.43,130.33,122.12,83706220,-7.12,-5.00,-184.43,腾讯财经
2026-07-19 04:10:00,123.99,127.43,130.33,122.12,83706220,-7.12,-5.00,-184.43,腾讯财经
2026-07-19 04:20:04,123.99,127.43,130.33,122.12,83706220,-7.12,-5.00,-184.43,腾讯财经
2026-07-19 04:30:05,123.99,127.43,130.33,122.12,83706220,-7.12,-5.00,-184.43,腾讯财经
2026-07-19 04:40:04,123.99,127.43,130.33,122.12,83706220,-7.12,-5.00,-184.43,腾讯财经
2026-07-19 04:50:03,123.99,127.43,130.33,122.12,83706220,-7.12,-5.00,-184.43,腾讯财经
2026-07-19 05:00:00,123.99,127.43,130.33,122.12,83706220,-7.12,-5.00,-184.43,腾讯财经
2026-07-19 05:10:02,123.99,127.43,130.33,122.12,83706220,-7.12,-5.00,-184.43,腾讯财经
2026-07-19 05:20:05,123.99,127.43,130.33,122.12,83706220,-7.12,-5.00,-184.43,腾讯财经
2026-07-19 05:30:00,123.99,127.43,130.33,122.12,83706220,-7.12,-5.00,-184.43,腾讯财经
2026-07-19 05:40:00,123.99,127.43,130.33,122.12,83706220,-7.12,-5.00,-184.43,腾讯财经
2026-07-19 05:50:05,123.99,127.43,130.33,122.12,83706220,-7.12,-5.00,-184.43,腾讯财经
2026-07-19 06:00:00,123.99,127.43,130.33,122.12,83706220,-7.12,-5.00,-184.43,腾讯财经
2026-07-19 06:10:01,123.99,127.43,130.33,122.12,83706220,-7.12,-5.00,-184.43,腾讯财经
2026-07-19 06:20:03,123.99,127.43,130.33,122.12,83706220,-7.12,-5.00,-184.43,腾讯财经
2026-07-19 06:30:00,123.99,127.43,130.33,122.12,83706220,-7.12,-5.00,-184.43,腾讯财经
2026-07-19 06:40:04,123.99,127.43,130.33,122.12,83706220,-7.12,-5.00,-184.43,腾讯财经
2026-07-19 06:50:03,123.99,127.43,130.33,122.12,83706220,-7.12,-5.00,-184.43,腾讯财经
2026-07-19 07:00:00,123.99,127.43,130.33,122.12,83706220,-7.12,-5.00,-184.43,腾讯财经
2026-07-19 07:10:03,123.99,127.43,130.33,122.12,83706220,-7.12,-5.00,-184.43,腾讯财经
2026-07-19 07:20:03,123.99,127.43,130.33,122.12,83706220,-7.12,-5.00,-184.43,腾讯财经
2026-07-19 07:30:00,123.99,127.43,130.33,122.12,83706220,-7.12,-5.00,-184.43,腾讯财经
2026-07-19 07:40:00,123.99,127.43,130.33,122.12,83706220,-7.12,-5.00,-184.43,腾讯财经
2026-07-19 07:50:03,123.99,127.43,130.33,122.12,83706220,-7.12,-5.00,-184.43,腾讯财经
2026-07-19 08:00:02,123.99,127.43,130.33,122.12,83706220,-7.12,-5.00,-184.43,腾讯财经
2026-07-19 08:10:04,123.99,127.43,130.33,122.12,83706220,-7.12,-5.00,-184.43,腾讯财经
2026-07-19 08:20:03,123.99,127.43,130.33,122.12,83706220,-7.12,-5.00,-184.43,腾讯财经
2026-07-19 08:30:00,123.99,127.43,130.33,122.12,83706220,-7.12,-5.00,-184.43,腾讯财经
2026-07-19 08:40:03,123.99,127.43,130.33,122.12,83706220,-7.12,-5.00,-184.43,腾讯财经
2026-07-19 08:50:03,123.99,127.43,130.33,122.12,83706220,-7.12,-5.00,-184.43,腾讯财经
2026-07-19 09:00:00,123.99,127.43,130.33,122.12,83706220,-7.12,-5.00,-184.43,腾讯财经
2026-07-19 09:10:01,123.99,127.43,130.33,122.12,83706220,-7.12,-5.00,-184.43,腾讯财经
2026-07-19 09:20:03,123.99,127.43,130.33,122.12,83706220,-7.12,-5.00,-184.43,腾讯财经
2026-07-19 09:30:00,123.99,127.43,130.33,122.12,83706220,-7.12,-5.00,-184.43,腾讯财经
2026-07-19 09:40:00,123.99,127.43,130.33,122.12,83706220,-7.12,-5.00,-184.43,腾讯财经
2026-07-19 09:50:03,123.99,127.43,130.33,122.12,83706220,-7.12,-5.00,-184.43,腾讯财经
2026-07-19 10:00:00,123.99,127.43,130.33,122.12,83706220,-7.12,-5.00,-184.43,腾讯财经
2026-07-19 10:10:01,123.99,127.43,130.33,122.12,83706220,-7.12,-5.00,-184.43,腾讯财经
2026-07-19 10:20:03,123.99,127.43,130.33,122.12,83706220,-7.12,-5.00,-184.43,腾讯财经
2026-07-19 10:30:00,123.99,127.43,130.33,122.12,83706220,-7.12,-5.00,-184.43,腾讯财经
2026-07-19 10:40:00,123.99,127.43,130.33,122.12,83706220,-7.12,-5.00,-184.43,腾讯财经
2026-07-19 10:50:04,123.99,127.43,130.33,122.12,83706220,-7.12,-5.00,-184.43,腾讯财经
2026-07-19 11:00:05,123.99,127.43,130.33,122.12,83706220,-7.12,-5.00,-184.43,腾讯财经
2026-07-19 11:10:00,123.99,127.43,130.33,122.12,83706220,-7.12,-5.00,-184.43,腾讯财经
2026-07-19 11:20:03,123.99,127.43,130.33,122.12,83706220,-7.12,-5.00,-184.43,腾讯财经
2026-07-19 11:30:05,123.99,127.43,130.33,122.12,83706220,-7.12,-5.00,-184.43,腾讯财经
2026-07-19 11:40:00,123.99,127.43,130.33,122.12,83706220,-7.12,-5.00,-184.43,腾讯财经
2026-07-19 11:50:03,123.99,127.43,130.33,122.12,83706220,-7.12,-5.00,-184.43,腾讯财经
2026-07-19 12:00:00,123.99,127.43,130.33,122.12,83706220,-7.12,-5.00,-184.43,腾讯财经
2026-07-19 12:10:00,123.99,127.43,130.33,122.12,83706220,-7.12,-5.00,-184.43,腾讯财经
2026-07-19 12:20:03,123.99,127.43,130.33,122.12,83706220,-7.12,-5.00,-184.43,腾讯财经
2026-07-19 12:30:02,123.99,127.43,130.33,122.12,83706220,-7.12,-5.00,-184.43,腾讯财经
2026-07-19 12:40:02,123.99,127.43,130.33,122.12,83706220,-7.12,-5.00,-184.43,腾讯财经
2026-07-19 12:50:05,123.99,127.43,130.33,122.12,83706220,-7.12,-5.00,-184.43,腾讯财经
2026-07-19 13:00:03,123.99,127.43,130.33,122.12,83706220,-7.12,-5.00,-184.43,腾讯财经
2026-07-19 13:10:04,123.99,127.43,130.33,122.12,83706220,-7.12,-5.00,-184.43,腾讯财经
2026-07-19 13:20:03,123.99,127.43,130.33,122.12,83706220,-7.12,-5.00,-184.43,腾讯财经
2026-07-19 13:30:00,123.99,127.43,130.33,122.12,83706220,-7.12,-5.00,-184.43,腾讯财经
2026-07-19 13:40:01,123.99,127.43,130.33,122.12,83706220,-7.12,-5.00,-184.43,腾讯财经
2026-07-19 13:50:05,123.99,127.43,130.33,122.12,83706220,-7.12,-5.00,-184.43,腾讯财经
2026-07-19 14:00:02,123.99,127.43,130.33,122.12,83706220,-7.12,-5.00,-184.43,腾讯财经
2026-07-19 14:10:04,123.99,127.43,130.33,122.12,83706220,-7.12,-5.00,-184.43,腾讯财经
2026-07-19 14:20:03,123.99,127.43,130.33,122.12,83706220,-7.12,-5.00,-184.43,腾讯财经
2026-07-19 14:30:03,123.99,127.43,130.33,122.12,83706220,-7.12,-5.00,-184.43,腾讯财经
2026-07-19 14:40:00,123.99,127.43,130.33,122.12,83706220,-7.12,-5.00,-184.43,腾讯财经
2026-07-19 14:50:03,123.99,127.43,130.33,122.12,83706220,-7.12,-5.00,-184.43,腾讯财经
2026-07-19 15:00:00,123.99,127.43,130.33,122.12,83706220,-7.12,-5.00,-184.43,腾讯财经
2026-07-19 15:10:00,123.99,127.43,130.33,122.12,83706220,-7.12,-5.00,-184.43,腾讯财经
2026-07-19 15:20:03,123.99,127.43,130.33,122.12,83706220,-7.12,-5.00,-184.43,腾讯财经
2026-07-19 15:30:02,123.99,127.43,130.33,122.12,83706220,-7.12,-5.00,-184.43,腾讯财经
2026-07-19 15:40:00,123.99,127.43,130.33,122.12,83706220,-7.12,-5.00,-184.43,腾讯财经
2026-07-19 15:50:03,123.99,127.43,130.33,122.12,83706220,-7.12,-5.00,-184.43,腾讯财经
2026-07-19 16:00:00,123.99,127.43,130.33,122.12,83706220,-7.12,-5.00,-184.43,腾讯财经
2026-07-19 16:10:01,123.99,127.43,130.33,122.12,83706220,-7.12,-5.00,-184.43,腾讯财经
2026-07-19 16:20:04,123.99,127.43,130.33,122.12,83706220,-7.12,-5.00,-184.43,腾讯财经
2026-07-19 16:30:00,123.99,127.43,130.33,122.12,83706220,-7.12,-5.00,-184.43,腾讯财经
2026-07-19 16:40:00,123.99,127.43,130.33,122.12,83706220,-7.12,-5.00,-184.43,腾讯财经
2026-07-19 16:50:03,123.99,127.43,130.33,122.12,83706220,-7.12,-5.00,-184.43,腾讯财经
2026-07-19 17:00:00,123.99,127.43,130.33,122.12,83706220,-7.12,-5.00,-184.43,腾讯财经
2026-07-19 17:10:00,123.99,127.43,130.33,122.12,83706220,-7.12,-5.00,-184.43,腾讯财经
2026-07-19 17:20:03,123.99,127.43,130.33,122.12,83706220,-7.12,-5.00,-184.43,腾讯财经
2026-07-19 17:30:00,123.99,127.43,130.33,122.12,83706220,-7.12,-5.00,-184.43,腾讯财经
2026-07-19 17:40:00,123.99,127.43,130.33,122.12,83706220,-7.12,-5.00,-184.43,腾讯财经
2026-07-19 17:50:05,123.99,127.43,130.33,122.12,83706220,-7.12,-5.00,-184.43,腾讯财经
2026-07-19 18:00:00,123.99,127.43,130.33,122.12,83706220,-7.12,-5.00,-184.43,腾讯财经
2026-07-19 18:10:02,123.99,127.43,130.33,122.12,83706220,-7.12,-5.00,-184.43,腾讯财经
2026-07-19 18:20:03,123.99,127.43,130.33,122.12,83706220,-7.12,-5.00,-184.43,腾讯财经
2026-07-19 18:30:00,123.99,127.43,130.33,122.12,83706220,-7.12,-5.00,-184.43,腾讯财经
2026-07-19 18:40:00,123.99,127.43,130.33,122.12,83706220,-7.12,-5.00,-184.43,腾讯财经
2026-07-19 18:50:03,123.99,127.43,130.33,122.12,83706220,-7.12,-5.00,-184.43,腾讯财经
2026-07-19 19:00:00,123.99,127.43,130.33,122.12,83706220,-7.12,-5.00,-184.43,腾讯财经
2026-07-19 19:10:04,123.99,127.43,130.33,122.12,83706220,-7.12,-5.00,-184.43,腾讯财经
2026-07-19 19:20:03,123.99,127.43,130.33,122.12,83706220,-7.12,-5.00,-184.43,腾讯财经
2026-07-19 19:30:02,123.99,127.43,130.33,122.12,83706220,-7.12,-5.00,-184.43,腾讯财经
2026-07-19 19:40:05,123.99,127.43,130.33,122.12,83706220,-7.12,-5.00,-184.43,腾讯财经
2026-07-19 19:50:05,123.99,127.43,130.33,122.12,83706220,-7.12,-5.00,-184.43,腾讯财经
2026-07-19 20:00:05,123.99,127.43,130.33,122.12,83706220,-7.12,-5.00,-184.43,腾讯财经
2026-07-19 20:10:01,123.99,127.43,130.33,122.12,83706220,-7.12,-5.00,-184.43,腾讯财经
2026-07-19 20:20:03,123.99,127.43,130.33,122.12,83706220,-7.12,-5.00,-184.43,腾讯财经
2026-07-19 20:30:00,123.99,127.43,130.33,122.12,83706220,-7.12,-5.00,-184.43,腾讯财经
2026-07-19 20:40:03,123.99,127.43,130.33,122.12,83706220,-7.12,-5.00,-184.43,腾讯财经
2026-07-19 20:50:03,123.99,127.43,130.33,122.12,83706220,-7.12,-5.00,-184.43,腾讯财经
2026-07-20 08:40:04,123.99,127.43,130.33,122.12,83706220,-7.12,-5.00,-184.43,腾讯财经
2026-07-20 08:50:05,123.99,127.43,130.33,122.12,83706220,-7.12,-5.00,-184.43,腾讯财经
2026-07-20 09:00:04,123.99,127.43,130.33,122.12,83706220,-7.12,-5.00,-184.43,腾讯财经
2026-07-20 09:10:00,123.99,127.43,130.33,122.12,83706220,-7.12,-5.00,-184.43,腾讯财经
2026-07-20 09:20:05,123.99,127.43,130.33,122.12,83706220,-7.12,-5.00,-184.43,腾讯财经
2026-07-20 09:30:05,123.99,127.43,130.33,122.12,83706220,-7.12,-5.00,-184.43,腾讯财经
2026-07-20 09:40:04,123.99,127.43,130.33,122.12,83706220,-7.12,-5.00,-184.43,腾讯财经
2026-07-20 09:50:04,123.99,127.43,130.33,122.12,83706220,-7.12,-5.00,-184.43,腾讯财经
2026-07-20 10:00:05,123.99,127.43,130.33,122.12,83706220,-7.12,-5.00,-184.43,腾讯财经
2026-07-20 10:10:00,123.99,127.43,130.33,122.12,83706220,-7.12,-5.00,-184.43,腾讯财经
2026-07-20 10:20:00,123.99,127.43,130.33,122.12,83706220,-7.12,-5.00,-184.43,腾讯财经
2026-07-20 10:30:02,123.99,127.43,130.33,122.12,83706220,-7.12,-5.00,-184.43,腾讯财经
2026-07-20 10:40:00,123.99,127.43,130.33,122.12,83706220,-7.12,-5.00,-184.43,腾讯财经
2026-07-20 10:50:00,123.99,127.43,130.33,122.12,83706220,-7.12,-5.00,-184.43,腾讯财经
2026-07-20 11:00:04,123.99,127.43,130.33,122.12,83706220,-7.12,-5.00,-184.43,腾讯财经
2026-07-20 11:10:05,123.99,127.43,130.33,122.12,83706220,-7.12,-5.00,-184.43,腾讯财经
2026-07-20 11:20:05,123.99,127.43,130.33,122.12,83706220,-7.12,-5.00,-184.43,腾讯财经
2026-07-20 11:30:02,123.99,127.43,130.33,122.12,83706220,-7.12,-5.00,-184.43,腾讯财经
2026-07-20 11:40:04,123.99,127.43,130.33,122.12,83706220,-7.12,-5.00,-184.43,腾讯财经
2026-07-20 11:50:00,123.99,127.43,130.33,122.12,83706220,-7.12,-5.00,-184.43,腾讯财经
2026-07-20 12:00:04,123.99,127.43,130.33,122.12,83706220,-7.12,-5.00,-184.43,腾讯财经
2026-07-20 12:10:00,123.99,127.43,130.33,122.12,83706220,-7.12,-5.00,-184.43,腾讯财经
2026-07-20 12:20:04,123.99,127.43,130.33,122.12,83706220,-7.12,-5.00,-184.43,腾讯财经
2026-07-20 12:30:03,123.99,127.43,130.33,122.12,83706220,-7.12,-5.00,-184.43,腾讯财经
2026-07-20 12:40:00,123.99,127.43,130.33,122.12,83706220,-7.12,-5.00,-184.43,腾讯财经
2026-07-20 12:50:00,123.99,127.43,130.33,122.12,83706220,-7.12,-5.00,-184.43,腾讯财经
2026-07-20 13:00:00,123.99,127.43,130.33,122.12,83706220,-7.12,-5.00,-184.43,腾讯财经
2026-07-20 13:10:05,123.99,127.43,130.33,122.12,83706220,-7.12,-5.00,-184.43,腾讯财经
2026-07-20 13:20:01,123.99,127.43,130.33,122.12,83706220,-7.12,-5.00,-184.43,腾讯财经
2026-07-20 13:30:00,123.99,127.43,130.33,122.12,83706220,-7.12,-5.00,-184.43,腾讯财经
2026-07-20 13:40:05,123.99,127.43,130.33,122.12,83706220,-7.12,-5.00,-184.43,腾讯财经
2026-07-20 13:50:00,123.99,127.43,130.33,122.12,83706220,-7.12,-5.00,-184.43,腾讯财经
2026-07-20 14:00:00,123.99,127.43,130.33,122.12,83706220,-7.12,-5.00,-184.43,腾讯财经
2026-07-20 14:10:04,123.99,127.43,130.33,122.12,83706220,-7.12,-5.00,-184.43,腾讯财经
2026-07-20 14:20:02,123.99,127.43,130.33,122.12,83706220,-7.12,-5.00,-184.43,腾讯财经
2026-07-20 14:30:01,123.99,127.43,130.33,122.12,83706220,-7.12,-5.00,-184.43,腾讯财经
2026-07-20 14:40:04,123.99,127.43,130.33,122.12,83706220,-7.12,-5.00,-184.43,腾讯财经
2026-07-20 14:50:03,123.99,127.43,130.33,122.12,83706220,-7.12,-5.00,-184.43,腾讯财经
2026-07-20 15:00:00,123.99,127.43,130.33,122.12,83706220,-7.12,-5.00,-184.43,腾讯财经
2026-07-20 15:10:00,123.99,127.43,130.33,122.12,83706220,-7.12,-5.00,-184.43,腾讯财经
2026-07-20 15:20:00,123.99,127.43,130.33,122.12,83706220,-7.12,-5.00,-184.43,腾讯财经
2026-07-20 15:30:01,123.99,127.43,130.33,122.12,83706220,-7.12,-5.00,-184.43,腾讯财经
2026-07-20 15:40:01,123.99,127.43,130.33,122.12,83706220,-7.12,-5.00,-184.43,腾讯财经
2026-07-20 15:50:00,123.99,127.43,130.33,122.12,83706220,-7.12,-5.00,-184.43,腾讯财经
2026-07-20 16:00:04,123.99,127.43,130.33,122.12,83706220,-7.12,-5.00,-184.43,腾讯财经
2026-07-20 16:10:01,123.99,127.43,130.33,122.12,83706220,-7.12,-5.00,-184.43,腾讯财经
2026-07-20 16:20:01,123.99,127.43,130.33,122.12,83706220,-7.12,-5.00,-184.43,腾讯财经
2026-07-20 16:30:05,123.99,127.43,130.33,122.12,83706220,-7.12,-5.00,-184.43,腾讯财经
2026-07-20 16:40:00,123.99,127.43,130.33,122.12,83706220,-7.12,-5.00,-184.43,腾讯财经
2026-07-20 16:50:01,123.99,127.43,130.33,122.12,83706220,-7.12,-5.00,-184.43,腾讯财经
2026-07-20 17:00:04,123.99,127.43,130.33,122.12,83706220,-7.12,-5.00,-184.43,腾讯财经
2026-07-20 17:10:00,123.99,127.43,130.33,122.12,83706220,-7.12,-5.00,-184.43,腾讯财经
2026-07-20 17:20:01,123.99,127.43,130.33,122.12,83706220,-7.12,-5.00,-184.43,腾讯财经
2026-07-20 17:30:01,123.99,127.43,130.33,122.12,83706220,-7.12,-5.00,-184.43,腾讯财经
2026-07-20 18:17:59,123.99,127.43,130.33,122.12,83706220,-7.12,-5.00,-184.43,腾讯财经
2026-07-20 18:20:00,123.99,127.43,130.33,122.12,83706220,-7.12,-5.00,-184.43,腾讯财经
2026-07-20 18:30:04,123.99,127.43,130.33,122.12,83706220,-7.12,-5.00,-184.43,腾讯财经
2026-07-20 18:40:03,123.99,127.43,130.33,122.12,83706220,-7.12,-5.00,-184.43,腾讯财经
2026-07-20 18:50:05,123.99,127.43,130.33,122.12,83706220,-7.12,-5.00,-184.43,腾讯财经
2026-07-20 19:00:05,123.99,127.43,130.33,122.12,83706220,-7.12,-5.00,-184.43,腾讯财经
2026-07-20 19:10:03,123.99,127.43,130.33,122.12,83706220,-7.12,-5.00,-184.43,腾讯财经
2026-07-20 19:20:05,123.99,127.43,130.33,122.12,83706220,-7.12,-5.00,-184.43,腾讯财经
2026-07-20 19:30:00,123.99,127.43,130.33,122.12,83706220,-7.12,-5.00,-184.43,腾讯财经
2026-07-20 19:40:00,123.99,127.43,130.33,122.12,83706220,-7.12,-5.00,-184.43,腾讯财经
2026-07-20 19:50:03,123.99,127.43,130.33,122.12,83706220,-7.12,-5.00,-184.43,腾讯财经
2026-07-20 20:00:02,123.99,127.43,130.33,122.12,83706220,-7.12,-5.00,-184.43,腾讯财经
2026-07-20 20:10:04,123.99,127.43,130.33,122.12,83706220,-7.12,-5.00,-184.43,腾讯财经
2026-07-20 20:20:03,123.99,127.43,130.33,122.12,83706220,-7.12,-5.00,-184.43,腾讯财经
2026-07-20 20:30:02,123.99,127.43,130.33,122.12,83706220,-7.12,-5.00,-184.43,腾讯财经
2026-07-20 20:40:00,123.99,127.43,130.33,122.12,83706220,-7.12,-5.00,-184.43,腾讯财经
2026-07-20 20:50:01,123.99,127.43,130.33,122.12,83706220,-7.12,-5.00,-184.43,腾讯财经
2026-07-20 21:00:03,123.99,127.43,130.33,122.12,83706220,-7.12,-5.00,-184.43,腾讯财经
2026-07-20 21:10:00,123.99,127.43,130.33,122.12,83706220,-7.12,-5.00,-184.43,腾讯财经
2026-07-20 21:20:05,123.99,127.43,130.33,122.12,83706220,-7.12,-5.00,-184.43,腾讯财经
2026-07-20 21:30:00,123.99,0.00,0.00,0.00,1934668,0,0,-184.43,腾讯财经
2026-07-20 21:40:00,123.34,125.33,125.70,123.04,5367057,-.65,0,-183.46,腾讯财经
2026-07-20 21:50:00,122.25,125.29,125.70,122.15,8044903,-1.74,-1.00,-181.84,腾讯财经
2026-07-20 22:00:04,121.01,125.29,125.70,120.51,11963068,-2.98,-2.00,-179.99,腾讯财经
2026-07-20 22:10:05,120.68,125.29,125.70,120.51,14130133,-3.31,-2.00,-179.50,腾讯财经
2026-07-20 22:20:02,120.50,125.29,125.70,120.26,16316641,-3.49,-2.00,-179.24,腾讯财经
2026-07-20 22:30:00,121.87,125.29,125.70,120.10,18267858,-2.12,-1.00,-181.27,腾讯财经
2026-07-20 22:40:01,121.25,125.29,125.70,120.10,20240934,-2.74,-2.00,-180.36,腾讯财经
2026-07-20 22:50:00,121.63,125.29,125.70,120.10,21297898,-2.36,-1.00,-180.92,腾讯财经
2026-07-20 23:00:01,121.58,125.29,125.70,120.10,22196069,-2.41,-1.00,-180.83,腾讯财经
2026-07-20 23:10:00,122.00,125.29,125.70,120.10,23159423,-1.99,-1.00,-181.47,腾讯财经
2026-07-20 23:20:00,122.45,125.29,125.70,120.10,24200297,-1.54,-1.00,-182.14,腾讯财经
2026-07-20 23:30:02,122.74,125.29,125.70,120.10,24969080,-1.25,-1.00,-182.57,腾讯财经
2026-07-20 23:40:01,123.39,125.29,125.70,120.10,26376149,-.60,0,-183.53,腾讯财经
2026-07-20 23:50:02,122.55,125.29,125.70,120.10,27372528,-1.44,-1.00,-182.28,腾讯财经
2026-07-21 00:00:00,123.50,125.29,125.70,120.10,28008671,-.49,0,-183.69,腾讯财经
2026-07-21 00:10:04,124.28,125.29,125.70,120.10,29339898,.29,0,-184.86,腾讯财经
2026-07-21 00:20:00,124.52,125.29,125.70,120.10,30283842,.53,0,-185.21,腾讯财经
2026-07-21 00:30:00,124.78,125.29,125.70,120.10,31081717,.79,0,-185.60,腾讯财经
2026-07-21 00:40:02,124.30,125.29,125.70,120.10,31842774,.31,0,-184.89,腾讯财经
2026-07-21 00:50:04,124.19,125.29,125.70,120.10,32733488,.20,0,-184.72,腾讯财经
2026-07-21 01:00:01,122.93,125.29,125.70,120.10,33657434,-1.06,0,-182.85,腾讯财经
2026-07-21 01:10:05,122.70,125.29,125.70,120.10,34356151,-1.29,-1.00,-182.50,腾讯财经
2026-07-21 01:20:00,122.41,125.29,125.70,120.10,35095771,-1.58,-1.00,-182.07,腾讯财经
2026-07-21 01:30:03,122.57,125.29,125.70,120.10,35675445,-1.42,-1.00,-182.31,腾讯财经
2026-07-21 01:40:03,122.33,125.29,125.70,120.10,36230618,-1.66,-1.00,-181.95,腾讯财经
2026-07-21 01:50:05,122.28,125.29,125.70,120.10,37097019,-1.71,-1.00,-181.88,腾讯财经
2026-07-21 02:00:00,122.51,125.29,125.70,120.10,37686985,-1.48,-1.00,-182.23,腾讯财经
2026-07-21 02:10:00,122.75,125.29,125.70,120.10,38255963,-1.24,-1.00,-182.58,腾讯财经
2026-07-21 02:20:05,123.09,125.29,125.70,120.10,39162967,-.90,0,-183.09,腾讯财经
2026-07-21 02:30:00,122.67,125.29,125.70,120.10,39838470,-1.32,-1.00,-182.46,腾讯财经
2026-07-21 02:40:00,122.12,125.29,125.70,120.10,40385086,-1.87,-1.00,-181.64,腾讯财经
2026-07-21 02:50:02,121.86,125.29,125.70,120.10,41114691,-2.13,-1.00,-181.26,腾讯财经
2026-07-21 03:00:04,121.66,125.29,125.70,120.10,41742259,-2.33,-1.00,-180.97,腾讯财经
2026-07-21 03:10:00,121.36,125.29,125.70,120.10,42610003,-2.63,-2.00,-180.51,腾讯财经
2026-07-21 03:20:00,120.95,125.29,125.70,120.10,43463836,-3.04,-2.00,-179.90,腾讯财经
2026-07-21 03:30:00,120.92,125.29,125.70,120.10,44342111,-3.07,-2.00,-179.86,腾讯财经
2026-07-21 03:40:03,120.44,125.29,125.70,120.10,45521857,-3.55,-2.00,-179.14,腾讯财经
2026-07-21 03:50:00,120.74,125.29,125.70,120.10,46654760,-3.25,-2.00,-179.59,腾讯财经
2026-07-21 04:00:00,119.76,125.29,125.70,119.74,51704475,-4.23,-3.00,-178.13,腾讯财经
2026-07-21 04:10:02,119.85,125.29,125.70,119.69,56241033,-4.14,-3.00,-178.27,腾讯财经
2026-07-21 04:20:01,119.85,125.29,125.70,119.68,56423290,-4.14,-3.00,-178.27,腾讯财经
2026-07-21 04:30:00,119.85,125.29,125.70,119.68,56557450,-4.14,-3.00,-178.27,腾讯财经
2026-07-21 04:40:03,119.85,125.29,125.70,119.68,56640971,-4.14,-3.00,-178.27,腾讯财经
2026-07-21 04:50:00,119.85,125.29,125.70,119.68,56703090,-4.14,-3.00,-178.27,腾讯财经
2026-07-21 05:00:01,119.85,125.29,125.70,119.68,56755322,-4.14,-3.00,-178.27,腾讯财经
2026-07-21 05:10:05,119.85,125.29,125.70,119.68,56784041,-4.14,-3.00,-178.27,腾讯财经
2026-07-21 05:20:01,119.85,125.29,125.70,119.68,56834726,-4.14,-3.00,-178.27,腾讯财经
2026-07-21 05:30:00,119.85,125.29,125.70,119.68,56852744,-4.14,-3.00,-178.27,腾讯财经
2026-07-21 05:40:05,119.85,125.29,125.70,119.68,56888645,-4.14,-3.00,-178.27,腾讯财经
2026-07-21 05:50:00,119.85,125.29,125.70,119.68,56906915,-4.14,-3.00,-178.27,腾讯财经
2026-07-21 06:00:00,119.85,125.29,125.70,119.68,56933569,-4.14,-3.00,-178.27,腾讯财经
2026-07-21 06:10:00,119.85,125.29,125.70,119.68,56986785,-4.14,-3.00,-178.27,腾讯财经
2026-07-21 06:20:04,119.85,125.29,125.70,119.68,57019438,-4.14,-3.00,-178.27,腾讯财经
2026-07-21 06:30:04,119.85,125.29,125.70,119.68,57057413,-4.14,-3.00,-178.27,腾讯财经
2026-07-21 06:40:01,119.85,125.29,125.70,119.68,57090414,-4.14,-3.00,-178.27,腾讯财经
2026-07-21 06:50:00,119.85,125.29,125.70,119.68,57122393,-4.14,-3.00,-178.27,腾讯财经
2026-07-21 07:00:00,119.85,125.29,125.70,119.68,57157193,-4.14,-3.00,-178.27,腾讯财经
2026-07-21 07:10:00,119.85,125.29,125.70,119.68,57175682,-4.14,-3.00,-178.27,腾讯财经
2026-07-21 07:20:01,119.85,125.29,125.70,119.68,57211859,-4.14,-3.00,-178.27,腾讯财经
2026-07-21 07:30:02,119.85,125.29,125.70,119.68,57239235,-4.14,-3.00,-178.27,腾讯财经
2026-07-21 07:40:03,119.85,125.29,125.70,119.68,57277640,-4.14,-3.00,-178.27,腾讯财经
2026-07-21 07:50:02,119.85,125.29,125.70,119.68,57296961,-4.14,-3.00,-178.27,腾讯财经
2026-07-21 08:40:05,119.85,125.29,125.70,119.68,57337250,-4.14,-3.00,-178.27,腾讯财经
2026-07-21 08:50:00,119.85,125.29,125.70,119.68,57337250,-4.14,-3.00,-178.27,腾讯财经
2026-07-21 09:00:00,119.85,125.29,125.70,119.68,57337250,-4.14,-3.00,-178.27,腾讯财经
2026-07-21 09:10:03,119.85,125.29,125.70,119.68,57337250,-4.14,-3.00,-178.27,腾讯财经
2026-07-21 09:20:04,119.85,125.29,125.70,119.68,57337250,-4.14,-3.00,-178.27,腾讯财经
2026-07-21 09:30:05,119.85,125.29,125.70,119.68,57337250,-4.14,-3.00,-178.27,腾讯财经
2026-07-21 09:40:01,119.85,125.29,125.70,119.68,57337250,-4.14,-3.00,-178.27,腾讯财经
2026-07-21 09:50:02,119.85,125.29,125.70,119.68,57337250,-4.14,-3.00,-178.27,腾讯财经
2026-07-21 10:00:02,119.85,125.29,125.70,119.68,57337250,-4.14,-3.00,-178.27,腾讯财经
2026-07-21 10:10:01,119.85,125.29,125.70,119.68,57337250,-4.14,-3.00,-178.27,腾讯财经
2026-07-21 10:20:04,119.85,125.29,125.70,119.68,57337250,-4.14,-3.00,-178.27,腾讯财经
2026-07-21 10:30:02,119.85,125.29,125.70,119.68,57337250,-4.14,-3.00,-178.27,腾讯财经
2026-07-21 10:40:04,119.85,125.29,125.70,119.68,57337250,-4.14,-3.00,-178.27,腾讯财经
2026-07-21 10:50:00,119.85,125.29,125.70,119.68,57337250,-4.14,-3.00,-178.27,腾讯财经
2026-07-21 11:00:00,119.85,125.29,125.70,119.68,57337250,-4.14,-3.00,-178.27,腾讯财经
2026-07-21 11:10:00,119.85,125.29,125.70,119.68,57337250,-4.14,-3.00,-178.27,腾讯财经
2026-07-21 11:20:00,119.85,125.29,125.70,119.68,57337250,-4.14,-3.00,-178.27,腾讯财经
2026-07-21 11:30:00,119.85,125.29,125.70,119.68,57337250,-4.14,-3.00,-178.27,腾讯财经
2026-07-21 11:40:00,119.85,125.29,125.70,119.68,57337250,-4.14,-3.00,-178.27,腾讯财经
2026-07-21 11:50:04,119.85,125.29,125.70,119.68,57337250,-4.14,-3.00,-178.27,腾讯财经
2026-07-21 12:00:04,119.85,125.29,125.70,119.68,57337250,-4.14,-3.00,-178.27,腾讯财经
2026-07-21 12:10:00,119.85,125.29,125.70,119.68,57337250,-4.14,-3.00,-178.27,腾讯财经
2026-07-21 12:20:00,119.85,125.29,125.70,119.68,57337250,-4.14,-3.00,-178.27,腾讯财经
2026-07-21 12:30:03,119.85,125.29,125.70,119.68,57337250,-4.14,-3.00,-178.27,腾讯财经
2026-07-21 12:40:04,119.85,125.29,125.70,119.68,57337250,-4.14,-3.00,-178.27,腾讯财经
2026-07-21 12:50:00,119.85,125.29,125.70,119.68,57337250,-4.14,-3.00,-178.27,腾讯财经
2026-07-21 13:00:00,119.85,125.29,125.70,119.68,57337250,-4.14,-3.00,-178.27,腾讯财经
2026-07-21 13:10:04,119.85,125.29,125.70,119.68,57337250,-4.14,-3.00,-178.27,腾讯财经
2026-07-21 13:20:01,119.85,125.29,125.70,119.68,57337250,-4.14,-3.00,-178.27,腾讯财经
2026-07-21 13:30:05,119.85,125.29,125.70,119.68,57337250,-4.14,-3.00,-178.27,腾讯财经
2026-07-21 13:40:01,119.85,125.29,125.70,119.68,57337250,-4.14,-3.00,-178.27,腾讯财经
2026-07-21 13:50:00,119.85,125.29,125.70,119.68,57337250,-4.14,-3.00,-178.27,腾讯财经
2026-07-21 14:00:01,119.85,125.29,125.70,119.68,57337250,-4.14,-3.00,-178.27,腾讯财经
2026-07-21 14:10:05,119.85,125.29,125.70,119.68,57337250,-4.14,-3.00,-178.27,腾讯财经
2026-07-21 14:20:00,119.85,125.29,125.70,119.68,57337250,-4.14,-3.00,-178.27,腾讯财经
2026-07-21 14:30:01,119.85,125.29,125.70,119.68,57337250,-4.14,-3.00,-178.27,腾讯财经
2026-07-21 14:40:00,119.85,125.29,125.70,119.68,57337250,-4.14,-3.00,-178.27,腾讯财经
2026-07-21 14:50:00,119.85,125.29,125.70,119.68,57337250,-4.14,-3.00,-178.27,腾讯财经
2026-07-21 15:00:03,119.85,125.29,125.70,119.68,57337250,-4.14,-3.00,-178.27,腾讯财经
2026-07-21 15:10:05,119.85,125.29,125.70,119.68,57337250,-4.14,-3.00,-178.27,腾讯财经
2026-07-21 15:20:01,119.85,125.29,125.70,119.68,57337250,-4.14,-3.00,-178.27,腾讯财经
2026-07-21 15:30:03,119.85,125.29,125.70,119.68,57337250,-4.14,-3.00,-178.27,腾讯财经
2026-07-21 15:40:02,119.85,125.29,125.70,119.68,57337250,-4.14,-3.00,-178.27,腾讯财经
2026-07-21 15:50:00,119.85,125.29,125.70,119.68,57337250,-4.14,-3.00,-178.27,腾讯财经
2026-07-21 16:00:00,119.85,125.29,125.70,119.68,57337250,-4.14,-3.00,-178.27,腾讯财经
2026-07-21 16:10:00,119.85,125.29,125.70,119.68,57337250,-4.14,-3.00,-178.27,腾讯财经
2026-07-21 16:20:00,119.85,125.29,125.70,119.68,57337250,-4.14,-3.00,-178.27,腾讯财经
2026-07-21 16:30:00,119.85,125.29,125.70,119.68,57337250,-4.14,-3.00,-178.27,腾讯财经
2026-07-21 16:40:00,119.85,125.29,125.70,119.68,57337250,-4.14,-3.00,-178.27,腾讯财经
2026-07-21 16:50:04,119.85,125.29,125.70,119.68,57337250,-4.14,-3.00,-178.27,腾讯财经
2026-07-21 17:00:00,119.85,125.29,125.70,119.68,57337250,-4.14,-3.00,-178.27,腾讯财经
2026-07-21 17:10:04,119.85,125.29,125.70,119.68,57337250,-4.14,-3.00,-178.27,腾讯财经
2026-07-21 17:20:01,119.85,125.29,125.70,119.68,57337250,-4.14,-3.00,-178.27,腾讯财经
2026-07-21 17:30:01,119.85,125.29,125.70,119.68,57337250,-4.14,-3.00,-178.27,腾讯财经
2026-07-21 18:32:23,119.85,125.29,125.70,119.68,57337250,-4.14,-3.00,-178.27,腾讯财经
2026-07-21 18:40:04,119.85,125.29,125.70,119.68,57337250,-4.14,-3.00,-178.27,腾讯财经
2026-07-21 18:50:04,119.85,125.29,125.70,119.68,57337250,-4.14,-3.00,-178.27,腾讯财经
2026-07-21 19:00:00,119.85,125.29,125.70,119.68,57337250,-4.14,-3.00,-178.27,腾讯财经
2026-07-21 19:10:00,119.85,125.29,125.70,119.68,57337250,-4.14,-3.00,-178.27,腾讯财经
2026-07-21 19:20:02,119.85,125.29,125.70,119.68,57337250,-4.14,-3.00,-178.27,腾讯财经
2026-07-21 19:30:04,119.85,125.29,125.70,119.68,57337250,-4.14,-3.00,-178.27,腾讯财经
2026-07-21 19:40:04,119.85,125.29,125.70,119.68,57337250,-4.14,-3.00,-178.27,腾讯财经
2026-07-21 19:50:00,119.85,125.29,125.70,119.68,57337250,-4.14,-3.00,-178.27,腾讯财经
2026-07-21 20:00:00,119.85,125.29,125.70,119.68,57337250,-4.14,-3.00,-178.27,腾讯财经
2026-07-21 20:10:04,119.85,125.29,125.70,119.68,57337250,-4.14,-3.00,-178.27,腾讯财经
2026-07-21 20:20:03,119.85,125.29,125.70,119.68,57337250,-4.14,-3.00,-178.27,腾讯财经
2026-07-21 20:30:01,119.85,125.29,125.70,119.68,57337250,-4.14,-3.00,-178.27,腾讯财经
2026-07-21 20:40:00,119.85,125.29,125.70,119.68,57337250,-4.14,-3.00,-178.27,腾讯财经
2026-07-21 20:50:00,119.85,125.29,125.70,119.68,57337250,-4.14,-3.00,-178.27,腾讯财经
2026-07-21 21:00:00,119.85,125.29,125.70,119.68,57337250,-4.14,-3.00,-178.27,腾讯财经
2026-07-21 21:10:04,119.85,125.29,125.70,119.68,57337250,-4.14,-3.00,-178.27,腾讯财经
2026-07-21 21:20:00,119.85,125.29,125.70,119.68,57337250,-4.14,-3.00,-178.27,腾讯财经
2026-07-21 21:30:03,119.85,0.00,0.00,0.00,2715099,0,0,-178.27,腾讯财经
2026-07-21 21:40:04,121.34,122.17,123.48,120.37,6817365,1.49,1.00,-180.48,腾讯财经
2026-07-21 21:50:00,124.24,122.11,124.47,120.37,10669297,4.39,3.00,-184.80,腾讯财经
2026-07-21 22:00:00,125.17,122.11,125.66,120.37,15385252,5.32,4.00,-186.18,腾讯财经
2026-07-21 22:10:04,126.21,122.11,127.27,120.37,20371277,6.36,5.00,-187.72,腾讯财经
2026-07-21 22:20:02,127.72,122.11,127.86,120.37,24139270,7.87,6.00,-189.97,腾讯财经
2026-07-21 22:30:04,128.12,122.11,128.37,120.37,26575320,8.27,6.00,-190.57,腾讯财经
2026-07-21 22:40:00,127.16,122.11,128.78,120.37,28745425,7.31,6.00,-189.14,腾讯财经
2026-07-21 22:50:04,127.92,122.11,128.78,120.37,30448290,8.07,6.00,-190.27,腾讯财经
2026-07-21 23:00:00,127.73,122.11,128.78,120.37,31309265,7.88,6.00,-189.99,腾讯财经
2026-07-21 23:10:00,128.86,122.11,128.89,120.37,33844969,9.01,7.00,-191.67,腾讯财经
2026-07-21 23:20:00,128.82,122.11,129.88,120.37,36372143,8.97,7.00,-191.61,腾讯财经
2026-07-21 23:30:00,128.66,122.11,129.88,120.37,37290895,8.81,7.00,-191.37,腾讯财经
2026-07-21 23:40:00,128.46,122.11,129.88,120.37,38096758,8.61,7.00,-191.08,腾讯财经
2026-07-21 23:50:00,128.43,122.11,129.88,120.37,39117048,8.58,7.00,-191.03,腾讯财经
2026-07-22 00:00:01,128.30,122.11,129.88,120.37,39868074,8.45,7.00,-190.84,腾讯财经
2026-07-22 00:10:00,127.52,122.11,129.88,120.37,41052640,7.67,6.00,-189.68,腾讯财经
2026-07-22 00:20:02,127.17,122.11,129.88,120.37,42608078,7.32,6.00,-189.15,腾讯财经
2026-07-22 00:30:04,127.52,122.11,129.88,120.37,43281141,7.67,6.00,-189.68,腾讯财经
2026-07-22 00:40:00,127.85,122.11,129.88,120.37,44499109,8.00,6.00,-190.17,腾讯财经
2026-07-22 00:50:00,128.33,122.11,129.88,120.37,45136397,8.48,7.00,-190.88,腾讯财经
2026-07-22 01:00:00,128.58,122.11,129.88,120.37,45887737,8.73,7.00,-191.25,腾讯财经
2026-07-22 01:10:02,128.84,122.11,129.88,120.37,46831513,8.99,7.00,-191.64,腾讯财经
2026-07-22 01:20:00,128.66,122.11,129.88,120.37,47504165,8.81,7.00,-191.37,腾讯财经
2026-07-22 01:30:01,128.23,122.11,129.88,120.37,48043957,8.38,6.00,-190.73,腾讯财经
2026-07-22 01:40:00,127.91,122.11,129.88,120.37,48543219,8.06,6.00,-190.26,腾讯财经
2026-07-22 01:50:01,127.82,122.11,129.88,120.37,49120381,7.97,6.00,-190.12,腾讯财经
2026-07-22 02:00:00,127.95,122.11,129.88,120.37,49692642,8.10,6.00,-190.32,腾讯财经
2026-07-22 02:10:00,127.61,122.11,129.88,120.37,50356576,7.76,6.00,-189.81,腾讯财经
2026-07-22 02:20:00,127.20,122.11,129.88,120.37,50951984,7.35,6.00,-189.20,腾讯财经
2026-07-22 02:30:00,127.16,122.11,129.88,120.37,51831556,7.31,6.00,-189.14,腾讯财经
2026-07-22 02:40:04,126.59,122.11,129.88,120.37,52495279,6.74,5.00,-188.29,腾讯财经
2026-07-22 02:50:00,125.53,122.11,129.88,120.37,54006222,5.68,4.00,-186.72,腾讯财经
2026-07-22 03:00:00,123.61,122.11,129.88,120.37,57065848,3.76,3.00,-183.86,腾讯财经
2026-07-22 03:10:00,123.69,122.11,129.88,120.37,59807067,3.84,3.00,-183.98,腾讯财经
2026-07-22 03:20:00,122.89,122.11,129.88,120.37,62841734,3.04,2.00,-182.79,腾讯财经
2026-07-22 03:30:02,122.83,122.11,129.88,120.37,65152625,2.98,2.00,-182.70,腾讯财经
2026-07-22 03:40:00,123.21,122.11,129.88,120.37,69656750,3.36,2.00,-183.27,腾讯财经
2026-07-22 03:50:00,123.31,122.11,129.88,120.37,71405385,3.46,2.00,-183.41,腾讯财经
2026-07-22 04:00:00,123.47,122.11,129.88,120.37,74895146,3.62,3.00,-183.65,腾讯财经
2026-07-22 04:10:05,123.54,122.11,129.88,120.37,78477761,3.69,3.00,-183.76,腾讯财经
2026-07-22 04:20:00,123.54,122.11,129.88,120.36,78647481,3.69,3.00,-183.76,腾讯财经
2026-07-22 04:30:00,123.54,122.11,129.88,120.36,78752595,3.69,3.00,-183.76,腾讯财经
2026-07-22 04:40:00,123.54,122.11,129.88,120.36,78833133,3.69,3.00,-183.76,腾讯财经
2026-07-22 04:50:04,123.54,122.11,129.88,120.36,78892741,3.69,3.00,-183.76,腾讯财经
2026-07-22 05:00:00,123.54,122.11,129.88,120.36,78943477,3.69,3.00,-183.76,腾讯财经
2026-07-22 05:10:01,123.54,122.11,129.88,120.36,78992802,3.69,3.00,-183.76,腾讯财经
2026-07-22 05:20:00,123.54,122.11,129.88,120.36,79092039,3.69,3.00,-183.76,腾讯财经
2026-07-22 05:30:04,123.54,122.11,129.88,120.36,79152804,3.69,3.00,-183.76,腾讯财经
2026-07-22 05:40:03,123.54,122.11,129.88,120.36,79186778,3.69,3.00,-183.76,腾讯财经
2026-07-22 05:50:00,123.54,122.11,129.88,120.36,79238071,3.69,3.00,-183.76,腾讯财经
2026-07-22 06:00:00,123.54,122.11,129.88,120.36,79309502,3.69,3.00,-183.76,腾讯财经
2026-07-22 06:10:04,123.54,122.11,129.88,120.36,79374398,3.69,3.00,-183.76,腾讯财经
2026-07-22 06:20:01,123.54,122.11,129.88,120.36,79406256,3.69,3.00,-183.76,腾讯财经
2026-07-22 06:30:02,123.54,122.11,129.88,120.36,79457580,3.69,3.00,-183.76,腾讯财经
2026-07-22 06:40:00,123.54,122.11,129.88,120.36,79497541,3.69,3.00,-183.76,腾讯财经
2026-07-22 06:50:00,123.54,122.11,129.88,120.36,79527818,3.69,3.00,-183.76,腾讯财经
2026-07-22 07:00:00,123.54,122.11,129.88,120.36,79548891,3.69,3.00,-183.76,腾讯财经
2026-07-22 07:10:03,123.54,122.11,129.88,120.36,79573988,3.69,3.00,-183.76,腾讯财经
2026-07-22 07:20:05,123.54,122.11,129.88,120.36,79600342,3.69,3.00,-183.76,腾讯财经
2026-07-22 07:30:01,123.54,122.11,129.88,120.36,79624750,3.69,3.00,-183.76,腾讯财经
2026-07-22 07:40:04,123.54,122.11,129.88,120.36,79658266,3.69,3.00,-183.76,腾讯财经
2026-07-22 07:50:01,123.54,122.11,129.88,120.36,79685293,3.69,3.00,-183.76,腾讯财经
2026-07-22 08:44:25,123.54,122.11,129.88,120.36,79718078,3.69,3.00,-183.76,腾讯财经
2026-07-22 08:50:05,123.54,122.11,129.88,120.36,79718078,3.69,3.00,-183.76,腾讯财经
2026-07-22 09:00:03,123.54,122.11,129.88,120.36,79718078,3.69,3.00,-183.76,腾讯财经
2026-07-22 09:10:01,123.54,122.11,129.88,120.36,79718078,3.69,3.00,-183.76,腾讯财经
2026-07-22 09:20:00,123.54,122.11,129.88,120.36,79718078,3.69,3.00,-183.76,腾讯财经
2026-07-22 09:30:00,123.54,122.11,129.88,120.36,79718078,3.69,3.00,-183.76,腾讯财经
2026-07-22 09:40:03,123.54,122.11,129.88,120.36,79718078,3.69,3.00,-183.76,腾讯财经
2026-07-22 09:50:00,123.54,122.11,129.88,120.36,79718078,3.69,3.00,-183.76,腾讯财经
2026-07-22 10:00:00,123.54,122.11,129.88,120.36,79718078,3.69,3.00,-183.76,腾讯财经
2026-07-22 10:10:03,123.54,122.11,129.88,120.36,79718078,3.69,3.00,-183.76,腾讯财经
2026-07-22 10:20:05,123.54,122.11,129.88,120.36,79718078,3.69,3.00,-183.76,腾讯财经
2026-07-22 10:30:00,123.54,122.11,129.88,120.36,79718078,3.69,3.00,-183.76,腾讯财经
2026-07-22 10:40:02,123.54,122.11,129.88,120.36,79718078,3.69,3.00,-183.76,腾讯财经
2026-07-22 10:50:02,123.54,122.11,129.88,120.36,79718078,3.69,3.00,-183.76,腾讯财经
2026-07-22 11:00:00,123.54,122.11,129.88,120.36,79718078,3.69,3.00,-183.76,腾讯财经
2026-07-22 11:10:05,123.54,122.11,129.88,120.36,79718078,3.69,3.00,-183.76,腾讯财经
2026-07-22 11:20:05,123.54,122.11,129.88,120.36,79718078,3.69,3.00,-183.76,腾讯财经
2026-07-22 11:30:04,123.54,122.11,129.88,120.36,79718078,3.69,3.00,-183.76,腾讯财经
2026-07-22 11:40:04,123.54,122.11,129.88,120.36,79718078,3.69,3.00,-183.76,腾讯财经
2026-07-22 11:50:04,123.54,122.11,129.88,120.36,79718078,3.69,3.00,-183.76,腾讯财经
2026-07-22 12:00:05,123.54,122.11,129.88,120.36,79718078,3.69,3.00,-183.76,腾讯财经
2026-07-22 12:10:05,123.54,122.11,129.88,120.36,79718078,3.69,3.00,-183.76,腾讯财经
2026-07-22 12:20:04,123.54,122.11,129.88,120.36,79718078,3.69,3.00,-183.76,腾讯财经
2026-07-22 12:30:05,123.54,122.11,129.88,120.36,79718078,3.69,3.00,-183.76,腾讯财经
2026-07-22 12:40:04,123.54,122.11,129.88,120.36,79718078,3.69,3.00,-183.76,腾讯财经
2026-07-22 12:50:05,123.54,122.11,129.88,120.36,79718078,3.69,3.00,-183.76,腾讯财经
2026-07-22 13:00:05,123.54,122.11,129.88,120.36,79718078,3.69,3.00,-183.76,腾讯财经
2026-07-22 13:10:04,123.54,122.11,129.88,120.36,79718078,3.69,3.00,-183.76,腾讯财经
2026-07-22 13:20:04,123.54,122.11,129.88,120.36,79718078,3.69,3.00,-183.76,腾讯财经
2026-07-22 13:30:04,123.54,122.11,129.88,120.36,79718078,3.69,3.00,-183.76,腾讯财经
2026-07-22 13:40:05,123.54,122.11,129.88,120.36,79718078,3.69,3.00,-183.76,腾讯财经
2026-07-22 13:50:04,123.54,122.11,129.88,120.36,79718078,3.69,3.00,-183.76,腾讯财经
2026-07-22 14:00:04,123.54,122.11,129.88,120.36,79718078,3.69,3.00,-183.76,腾讯财经
2026-07-22 14:10:04,123.54,122.11,129.88,120.36,79718078,3.69,3.00,-183.76,腾讯财经
2026-07-22 14:20:04,123.54,122.11,129.88,120.36,79718078,3.69,3.00,-183.76,腾讯财经
2026-07-22 14:30:04,123.54,122.11,129.88,120.36,79718078,3.69,3.00,-183.76,腾讯财经
2026-07-22 14:40:04,123.54,122.11,129.88,120.36,79718078,3.69,3.00,-183.76,腾讯财经
2026-07-22 14:50:05,123.54,122.11,129.88,120.36,79718078,3.69,3.00,-183.76,腾讯财经
2026-07-22 15:00:05,123.54,122.11,129.88,120.36,79718078,3.69,3.00,-183.76,腾讯财经
2026-07-22 15:10:05,123.54,122.11,129.88,120.36,79718078,3.69,3.00,-183.76,腾讯财经
2026-07-22 15:20:05,123.54,122.11,129.88,120.36,79718078,3.69,3.00,-183.76,腾讯财经
2026-07-22 15:30:04,123.54,122.11,129.88,120.36,79718078,3.69,3.00,-183.76,腾讯财经
2026-07-22 15:40:04,123.54,122.11,129.88,120.36,79718078,3.69,3.00,-183.76,腾讯财经
2026-07-22 15:50:04,123.54,122.11,129.88,120.36,79718078,3.69,3.00,-183.76,腾讯财经
2026-07-22 16:00:04,123.54,122.11,129.88,120.36,79718078,3.69,3.00,-183.76,腾讯财经
2026-07-22 16:10:04,123.54,122.11,129.88,120.36,79718078,3.69,3.00,-183.76,腾讯财经
2026-07-22 16:20:04,123.54,122.11,129.88,120.36,79718078,3.69,3.00,-183.76,腾讯财经
2026-07-22 16:30:04,123.54,122.11,129.88,120.36,79718078,3.69,3.00,-183.76,腾讯财经
2026-07-22 16:40:04,123.54,122.11,129.88,120.36,79718078,3.69,3.00,-183.76,腾讯财经
2026-07-22 16:50:04,123.54,122.11,129.88,120.36,79718078,3.69,3.00,-183.76,腾讯财经
2026-07-22 17:00:01,123.54,122.11,129.88,120.36,79718078,3.69,3.00,-183.76,腾讯财经
2026-07-22 17:10:00,123.54,122.11,129.88,120.36,79718078,3.69,3.00,-183.76,腾讯财经
2026-07-22 17:20:05,123.54,122.11,129.88,120.36,79718078,3.69,3.00,-183.76,腾讯财经
2026-07-22 17:30:00,123.54,122.11,129.88,120.36,79718078,3.69,3.00,-183.76,腾讯财经
2026-07-22 18:42:40,123.54,122.11,129.88,120.36,79718078,3.69,3.00,-183.76,腾讯财经
2026-07-22 18:50:04,123.54,122.11,129.88,120.36,79718078,3.69,3.00,-183.76,腾讯财经
2026-07-22 19:00:00,123.54,122.11,129.88,120.36,79718078,3.69,3.00,-183.76,腾讯财经
2026-07-22 19:10:01,123.54,122.11,129.88,120.36,79718078,3.69,3.00,-183.76,腾讯财经
2026-07-22 19:20:01,123.54,122.11,129.88,120.36,79718078,3.69,3.00,-183.76,腾讯财经
2026-07-22 19:30:00,123.54,122.11,129.88,120.36,79718078,3.69,3.00,-183.76,腾讯财经
2026-07-22 19:40:02,123.54,122.11,129.88,120.36,79718078,3.69,3.00,-183.76,腾讯财经
2026-07-22 19:50:02,123.54,122.11,129.88,120.36,79718078,3.69,3.00,-183.76,腾讯财经
2026-07-22 20:00:03,123.54,122.11,129.88,120.36,79718078,3.69,3.00,-183.76,腾讯财经
2026-07-22 20:10:01,123.54,122.11,129.88,120.36,79718078,3.69,3.00,-183.76,腾讯财经
2026-07-22 20:20:03,123.54,122.11,129.88,120.36,79718078,3.69,3.00,-183.76,腾讯财经
2026-07-22 20:30:00,123.54,122.11,129.88,120.36,79718078,3.69,3.00,-183.76,腾讯财经
2026-07-22 20:40:00,123.54,122.11,129.88,120.36,79718078,3.69,3.00,-183.76,腾讯财经
2026-07-22 20:50:00,123.54,122.11,129.88,120.36,79718078,3.69,3.00,-183.76,腾讯财经
2026-07-22 21:00:00,123.54,122.11,129.88,120.36,79718078,3.69,3.00,-183.76,腾讯财经
2026-07-22 21:10:00,123.54,122.11,129.88,120.36,79718078,3.69,3.00,-183.76,腾讯财经
2026-07-22 21:20:03,123.54,122.11,129.88,120.36,79718078,3.69,3.00,-183.76,腾讯财经
2026-07-22 21:30:03,123.54,0.00,0.00,0.00,1839497,0,0,-183.76,腾讯财经
2026-07-22 21:40:03,121.99,123.29,123.39,121.75,5078037,-1.55,-1.00,-181.44,腾讯财经
2026-07-22 21:50:00,122.89,123.29,123.39,121.62,7065431,-.65,0,-182.79,腾讯财经
2026-07-22 22:00:03,123.69,123.29,123.75,121.62,9206074,.15,0,-183.98,腾讯财经
2026-07-22 22:10:00,123.40,123.29,123.89,121.62,10859954,-.14,0,-183.55,腾讯财经
2026-07-22 22:20:00,122.22,123.29,123.89,121.62,12898150,-1.32,-1.00,-181.79,腾讯财经
2026-07-22 22:30:00,123.08,123.29,123.89,121.62,14196181,-.46,0,-183.07,腾讯财经
2026-07-22 22:40:02,122.75,123.29,123.89,121.62,15097179,-.79,0,-182.58,腾讯财经
2026-07-22 22:50:03,122.83,123.29,123.89,121.62,15720826,-.71,0,-182.70,腾讯财经
2026-07-22 23:00:01,123.27,123.29,123.89,121.62,16302679,-.27,0,-183.36,腾讯财经
2026-07-22 23:10:00,123.95,123.29,124.30,121.62,17579384,.41,0,-184.36,腾讯财经
2026-07-22 23:20:01,124.51,123.29,124.53,121.62,18473531,.97,0,-185.19,腾讯财经
2026-07-22 23:30:00,124.35,123.29,124.60,121.62,19462379,.81,0,-184.96,腾讯财经
2026-07-22 23:40:00,124.75,123.29,124.77,121.62,20453453,1.21,0,-185.56,腾讯财经
2026-07-22 23:50:00,124.61,123.29,124.77,121.62,21201472,1.07,0,-185.35,腾讯财经
2026-07-23 00:00:00,124.56,123.29,124.77,121.62,22744001,1.02,0,-185.27,腾讯财经
2026-07-23 00:10:00,123.66,123.29,124.77,121.62,23469801,.12,0,-183.94,腾讯财经
2026-07-23 00:20:00,122.84,123.29,124.77,121.62,24471827,-.70,0,-182.72,腾讯财经
2026-07-23 00:30:04,121.77,123.29,124.77,121.62,26481727,-1.77,-1.00,-181.12,腾讯财经
2026-07-23 00:40:00,121.19,123.29,124.77,121.07,28391742,-2.35,-1.00,-180.26,腾讯财经
2026-07-23 00:50:00,121.06,123.29,124.77,120.56,30481183,-2.48,-2.00,-180.07,腾讯财经
2026-07-23 01:00:04,121.32,123.29,124.77,120.56,31763392,-2.22,-1.00,-180.46,腾讯财经
2026-07-23 01:10:00,120.89,123.29,124.77,120.56,32721502,-2.65,-2.00,-179.82,腾讯财经
2026-07-23 01:20:00,120.96,123.29,124.77,120.56,33610859,-2.58,-2.00,-179.92,腾讯财经
2026-07-23 01:30:00,120.38,123.29,124.77,120.25,35566092,-3.16,-2.00,-179.06,腾讯财经
2026-07-23 01:40:05,119.67,123.29,124.77,119.05,38912682,-3.87,-3.00,-177.99,腾讯财经
2026-07-23 01:50:01,119.47,123.29,124.77,119.05,45048198,-4.07,-3.00,-177.70,腾讯财经
2026-07-23 02:00:05,118.58,123.29,124.77,118.08,48162138,-4.96,-4.00,-176.38,腾讯财经
2026-07-23 02:10:00,118.84,123.29,124.77,118.08,49617577,-4.70,-3.00,-176.77,腾讯财经
2026-07-23 02:20:03,118.57,123.29,124.77,118.08,51536728,-4.97,-4.00,-176.36,腾讯财经
2026-07-23 02:30:05,117.41,123.29,124.77,117.39,54497055,-6.13,-4.00,-174.64,腾讯财经
2026-07-23 02:40:00,117.56,123.29,124.77,116.90,56806718,-5.98,-4.00,-174.85,腾讯财经
2026-07-23 02:50:00,117.01,123.29,124.77,116.90,58288944,-6.53,-5.00,-174.04,腾讯财经
2026-07-23 03:00:00,116.71,123.29,124.77,116.61,60626683,-6.83,-5.00,-173.60,腾讯财经
2026-07-23 03:10:03,117.10,123.29,124.77,116.19,64519857,-6.44,-5.00,-174.17,腾讯财经
2026-07-23 03:20:00,116.59,123.29,124.77,116.14,68265239,-6.95,-5.00,-173.41,腾讯财经
2026-07-23 03:30:00,116.64,123.29,124.77,116.03,70341241,-6.90,-5.00,-173.49,腾讯财经
2026-07-23 03:40:02,115.97,123.29,124.77,115.92,73107816,-7.57,-6.00,-172.49,腾讯财经
2026-07-23 03:50:03,115.80,123.29,124.77,115.65,76911563,-7.74,-6.00,-172.24,腾讯财经
2026-07-23 04:00:00,115.27,123.29,124.77,115.19,83035148,-8.27,-6.00,-171.46,腾讯财经
2026-07-23 04:10:04,115.26,123.29,124.77,115.19,89943606,-8.28,-6.00,-171.44,腾讯财经
2026-07-23 04:20:00,115.26,123.29,124.77,115.19,90396535,-8.28,-6.00,-171.44,腾讯财经
2026-07-23 04:30:00,115.26,123.29,124.77,115.19,90747035,-8.28,-6.00,-171.44,腾讯财经
2026-07-23 04:40:05,115.26,123.29,124.77,115.19,90923341,-8.28,-6.00,-171.44,腾讯财经
2026-07-23 04:50:00,115.26,123.29,124.77,115.19,91041457,-8.28,-6.00,-171.44,腾讯财经
2026-07-23 05:00:02,115.26,123.29,124.77,115.19,91201476,-8.28,-6.00,-171.44,腾讯财经
2026-07-23 05:10:00,115.26,123.29,124.77,115.19,91358401,-8.28,-6.00,-171.44,腾讯财经
2026-07-23 05:20:00,115.26,123.29,124.77,115.19,91437532,-8.28,-6.00,-171.44,腾讯财经
2026-07-23 05:30:03,115.26,123.29,124.77,115.19,91576419,-8.28,-6.00,-171.44,腾讯财经
2026-07-23 05:40:00,115.26,123.29,124.77,115.19,91651733,-8.28,-6.00,-171.44,腾讯财经
2026-07-23 05:50:00,115.26,123.29,124.77,115.19,91771387,-8.28,-6.00,-171.44,腾讯财经
2026-07-23 06:00:04,115.26,123.29,124.77,115.19,91851032,-8.28,-6.00,-171.44,腾讯财经
2026-07-23 06:10:00,115.26,123.29,124.77,115.19,92011133,-8.28,-6.00,-171.44,腾讯财经
2026-07-23 06:20:00,115.26,123.29,124.77,115.19,92189720,-8.28,-6.00,-171.44,腾讯财经
2026-07-23 06:30:00,115.26,123.29,124.77,115.19,92244312,-8.28,-6.00,-171.44,腾讯财经
2026-07-23 06:40:00,115.26,123.29,124.77,115.19,92303864,-8.28,-6.00,-171.44,腾讯财经
2026-07-23 06:50:04,115.26,123.29,124.77,115.19,92348671,-8.28,-6.00,-171.44,腾讯财经
2026-07-23 07:00:00,115.26,123.29,124.77,115.19,92392875,-8.28,-6.00,-171.44,腾讯财经
2026-07-23 07:10:03,115.26,123.29,124.77,115.19,92444867,-8.28,-6.00,-171.44,腾讯财经
2026-07-23 07:20:00,115.26,123.29,124.77,115.19,92493776,-8.28,-6.00,-171.44,腾讯财经
2026-07-23 07:30:00,115.26,123.29,124.77,115.19,92541948,-8.28,-6.00,-171.44,腾讯财经
2026-07-23 08:50:05,115.26,123.29,124.77,115.19,92731796,-8.28,-6.00,-171.44,腾讯财经
2026-07-23 09:00:00,115.26,123.29,124.77,115.19,92731796,-8.28,-6.00,-171.44,腾讯财经
2026-07-23 09:10:04,115.26,123.29,124.77,115.19,92731796,-8.28,-6.00,-171.44,腾讯财经
2026-07-23 09:20:00,115.26,123.29,124.77,115.19,92731796,-8.28,-6.00,-171.44,腾讯财经
2026-07-23 09:30:04,115.26,123.29,124.77,115.19,92731796,-8.28,-6.00,-171.44,腾讯财经
2026-07-23 09:40:05,115.26,123.29,124.77,115.19,92731796,-8.28,-6.00,-171.44,腾讯财经
2026-07-23 09:50:04,115.26,123.29,124.77,115.19,92731796,-8.28,-6.00,-171.44,腾讯财经
2026-07-23 10:00:01,115.26,123.29,124.77,115.19,92731796,-8.28,-6.00,-171.44,腾讯财经
2026-07-23 10:10:04,115.26,123.29,124.77,115.19,92731796,-8.28,-6.00,-171.44,腾讯财经
2026-07-23 10:20:04,115.26,123.29,124.77,115.19,92731796,-8.28,-6.00,-171.44,腾讯财经
2026-07-23 10:30:01,115.26,123.29,124.77,115.19,92731796,-8.28,-6.00,-171.44,腾讯财经
2026-07-23 10:40:04,115.26,123.29,124.77,115.19,92731796,-8.28,-6.00,-171.44,腾讯财经
2026-07-23 10:50:00,115.26,123.29,124.77,115.19,92731796,-8.28,-6.00,-171.44,腾讯财经
2026-07-23 11:00:01,115.26,123.29,124.77,115.19,92731796,-8.28,-6.00,-171.44,腾讯财经
2026-07-23 11:10:03,115.26,123.29,124.77,115.19,92731796,-8.28,-6.00,-171.44,腾讯财经
2026-07-23 11:20:01,115.26,123.29,124.77,115.19,92731796,-8.28,-6.00,-171.44,腾讯财经
2026-07-23 11:30:01,115.26,123.29,124.77,115.19,92731796,-8.28,-6.00,-171.44,腾讯财经
2026-07-23 11:40:04,115.26,123.29,124.77,115.19,92731796,-8.28,-6.00,-171.44,腾讯财经
2026-07-23 11:50:00,115.26,123.29,124.77,115.19,92731796,-8.28,-6.00,-171.44,腾讯财经
2026-07-23 12:00:04,115.26,123.29,124.77,115.19,92731796,-8.28,-6.00,-171.44,腾讯财经
2026-07-23 12:10:05,115.26,123.29,124.77,115.19,92731796,-8.28,-6.00,-171.44,腾讯财经
2026-07-23 12:20:03,115.26,123.29,124.77,115.19,92731796,-8.28,-6.00,-171.44,腾讯财经
2026-07-23 12:30:02,115.26,123.29,124.77,115.19,92731796,-8.28,-6.00,-171.44,腾讯财经
2026-07-23 12:40:05,115.26,123.29,124.77,115.19,92731796,-8.28,-6.00,-171.44,腾讯财经
2026-07-23 12:50:00,115.26,123.29,124.77,115.19,92731796,-8.28,-6.00,-171.44,腾讯财经
2026-07-23 13:00:02,115.26,123.29,124.77,115.19,92731796,-8.28,-6.00,-171.44,腾讯财经
2026-07-23 13:10:04,115.26,123.29,124.77,115.19,92731796,-8.28,-6.00,-171.44,腾讯财经
2026-07-23 13:20:02,115.26,123.29,124.77,115.19,92731796,-8.28,-6.00,-171.44,腾讯财经
2026-07-23 13:30:05,115.26,123.29,124.77,115.19,92731796,-8.28,-6.00,-171.44,腾讯财经
2026-07-23 13:40:05,115.26,123.29,124.77,115.19,92731796,-8.28,-6.00,-171.44,腾讯财经
2026-07-23 13:50:04,115.26,123.29,124.77,115.19,92731796,-8.28,-6.00,-171.44,腾讯财经
2026-07-23 14:00:00,115.26,123.29,124.77,115.19,92731796,-8.28,-6.00,-171.44,腾讯财经
2026-07-23 14:10:05,115.26,123.29,124.77,115.19,92731796,-8.28,-6.00,-171.44,腾讯财经
2026-07-23 14:20:01,115.26,123.29,124.77,115.19,92731796,-8.28,-6.00,-171.44,腾讯财经
2026-07-23 14:30:00,115.26,123.29,124.77,115.19,92731796,-8.28,-6.00,-171.44,腾讯财经
2026-07-23 14:40:04,115.26,123.29,124.77,115.19,92731796,-8.28,-6.00,-171.44,腾讯财经
2026-07-23 14:50:00,115.26,123.29,124.77,115.19,92731796,-8.28,-6.00,-171.44,腾讯财经
2026-07-23 15:00:01,115.26,123.29,124.77,115.19,92731796,-8.28,-6.00,-171.44,腾讯财经
2026-07-23 15:10:00,115.26,123.29,124.77,115.19,92731796,-8.28,-6.00,-171.44,腾讯财经
2026-07-23 15:20:00,115.26,123.29,124.77,115.19,92731796,-8.28,-6.00,-171.44,腾讯财经
2026-07-23 15:30:04,115.26,123.29,124.77,115.19,92731796,-8.28,-6.00,-171.44,腾讯财经
2026-07-23 15:40:05,115.26,123.29,124.77,115.19,92731796,-8.28,-6.00,-171.44,腾讯财经
2026-07-23 15:50:05,115.26,123.29,124.77,115.19,92731796,-8.28,-6.00,-171.44,腾讯财经
2026-07-23 16:00:03,115.26,123.29,124.77,115.19,92731796,-8.28,-6.00,-171.44,腾讯财经
2026-07-23 16:10:03,115.26,123.29,124.77,115.19,92731796,-8.28,-6.00,-171.44,腾讯财经
2026-07-23 16:20:00,115.26,123.29,124.77,115.19,92731796,-8.28,-6.00,-171.44,腾讯财经
2026-07-23 16:30:00,115.26,123.29,124.77,115.19,92731796,-8.28,-6.00,-171.44,腾讯财经
2026-07-23 16:40:04,115.26,123.29,124.77,115.19,92731796,-8.28,-6.00,-171.44,腾讯财经
2026-07-23 16:50:00,115.26,123.29,124.77,115.19,92731796,-8.28,-6.00,-171.44,腾讯财经
2026-07-23 17:00:00,115.26,123.29,124.77,115.19,92731796,-8.28,-6.00,-171.44,腾讯财经
2026-07-23 17:10:01,115.26,123.29,124.77,115.19,92731796,-8.28,-6.00,-171.44,腾讯财经
2026-07-23 17:20:03,115.26,123.29,124.77,115.19,92731796,-8.28,-6.00,-171.44,腾讯财经
2026-07-23 17:30:01,115.26,123.29,124.77,115.19,92731796,-8.28,-6.00,-171.44,腾讯财经
2026-07-23 17:40:05,115.26,123.29,124.77,115.19,92731796,-8.28,-6.00,-171.44,腾讯财经
2026-07-23 18:12:05,115.26,123.29,124.77,115.19,92731796,-8.28,-6.00,-171.44,腾讯财经
2026-07-23 18:20:00,115.26,123.29,124.77,115.19,92731796,-8.28,-6.00,-171.44,腾讯财经
2026-07-23 18:30:00,115.26,123.29,124.77,115.19,92731796,-8.28,-6.00,-171.44,腾讯财经
2026-07-23 18:40:00,115.26,123.29,124.77,115.19,92731796,-8.28,-6.00,-171.44,腾讯财经
2026-07-23 18:50:05,115.26,123.29,124.77,115.19,92731796,-8.28,-6.00,-171.44,腾讯财经
2026-07-23 19:00:00,115.26,123.29,124.77,115.19,92731796,-8.28,-6.00,-171.44,腾讯财经
2026-07-23 19:10:03,115.26,123.29,124.77,115.19,92731796,-8.28,-6.00,-171.44,腾讯财经
2026-07-23 19:20:05,115.26,123.29,124.77,115.19,92731796,-8.28,-6.00,-171.44,腾讯财经
2026-07-23 19:30:02,115.26,123.29,124.77,115.19,92731796,-8.28,-6.00,-171.44,腾讯财经
2026-07-23 19:40:04,115.26,123.29,124.77,115.19,92731796,-8.28,-6.00,-171.44,腾讯财经
2026-07-23 19:50:00,115.26,123.29,124.77,115.19,92731796,-8.28,-6.00,-171.44,腾讯财经
2026-07-23 20:00:04,115.26,123.29,124.77,115.19,92731796,-8.28,-6.00,-171.44,腾讯财经
2026-07-23 20:10:00,115.26,123.29,124.77,115.19,92731796,-8.28,-6.00,-171.44,腾讯财经
2026-07-23 20:20:04,115.26,123.29,124.77,115.19,92731796,-8.28,-6.00,-171.44,腾讯财经
2026-07-23 20:30:04,115.26,123.29,124.77,115.19,92731796,-8.28,-6.00,-171.44,腾讯财经
2026-07-23 20:40:05,115.26,123.29,124.77,115.19,92731796,-8.28,-6.00,-171.44,腾讯财经
2026-07-23 20:50:00,115.26,123.29,124.77,115.19,92731796,-8.28,-6.00,-171.44,腾讯财经
2026-07-23 21:00:01,115.26,123.29,124.77,115.19,92731796,-8.28,-6.00,-171.44,腾讯财经
2026-07-23 21:10:03,115.26,123.29,124.77,115.19,92731796,-8.28,-6.00,-171.44,腾讯财经
2026-07-23 21:20:00,115.26,123.29,124.77,115.19,92731796,-8.28,-6.00,-171.44,腾讯财经
2026-07-24 08:40:05,118.24,115.21,118.55,110.85,75246453,2.98,2.00,-175.87,腾讯财经
2026-07-24 08:50:05,118.24,115.21,118.55,110.85,75246453,2.98,2.00,-175.87,腾讯财经
2026-07-24 09:00:01,118.24,115.21,118.55,110.85,75246453,2.98,2.00,-175.87,腾讯财经
2026-07-24 09:10:05,118.24,115.21,118.55,110.85,75246453,2.98,2.00,-175.87,腾讯财经
2026-07-24 09:20:01,118.24,115.21,118.55,110.85,75246453,2.98,2.00,-175.87,腾讯财经
2026-07-24 09:30:04,118.24,115.21,118.55,110.85,75246453,2.98,2.00,-175.87,腾讯财经
2026-07-24 09:40:00,118.24,115.21,118.55,110.85,75246453,2.98,2.00,-175.87,腾讯财经
2026-07-24 09:50:00,118.24,115.21,118.55,110.85,75246453,2.98,2.00,-175.87,腾讯财经
2026-07-24 10:00:04,118.24,115.21,118.55,110.85,75246453,2.98,2.00,-175.87,腾讯财经
2026-07-24 10:10:05,118.24,115.21,118.55,110.85,75246453,2.98,2.00,-175.87,腾讯财经
2026-07-24 10:20:02,118.24,115.21,118.55,110.85,75246453,2.98,2.00,-175.87,腾讯财经
2026-07-24 10:30:00,118.24,115.21,118.55,110.85,75246453,2.98,2.00,-175.87,腾讯财经
2026-07-24 10:40:04,118.24,115.21,118.55,110.85,75246453,2.98,2.00,-175.87,腾讯财经
2026-07-24 10:50:02,118.24,115.21,118.55,110.85,75246453,2.98,2.00,-175.87,腾讯财经
2026-07-24 11:00:02,118.24,115.21,118.55,110.85,75246453,2.98,2.00,-175.87,腾讯财经
2026-07-24 11:10:05,118.24,115.21,118.55,110.85,75246453,2.98,2.00,-175.87,腾讯财经
2026-07-24 11:20:03,118.24,115.21,118.55,110.85,75246453,2.98,2.00,-175.87,腾讯财经
2026-07-24 11:30:05,118.24,115.21,118.55,110.85,75246453,2.98,2.00,-175.87,腾讯财经
2026-07-24 11:40:05,118.24,115.21,118.55,110.85,75246453,2.98,2.00,-175.87,腾讯财经
2026-07-24 11:50:04,118.24,115.21,118.55,110.85,75246453,2.98,2.00,-175.87,腾讯财经
2026-07-24 12:00:00,118.24,115.21,118.55,110.85,75246453,2.98,2.00,-175.87,腾讯财经
2026-07-24 12:10:03,118.24,115.21,118.55,110.85,75246453,2.98,2.00,-175.87,腾讯财经
2026-07-24 12:20:01,118.24,115.21,118.55,110.85,75246453,2.98,2.00,-175.87,腾讯财经
2026-07-24 12:30:02,118.24,115.21,118.55,110.85,75246453,2.98,2.00,-175.87,腾讯财经
2026-07-24 12:40:05,118.24,115.21,118.55,110.85,75246453,2.98,2.00,-175.87,腾讯财经
2026-07-24 12:50:00,118.24,115.21,118.55,110.85,75246453,2.98,2.00,-175.87,腾讯财经
2026-07-24 13:00:05,118.24,115.21,118.55,110.85,75246453,2.98,2.00,-175.87,腾讯财经
2026-07-24 13:10:05,118.24,115.21,118.55,110.85,75246453,2.98,2.00,-175.87,腾讯财经
2026-07-24 13:20:00,118.24,115.21,118.55,110.85,75246453,2.98,2.00,-175.87,腾讯财经
2026-07-24 13:30:01,118.24,115.21,118.55,110.85,75246453,2.98,2.00,-175.87,腾讯财经
2026-07-24 13:40:00,118.24,115.21,118.55,110.85,75246453,2.98,2.00,-175.87,腾讯财经
2026-07-24 13:50:03,118.24,115.21,118.55,110.85,75246453,2.98,2.00,-175.87,腾讯财经
2026-07-24 14:00:04,118.24,115.21,118.55,110.85,75246453,2.98,2.00,-175.87,腾讯财经
2026-07-24 14:10:02,118.24,115.21,118.55,110.85,75246453,2.98,2.00,-175.87,腾讯财经
2026-07-24 14:20:03,118.24,115.21,118.55,110.85,75246453,2.98,2.00,-175.87,腾讯财经
2026-07-24 14:30:05,118.24,115.21,118.55,110.85,75246453,2.98,2.00,-175.87,腾讯财经
2026-07-24 14:40:05,118.24,115.21,118.55,110.85,75246453,2.98,2.00,-175.87,腾讯财经
2026-07-24 14:50:03,118.24,115.21,118.55,110.85,75246453,2.98,2.00,-175.87,腾讯财经
2026-07-24 15:00:04,118.24,115.21,118.55,110.85,75246453,2.98,2.00,-175.87,腾讯财经
2026-07-24 15:10:05,118.24,115.21,118.55,110.85,75246453,2.98,2.00,-175.87,腾讯财经
2026-07-24 15:20:05,118.24,115.21,118.55,110.85,75246453,2.98,2.00,-175.87,腾讯财经
2026-07-24 15:30:05,118.24,115.21,118.55,110.85,75246453,2.98,2.00,-175.87,腾讯财经
2026-07-24 15:40:02,118.24,115.21,118.55,110.85,75246453,2.98,2.00,-175.87,腾讯财经
2026-07-24 15:50:05,118.24,115.21,118.55,110.85,75246453,2.98,2.00,-175.87,腾讯财经
2026-07-24 16:00:03,118.24,115.21,118.55,110.85,75246453,2.98,2.00,-175.87,腾讯财经
2026-07-24 16:10:00,118.24,115.21,118.55,110.85,75246453,2.98,2.00,-175.87,腾讯财经
2026-07-24 16:20:01,118.24,115.21,118.55,110.85,75246453,2.98,2.00,-175.87,腾讯财经
2026-07-24 16:30:03,118.24,115.21,118.55,110.85,75246453,2.98,2.00,-175.87,腾讯财经
2026-07-24 16:40:04,118.24,115.21,118.55,110.85,75246453,2.98,2.00,-175.87,腾讯财经
2026-07-24 16:50:04,118.24,115.21,118.55,110.85,75246453,2.98,2.00,-175.87,腾讯财经
2026-07-24 17:00:02,118.24,115.21,118.55,110.85,75246453,2.98,2.00,-175.87,腾讯财经
2026-07-24 17:10:00,118.24,115.21,118.55,110.85,75246453,2.98,2.00,-175.87,腾讯财经
2026-07-24 17:20:00,118.24,115.21,118.55,110.85,75246453,2.98,2.00,-175.87,腾讯财经
2026-07-24 17:30:00,118.24,115.21,118.55,110.85,75246453,2.98,2.00,-175.87,腾讯财经
2026-07-24 19:15:13,118.24,115.21,118.55,110.85,75246453,2.98,2.00,-175.87,腾讯财经
2026-07-24 20:00:05,118.24,115.21,118.55,110.85,75246453,2.98,2.00,-175.87,腾讯财经
2026-07-24 20:10:04,118.24,115.21,118.55,110.85,75246453,2.98,2.00,-175.87,腾讯财经
2026-07-24 20:20:02,118.24,115.21,118.55,110.85,75246453,2.98,2.00,-175.87,腾讯财经
2026-07-24 20:30:02,118.24,115.21,118.55,110.85,75246453,2.98,2.00,-175.87,腾讯财经
2026-07-24 20:40:05,118.24,115.21,118.55,110.85,75246453,2.98,2.00,-175.87,腾讯财经
2026-07-24 20:50:04,118.24,115.21,118.55,110.85,75246453,2.98,2.00,-175.87,腾讯财经
2026-07-24 21:00:01,118.24,115.21,118.55,110.85,75246453,2.98,2.00,-175.87,腾讯财经
2026-07-24 21:10:05,118.24,115.21,118.55,110.85,75246453,2.98,2.00,-175.87,腾讯财经
2026-07-24 21:20:00,118.24,115.21,118.55,110.85,75246453,2.98,2.00,-175.87,腾讯财经
2026-07-24 21:30:05,115.93,115.93,115.97,115.93,1678253,-2.31,-1.00,-172.44,腾讯财经
2026-07-24 21:40:01,115.11,115.93,116.74,114.77,4798186,-3.13,-2.00,-171.21,腾讯财经
2026-07-24 21:50:01,114.87,116.01,116.74,114.05,6499774,-3.37,-2.00,-170.85,腾讯财经
2026-07-24 22:00:03,113.98,116.01,116.74,113.30,8668099,-4.26,-3.00,-169.54,腾讯财经
2026-07-24 22:10:00,114.37,116.01,116.74,113.30,10343199,-3.87,-3.00,-170.12,腾讯财经
2026-07-24 22:20:00,113.25,116.01,116.74,112.98,12236072,-4.99,-4.00,-168.44,腾讯财经
2026-07-24 22:30:00,113.39,116.01,116.74,112.61,14145475,-4.85,-4.00,-168.67,腾讯财经
2026-07-24 22:40:01,111.69,116.01,116.74,111.64,16361525,-6.55,-5.00,-166.13,腾讯财经
2026-07-24 22:50:00,112.25,116.01,116.74,111.40,18432541,-5.99,-5.00,-166.96,腾讯财经
2026-07-24 23:00:00,113.27,116.01,116.74,111.40,19807591,-4.97,-4.00,-168.49,腾讯财经
2026-07-24 23:10:00,112.03,116.01,116.74,111.40,20932208,-6.21,-5.00,-166.63,腾讯财经
2026-07-24 23:20:03,112.23,116.01,116.74,111.40,22549452,-6.01,-5.00,-166.93,腾讯财经
2026-07-24 23:30:00,112.97,116.01,116.74,111.40,23363158,-5.27,-4.00,-168.04,腾讯财经
2026-07-24 23:40:02,113.27,116.01,116.74,111.40,24287365,-4.97,-4.00,-168.48,腾讯财经
2026-07-24 23:50:00,112.94,116.01,116.74,111.40,25101093,-5.30,-4.00,-167.98,腾讯财经
2026-07-25 00:00:05,113.33,116.01,116.74,111.40,25909962,-4.91,-4.00,-168.56,腾讯财经
2026-07-25 00:10:01,113.35,116.01,116.74,111.40,26703406,-4.89,-4.00,-168.60,腾讯财经
2026-07-25 00:20:00,112.52,116.01,116.74,111.40,27901302,-5.72,-4.00,-167.36,腾讯财经
2026-07-25 00:30:00,112.66,116.01,116.74,111.40,28646220,-5.58,-4.00,-167.57,腾讯财经
2026-07-25 00:40:01,112.56,116.01,116.74,111.40,29207782,-5.68,-4.00,-167.43,腾讯财经
2026-07-25 00:50:02,112.49,116.01,116.74,111.40,29722324,-5.75,-4.00,-167.32,腾讯财经
2026-07-25 01:00:04,112.57,116.01,116.74,111.40,30310662,-5.67,-4.00,-167.44,腾讯财经
2026-07-25 01:10:01,111.93,116.01,116.74,111.40,31515048,-6.31,-5.00,-166.49,腾讯财经
2026-07-25 01:20:01,112.64,116.01,116.74,111.40,32299096,-5.60,-4.00,-167.54,腾讯财经
2026-07-25 01:30:01,112.81,116.01,116.74,111.40,32970747,-5.43,-4.00,-167.80,腾讯财经
2026-07-25 01:40:04,112.91,116.01,116.74,111.40,34319894,-5.33,-4.00,-167.95,腾讯财经
2026-07-25 01:50:00,113.15,116.01,116.74,111.40,35184323,-5.09,-4.00,-168.30,腾讯财经
2026-07-25 02:00:00,113.39,116.01,116.74,111.40,35934850,-4.85,-4.00,-168.66,腾讯财经
2026-07-25 02:10:00,113.13,116.01,116.74,111.40,36457917,-5.11,-4.00,-168.27,腾讯财经
2026-07-25 02:20:03,112.83,116.01,116.74,111.40,37139310,-5.41,-4.00,-167.83,腾讯财经
2026-07-25 02:30:00,113.03,116.01,116.74,111.40,37867658,-5.21,-4.00,-168.12,腾讯财经
2026-07-25 02:40:04,112.93,116.01,116.74,111.40,38644371,-5.31,-4.00,-167.97,腾讯财经
2026-07-25 02:50:05,113.21,116.01,116.74,111.40,39444830,-5.03,-4.00,-168.39,腾讯财经
2026-07-25 03:00:00,113.93,116.01,116.74,111.40,40939473,-4.31,-3.00,-169.46,腾讯财经
2026-07-25 03:10:02,113.68,116.01,116.74,111.40,41918474,-4.56,-3.00,-169.09,腾讯财经
2026-07-25 03:20:00,114.32,116.01,116.74,111.40,43320806,-3.92,-3.00,-170.04,腾讯财经
2026-07-25 03:30:05,114.34,116.01,116.74,111.40,44313257,-3.90,-3.00,-170.07,腾讯财经
2026-07-25 03:40:00,114.18,116.01,116.74,111.40,45362294,-4.06,-3.00,-169.83,腾讯财经
2026-07-25 03:50:02,114.13,116.01,116.74,111.40,46464958,-4.11,-3.00,-169.76,腾讯财经
2026-07-25 04:00:05,115.07,116.01,116.74,111.40,50932908,-3.17,-2.00,-171.16,腾讯财经
2026-07-25 04:10:00,115.07,116.01,116.74,111.40,53628208,-3.17,-2.00,-171.16,腾讯财经
2026-07-25 04:20:01,115.07,116.01,117.00,111.40,53701252,-3.17,-2.00,-171.16,腾讯财经
2026-07-25 04:30:01,115.07,116.01,117.00,111.40,53746722,-3.17,-2.00,-171.16,腾讯财经
2026-07-25 04:40:01,115.07,116.01,117.00,111.40,53794669,-3.17,-2.00,-171.16,腾讯财经
2026-07-25 04:50:00,115.07,116.01,117.00,111.40,53831902,-3.17,-2.00,-171.16,腾讯财经
2026-07-25 05:00:00,115.07,116.01,117.00,111.40,53996837,-3.17,-2.00,-171.16,腾讯财经
2026-07-25 05:10:00,115.07,116.01,117.00,111.40,54057250,-3.17,-2.00,-171.16,腾讯财经
2026-07-25 05:20:03,115.07,116.01,117.00,111.40,54114553,-3.17,-2.00,-171.16,腾讯财经
2026-07-25 05:30:00,115.07,116.01,117.00,111.40,54173229,-3.17,-2.00,-171.16,腾讯财经
2026-07-25 05:40:00,115.07,116.01,117.00,111.40,54207700,-3.17,-2.00,-171.16,腾讯财经
2026-07-25 05:50:00,115.07,116.01,117.00,111.40,54227072,-3.17,-2.00,-171.16,腾讯财经
2026-07-25 06:00:02,115.07,116.01,117.00,111.40,54251815,-3.17,-2.00,-171.16,腾讯财经
2026-07-25 06:10:03,115.07,116.01,117.00,111.40,54294134,-3.17,-2.00,-171.16,腾讯财经
2026-07-25 06:20:04,115.07,116.01,117.00,111.40,54315755,-3.17,-2.00,-171.16,腾讯财经
2026-07-25 06:30:05,115.07,116.01,117.00,111.40,54358887,-3.17,-2.00,-171.16,腾讯财经
2026-07-25 06:40:00,115.07,116.01,117.00,111.40,54433124,-3.17,-2.00,-171.16,腾讯财经
2026-07-25 06:50:00,115.07,116.01,117.00,111.40,54647796,-3.17,-2.00,-171.16,腾讯财经
2026-07-25 07:00:01,115.07,116.01,117.00,111.40,55568507,-3.17,-2.00,-171.16,腾讯财经
2026-07-25 07:10:05,115.07,116.01,117.00,111.40,56051522,-3.17,-2.00,-171.16,腾讯财经
2026-07-25 07:20:00,115.07,116.01,117.00,111.40,56210378,-3.17,-2.00,-171.16,腾讯财经
2026-07-25 07:30:00,115.07,116.01,117.00,111.40,56436816,-3.17,-2.00,-171.16,腾讯财经
2026-07-25 07:40:01,115.07,116.01,117.00,111.40,56552850,-3.17,-2.00,-171.16,腾讯财经
2026-07-25 07:50:00,115.07,116.01,117.00,111.40,56640584,-3.17,-2.00,-171.16,腾讯财经
2026-07-25 08:00:03,115.07,116.01,117.00,111.40,56786082,-3.17,-2.00,-171.16,腾讯财经
2026-07-25 08:10:05,115.07,116.01,117.00,111.40,56786082,-3.17,-2.00,-171.16,腾讯财经
2026-07-25 08:20:00,115.07,116.01,117.00,111.40,56786082,-3.17,-2.00,-171.16,腾讯财经
2026-07-25 08:30:00,115.07,116.01,117.00,111.40,56786082,-3.17,-2.00,-171.16,腾讯财经
2026-07-25 08:40:05,115.07,116.01,117.00,111.40,56786082,-3.17,-2.00,-171.16,腾讯财经
2026-07-25 08:50:00,115.07,116.01,117.00,111.40,56786082,-3.17,-2.00,-171.16,腾讯财经
2026-07-25 09:00:00,115.07,116.01,117.00,111.40,56786082,-3.17,-2.00,-171.16,腾讯财经
2026-07-25 09:10:00,115.07,116.01,117.00,111.40,56786082,-3.17,-2.00,-171.16,腾讯财经
2026-07-25 09:20:00,115.07,116.01,117.00,111.40,56786082,-3.17,-2.00,-171.16,腾讯财经
2026-07-25 09:30:01,115.07,116.01,117.00,111.40,56786082,-3.17,-2.00,-171.16,腾讯财经
2026-07-25 09:40:02,115.07,116.01,117.00,111.40,56786082,-3.17,-2.00,-171.16,腾讯财经
2026-07-25 09:50:04,115.07,116.01,117.00,111.40,56786082,-3.17,-2.00,-171.16,腾讯财经
2026-07-25 10:00:00,115.07,116.01,117.00,111.40,56786082,-3.17,-2.00,-171.16,腾讯财经
2026-07-25 10:10:05,115.07,116.01,117.00,111.40,56786082,-3.17,-2.00,-171.16,腾讯财经
2026-07-25 10:20:04,115.07,116.01,117.00,111.40,56786082,-3.17,-2.00,-171.16,腾讯财经
2026-07-25 10:30:01,115.07,116.01,117.00,111.40,56786082,-3.17,-2.00,-171.16,腾讯财经
2026-07-25 10:40:00,115.07,116.01,117.00,111.40,56786082,-3.17,-2.00,-171.16,腾讯财经
2026-07-25 10:50:05,115.07,116.01,117.00,111.40,56786082,-3.17,-2.00,-171.16,腾讯财经
2026-07-25 11:00:00,115.07,116.01,117.00,111.40,56786082,-3.17,-2.00,-171.16,腾讯财经
2026-07-25 11:10:03,115.07,116.01,117.00,111.40,56786082,-3.17,-2.00,-171.16,腾讯财经
2026-07-25 11:20:05,115.07,116.01,117.00,111.40,56786082,-3.17,-2.00,-171.16,腾讯财经
2026-07-25 11:30:04,115.07,116.01,117.00,111.40,56786082,-3.17,-2.00,-171.16,腾讯财经
2026-07-25 11:40:00,115.07,116.01,117.00,111.40,56786082,-3.17,-2.00,-171.16,腾讯财经
2026-07-25 11:50:01,115.07,116.01,117.00,111.40,56786082,-3.17,-2.00,-171.16,腾讯财经
2026-07-25 12:00:02,115.07,116.01,117.00,111.40,56786082,-3.17,-2.00,-171.16,腾讯财经
2026-07-25 12:10:00,115.07,116.01,117.00,111.40,56786082,-3.17,-2.00,-171.16,腾讯财经
2026-07-25 12:20:02,115.07,116.01,117.00,111.40,56786082,-3.17,-2.00,-171.16,腾讯财经
2026-07-25 12:30:00,115.07,116.01,117.00,111.40,56786082,-3.17,-2.00,-171.16,腾讯财经
2026-07-25 12:40:00,115.07,116.01,117.00,111.40,56786082,-3.17,-2.00,-171.16,腾讯财经
2026-07-25 12:50:00,115.07,116.01,117.00,111.40,56786082,-3.17,-2.00,-171.16,腾讯财经
2026-07-25 13:00:00,115.07,116.01,117.00,111.40,56786082,-3.17,-2.00,-171.16,腾讯财经
2026-07-25 13:10:05,115.07,116.01,117.00,111.40,56786082,-3.17,-2.00,-171.16,腾讯财经
2026-07-25 13:20:00,115.07,116.01,117.00,111.40,56786082,-3.17,-2.00,-171.16,腾讯财经
2026-07-25 13:30:03,115.07,116.01,117.00,111.40,56786082,-3.17,-2.00,-171.16,腾讯财经
2026-07-25 13:40:00,115.07,116.01,117.00,111.40,56786082,-3.17,-2.00,-171.16,腾讯财经
2026-07-25 13:50:02,115.07,116.01,117.00,111.40,56786082,-3.17,-2.00,-171.16,腾讯财经
2026-07-25 14:00:00,115.07,116.01,117.00,111.40,56786082,-3.17,-2.00,-171.16,腾讯财经
2026-07-25 14:10:05,115.07,116.01,117.00,111.40,56786082,-3.17,-2.00,-171.16,腾讯财经
2026-07-25 14:20:04,115.07,116.01,117.00,111.40,56786082,-3.17,-2.00,-171.16,腾讯财经
2026-07-25 14:30:01,115.07,116.01,117.00,111.40,56786082,-3.17,-2.00,-171.16,腾讯财经
2026-07-25 14:40:02,115.07,116.01,117.00,111.40,56786082,-3.17,-2.00,-171.16,腾讯财经
2026-07-25 14:50:00,115.07,116.01,117.00,111.40,56786082,-3.17,-2.00,-171.16,腾讯财经
2026-07-25 15:00:00,115.07,116.01,117.00,111.40,56786082,-3.17,-2.00,-171.16,腾讯财经
2026-07-25 15:10:02,115.07,116.01,117.00,111.40,56786082,-3.17,-2.00,-171.16,腾讯财经
2026-07-25 15:20:00,115.07,116.01,117.00,111.40,56786082,-3.17,-2.00,-171.16,腾讯财经
2026-07-25 15:30:00,115.07,116.01,117.00,111.40,56786082,-3.17,-2.00,-171.16,腾讯财经
2026-07-25 15:40:02,115.07,116.01,117.00,111.40,56786082,-3.17,-2.00,-171.16,腾讯财经
2026-07-25 15:50:00,115.07,116.01,117.00,111.40,56786082,-3.17,-2.00,-171.16,腾讯财经
2026-07-25 16:00:00,115.07,116.01,117.00,111.40,56786082,-3.17,-2.00,-171.16,腾讯财经
2026-07-25 16:10:04,115.07,116.01,117.00,111.40,56786082,-3.17,-2.00,-171.16,腾讯财经
2026-07-25 16:20:02,115.07,116.01,117.00,111.40,56786082,-3.17,-2.00,-171.16,腾讯财经
2026-07-25 16:30:05,115.07,116.01,117.00,111.40,56786082,-3.17,-2.00,-171.16,腾讯财经
2026-07-25 16:40:05,115.07,116.01,117.00,111.40,56786082,-3.17,-2.00,-171.16,腾讯财经
2026-07-25 16:50:05,115.07,116.01,117.00,111.40,56786082,-3.17,-2.00,-171.16,腾讯财经
2026-07-25 17:00:00,115.07,116.01,117.00,111.40,56786082,-3.17,-2.00,-171.16,腾讯财经
2026-07-25 17:10:00,115.07,116.01,117.00,111.40,56786082,-3.17,-2.00,-171.16,腾讯财经
2026-07-25 17:20:03,115.07,116.01,117.00,111.40,56786082,-3.17,-2.00,-171.16,腾讯财经
2026-07-25 17:30:01,115.07,116.01,117.00,111.40,56786082,-3.17,-2.00,-171.16,腾讯财经
2026-07-25 17:40:00,115.07,116.01,117.00,111.40,56786082,-3.17,-2.00,-171.16,腾讯财经
2026-07-25 17:50:01,115.07,116.01,117.00,111.40,56786082,-3.17,-2.00,-171.16,腾讯财经
2026-07-25 18:00:04,115.07,116.01,117.00,111.40,56786082,-3.17,-2.00,-171.16,腾讯财经
2026-07-25 18:10:03,115.07,116.01,117.00,111.40,56786082,-3.17,-2.00,-171.16,腾讯财经
2026-07-25 18:20:00,115.07,116.01,117.00,111.40,56786082,-3.17,-2.00,-171.16,腾讯财经
2026-07-25 18:30:03,115.07,116.01,117.00,111.40,56786082,-3.17,-2.00,-171.16,腾讯财经
2026-07-25 18:40:00,115.07,116.01,117.00,111.40,56786082,-3.17,-2.00,-171.16,腾讯财经
2026-07-25 18:50:04,115.07,116.01,117.00,111.40,56786082,-3.17,-2.00,-171.16,腾讯财经
2026-07-25 19:00:04,115.07,116.01,117.00,111.40,56786082,-3.17,-2.00,-171.16,腾讯财经
2026-07-25 19:10:01,115.07,116.01,117.00,111.40,56786082,-3.17,-2.00,-171.16,腾讯财经
2026-07-25 19:20:00,115.07,116.01,117.00,111.40,56786082,-3.17,-2.00,-171.16,腾讯财经
2026-07-25 19:30:04,115.07,116.01,117.00,111.40,56786082,-3.17,-2.00,-171.16,腾讯财经
2026-07-25 19:40:00,115.07,116.01,117.00,111.40,56786082,-3.17,-2.00,-171.16,腾讯财经
2026-07-25 19:50:05,115.07,116.01,117.00,111.40,56786082,-3.17,-2.00,-171.16,腾讯财经
2026-07-25 20:00:05,115.07,116.01,117.00,111.40,56786082,-3.17,-2.00,-171.16,腾讯财经
2026-07-25 20:10:00,115.07,116.01,117.00,111.40,56786082,-3.17,-2.00,-171.16,腾讯财经
2026-07-25 20:20:03,115.07,116.01,117.00,111.40,56786082,-3.17,-2.00,-171.16,腾讯财经
2026-07-25 20:30:00,115.07,116.01,117.00,111.40,56786082,-3.17,-2.00,-171.16,腾讯财经
2026-07-25 20:40:01,115.07,116.01,117.00,111.40,56786082,-3.17,-2.00,-171.16,腾讯财经
2026-07-25 20:50:00,115.07,116.01,117.00,111.40,56786082,-3.17,-2.00,-171.16,腾讯财经
2026-07-25 21:00:02,115.07,116.01,117.00,111.40,56786082,-3.17,-2.00,-171.16,腾讯财经
2026-07-25 21:10:00,115.07,116.01,117.00,111.40,56786082,-3.17,-2.00,-171.16,腾讯财经
2026-07-25 21:20:01,115.07,116.01,117.00,111.40,56786082,-3.17,-2.00,-171.16,腾讯财经
2026-07-25 21:30:03,115.07,116.01,117.00,111.40,56786082,-3.17,-2.00,-171.16,腾讯财经
2026-07-25 21:40:00,115.07,116.01,117.00,111.40,56786082,-3.17,-2.00,-171.16,腾讯财经
2026-07-25 21:50:00,115.07,116.01,117.00,111.40,56786082,-3.17,-2.00,-171.16,腾讯财经
2026-07-25 22:00:05,115.07,116.01,117.00,111.40,56786082,-3.17,-2.00,-171.16,腾讯财经
2026-07-25 22:10:05,115.07,116.01,117.00,111.40,56786082,-3.17,-2.00,-171.16,腾讯财经
2026-07-25 22:20:05,115.07,116.01,117.00,111.40,56786082,-3.17,-2.00,-171.16,腾讯财经
2026-07-25 22:30:05,115.07,116.01,117.00,111.40,56786082,-3.17,-2.00,-171.16,腾讯财经
2026-07-25 22:40:04,115.07,116.01,117.00,111.40,56786082,-3.17,-2.00,-171.16,腾讯财经
2026-07-25 22:50:04,115.07,116.01,117.00,111.40,56786082,-3.17,-2.00,-171.16,腾讯财经
2026-07-25 23:00:02,115.07,116.01,117.00,111.40,56786082,-3.17,-2.00,-171.16,腾讯财经
2026-07-25 23:10:01,115.07,116.01,117.00,111.40,56786082,-3.17,-2.00,-171.16,腾讯财经
2026-07-25 23:20:00,115.07,116.01,117.00,111.40,56786082,-3.17,-2.00,-171.16,腾讯财经
2026-07-25 23:30:00,115.07,116.01,117.00,111.40,56786082,-3.17,-2.00,-171.16,腾讯财经
2026-07-25 23:40:04,115.07,116.01,117.00,111.40,56786082,-3.17,-2.00,-171.16,腾讯财经
2026-07-25 23:50:00,115.07,116.01,117.00,111.40,56786082,-3.17,-2.00,-171.16,腾讯财经
2026-07-26 00:00:01,115.07,116.01,117.00,111.40,56786082,-3.17,-2.00,-171.16,腾讯财经
2026-07-26 00:10:00,115.07,116.01,117.00,111.40,56786082,-3.17,-2.00,-171.16,腾讯财经
2026-07-26 00:20:04,115.07,116.01,117.00,111.40,56786082,-3.17,-2.00,-171.16,腾讯财经
2026-07-26 00:30:05,115.07,116.01,117.00,111.40,56786082,-3.17,-2.00,-171.16,腾讯财经
2026-07-26 00:40:01,115.07,116.01,117.00,111.40,56786082,-3.17,-2.00,-171.16,腾讯财经
2026-07-26 00:50:02,115.07,116.01,117.00,111.40,56786082,-3.17,-2.00,-171.16,腾讯财经
2026-07-26 01:00:03,115.07,116.01,117.00,111.40,56786082,-3.17,-2.00,-171.16,腾讯财经
2026-07-26 01:10:01,115.07,116.01,117.00,111.40,56786082,-3.17,-2.00,-171.16,腾讯财经
2026-07-26 01:20:00,115.07,116.01,117.00,111.40,56786082,-3.17,-2.00,-171.16,腾讯财经
2026-07-26 01:30:01,115.07,116.01,117.00,111.40,56786082,-3.17,-2.00,-171.16,腾讯财经
2026-07-26 01:40:00,115.07,116.01,117.00,111.40,56786082,-3.17,-2.00,-171.16,腾讯财经
2026-07-26 01:50:04,115.07,116.01,117.00,111.40,56786082,-3.17,-2.00,-171.16,腾讯财经
2026-07-26 02:00:05,115.07,116.01,117.00,111.40,56786082,-3.17,-2.00,-171.16,腾讯财经
2026-07-26 02:10:05,115.07,116.01,117.00,111.40,56786082,-3.17,-2.00,-171.16,腾讯财经
2026-07-26 02:20:00,115.07,116.01,117.00,111.40,56786082,-3.17,-2.00,-171.16,腾讯财经
2026-07-26 02:30:04,115.07,116.01,117.00,111.40,56786082,-3.17,-2.00,-171.16,腾讯财经
2026-07-26 02:40:02,115.07,116.01,117.00,111.40,56786082,-3.17,-2.00,-171.16,腾讯财经
2026-07-26 02:50:00,115.07,116.01,117.00,111.40,56786082,-3.17,-2.00,-171.16,腾讯财经
2026-07-26 03:00:01,115.07,116.01,117.00,111.40,56786082,-3.17,-2.00,-171.16,腾讯财经
2026-07-26 03:10:04,115.07,116.01,117.00,111.40,56786082,-3.17,-2.00,-171.16,腾讯财经
2026-07-26 03:20:00,115.07,116.01,117.00,111.40,56786082,-3.17,-2.00,-171.16,腾讯财经
2026-07-26 03:30:01,115.07,116.01,117.00,111.40,56786082,-3.17,-2.00,-171.16,腾讯财经
2026-07-26 03:40:00,115.07,116.01,117.00,111.40,56786082,-3.17,-2.00,-171.16,腾讯财经
2026-07-26 03:50:03,115.07,116.01,117.00,111.40,56786082,-3.17,-2.00,-171.16,腾讯财经
2026-07-26 04:00:00,115.07,116.01,117.00,111.40,56786082,-3.17,-2.00,-171.16,腾讯财经
2026-07-26 04:10:02,115.07,116.01,117.00,111.40,56786082,-3.17,-2.00,-171.16,腾讯财经
2026-07-26 04:20:00,115.07,116.01,117.00,111.40,56786082,-3.17,-2.00,-171.16,腾讯财经
2026-07-26 04:30:00,115.07,116.01,117.00,111.40,56786082,-3.17,-2.00,-171.16,腾讯财经
2026-07-26 04:40:04,115.07,116.01,117.00,111.40,56786082,-3.17,-2.00,-171.16,腾讯财经
2026-07-26 04:50:00,115.07,116.01,117.00,111.40,56786082,-3.17,-2.00,-171.16,腾讯财经
2026-07-26 05:00:01,115.07,116.01,117.00,111.40,56786082,-3.17,-2.00,-171.16,腾讯财经
2026-07-26 05:10:00,115.07,116.01,117.00,111.40,56786082,-3.17,-2.00,-171.16,腾讯财经
2026-07-26 05:20:00,115.07,116.01,117.00,111.40,56786082,-3.17,-2.00,-171.16,腾讯财经
2026-07-26 05:30:03,115.07,116.01,117.00,111.40,56786082,-3.17,-2.00,-171.16,腾讯财经
2026-07-26 05:40:00,115.07,116.01,117.00,111.40,56786082,-3.17,-2.00,-171.16,腾讯财经
2026-07-26 05:50:00,115.07,116.01,117.00,111.40,56786082,-3.17,-2.00,-171.16,腾讯财经
2026-07-26 06:00:02,115.07,116.01,117.00,111.40,56786082,-3.17,-2.00,-171.16,腾讯财经
2026-07-26 06:10:00,115.07,116.01,117.00,111.40,56786082,-3.17,-2.00,-171.16,腾讯财经
2026-07-26 06:20:01,115.07,116.01,117.00,111.40,56786082,-3.17,-2.00,-171.16,腾讯财经
2026-07-26 06:30:00,115.07,116.01,117.00,111.40,56786082,-3.17,-2.00,-171.16,腾讯财经
2026-07-26 06:40:00,115.07,116.01,117.00,111.40,56786082,-3.17,-2.00,-171.16,腾讯财经
2026-07-26 06:50:05,115.07,116.01,117.00,111.40,56786082,-3.17,-2.00,-171.16,腾讯财经
2026-07-26 07:00:01,115.07,116.01,117.00,111.40,56786082,-3.17,-2.00,-171.16,腾讯财经
2026-07-26 07:10:03,115.07,116.01,117.00,111.40,56786082,-3.17,-2.00,-171.16,腾讯财经
2026-07-26 07:20:00,115.07,116.01,117.00,111.40,56786082,-3.17,-2.00,-171.16,腾讯财经
2026-07-26 07:30:04,115.07,116.01,117.00,111.40,56786082,-3.17,-2.00,-171.16,腾讯财经
2026-07-26 07:40:00,115.07,116.01,117.00,111.40,56786082,-3.17,-2.00,-171.16,腾讯财经
2026-07-26 07:50:05,115.07,116.01,117.00,111.40,56786082,-3.17,-2.00,-171.16,腾讯财经
2026-07-26 08:00:05,115.07,116.01,117.00,111.40,56786082,-3.17,-2.00,-171.16,腾讯财经
2026-07-26 08:10:00,115.07,116.01,117.00,111.40,56786082,-3.17,-2.00,-171.16,腾讯财经
2026-07-26 08:20:00,115.07,116.01,117.00,111.40,56786082,-3.17,-2.00,-171.16,腾讯财经
2026-07-26 08:30:00,115.07,116.01,117.00,111.40,56786082,-3.17,-2.00,-171.16,腾讯财经
2026-07-26 08:40:02,115.07,116.01,117.00,111.40,56786082,-3.17,-2.00,-171.16,腾讯财经
2026-07-26 08:50:02,115.07,116.01,117.00,111.40,56786082,-3.17,-2.00,-171.16,腾讯财经
2026-07-26 09:00:00,115.07,116.01,117.00,111.40,56786082,-3.17,-2.00,-171.16,腾讯财经
2026-07-26 09:10:00,115.07,116.01,117.00,111.40,56786082,-3.17,-2.00,-171.16,腾讯财经
2026-07-26 09:20:00,115.07,116.01,117.00,111.40,56786082,-3.17,-2.00,-171.16,腾讯财经
2026-07-26 09:30:04,115.07,116.01,117.00,111.40,56786082,-3.17,-2.00,-171.16,腾讯财经
2026-07-26 09:40:00,115.07,116.01,117.00,111.40,56786082,-3.17,-2.00,-171.16,腾讯财经
2026-07-26 09:50:00,115.07,116.01,117.00,111.40,56786082,-3.17,-2.00,-171.16,腾讯财经
2026-07-26 10:00:04,115.07,116.01,117.00,111.40,56786082,-3.17,-2.00,-171.16,腾讯财经
2026-07-26 10:10:03,115.07,116.01,117.00,111.40,56786082,-3.17,-2.00,-171.16,腾讯财经
2026-07-26 10:20:00,115.07,116.01,117.00,111.40,56786082,-3.17,-2.00,-171.16,腾讯财经
2026-07-26 10:30:00,115.07,116.01,117.00,111.40,56786082,-3.17,-2.00,-171.16,腾讯财经
2026-07-26 10:40:02,115.07,116.01,117.00,111.40,56786082,-3.17,-2.00,-171.16,腾讯财经
2026-07-26 10:50:01,115.07,116.01,117.00,111.40,56786082,-3.17,-2.00,-171.16,腾讯财经
2026-07-26 11:00:00,115.07,116.01,117.00,111.40,56786082,-3.17,-2.00,-171.16,腾讯财经
2026-07-26 11:10:00,115.07,116.01,117.00,111.40,56786082,-3.17,-2.00,-171.16,腾讯财经
2026-07-26 11:20:00,115.07,116.01,117.00,111.40,56786082,-3.17,-2.00,-171.16,腾讯财经
2026-07-26 11:30:04,115.07,116.01,117.00,111.40,56786082,-3.17,-2.00,-171.16,腾讯财经
2026-07-26 11:40:01,115.07,116.01,117.00,111.40,56786082,-3.17,-2.00,-171.16,腾讯财经
2026-07-26 11:50:00,115.07,116.01,117.00,111.40,56786082,-3.17,-2.00,-171.16,腾讯财经
2026-07-26 12:00:00,115.07,116.01,117.00,111.40,56786082,-3.17,-2.00,-171.16,腾讯财经
2026-07-26 12:10:00,115.07,116.01,117.00,111.40,56786082,-3.17,-2.00,-171.16,腾讯财经
2026-07-26 12:20:00,115.07,116.01,117.00,111.40,56786082,-3.17,-2.00,-171.16,腾讯财经
2026-07-26 12:30:05,115.07,116.01,117.00,111.40,56786082,-3.17,-2.00,-171.16,腾讯财经
2026-07-26 12:40:00,115.07,116.01,117.00,111.40,56786082,-3.17,-2.00,-171.16,腾讯财经
2026-07-26 12:50:00,115.07,116.01,117.00,111.40,56786082,-3.17,-2.00,-171.16,腾讯财经
2026-07-26 13:00:01,115.07,116.01,117.00,111.40,56786082,-3.17,-2.00,-171.16,腾讯财经
2026-07-26 13:10:00,115.07,116.01,117.00,111.40,56786082,-3.17,-2.00,-171.16,腾讯财经
2026-07-26 13:20:00,115.07,116.01,117.00,111.40,56786082,-3.17,-2.00,-171.16,腾讯财经
2026-07-26 13:30:01,115.07,116.01,117.00,111.40,56786082,-3.17,-2.00,-171.16,腾讯财经
2026-07-26 13:40:00,115.07,116.01,117.00,111.40,56786082,-3.17,-2.00,-171.16,腾讯财经
2026-07-26 13:50:01,115.07,116.01,117.00,111.40,56786082,-3.17,-2.00,-171.16,腾讯财经
2026-07-26 14:00:04,115.07,116.01,117.00,111.40,56786082,-3.17,-2.00,-171.16,腾讯财经
2026-07-26 14:10:00,115.07,116.01,117.00,111.40,56786082,-3.17,-2.00,-171.16,腾讯财经
2026-07-26 14:20:04,115.07,116.01,117.00,111.40,56786082,-3.17,-2.00,-171.16,腾讯财经
2026-07-26 14:30:03,115.07,116.01,117.00,111.40,56786082,-3.17,-2.00,-171.16,腾讯财经
2026-07-26 14:40:05,115.07,116.01,117.00,111.40,56786082,-3.17,-2.00,-171.16,腾讯财经
2026-07-26 14:50:05,115.07,116.01,117.00,111.40,56786082,-3.17,-2.00,-171.16,腾讯财经
2026-07-26 15:00:01,115.07,116.01,117.00,111.40,56786082,-3.17,-2.00,-171.16,腾讯财经
2026-07-26 15:10:04,115.07,116.01,117.00,111.40,56786082,-3.17,-2.00,-171.16,腾讯财经
2026-07-26 15:20:02,115.07,116.01,117.00,111.40,56786082,-3.17,-2.00,-171.16,腾讯财经
2026-07-26 15:30:05,115.07,116.01,117.00,111.40,56786082,-3.17,-2.00,-171.16,腾讯财经
2026-07-26 15:40:00,115.07,116.01,117.00,111.40,56786082,-3.17,-2.00,-171.16,腾讯财经
2026-07-26 15:50:01,115.07,116.01,117.00,111.40,56786082,-3.17,-2.00,-171.16,腾讯财经
2026-07-26 16:00:04,115.07,116.01,117.00,111.40,56786082,-3.17,-2.00,-171.16,腾讯财经
2026-07-26 16:10:04,115.07,116.01,117.00,111.40,56786082,-3.17,-2.00,-171.16,腾讯财经
2026-07-26 16:20:00,115.07,116.01,117.00,111.40,56786082,-3.17,-2.00,-171.16,腾讯财经
2026-07-26 16:30:00,115.07,116.01,117.00,111.40,56786082,-3.17,-2.00,-171.16,腾讯财经
2026-07-26 16:40:04,115.07,116.01,117.00,111.40,56786082,-3.17,-2.00,-171.16,腾讯财经
2026-07-26 16:50:00,115.07,116.01,117.00,111.40,56786082,-3.17,-2.00,-171.16,腾讯财经
2026-07-26 17:00:00,115.07,116.01,117.00,111.40,56786082,-3.17,-2.00,-171.16,腾讯财经
2026-07-26 17:10:00,115.07,116.01,117.00,111.40,56786082,-3.17,-2.00,-171.16,腾讯财经
2026-07-26 17:20:00,115.07,116.01,117.00,111.40,56786082,-3.17,-2.00,-171.16,腾讯财经
2026-07-26 17:30:03,115.07,116.01,117.00,111.40,56786082,-3.17,-2.00,-171.16,腾讯财经
2026-07-26 17:40:00,115.07,116.01,117.00,111.40,56786082,-3.17,-2.00,-171.16,腾讯财经
2026-07-26 17:50:01,115.07,116.01,117.00,111.40,56786082,-3.17,-2.00,-171.16,腾讯财经
2026-07-26 18:00:00,115.07,116.01,117.00,111.40,56786082,-3.17,-2.00,-171.16,腾讯财经
2026-07-26 18:10:00,115.07,116.01,117.00,111.40,56786082,-3.17,-2.00,-171.16,腾讯财经
2026-07-26 18:20:00,115.07,116.01,117.00,111.40,56786082,-3.17,-2.00,-171.16,腾讯财经
2026-07-26 18:30:01,115.07,116.01,117.00,111.40,56786082,-3.17,-2.00,-171.16,腾讯财经
2026-07-26 18:40:03,115.07,116.01,117.00,111.40,56786082,-3.17,-2.00,-171.16,腾讯财经
2026-07-26 18:50:00,115.07,116.01,117.00,111.40,56786082,-3.17,-2.00,-171.16,腾讯财经
2026-07-26 19:00:00,115.07,116.01,117.00,111.40,56786082,-3.17,-2.00,-171.16,腾讯财经
2026-07-26 19:10:00,115.07,116.01,117.00,111.40,56786082,-3.17,-2.00,-171.16,腾讯财经
2026-07-26 19:20:00,115.07,116.01,117.00,111.40,56786082,-3.17,-2.00,-171.16,腾讯财经
2026-07-26 19:30:03,115.07,116.01,117.00,111.40,56786082,-3.17,-2.00,-171.16,腾讯财经
2026-07-26 19:40:00,115.07,116.01,117.00,111.40,56786082,-3.17,-2.00,-171.16,腾讯财经
2026-07-26 19:50:00,115.07,116.01,117.00,111.40,56786082,-3.17,-2.00,-171.16,腾讯财经
2026-07-26 20:00:05,115.07,116.01,117.00,111.40,56786082,-3.17,-2.00,-171.16,腾讯财经
2026-07-26 20:10:02,115.07,116.01,117.00,111.40,56786082,-3.17,-2.00,-171.16,腾讯财经
2026-07-26 20:20:03,115.07,116.01,117.00,111.40,56786082,-3.17,-2.00,-171.16,腾讯财经
2026-07-26 20:30:02,115.07,116.01,117.00,111.40,56786082,-3.17,-2.00,-171.16,腾讯财经
2026-07-26 20:40:01,115.07,116.01,117.00,111.40,56786082,-3.17,-2.00,-171.16,腾讯财经
2026-07-26 20:50:03,115.07,116.01,117.00,111.40,56786082,-3.17,-2.00,-171.16,腾讯财经
2026-07-26 21:00:00,115.07,116.01,117.00,111.40,56786082,-3.17,-2.00,-171.16,腾讯财经
2026-07-26 21:10:05,115.07,116.01,117.00,111.40,56786082,-3.17,-2.00,-171.16,腾讯财经
2026-07-26 21:20:02,115.07,116.01,117.00,111.40,56786082,-3.17,-2.00,-171.16,腾讯财经
2026-07-26 21:30:00,115.07,116.01,117.00,111.40,56786082,-3.17,-2.00,-171.16,腾讯财经
2026-07-26 21:40:00,115.07,116.01,117.00,111.40,56786082,-3.17,-2.00,-171.16,腾讯财经
2026-07-26 21:50:00,115.07,116.01,117.00,111.40,56786082,-3.17,-2.00,-171.16,腾讯财经
2026-07-26 22:00:04,115.07,116.01,117.00,111.40,56786082,-3.17,-2.00,-171.16,腾讯财经
2026-07-26 22:10:00,115.07,116.01,117.00,111.40,56786082,-3.17,-2.00,-171.16,腾讯财经
2026-07-26 22:20:00,115.07,116.01,117.00,111.40,56786082,-3.17,-2.00,-171.16,腾讯财经
2026-07-26 22:30:05,115.07,116.01,117.00,111.40,56786082,-3.17,-2.00,-171.16,腾讯财经
2026-07-26 22:40:05,115.07,116.01,117.00,111.40,56786082,-3.17,-2.00,-171.16,腾讯财经
2026-07-26 22:50:00,115.07,116.01,117.00,111.40,56786082,-3.17,-2.00,-171.16,腾讯财经
2026-07-26 23:00:03,115.07,116.01,117.00,111.40,56786082,-3.17,-2.00,-171.16,腾讯财经
2026-07-26 23:10:01,115.07,116.01,117.00,111.40,56786082,-3.17,-2.00,-171.16,腾讯财经
2026-07-26 23:20:03,115.07,116.01,117.00,111.40,56786082,-3.17,-2.00,-171.16,腾讯财经
2026-07-26 23:30:05,115.07,116.01,117.00,111.40,56786082,-3.17,-2.00,-171.16,腾讯财经
2026-07-26 23:40:00,115.07,116.01,117.00,111.40,56786082,-3.17,-2.00,-171.16,腾讯财经
2026-07-26 23:50:05,115.07,116.01,117.00,111.40,56786082,-3.17,-2.00,-171.16,腾讯财经
2026-07-27 00:00:00,115.07,116.01,117.00,111.40,56786082,-3.17,-2.00,-171.16,腾讯财经
2026-07-27 00:10:03,115.07,116.01,117.00,111.40,56786082,-3.17,-2.00,-171.16,腾讯财经
2026-07-27 00:20:00,115.07,116.01,117.00,111.40,56786082,-3.17,-2.00,-171.16,腾讯财经
2026-07-27 00:30:01,115.07,116.01,117.00,111.40,56786082,-3.17,-2.00,-171.16,腾讯财经
2026-07-27 00:40:02,115.07,116.01,117.00,111.40,56786082,-3.17,-2.00,-171.16,腾讯财经
2026-07-27 00:50:00,115.07,116.01,117.00,111.40,56786082,-3.17,-2.00,-171.16,腾讯财经
2026-07-27 01:00:01,115.07,116.01,117.00,111.40,56786082,-3.17,-2.00,-171.16,腾讯财经
2026-07-27 01:10:05,115.07,116.01,117.00,111.40,56786082,-3.17,-2.00,-171.16,腾讯财经
2026-07-27 01:20:06,115.07,116.01,117.00,111.40,56786082,-3.17,-2.00,-171.16,腾讯财经
2026-07-27 01:30:00,115.07,116.01,117.00,111.40,56786082,-3.17,-2.00,-171.16,腾讯财经
2026-07-27 01:40:02,115.07,116.01,117.00,111.40,56786082,-3.17,-2.00,-171.16,腾讯财经
2026-07-27 01:50:00,115.07,116.01,117.00,111.40,56786082,-3.17,-2.00,-171.16,腾讯财经
2026-07-27 02:00:00,115.07,116.01,117.00,111.40,56786082,-3.17,-2.00,-171.16,腾讯财经
2026-07-27 02:10:00,115.07,116.01,117.00,111.40,56786082,-3.17,-2.00,-171.16,腾讯财经
2026-07-27 02:20:04,115.07,116.01,117.00,111.40,56786082,-3.17,-2.00,-171.16,腾讯财经
2026-07-27 02:30:00,115.07,116.01,117.00,111.40,56786082,-3.17,-2.00,-171.16,腾讯财经
2026-07-27 02:40:00,115.07,116.01,117.00,111.40,56786082,-3.17,-2.00,-171.16,腾讯财经
2026-07-27 02:50:05,115.07,116.01,117.00,111.40,56786082,-3.17,-2.00,-171.16,腾讯财经
2026-07-27 03:00:00,115.07,116.01,117.00,111.40,56786082,-3.17,-2.00,-171.16,腾讯财经
2026-07-27 03:10:01,115.07,116.01,117.00,111.40,56786082,-3.17,-2.00,-171.16,腾讯财经
2026-07-27 03:20:01,115.07,116.01,117.00,111.40,56786082,-3.17,-2.00,-171.16,腾讯财经
2026-07-27 03:30:00,115.07,116.01,117.00,111.40,56786082,-3.17,-2.00,-171.16,腾讯财经
2026-07-27 03:40:00,115.07,116.01,117.00,111.40,56786082,-3.17,-2.00,-171.16,腾讯财经
2026-07-27 03:50:01,115.07,116.01,117.00,111.40,56786082,-3.17,-2.00,-171.16,腾讯财经
2026-07-27 04:00:00,115.07,116.01,117.00,111.40,56786082,-3.17,-2.00,-171.16,腾讯财经
2026-07-27 04:10:03,115.07,116.01,117.00,111.40,56786082,-3.17,-2.00,-171.16,腾讯财经
2026-07-27 04:20:00,115.07,116.01,117.00,111.40,56786082,-3.17,-2.00,-171.16,腾讯财经
2026-07-27 04:30:02,115.07,116.01,117.00,111.40,56786082,-3.17,-2.00,-171.16,腾讯财经
2026-07-27 04:40:04,115.07,116.01,117.00,111.40,56786082,-3.17,-2.00,-171.16,腾讯财经
2026-07-27 04:50:00,115.07,116.01,117.00,111.40,56786082,-3.17,-2.00,-171.16,腾讯财经
2026-07-27 05:00:00,115.07,116.01,117.00,111.40,56786082,-3.17,-2.00,-171.16,腾讯财经
2026-07-27 05:10:01,115.07,116.01,117.00,111.40,56786082,-3.17,-2.00,-171.16,腾讯财经
2026-07-27 05:20:01,115.07,116.01,117.00,111.40,56786082,-3.17,-2.00,-171.16,腾讯财经
2026-07-27 05:30:05,115.07,116.01,117.00,111.40,56786082,-3.17,-2.00,-171.16,腾讯财经
2026-07-27 05:40:02,115.07,116.01,117.00,111.40,56786082,-3.17,-2.00,-171.16,腾讯财经
2026-07-27 05:50:04,115.07,116.01,117.00,111.40,56786082,-3.17,-2.00,-171.16,腾讯财经
2026-07-27 06:00:01,115.07,116.01,117.00,111.40,56786082,-3.17,-2.00,-171.16,腾讯财经
2026-07-27 06:10:01,115.07,116.01,117.00,111.40,56786082,-3.17,-2.00,-171.16,腾讯财经
2026-07-27 06:20:01,115.07,116.01,117.00,111.40,56786082,-3.17,-2.00,-171.16,腾讯财经
2026-07-27 06:30:02,115.07,116.01,117.00,111.40,56786082,-3.17,-2.00,-171.16,腾讯财经
2026-07-27 06:40:01,115.07,116.01,117.00,111.40,56786082,-3.17,-2.00,-171.16,腾讯财经
2026-07-27 06:50:03,115.07,116.01,117.00,111.40,56786082,-3.17,-2.00,-171.16,腾讯财经
2026-07-27 07:00:02,115.07,116.01,117.00,111.40,56786082,-3.17,-2.00,-171.16,腾讯财经
2026-07-27 07:10:00,115.07,116.01,117.00,111.40,56786082,-3.17,-2.00,-171.16,腾讯财经
2026-07-27 07:20:00,115.07,116.01,117.00,111.40,56786082,-3.17,-2.00,-171.16,腾讯财经
2026-07-27 07:30:04,115.07,116.01,117.00,111.40,56786082,-3.17,-2.00,-171.16,腾讯财经
2026-07-27 07:40:05,115.07,116.01,117.00,111.40,56786082,-3.17,-2.00,-171.16,腾讯财经
2026-07-27 07:50:02,115.07,116.01,117.00,111.40,56786082,-3.17,-2.00,-171.16,腾讯财经
2026-07-27 08:50:01,115.07,116.01,117.00,111.40,56786082,-3.17,-2.00,-171.16,腾讯财经
2026-07-27 09:00:00,115.07,116.01,117.00,111.40,56786082,-3.17,-2.00,-171.16,腾讯财经
2026-07-27 09:10:02,115.07,116.01,117.00,111.40,56786082,-3.17,-2.00,-171.16,腾讯财经
2026-07-27 09:20:05,115.07,116.01,117.00,111.40,56786082,-3.17,-2.00,-171.16,腾讯财经
2026-07-27 09:30:00,115.07,116.01,117.00,111.40,56786082,-3.17,-2.00,-171.16,腾讯财经
