时间戳,价格(USD),开盘价,最高价,最低价,成交量,涨跌额,涨跌幅(%),静态市盈率,动态市盈率,数据源
2026-07-13 20:54:28,357.18,357.53,357.82,352.75,18146146,-1.71,0,9.10,27.24,腾讯财经
2026-07-13 21:07:14,357.18,357.53,357.82,352.75,18146146,-1.71,0,27.24,腾讯财经
2026-07-13 21:08:18,357.18,357.53,357.82,352.75,18146146,-1.71,0,27.24,腾讯财经
2026-07-13 21:09:09,357.18,357.53,357.82,352.75,18146146,-1.71,0,27.24,腾讯财经
2026-07-13 22:18:36,354.83,356.19,358.12,354.11,2753991,-2.35,0,27.07,腾讯财经
2026-07-13 22:18:36,354.83,356.19,358.12,354.11,2753991,-2.35,0,27.07,腾讯财经
2026-07-13 22:20:00,355.00,356.19,358.12,354.11,2796954,-2.18,0,27.08,腾讯财经
2026-07-13 22:30:00,355.46,356.19,358.12,354.11,3055302,-1.72,0,27.11,腾讯财经
2026-07-13 22:40:03,354.72,356.19,358.12,354.11,3298577,-2.46,0,27.06,腾讯财经
2026-07-13 22:50:01,355.20,356.19,358.12,354.11,3577000,-1.98,0,27.09,腾讯财经
2026-07-13 23:00:00,355.54,356.19,358.12,354.11,3854159,-1.64,0,27.12,腾讯财经
2026-07-13 23:10:00,356.46,356.19,358.12,354.11,4141346,-.72,0,27.19,腾讯财经
2026-07-13 23:20:00,355.43,356.19,358.12,354.11,4377466,-1.75,0,27.11,腾讯财经
2026-07-13 23:30:00,355.41,356.19,358.12,354.11,4598344,-1.77,0,27.11,腾讯财经
2026-07-13 23:40:01,355.30,356.19,358.12,354.11,4757107,-1.88,0,27.10,腾讯财经
2026-07-13 23:50:02,355.15,356.19,358.12,354.11,4884729,-2.03,0,27.09,腾讯财经
2026-07-14 00:00:01,355.55,356.19,358.12,354.11,5051980,-1.63,0,27.12,腾讯财经
2026-07-14 00:10:01,355.76,356.19,358.12,354.11,5195763,-1.42,0,27.14,腾讯财经
2026-07-14 00:20:03,356.14,356.19,358.12,354.11,5387307,-1.04,0,27.17,腾讯财经
2026-07-14 00:30:00,356.22,356.19,358.12,354.11,5553691,-.96,0,27.17,腾讯财经
2026-07-14 00:40:04,356.24,356.19,358.12,354.11,5830154,-.94,0,27.17,腾讯财经
2026-07-14 00:50:04,355.99,356.19,358.12,354.11,6043978,-1.19,0,27.15,腾讯财经
2026-07-14 01:00:00,355.63,356.19,358.12,354.11,6252539,-1.55,0,27.13,腾讯财经
2026-07-14 01:10:04,355.66,356.19,358.12,354.11,6383599,-1.52,0,27.13,腾讯财经
2026-07-14 01:20:00,356.52,356.19,358.12,354.11,6586375,-.66,0,27.19,腾讯财经
2026-07-14 01:30:04,355.99,356.19,358.12,354.11,6762106,-1.19,0,27.15,腾讯财经
2026-07-14 01:40:05,355.43,356.19,358.12,354.11,7177304,-1.75,0,27.11,腾讯财经
2026-07-14 01:50:00,355.74,356.19,358.12,354.11,7373965,-1.44,0,27.13,腾讯财经
2026-07-14 02:00:00,355.20,356.19,358.12,354.11,7554952,-1.98,0,27.09,腾讯财经
2026-07-14 02:10:00,355.31,356.19,358.12,354.11,7729454,-1.87,0,27.10,腾讯财经
2026-07-14 02:20:02,355.55,356.19,358.12,354.11,7920552,-1.63,0,27.12,腾讯财经
2026-07-14 02:30:00,355.72,356.19,358.12,354.11,8054997,-1.46,0,27.13,腾讯财经
2026-07-14 02:40:00,355.66,356.19,358.12,354.11,8269181,-1.52,0,27.13,腾讯财经
2026-07-14 02:50:00,355.06,356.19,358.12,354.11,8533224,-2.12,0,27.08,腾讯财经
2026-07-14 03:00:00,354.89,356.19,358.12,354.11,8702880,-2.29,0,27.07,腾讯财经
2026-07-14 03:10:03,355.47,356.19,358.12,354.11,8920962,-1.71,0,27.11,腾讯财经
2026-07-14 03:20:00,354.71,356.19,358.12,354.11,9197447,-2.47,0,27.06,腾讯财经
2026-07-14 03:30:00,354.03,356.19,358.12,353.88,9540978,-3.15,0,27.00,腾讯财经
2026-07-14 03:40:02,352.96,356.19,358.12,352.83,9934886,-4.22,-1.00,26.92,腾讯财经
2026-07-14 03:50:00,353.02,356.19,358.12,352.58,10363095,-4.16,-1.00,26.93,腾讯财经
2026-07-14 04:00:00,352.56,356.19,358.12,351.75,11963702,-4.62,-1.00,26.89,腾讯财经
2026-07-14 04:10:02,352.51,356.19,358.12,351.75,15721807,-4.67,-1.00,26.89,腾讯财经
2026-07-14 04:20:00,352.51,356.19,358.13,351.75,15756831,-4.67,-1.00,26.89,腾讯财经
2026-07-14 04:30:05,352.51,356.19,358.13,351.75,15788839,-4.67,-1.00,26.89,腾讯财经
2026-07-14 04:40:00,352.51,356.19,358.13,351.75,15794536,-4.67,-1.00,26.89,腾讯财经
2026-07-14 04:50:00,352.51,356.19,358.13,351.75,15802440,-4.67,-1.00,26.89,腾讯财经
2026-07-14 05:00:00,352.51,356.19,358.13,351.75,15813616,-4.67,-1.00,26.89,腾讯财经
2026-07-14 05:10:02,352.51,356.19,358.13,351.75,15815632,-4.67,-1.00,26.89,腾讯财经
2026-07-14 05:20:03,352.51,356.19,358.13,351.75,15821976,-4.67,-1.00,26.89,腾讯财经
2026-07-14 05:30:02,352.51,356.19,358.13,351.75,15825715,-4.67,-1.00,26.89,腾讯财经
2026-07-14 05:40:03,352.51,356.19,358.13,351.75,15826801,-4.67,-1.00,26.89,腾讯财经
2026-07-14 05:50:00,352.51,356.19,358.13,351.75,15827638,-4.67,-1.00,26.89,腾讯财经
2026-07-14 06:00:00,352.51,356.19,358.13,351.75,15834551,-4.67,-1.00,26.89,腾讯财经
2026-07-14 06:10:02,352.51,356.19,358.13,351.75,15835812,-4.67,-1.00,26.89,腾讯财经
2026-07-14 06:20:03,352.51,356.19,358.13,351.75,15838876,-4.67,-1.00,26.89,腾讯财经
2026-07-14 06:30:00,352.51,356.19,358.13,351.75,15843549,-4.67,-1.00,26.89,腾讯财经
2026-07-14 06:40:00,352.51,356.19,358.13,351.75,15854313,-4.67,-1.00,26.89,腾讯财经
2026-07-14 06:50:00,352.51,356.19,358.13,351.75,15855052,-4.67,-1.00,26.89,腾讯财经
2026-07-14 07:00:02,352.51,356.19,358.13,351.75,15856611,-4.67,-1.00,26.89,腾讯财经
2026-07-14 07:10:00,352.51,356.19,358.13,351.75,15859037,-4.67,-1.00,26.89,腾讯财经
2026-07-14 07:20:05,352.51,356.19,358.13,351.75,15875189,-4.67,-1.00,26.89,腾讯财经
2026-07-14 07:30:01,352.51,356.19,358.13,351.75,15877431,-4.67,-1.00,26.89,腾讯财经
2026-07-14 07:40:00,352.51,356.19,358.13,351.75,15886160,-4.67,-1.00,26.89,腾讯财经
2026-07-14 07:50:00,352.51,356.19,358.13,351.75,15896176,-4.67,-1.00,26.89,腾讯财经
2026-07-14 08:40:05,352.51,356.19,358.13,351.75,15901732,-4.67,-1.00,26.89,腾讯财经
2026-07-14 08:50:05,352.51,356.19,358.13,351.75,15901732,-4.67,-1.00,26.89,腾讯财经
2026-07-14 09:00:00,352.51,356.19,358.13,351.75,15901732,-4.67,-1.00,26.89,腾讯财经
2026-07-14 09:10:00,352.51,356.19,358.13,351.75,15901732,-4.67,-1.00,26.89,腾讯财经
2026-07-14 09:20:00,352.51,356.19,358.13,351.75,15901732,-4.67,-1.00,26.89,腾讯财经
2026-07-14 09:30:00,352.51,356.19,358.13,351.75,15901732,-4.67,-1.00,26.89,腾讯财经
2026-07-14 09:40:01,352.51,356.19,358.13,351.75,15901732,-4.67,-1.00,26.89,腾讯财经
2026-07-14 09:50:04,352.51,356.19,358.13,351.75,15901732,-4.67,-1.00,26.89,腾讯财经
2026-07-14 10:00:04,352.51,356.19,358.13,351.75,15901732,-4.67,-1.00,26.89,腾讯财经
2026-07-14 10:10:00,352.51,356.19,358.13,351.75,15901732,-4.67,-1.00,26.89,腾讯财经
2026-07-14 10:20:03,352.51,356.19,358.13,351.75,15901732,-4.67,-1.00,26.89,腾讯财经
2026-07-14 10:30:00,352.51,356.19,358.13,351.75,15901732,-4.67,-1.00,26.89,腾讯财经
2026-07-14 10:40:00,352.51,356.19,358.13,351.75,15901732,-4.67,-1.00,26.89,腾讯财经
2026-07-14 10:50:01,352.51,356.19,358.13,351.75,15901732,-4.67,-1.00,26.89,腾讯财经
2026-07-14 11:00:04,352.51,356.19,358.13,351.75,15901732,-4.67,-1.00,26.89,腾讯财经
2026-07-14 11:10:04,352.51,356.19,358.13,351.75,15901732,-4.67,-1.00,26.89,腾讯财经
2026-07-14 11:20:00,352.51,356.19,358.13,351.75,15901732,-4.67,-1.00,26.89,腾讯财经
2026-07-14 11:30:04,352.51,356.19,358.13,351.75,15901732,-4.67,-1.00,26.89,腾讯财经
2026-07-14 11:40:03,352.51,356.19,358.13,351.75,15901732,-4.67,-1.00,26.89,腾讯财经
2026-07-14 11:50:00,352.51,356.19,358.13,351.75,15901732,-4.67,-1.00,26.89,腾讯财经
2026-07-14 12:00:01,352.51,356.19,358.13,351.75,15901732,-4.67,-1.00,26.89,腾讯财经
2026-07-14 12:10:04,352.51,356.19,358.13,351.75,15901732,-4.67,-1.00,26.89,腾讯财经
2026-07-14 12:20:00,352.51,356.19,358.13,351.75,15901732,-4.67,-1.00,26.89,腾讯财经
2026-07-14 12:30:00,352.51,356.19,358.13,351.75,15901732,-4.67,-1.00,26.89,腾讯财经
2026-07-14 12:40:01,352.51,356.19,358.13,351.75,15901732,-4.67,-1.00,26.89,腾讯财经
2026-07-14 12:50:00,352.51,356.19,358.13,351.75,15901732,-4.67,-1.00,26.89,腾讯财经
2026-07-14 13:00:01,352.51,356.19,358.13,351.75,15901732,-4.67,-1.00,26.89,腾讯财经
2026-07-14 13:10:04,352.51,356.19,358.13,351.75,15901732,-4.67,-1.00,26.89,腾讯财经
2026-07-14 13:20:00,352.51,356.19,358.13,351.75,15901732,-4.67,-1.00,26.89,腾讯财经
2026-07-14 13:30:00,352.51,356.19,358.13,351.75,15901732,-4.67,-1.00,26.89,腾讯财经
2026-07-14 13:40:03,352.51,356.19,358.13,351.75,15901732,-4.67,-1.00,26.89,腾讯财经
2026-07-14 13:50:00,352.51,356.19,358.13,351.75,15901732,-4.67,-1.00,26.89,腾讯财经
2026-07-14 14:00:01,352.51,356.19,358.13,351.75,15901732,-4.67,-1.00,26.89,腾讯财经
2026-07-14 14:10:01,352.51,356.19,358.13,351.75,15901732,-4.67,-1.00,26.89,腾讯财经
2026-07-14 14:20:00,352.51,356.19,358.13,351.75,15901732,-4.67,-1.00,26.89,腾讯财经
2026-07-14 14:30:03,352.51,356.19,358.13,351.75,15901732,-4.67,-1.00,26.89,腾讯财经
2026-07-14 14:40:01,352.51,356.19,358.13,351.75,15901732,-4.67,-1.00,26.89,腾讯财经
2026-07-14 14:50:05,352.51,356.19,358.13,351.75,15901732,-4.67,-1.00,26.89,腾讯财经
2026-07-14 15:00:02,352.51,356.19,358.13,351.75,15901732,-4.67,-1.00,26.89,腾讯财经
2026-07-14 15:10:04,352.51,356.19,358.13,351.75,15901732,-4.67,-1.00,26.89,腾讯财经
2026-07-14 15:20:00,352.51,356.19,358.13,351.75,15901732,-4.67,-1.00,26.89,腾讯财经
2026-07-14 15:30:00,352.51,356.19,358.13,351.75,15901732,-4.67,-1.00,26.89,腾讯财经
2026-07-14 15:40:02,352.51,356.19,358.13,351.75,15901732,-4.67,-1.00,26.89,腾讯财经
2026-07-14 15:50:00,352.51,356.19,358.13,351.75,15901732,-4.67,-1.00,26.89,腾讯财经
2026-07-14 16:00:00,352.51,356.19,358.13,351.75,15901732,-4.67,-1.00,26.89,腾讯财经
2026-07-14 16:10:00,352.51,356.19,358.13,351.75,15901732,-4.67,-1.00,26.89,腾讯财经
2026-07-14 16:20:00,352.51,356.19,358.13,351.75,15901732,-4.67,-1.00,26.89,腾讯财经
2026-07-14 16:30:01,352.51,356.19,358.13,351.75,15901732,-4.67,-1.00,26.89,腾讯财经
2026-07-14 16:40:02,352.51,356.19,358.13,351.75,15901732,-4.67,-1.00,26.89,腾讯财经
2026-07-14 16:50:04,352.51,356.19,358.13,351.75,15901732,-4.67,-1.00,26.89,腾讯财经
2026-07-14 17:00:02,352.51,356.19,358.13,351.75,15901732,-4.67,-1.00,26.89,腾讯财经
2026-07-14 17:10:01,352.51,356.19,358.13,351.75,15901732,-4.67,-1.00,26.89,腾讯财经
2026-07-14 17:20:00,352.51,356.19,358.13,351.75,15901732,-4.67,-1.00,26.89,腾讯财经
2026-07-14 17:30:00,352.51,356.19,358.13,351.75,15901732,-4.67,-1.00,26.89,腾讯财经
2026-07-14 18:37:43,352.51,356.19,358.13,351.75,15901732,-4.67,-1.00,26.89,腾讯财经
2026-07-14 18:40:02,352.51,356.19,358.13,351.75,15901732,-4.67,-1.00,26.89,腾讯财经
2026-07-14 18:50:00,352.51,356.19,358.13,351.75,15901732,-4.67,-1.00,26.89,腾讯财经
2026-07-14 19:00:00,352.51,356.19,358.13,351.75,15901732,-4.67,-1.00,26.89,腾讯财经
2026-07-14 19:10:03,352.51,356.19,358.13,351.75,15901732,-4.67,-1.00,26.89,腾讯财经
2026-07-14 19:20:00,352.51,356.19,358.13,351.75,15901732,-4.67,-1.00,26.89,腾讯财经
2026-07-14 19:30:03,352.51,356.19,358.13,351.75,15901732,-4.67,-1.00,26.89,腾讯财经
2026-07-14 19:40:00,352.51,356.19,358.13,351.75,15901732,-4.67,-1.00,26.89,腾讯财经
2026-07-14 19:50:01,352.51,356.19,358.13,351.75,15901732,-4.67,-1.00,26.89,腾讯财经
2026-07-14 20:00:05,352.51,356.19,358.13,351.75,15901732,-4.67,-1.00,26.89,腾讯财经
2026-07-14 20:10:05,352.51,356.19,358.13,351.75,15901732,-4.67,-1.00,26.89,腾讯财经
2026-07-14 20:20:04,352.51,356.19,358.13,351.75,15901732,-4.67,-1.00,26.89,腾讯财经
2026-07-14 20:30:05,352.51,356.19,358.13,351.75,15901732,-4.67,-1.00,26.89,腾讯财经
2026-07-14 20:40:00,352.51,356.19,358.13,351.75,15901732,-4.67,-1.00,26.89,腾讯财经
2026-07-14 20:50:03,352.51,356.19,358.13,351.75,15901732,-4.67,-1.00,26.89,腾讯财经
2026-07-14 21:00:03,352.51,356.19,358.13,351.75,15901732,-4.67,-1.00,26.89,腾讯财经
2026-07-14 21:10:03,352.51,356.19,358.13,351.75,15901732,-4.67,-1.00,26.89,腾讯财经
2026-07-14 21:20:00,352.51,356.19,358.13,351.75,15901732,-4.67,-1.00,26.89,腾讯财经
2026-07-14 21:30:05,352.51,0.00,0.00,0.00,371742,0,0,26.89,腾讯财经
2026-07-14 21:40:01,353.14,351.09,354.39,351.09,1285384,.63,0,26.94,腾讯财经
2026-07-14 21:50:01,353.03,351.20,354.96,351.09,1821609,.52,0,26.93,腾讯财经
2026-07-14 22:00:03,353.86,351.20,354.96,351.09,2162081,1.35,0,26.99,腾讯财经
2026-07-14 22:10:03,354.40,351.20,354.96,351.09,2547781,1.89,0,27.03,腾讯财经
2026-07-14 22:20:00,354.61,351.20,355.04,351.09,2855412,2.10,0,27.05,腾讯财经
2026-07-14 22:30:01,356.18,351.20,356.59,351.09,3320351,3.67,1.00,27.17,腾讯财经
2026-07-14 22:40:00,356.95,351.20,357.74,351.09,3928020,4.44,1.00,27.23,腾讯财经
2026-07-14 22:50:00,357.02,351.20,357.74,351.09,4212411,4.51,1.00,27.23,腾讯财经
2026-07-14 23:00:01,357.30,351.20,357.74,351.09,4413909,4.79,1.00,27.25,腾讯财经
2026-07-14 23:10:02,358.09,351.20,358.35,351.09,4789294,5.58,1.00,27.31,腾讯财经
2026-07-14 23:20:00,357.95,351.20,358.46,351.09,5062219,5.44,1.00,27.30,腾讯财经
2026-07-14 23:30:00,358.17,351.20,358.46,351.09,5339937,5.66,1.00,27.32,腾讯财经
2026-07-14 23:40:00,356.97,351.20,358.68,351.09,5719034,4.46,1.00,27.23,腾讯财经
2026-07-14 23:50:03,356.11,351.20,358.68,351.09,5989769,3.60,1.00,27.16,腾讯财经
2026-07-15 00:00:00,356.16,351.20,358.68,351.09,6162614,3.65,1.00,27.17,腾讯财经
2026-07-15 00:10:01,356.10,351.20,358.68,351.09,6417293,3.59,1.00,27.16,腾讯财经
2026-07-15 00:20:00,355.92,351.20,358.68,351.09,6585231,3.41,0,27.15,腾讯财经
2026-07-15 00:30:01,355.73,351.20,358.68,351.09,6757493,3.22,0,27.13,腾讯财经
2026-07-15 00:40:00,355.82,351.20,358.68,351.09,7002626,3.31,0,27.14,腾讯财经
2026-07-15 00:50:00,356.01,351.20,358.68,351.09,7149588,3.50,0,27.16,腾讯财经
2026-07-15 01:00:00,356.38,351.20,358.68,351.09,7298896,3.87,1.00,27.18,腾讯财经
2026-07-15 01:10:00,357.05,351.20,358.68,351.09,7508715,4.54,1.00,27.23,腾讯财经
2026-07-15 01:20:03,357.66,351.20,358.68,351.09,7740031,5.15,1.00,27.28,腾讯财经
2026-07-15 01:30:04,358.59,351.20,358.72,351.09,7969274,6.08,1.00,27.35,腾讯财经
2026-07-15 01:40:00,358.57,351.20,359.24,351.09,8291438,6.06,1.00,27.35,腾讯财经
2026-07-15 01:50:03,358.38,351.20,359.24,351.09,8570594,5.87,1.00,27.34,腾讯财经
2026-07-15 02:00:01,358.01,351.20,359.24,351.09,8818330,5.50,1.00,27.31,腾讯财经
2026-07-15 02:10:00,357.75,351.20,359.24,351.09,9094517,5.24,1.00,27.29,腾讯财经
2026-07-15 02:20:00,357.78,351.20,359.24,351.09,9290394,5.27,1.00,27.29,腾讯财经
2026-07-15 02:30:00,357.93,351.20,359.24,351.09,9503667,5.42,1.00,27.30,腾讯财经
2026-07-15 02:40:00,358.17,351.20,359.24,351.09,9727973,5.66,1.00,27.32,腾讯财经
2026-07-15 02:50:00,358.09,351.20,359.24,351.09,9924755,5.58,1.00,27.31,腾讯财经
2026-07-15 03:00:00,358.60,351.20,359.24,351.09,10148633,6.09,1.00,27.35,腾讯财经
2026-07-15 03:10:01,359.89,351.20,359.90,351.09,10501265,7.38,2.00,27.45,腾讯财经
2026-07-15 03:20:02,359.33,351.20,359.92,351.09,10796636,6.82,1.00,27.41,腾讯财经
2026-07-15 03:30:04,359.93,351.20,360.03,351.09,11125089,7.42,2.00,27.45,腾讯财经
2026-07-15 03:40:00,359.81,351.20,360.07,351.09,11540724,7.30,2.00,27.45,腾讯财经
2026-07-15 03:50:05,359.75,351.20,360.07,351.09,12027546,7.24,2.00,27.44,腾讯财经
2026-07-15 04:00:04,359.52,351.20,360.16,351.09,13393261,7.01,1.00,27.42,腾讯财经
2026-07-15 04:10:00,359.51,351.20,360.16,351.09,18161733,7.00,1.00,27.42,腾讯财经
2026-07-15 04:20:00,359.51,351.20,360.16,351.09,18180461,7.00,1.00,27.42,腾讯财经
2026-07-15 04:30:02,359.51,351.20,360.16,351.09,18189600,7.00,1.00,27.42,腾讯财经
2026-07-15 04:40:02,359.51,351.20,360.16,351.09,18192196,7.00,1.00,27.42,腾讯财经
2026-07-15 04:50:00,359.51,351.20,360.16,351.09,18203706,7.00,1.00,27.42,腾讯财经
2026-07-15 05:00:00,359.51,351.20,360.16,351.09,18205219,7.00,1.00,27.42,腾讯财经
2026-07-15 05:10:01,359.51,351.20,360.16,351.09,18207772,7.00,1.00,27.42,腾讯财经
2026-07-15 05:20:00,359.51,351.20,360.16,351.09,18209852,7.00,1.00,27.42,腾讯财经
2026-07-15 05:30:00,359.51,351.20,360.16,351.09,18213089,7.00,1.00,27.42,腾讯财经
2026-07-15 05:40:00,359.51,351.20,360.16,351.09,18214316,7.00,1.00,27.42,腾讯财经
2026-07-15 05:50:00,359.51,351.20,360.16,351.09,18220205,7.00,1.00,27.42,腾讯财经
2026-07-15 06:00:03,359.51,351.20,360.16,351.09,18234598,7.00,1.00,27.42,腾讯财经
2026-07-15 06:10:02,359.51,351.20,360.16,351.09,18236547,7.00,1.00,27.42,腾讯财经
2026-07-15 06:20:00,359.51,351.20,360.16,351.09,18238517,7.00,1.00,27.42,腾讯财经
2026-07-15 06:30:00,359.51,351.20,360.16,351.09,18240934,7.00,1.00,27.42,腾讯财经
2026-07-15 06:40:02,359.51,351.20,360.16,351.09,18241547,7.00,1.00,27.42,腾讯财经
2026-07-15 06:50:00,359.51,351.20,360.16,351.09,18243176,7.00,1.00,27.42,腾讯财经
2026-07-15 07:00:00,359.51,351.20,360.16,351.09,18244201,7.00,1.00,27.42,腾讯财经
2026-07-15 07:10:00,359.51,351.20,360.16,351.09,18247265,7.00,1.00,27.42,腾讯财经
2026-07-15 07:20:01,359.51,351.20,360.16,351.09,18248310,7.00,1.00,27.42,腾讯财经
2026-07-15 07:30:00,359.51,351.20,360.16,351.09,18251459,7.00,1.00,27.42,腾讯财经
2026-07-15 07:40:01,359.51,351.20,360.16,351.09,18253436,7.00,1.00,27.42,腾讯财经
2026-07-15 07:50:01,359.51,351.20,360.16,351.09,18256388,7.00,1.00,27.42,腾讯财经
2026-07-15 08:40:03,359.51,351.20,360.16,351.09,18259355,7.00,1.00,27.42,腾讯财经
2026-07-15 08:50:01,359.51,351.20,360.16,351.09,18259355,7.00,1.00,27.42,腾讯财经
2026-07-15 09:00:05,359.51,351.20,360.16,351.09,18259355,7.00,1.00,27.42,腾讯财经
2026-07-15 09:10:00,359.51,351.20,360.16,351.09,18259355,7.00,1.00,27.42,腾讯财经
2026-07-15 09:20:00,359.51,351.20,360.16,351.09,18259355,7.00,1.00,27.42,腾讯财经
2026-07-15 09:30:00,359.51,351.20,360.16,351.09,18259355,7.00,1.00,27.42,腾讯财经
2026-07-15 09:40:00,359.51,351.20,360.16,351.09,18259355,7.00,1.00,27.42,腾讯财经
2026-07-15 09:50:00,359.51,351.20,360.16,351.09,18259355,7.00,1.00,27.42,腾讯财经
2026-07-15 10:00:02,359.51,351.20,360.16,351.09,18259355,7.00,1.00,27.42,腾讯财经
2026-07-15 10:10:00,359.51,351.20,360.16,351.09,18259355,7.00,1.00,27.42,腾讯财经
2026-07-15 10:20:00,359.51,351.20,360.16,351.09,18259355,7.00,1.00,27.42,腾讯财经
2026-07-15 10:30:00,359.51,351.20,360.16,351.09,18259355,7.00,1.00,27.42,腾讯财经
2026-07-15 10:40:02,359.51,351.20,360.16,351.09,18259355,7.00,1.00,27.42,腾讯财经
2026-07-15 10:50:01,359.51,351.20,360.16,351.09,18259355,7.00,1.00,27.42,腾讯财经
2026-07-15 11:00:00,359.51,351.20,360.16,351.09,18259355,7.00,1.00,27.42,腾讯财经
2026-07-15 11:10:02,359.51,351.20,360.16,351.09,18259355,7.00,1.00,27.42,腾讯财经
2026-07-15 11:20:03,359.51,351.20,360.16,351.09,18259355,7.00,1.00,27.42,腾讯财经
2026-07-15 11:30:00,359.51,351.20,360.16,351.09,18259355,7.00,1.00,27.42,腾讯财经
2026-07-15 11:40:01,359.51,351.20,360.16,351.09,18259355,7.00,1.00,27.42,腾讯财经
2026-07-15 11:50:01,359.51,351.20,360.16,351.09,18259355,7.00,1.00,27.42,腾讯财经
2026-07-15 12:00:00,359.51,351.20,360.16,351.09,18259355,7.00,1.00,27.42,腾讯财经
2026-07-15 12:10:00,359.51,351.20,360.16,351.09,18259355,7.00,1.00,27.42,腾讯财经
2026-07-15 12:20:00,359.51,351.20,360.16,351.09,18259355,7.00,1.00,27.42,腾讯财经
2026-07-15 12:30:01,359.51,351.20,360.16,351.09,18259355,7.00,1.00,27.42,腾讯财经
2026-07-15 12:40:00,359.51,351.20,360.16,351.09,18259355,7.00,1.00,27.42,腾讯财经
2026-07-15 12:50:03,359.51,351.20,360.16,351.09,18259355,7.00,1.00,27.42,腾讯财经
2026-07-15 13:00:01,359.51,351.20,360.16,351.09,18259355,7.00,1.00,27.42,腾讯财经
2026-07-15 13:10:04,359.51,351.20,360.16,351.09,18259355,7.00,1.00,27.42,腾讯财经
2026-07-15 13:20:00,359.51,351.20,360.16,351.09,18259355,7.00,1.00,27.42,腾讯财经
2026-07-15 13:30:05,359.51,351.20,360.16,351.09,18259355,7.00,1.00,27.42,腾讯财经
2026-07-15 13:40:01,359.51,351.20,360.16,351.09,18259355,7.00,1.00,27.42,腾讯财经
2026-07-15 13:50:01,359.51,351.20,360.16,351.09,18259355,7.00,1.00,27.42,腾讯财经
2026-07-15 14:00:05,359.51,351.20,360.16,351.09,18259355,7.00,1.00,27.42,腾讯财经
2026-07-15 14:10:05,359.51,351.20,360.16,351.09,18259355,7.00,1.00,27.42,腾讯财经
2026-07-15 14:20:04,359.51,351.20,360.16,351.09,18259355,7.00,1.00,27.42,腾讯财经
2026-07-15 14:30:05,359.51,351.20,360.16,351.09,18259355,7.00,1.00,27.42,腾讯财经
2026-07-15 14:40:04,359.51,351.20,360.16,351.09,18259355,7.00,1.00,27.42,腾讯财经
2026-07-15 14:50:05,359.51,351.20,360.16,351.09,18259355,7.00,1.00,27.42,腾讯财经
2026-07-15 15:00:02,359.51,351.20,360.16,351.09,18259355,7.00,1.00,27.42,腾讯财经
2026-07-15 15:10:04,359.51,351.20,360.16,351.09,18259355,7.00,1.00,27.42,腾讯财经
2026-07-15 15:20:04,359.51,351.20,360.16,351.09,18259355,7.00,1.00,27.42,腾讯财经
2026-07-15 15:30:05,359.51,351.20,360.16,351.09,18259355,7.00,1.00,27.42,腾讯财经
2026-07-15 15:40:05,359.51,351.20,360.16,351.09,18259355,7.00,1.00,27.42,腾讯财经
2026-07-15 15:50:05,359.51,351.20,360.16,351.09,18259355,7.00,1.00,27.42,腾讯财经
2026-07-15 16:00:05,359.51,351.20,360.16,351.09,18259355,7.00,1.00,27.42,腾讯财经
2026-07-15 16:10:00,359.51,351.20,360.16,351.09,18259355,7.00,1.00,27.42,腾讯财经
2026-07-15 16:20:03,359.51,351.20,360.16,351.09,18259355,7.00,1.00,27.42,腾讯财经
2026-07-15 16:30:05,359.51,351.20,360.16,351.09,18259355,7.00,1.00,27.42,腾讯财经
2026-07-15 16:40:05,359.51,351.20,360.16,351.09,18259355,7.00,1.00,27.42,腾讯财经
2026-07-15 16:50:05,359.51,351.20,360.16,351.09,18259355,7.00,1.00,27.42,腾讯财经
2026-07-15 17:00:01,359.51,351.20,360.16,351.09,18259355,7.00,1.00,27.42,腾讯财经
2026-07-15 17:10:02,359.51,351.20,360.16,351.09,18259355,7.00,1.00,27.42,腾讯财经
2026-07-15 17:20:01,359.51,351.20,360.16,351.09,18259355,7.00,1.00,27.42,腾讯财经
2026-07-15 17:30:02,359.51,351.20,360.16,351.09,18259355,7.00,1.00,27.42,腾讯财经
2026-07-15 18:44:39,359.51,351.20,360.16,351.09,18259355,7.00,1.00,27.42,腾讯财经
2026-07-15 18:50:05,359.51,351.20,360.16,351.09,18259355,7.00,1.00,27.42,腾讯财经
2026-07-15 19:00:00,359.51,351.20,360.16,351.09,18259355,7.00,1.00,27.42,腾讯财经
2026-07-15 19:10:05,359.51,351.20,360.16,351.09,18259355,7.00,1.00,27.42,腾讯财经
2026-07-15 19:30:03,359.51,351.20,360.16,351.09,18259355,7.00,1.00,27.42,腾讯财经
2026-07-15 19:40:03,359.51,351.20,360.16,351.09,18259355,7.00,1.00,27.42,腾讯财经
2026-07-15 19:50:02,359.51,351.20,360.16,351.09,18259355,7.00,1.00,27.42,腾讯财经
2026-07-15 20:00:00,359.51,351.20,360.16,351.09,18259355,7.00,1.00,27.42,腾讯财经
2026-07-15 20:10:05,359.51,351.20,360.16,351.09,18259355,7.00,1.00,27.42,腾讯财经
2026-07-15 20:20:01,359.51,351.20,360.16,351.09,18259355,7.00,1.00,27.42,腾讯财经
2026-07-15 20:30:04,359.51,351.20,360.16,351.09,18259355,7.00,1.00,27.42,腾讯财经
2026-07-15 20:40:00,359.51,351.20,360.16,351.09,18259355,7.00,1.00,27.42,腾讯财经
2026-07-15 20:50:05,359.51,351.20,360.16,351.09,18259355,7.00,1.00,27.42,腾讯财经
2026-07-15 21:00:00,359.51,351.20,360.16,351.09,18259355,7.00,1.00,27.42,腾讯财经
2026-07-15 21:10:05,359.51,351.20,360.16,351.09,18259355,7.00,1.00,27.42,腾讯财经
2026-07-15 21:20:00,359.51,351.20,360.16,351.09,18259355,7.00,1.00,27.42,腾讯财经
2026-07-15 21:30:00,359.51,0.00,0.00,0.00,757818,0,0,27.42,腾讯财经
2026-07-15 21:40:00,363.32,358.15,364.26,357.76,1935889,3.81,1.00,27.71,腾讯财经
2026-07-15 21:50:05,363.27,357.97,364.48,357.76,2501009,3.76,1.00,27.71,腾讯财经
2026-07-15 22:00:04,363.93,357.97,364.48,357.76,3040439,4.42,1.00,27.76,腾讯财经
2026-07-15 22:10:01,364.83,357.97,365.44,357.76,3713380,5.32,1.00,27.83,腾讯财经
2026-07-15 22:20:00,366.40,357.97,366.88,357.76,4543356,6.89,1.00,27.95,腾讯财经
2026-07-15 22:30:00,366.44,357.97,366.88,357.76,5166838,6.93,1.00,27.95,腾讯财经
2026-07-15 22:40:00,368.96,357.97,369.00,357.76,6043401,9.45,2.00,28.14,腾讯财经
2026-07-15 22:50:03,367.55,357.97,369.18,357.76,6734807,8.04,2.00,28.04,腾讯财经
2026-07-15 23:00:00,366.94,357.97,369.18,357.76,7275259,7.43,2.00,27.99,腾讯财经
2026-07-15 23:10:00,369.12,357.97,369.30,357.76,8148270,9.61,2.00,28.16,腾讯财经
2026-07-15 23:20:00,369.14,357.97,369.70,357.76,8860490,9.63,2.00,28.16,腾讯财经
2026-07-15 23:30:00,370.72,357.97,371.04,357.76,9531432,11.21,3.00,28.28,腾讯财经
2026-07-15 23:40:02,371.66,357.97,372.20,357.76,10274943,12.15,3.00,28.35,腾讯财经
2026-07-15 23:50:04,371.64,357.97,372.43,357.76,10814773,12.13,3.00,28.35,腾讯财经
2026-07-16 00:00:00,371.94,357.97,372.43,357.76,11374330,12.43,3.00,28.37,腾讯财经
2026-07-16 00:10:00,372.16,357.97,372.47,357.76,11902842,12.65,3.00,28.39,腾讯财经
2026-07-16 00:20:04,372.71,357.97,373.11,357.76,12424843,13.20,3.00,28.43,腾讯财经
2026-07-16 00:30:00,372.85,357.97,373.65,357.76,12993585,13.34,3.00,28.44,腾讯财经
2026-07-16 00:40:00,372.91,357.97,373.65,357.76,13534329,13.40,3.00,28.44,腾讯财经
2026-07-16 00:50:00,372.06,357.97,373.65,357.76,13920311,12.55,3.00,28.38,腾讯财经
2026-07-16 01:00:01,372.21,357.97,373.65,357.76,14192038,12.70,3.00,28.39,腾讯财经
2026-07-16 01:10:04,372.20,357.97,373.65,357.76,14521916,12.69,3.00,28.39,腾讯财经
2026-07-16 01:20:00,371.10,357.97,373.65,357.76,14798112,11.59,3.00,28.31,腾讯财经
2026-07-16 01:30:00,370.95,357.97,373.65,357.76,15131439,11.44,3.00,28.29,腾讯财经
2026-07-16 01:40:00,370.47,357.97,373.65,357.76,15463871,10.96,3.00,28.26,腾讯财经
2026-07-16 01:50:02,371.42,357.97,373.65,357.76,15805549,11.91,3.00,28.33,腾讯财经
2026-07-16 02:00:00,372.05,357.97,373.65,357.76,16054300,12.54,3.00,28.38,腾讯财经
2026-07-16 02:10:00,371.79,357.97,373.65,357.76,16889415,12.28,3.00,28.36,腾讯财经
2026-07-16 02:20:01,372.72,357.97,373.65,357.76,17353684,13.21,3.00,28.43,腾讯财经
2026-07-16 02:30:04,372.13,357.97,373.65,357.76,17625556,12.62,3.00,28.39,腾讯财经
2026-07-16 02:40:00,372.37,357.97,373.65,357.76,17826483,12.86,3.00,28.40,腾讯财经
2026-07-16 02:50:05,371.00,357.97,373.65,357.76,18099836,11.49,3.00,28.30,腾讯财经
2026-07-16 03:00:02,370.34,357.97,373.65,357.76,18450332,10.83,3.00,28.25,腾讯财经
2026-07-16 03:10:01,370.30,357.97,373.65,357.76,18752417,10.79,3.00,28.25,腾讯财经
2026-07-16 03:20:01,370.60,357.97,373.65,357.76,19081732,11.09,3.00,28.27,腾讯财经
2026-07-16 03:30:00,370.32,357.97,373.65,357.76,19480249,10.81,3.00,28.25,腾讯财经
2026-07-16 03:40:00,370.74,357.97,373.65,357.76,20098232,11.23,3.00,28.28,腾讯财经
2026-07-16 03:50:04,369.70,357.97,373.65,357.76,20692388,10.19,2.00,28.20,腾讯财经
2026-07-16 04:00:00,370.83,357.97,373.65,357.76,22390822,11.32,3.00,28.29,腾讯财经
2026-07-16 04:10:00,370.92,357.97,373.65,357.76,27946941,11.41,3.00,28.29,腾讯财经
2026-07-16 04:20:00,370.92,357.97,373.65,357.76,28119773,11.41,3.00,28.29,腾讯财经
2026-07-16 04:30:00,370.92,357.97,373.65,357.76,28125681,11.41,3.00,28.29,腾讯财经
2026-07-16 04:40:05,370.92,357.97,373.65,357.76,28130054,11.41,3.00,28.29,腾讯财经
2026-07-16 04:50:01,370.92,357.97,373.65,357.76,28131329,11.41,3.00,28.29,腾讯财经
2026-07-16 05:00:00,370.92,357.97,373.65,357.76,28139126,11.41,3.00,28.29,腾讯财经
2026-07-16 05:10:00,370.92,357.97,373.65,357.76,28173704,11.41,3.00,28.29,腾讯财经
2026-07-16 05:20:00,370.92,357.97,373.65,357.76,28177559,11.41,3.00,28.29,腾讯财经
2026-07-16 05:30:05,370.92,357.97,373.65,357.76,28234875,11.41,3.00,28.29,腾讯财经
2026-07-16 05:40:04,370.92,357.97,373.65,357.76,28238656,11.41,3.00,28.29,腾讯财经
2026-07-16 05:50:02,370.92,357.97,373.65,357.76,28241690,11.41,3.00,28.29,腾讯财经
2026-07-16 06:00:00,370.92,357.97,373.65,357.76,28254283,11.41,3.00,28.29,腾讯财经
2026-07-16 06:10:04,370.92,357.97,373.65,357.76,28268923,11.41,3.00,28.29,腾讯财经
2026-07-16 06:20:02,370.92,357.97,373.65,357.76,28277238,11.41,3.00,28.29,腾讯财经
2026-07-16 06:30:04,370.92,357.97,373.65,357.76,28283155,11.41,3.00,28.29,腾讯财经
2026-07-16 06:40:05,370.92,357.97,373.65,357.76,28281240,11.41,3.00,28.29,腾讯财经
2026-07-16 06:50:01,370.92,357.97,373.65,357.76,28284629,11.41,3.00,28.29,腾讯财经
2026-07-16 07:00:02,370.92,357.97,373.65,357.76,28284629,11.41,3.00,28.29,腾讯财经
2026-07-16 07:10:00,370.92,357.97,373.65,357.76,28284629,11.41,3.00,28.29,腾讯财经
2026-07-16 07:20:00,370.92,357.97,373.65,357.76,28284629,11.41,3.00,28.29,腾讯财经
2026-07-16 07:30:00,370.92,357.97,373.65,357.76,28284629,11.41,3.00,28.29,腾讯财经
2026-07-16 08:40:00,370.92,357.97,373.65,357.76,28284564,11.41,3.00,28.29,腾讯财经
2026-07-16 08:50:00,370.92,357.97,373.65,357.76,28284564,11.41,3.00,28.29,腾讯财经
2026-07-16 09:00:00,370.92,357.97,373.65,357.76,28284564,11.41,3.00,28.29,腾讯财经
2026-07-16 09:10:04,370.92,357.97,373.65,357.76,28284564,11.41,3.00,28.29,腾讯财经
2026-07-16 09:20:00,370.92,357.97,373.65,357.76,28284564,11.41,3.00,28.29,腾讯财经
2026-07-16 09:30:05,370.92,357.97,373.65,357.76,28284564,11.41,3.00,28.29,腾讯财经
2026-07-16 09:40:00,370.92,357.97,373.65,357.76,28284564,11.41,3.00,28.29,腾讯财经
2026-07-16 09:50:00,370.92,357.97,373.65,357.76,28284564,11.41,3.00,28.29,腾讯财经
2026-07-16 10:00:00,370.92,357.97,373.65,357.76,28284564,11.41,3.00,28.29,腾讯财经
2026-07-16 10:10:01,370.92,357.97,373.65,357.76,28284564,11.41,3.00,28.29,腾讯财经
2026-07-16 10:20:00,370.92,357.97,373.65,357.76,28284564,11.41,3.00,28.29,腾讯财经
2026-07-16 10:30:01,370.92,357.97,373.65,357.76,28284564,11.41,3.00,28.29,腾讯财经
2026-07-16 10:40:05,370.92,357.97,373.65,357.76,28284564,11.41,3.00,28.29,腾讯财经
2026-07-16 10:50:03,370.92,357.97,373.65,357.76,28284564,11.41,3.00,28.29,腾讯财经
2026-07-16 11:00:02,370.92,357.97,373.65,357.76,28284564,11.41,3.00,28.29,腾讯财经
2026-07-16 11:10:05,370.92,357.97,373.65,357.76,28284564,11.41,3.00,28.29,腾讯财经
2026-07-16 11:20:00,370.92,357.97,373.65,357.76,28284564,11.41,3.00,28.29,腾讯财经
2026-07-16 11:30:00,370.92,357.97,373.65,357.76,28284564,11.41,3.00,28.29,腾讯财经
2026-07-16 11:40:00,370.92,357.97,373.65,357.76,28284564,11.41,3.00,28.29,腾讯财经
2026-07-16 11:50:03,370.92,357.97,373.65,357.76,28284564,11.41,3.00,28.29,腾讯财经
2026-07-16 12:00:01,370.92,357.97,373.65,357.76,28284564,11.41,3.00,28.29,腾讯财经
2026-07-16 12:10:00,370.92,357.97,373.65,357.76,28284564,11.41,3.00,28.29,腾讯财经
2026-07-16 12:20:00,370.92,357.97,373.65,357.76,28284564,11.41,3.00,28.29,腾讯财经
2026-07-16 12:30:02,370.92,357.97,373.65,357.76,28284564,11.41,3.00,28.29,腾讯财经
2026-07-16 12:40:05,370.92,357.97,373.65,357.76,28284564,11.41,3.00,28.29,腾讯财经
2026-07-16 12:50:00,370.92,357.97,373.65,357.76,28284564,11.41,3.00,28.29,腾讯财经
2026-07-16 13:00:02,370.92,357.97,373.65,357.76,28284564,11.41,3.00,28.29,腾讯财经
2026-07-16 13:10:00,370.92,357.97,373.65,357.76,28284564,11.41,3.00,28.29,腾讯财经
2026-07-16 13:20:03,370.92,357.97,373.65,357.76,28284564,11.41,3.00,28.29,腾讯财经
2026-07-16 13:30:04,370.92,357.97,373.65,357.76,28284564,11.41,3.00,28.29,腾讯财经
2026-07-16 13:40:00,370.92,357.97,373.65,357.76,28284564,11.41,3.00,28.29,腾讯财经
2026-07-16 13:50:01,370.92,357.97,373.65,357.76,28284564,11.41,3.00,28.29,腾讯财经
2026-07-16 14:00:03,370.92,357.97,373.65,357.76,28284564,11.41,3.00,28.29,腾讯财经
2026-07-16 14:10:02,370.92,357.97,373.65,357.76,28284564,11.41,3.00,28.29,腾讯财经
2026-07-16 14:20:01,370.92,357.97,373.65,357.76,28284564,11.41,3.00,28.29,腾讯财经
2026-07-16 14:30:00,370.92,357.97,373.65,357.76,28284564,11.41,3.00,28.29,腾讯财经
2026-07-16 14:40:00,370.92,357.97,373.65,357.76,28284564,11.41,3.00,28.29,腾讯财经
2026-07-16 14:50:03,370.92,357.97,373.65,357.76,28284564,11.41,3.00,28.29,腾讯财经
2026-07-16 15:00:04,370.92,357.97,373.65,357.76,28284564,11.41,3.00,28.29,腾讯财经
2026-07-16 15:10:00,370.92,357.97,373.65,357.76,28284564,11.41,3.00,28.29,腾讯财经
2026-07-16 15:20:00,370.92,357.97,373.65,357.76,28284564,11.41,3.00,28.29,腾讯财经
2026-07-16 15:30:04,370.92,357.97,373.65,357.76,28284564,11.41,3.00,28.29,腾讯财经
2026-07-16 15:40:02,370.92,357.97,373.65,357.76,28284564,11.41,3.00,28.29,腾讯财经
2026-07-16 15:50:02,370.92,357.97,373.65,357.76,28284564,11.41,3.00,28.29,腾讯财经
2026-07-16 16:00:03,370.92,357.97,373.65,357.76,28284564,11.41,3.00,28.29,腾讯财经
2026-07-16 16:10:00,370.92,357.97,373.65,357.76,28284564,11.41,3.00,28.29,腾讯财经
2026-07-16 16:20:00,370.92,357.97,373.65,357.76,28284564,11.41,3.00,28.29,腾讯财经
2026-07-16 16:30:04,370.92,357.97,373.65,357.76,28284564,11.41,3.00,28.29,腾讯财经
2026-07-16 16:40:00,370.92,357.97,373.65,357.76,28284564,11.41,3.00,28.29,腾讯财经
2026-07-16 16:50:00,370.92,357.97,373.65,357.76,28284564,11.41,3.00,28.29,腾讯财经
2026-07-16 17:00:05,370.92,357.97,373.65,357.76,28284564,11.41,3.00,28.29,腾讯财经
2026-07-16 17:10:04,370.92,357.97,373.65,357.76,28284564,11.41,3.00,28.29,腾讯财经
2026-07-16 17:20:03,370.92,357.97,373.65,357.76,28284564,11.41,3.00,28.29,腾讯财经
2026-07-16 17:30:01,370.92,357.97,373.65,357.76,28284564,11.41,3.00,28.29,腾讯财经
2026-07-16 18:44:02,370.92,357.97,373.65,357.76,28284564,11.41,3.00,28.29,腾讯财经
2026-07-16 18:50:03,370.92,357.97,373.65,357.76,28284564,11.41,3.00,28.29,腾讯财经
2026-07-16 19:00:00,370.92,357.97,373.65,357.76,28284564,11.41,3.00,28.29,腾讯财经
2026-07-16 19:10:00,370.92,357.97,373.65,357.76,28284564,11.41,3.00,28.29,腾讯财经
2026-07-16 19:20:04,370.92,357.97,373.65,357.76,28284564,11.41,3.00,28.29,腾讯财经
2026-07-16 19:30:01,370.92,357.97,373.65,357.76,28284564,11.41,3.00,28.29,腾讯财经
2026-07-16 19:40:04,370.92,357.97,373.65,357.76,28284564,11.41,3.00,28.29,腾讯财经
2026-07-16 19:50:00,370.92,357.97,373.65,357.76,28284564,11.41,3.00,28.29,腾讯财经
2026-07-16 20:00:04,370.92,357.97,373.65,357.76,28284564,11.41,3.00,28.29,腾讯财经
2026-07-16 20:10:00,370.92,357.97,373.65,357.76,28284564,11.41,3.00,28.29,腾讯财经
2026-07-16 20:20:04,370.92,357.97,373.65,357.76,28284564,11.41,3.00,28.29,腾讯财经
2026-07-16 20:30:04,370.92,357.97,373.65,357.76,28284564,11.41,3.00,28.29,腾讯财经
2026-07-16 20:40:01,370.92,357.97,373.65,357.76,28284564,11.41,3.00,28.29,腾讯财经
2026-07-16 20:50:00,370.92,357.97,373.65,357.76,28284564,11.41,3.00,28.29,腾讯财经
2026-07-16 21:00:00,370.92,357.97,373.65,357.76,28284564,11.41,3.00,28.29,腾讯财经
2026-07-16 21:10:02,370.92,357.97,373.65,357.76,28284564,11.41,3.00,28.29,腾讯财经
2026-07-16 21:20:01,370.92,357.97,373.65,357.76,28284564,11.41,3.00,28.29,腾讯财经
2026-07-16 21:30:02,370.92,0.00,0.00,0.00,864139,0,0,28.29,腾讯财经
2026-07-16 21:40:00,371.47,373.20,375.27,369.81,2656893,.55,0,28.33,腾讯财经
2026-07-16 21:50:00,371.05,373.06,375.27,369.20,3473981,.13,0,28.30,腾讯财经
2026-07-16 22:00:00,370.62,373.06,375.27,369.20,4024862,-.30,0,28.27,腾讯财经
2026-07-16 22:10:00,369.72,373.06,375.27,369.20,4680394,-1.20,0,28.20,腾讯财经
2026-07-16 22:20:04,371.57,373.06,375.27,369.20,5245276,.65,0,28.34,腾讯财经
2026-07-16 22:30:00,372.39,373.06,375.27,369.20,5774624,1.47,0,28.41,腾讯财经
2026-07-16 22:40:00,373.42,373.06,375.27,369.20,6707221,2.50,0,28.48,腾讯财经
2026-07-16 22:50:02,372.70,373.06,375.27,369.20,7283128,1.78,0,28.43,腾讯财经
2026-07-16 23:00:05,372.59,373.06,375.27,369.20,7952810,1.67,0,28.42,腾讯财经
2026-07-16 23:10:00,371.68,373.06,375.27,369.20,8342058,.76,0,28.35,腾讯财经
2026-07-16 23:20:00,371.97,373.06,375.27,369.20,8818523,1.05,0,28.37,腾讯财经
2026-07-16 23:30:01,371.62,373.06,375.27,369.20,9362168,.70,0,28.35,腾讯财经
2026-07-16 23:40:03,371.24,373.06,375.27,369.20,9739023,.32,0,28.32,腾讯财经
2026-07-16 23:50:02,371.54,373.06,375.27,369.20,10083186,.62,0,28.34,腾讯财经
2026-07-17 00:00:00,371.58,373.06,375.27,369.20,10629675,.66,0,28.34,腾讯财经
2026-07-17 00:10:03,370.38,373.06,375.27,369.20,11167595,-.54,0,28.25,腾讯财经
2026-07-17 00:20:00,371.49,373.06,375.27,369.20,11547367,.57,0,28.34,腾讯财经
2026-07-17 00:30:00,371.48,373.06,375.27,369.20,12016455,.56,0,28.34,腾讯财经
2026-07-17 00:40:04,371.42,373.06,375.27,369.20,12278999,.50,0,28.33,腾讯财经
2026-07-17 00:50:00,371.56,373.06,375.27,369.20,12516900,.64,0,28.34,腾讯财经
2026-07-17 01:00:02,371.63,373.06,375.27,369.20,12798173,.71,0,28.35,腾讯财经
2026-07-17 01:10:00,371.23,373.06,375.27,369.20,13051035,.31,0,28.32,腾讯财经
2026-07-17 01:20:00,371.54,373.06,375.27,369.20,13357931,.62,0,28.34,腾讯财经
2026-07-17 01:30:00,371.72,373.06,375.27,369.20,13639985,.80,0,28.35,腾讯财经
2026-07-17 01:40:00,371.32,373.06,375.27,369.20,13866682,.40,0,28.32,腾讯财经
2026-07-17 01:50:00,371.57,373.06,375.27,369.20,14223728,.65,0,28.34,腾讯财经
2026-07-17 02:00:02,371.55,373.06,375.27,369.20,14487866,.63,0,28.34,腾讯财经
2026-07-17 02:10:00,362.30,373.06,375.27,362.00,15941692,-8.62,-2.00,27.64,腾讯财经
2026-07-17 02:20:00,363.35,373.06,375.27,360.89,18341466,-7.57,-2.00,27.72,腾讯财经
2026-07-17 02:30:00,361.20,373.06,375.27,359.03,20561445,-9.72,-2.00,27.55,腾讯财经
2026-07-17 02:40:05,358.85,373.06,375.27,358.60,21870299,-12.07,-3.00,27.37,腾讯财经
2026-07-17 02:50:04,358.85,373.06,375.27,358.12,22896092,-12.07,-3.00,27.37,腾讯财经
2026-07-17 03:00:00,356.83,373.06,375.27,356.38,23789130,-14.09,-3.00,27.22,腾讯财经
2026-07-17 03:10:01,355.57,373.06,375.27,355.21,25328405,-15.35,-4.00,27.12,腾讯财经
2026-07-17 03:20:00,353.70,373.06,375.27,352.32,26727151,-17.22,-4.00,26.98,腾讯财经
2026-07-17 03:30:00,354.90,373.06,375.27,352.32,27916931,-16.02,-4.00,27.07,腾讯财经
2026-07-17 03:40:02,355.18,373.06,375.27,352.32,29198971,-15.74,-4.00,27.09,腾讯财经
2026-07-17 03:50:02,353.60,373.06,375.27,352.32,30264390,-17.32,-4.00,26.97,腾讯财经
2026-07-17 04:00:00,354.48,373.06,375.27,352.32,32891020,-16.44,-4.00,27.04,腾讯财经
2026-07-17 04:10:05,354.46,373.06,375.27,352.32,40390765,-16.46,-4.00,27.04,腾讯财经
2026-07-17 04:20:04,354.46,373.06,375.27,352.32,40471951,-16.46,-4.00,27.04,腾讯财经
2026-07-17 04:30:00,354.46,373.06,375.27,352.32,40704913,-16.46,-4.00,27.04,腾讯财经
2026-07-17 04:40:00,354.46,373.06,375.27,352.32,40747469,-16.46,-4.00,27.04,腾讯财经
2026-07-17 04:50:00,354.46,373.06,375.27,352.32,40758226,-16.46,-4.00,27.04,腾讯财经
2026-07-17 05:00:03,354.46,373.06,375.27,352.32,40951931,-16.46,-4.00,27.04,腾讯财经
2026-07-17 05:10:00,354.46,373.06,375.27,352.32,40964763,-16.46,-4.00,27.04,腾讯财经
2026-07-17 05:20:00,354.46,373.06,375.27,352.32,40970243,-16.46,-4.00,27.04,腾讯财经
2026-07-17 05:30:05,354.46,373.06,375.27,352.32,40976831,-16.46,-4.00,27.04,腾讯财经
2026-07-17 05:40:00,354.46,373.06,375.27,352.32,40985978,-16.46,-4.00,27.04,腾讯财经
2026-07-17 05:50:00,354.46,373.06,375.27,352.32,40995632,-16.46,-4.00,27.04,腾讯财经
2026-07-17 06:00:05,354.46,373.06,375.27,352.32,41001985,-16.46,-4.00,27.04,腾讯财经
2026-07-17 06:10:01,354.46,373.06,375.27,352.32,41014104,-16.46,-4.00,27.04,腾讯财经
2026-07-17 06:20:02,354.46,373.06,375.27,352.32,41038482,-16.46,-4.00,27.04,腾讯财经
2026-07-17 06:30:00,354.46,373.06,375.27,352.32,41057786,-16.46,-4.00,27.04,腾讯财经
2026-07-17 06:40:00,354.46,373.06,375.27,352.32,41067640,-16.46,-4.00,27.04,腾讯财经
2026-07-17 06:50:00,354.46,373.06,375.27,352.32,41086979,-16.46,-4.00,27.04,腾讯财经
2026-07-17 07:00:00,354.46,373.06,375.27,352.32,41107207,-16.46,-4.00,27.04,腾讯财经
2026-07-17 07:10:04,354.46,373.06,375.27,352.32,41115639,-16.46,-4.00,27.04,腾讯财经
2026-07-17 07:20:04,354.46,373.06,375.27,352.32,41120785,-16.46,-4.00,27.04,腾讯财经
2026-07-17 07:30:00,354.46,373.06,375.27,352.32,41125885,-16.46,-4.00,27.04,腾讯财经
2026-07-17 07:40:03,354.46,373.06,375.27,352.32,41135132,-16.46,-4.00,27.04,腾讯财经
2026-07-17 07:50:01,354.46,373.06,375.27,352.32,41146691,-16.46,-4.00,27.04,腾讯财经
2026-07-17 08:36:38,354.46,373.06,375.27,352.30,41158466,-16.46,-4.00,27.04,腾讯财经
2026-07-17 08:40:05,354.46,373.06,375.27,352.30,41158466,-16.46,-4.00,27.04,腾讯财经
2026-07-17 08:50:00,354.46,373.06,375.27,352.30,41158466,-16.46,-4.00,27.04,腾讯财经
2026-07-17 09:00:05,354.46,373.06,375.27,352.30,41158466,-16.46,-4.00,27.04,腾讯财经
2026-07-17 09:10:05,354.46,373.06,375.27,352.30,41158466,-16.46,-4.00,27.04,腾讯财经
2026-07-17 09:20:05,354.46,373.06,375.27,352.30,41158466,-16.46,-4.00,27.04,腾讯财经
2026-07-17 09:30:03,354.46,373.06,375.27,352.30,41158466,-16.46,-4.00,27.04,腾讯财经
2026-07-17 09:40:00,354.46,373.06,375.27,352.30,41158466,-16.46,-4.00,27.04,腾讯财经
2026-07-17 09:50:03,354.46,373.06,375.27,352.30,41158466,-16.46,-4.00,27.04,腾讯财经
2026-07-17 10:00:01,354.46,373.06,375.27,352.30,41158466,-16.46,-4.00,27.04,腾讯财经
2026-07-17 10:10:00,354.46,373.06,375.27,352.30,41158466,-16.46,-4.00,27.04,腾讯财经
2026-07-17 10:20:01,354.46,373.06,375.27,352.30,41158466,-16.46,-4.00,27.04,腾讯财经
2026-07-17 10:30:03,354.46,373.06,375.27,352.30,41158466,-16.46,-4.00,27.04,腾讯财经
2026-07-17 10:40:01,354.46,373.06,375.27,352.30,41158466,-16.46,-4.00,27.04,腾讯财经
2026-07-17 10:50:01,354.46,373.06,375.27,352.30,41158466,-16.46,-4.00,27.04,腾讯财经
2026-07-17 11:00:00,354.46,373.06,375.27,352.30,41158466,-16.46,-4.00,27.04,腾讯财经
2026-07-17 11:10:03,354.46,373.06,375.27,352.30,41158466,-16.46,-4.00,27.04,腾讯财经
2026-07-17 11:20:00,354.46,373.06,375.27,352.30,41158466,-16.46,-4.00,27.04,腾讯财经
2026-07-17 11:30:04,354.46,373.06,375.27,352.30,41158466,-16.46,-4.00,27.04,腾讯财经
2026-07-17 11:40:05,354.46,373.06,375.27,352.30,41158466,-16.46,-4.00,27.04,腾讯财经
2026-07-17 11:50:00,354.46,373.06,375.27,352.30,41158466,-16.46,-4.00,27.04,腾讯财经
2026-07-17 12:00:00,354.46,373.06,375.27,352.30,41158466,-16.46,-4.00,27.04,腾讯财经
2026-07-17 12:10:00,354.46,373.06,375.27,352.30,41158466,-16.46,-4.00,27.04,腾讯财经
2026-07-17 12:20:00,354.46,373.06,375.27,352.30,41158466,-16.46,-4.00,27.04,腾讯财经
2026-07-17 12:30:00,354.46,373.06,375.27,352.30,41158466,-16.46,-4.00,27.04,腾讯财经
2026-07-17 12:40:03,354.46,373.06,375.27,352.30,41158466,-16.46,-4.00,27.04,腾讯财经
2026-07-17 12:50:02,354.46,373.06,375.27,352.30,41158466,-16.46,-4.00,27.04,腾讯财经
2026-07-17 13:00:00,354.46,373.06,375.27,352.30,41158466,-16.46,-4.00,27.04,腾讯财经
2026-07-17 13:10:00,354.46,373.06,375.27,352.30,41158466,-16.46,-4.00,27.04,腾讯财经
2026-07-17 13:20:02,354.46,373.06,375.27,352.30,41158466,-16.46,-4.00,27.04,腾讯财经
2026-07-17 13:30:00,354.46,373.06,375.27,352.30,41158466,-16.46,-4.00,27.04,腾讯财经
2026-07-17 13:40:00,354.46,373.06,375.27,352.30,41158466,-16.46,-4.00,27.04,腾讯财经
2026-07-17 13:50:04,354.46,373.06,375.27,352.30,41158466,-16.46,-4.00,27.04,腾讯财经
2026-07-17 14:00:00,354.46,373.06,375.27,352.30,41158466,-16.46,-4.00,27.04,腾讯财经
2026-07-17 14:10:00,354.46,373.06,375.27,352.30,41158466,-16.46,-4.00,27.04,腾讯财经
2026-07-17 14:20:00,354.46,373.06,375.27,352.30,41158466,-16.46,-4.00,27.04,腾讯财经
2026-07-17 14:30:00,354.46,373.06,375.27,352.30,41158466,-16.46,-4.00,27.04,腾讯财经
2026-07-17 14:40:00,354.46,373.06,375.27,352.30,41158466,-16.46,-4.00,27.04,腾讯财经
2026-07-17 14:50:03,354.46,373.06,375.27,352.30,41158466,-16.46,-4.00,27.04,腾讯财经
2026-07-17 15:00:00,354.46,373.06,375.27,352.30,41158466,-16.46,-4.00,27.04,腾讯财经
2026-07-17 15:10:00,354.46,373.06,375.27,352.30,41158466,-16.46,-4.00,27.04,腾讯财经
2026-07-17 15:20:00,354.46,373.06,375.27,352.30,41158466,-16.46,-4.00,27.04,腾讯财经
2026-07-17 15:30:02,354.46,373.06,375.27,352.30,41158466,-16.46,-4.00,27.04,腾讯财经
2026-07-17 15:40:02,354.46,373.06,375.27,352.30,41158466,-16.46,-4.00,27.04,腾讯财经
2026-07-17 15:50:00,354.46,373.06,375.27,352.30,41158466,-16.46,-4.00,27.04,腾讯财经
2026-07-17 16:00:03,354.46,373.06,375.27,352.30,41158466,-16.46,-4.00,27.04,腾讯财经
2026-07-17 16:10:00,354.46,373.06,375.27,352.30,41158466,-16.46,-4.00,27.04,腾讯财经
2026-07-17 16:20:00,354.46,373.06,375.27,352.30,41158466,-16.46,-4.00,27.04,腾讯财经
2026-07-17 16:30:04,354.46,373.06,375.27,352.30,41158466,-16.46,-4.00,27.04,腾讯财经
2026-07-17 16:40:00,354.46,373.06,375.27,352.30,41158466,-16.46,-4.00,27.04,腾讯财经
2026-07-17 16:50:00,354.46,373.06,375.27,352.30,41158466,-16.46,-4.00,27.04,腾讯财经
2026-07-17 17:00:00,354.46,373.06,375.27,352.30,41158466,-16.46,-4.00,27.04,腾讯财经
2026-07-17 17:10:00,354.46,373.06,375.27,352.30,41158466,-16.46,-4.00,27.04,腾讯财经
2026-07-17 17:20:01,354.46,373.06,375.27,352.30,41158466,-16.46,-4.00,27.04,腾讯财经
2026-07-17 17:30:00,354.46,373.06,375.27,352.30,41158466,-16.46,-4.00,27.04,腾讯财经
2026-07-17 19:23:14,354.46,373.06,375.27,352.30,41158466,-16.46,-4.00,27.04,腾讯财经
2026-07-17 19:30:02,354.46,373.06,375.27,352.30,41158466,-16.46,-4.00,27.04,腾讯财经
2026-07-17 19:40:00,354.46,373.06,375.27,352.30,41158466,-16.46,-4.00,27.04,腾讯财经
2026-07-17 19:50:03,354.46,373.06,375.27,352.30,41158466,-16.46,-4.00,27.04,腾讯财经
2026-07-17 20:00:00,354.46,373.06,375.27,352.30,41158466,-16.46,-4.00,27.04,腾讯财经
2026-07-17 20:10:04,354.46,373.06,375.27,352.30,41158466,-16.46,-4.00,27.04,腾讯财经
2026-07-17 20:20:05,354.46,373.06,375.27,352.30,41158466,-16.46,-4.00,27.04,腾讯财经
2026-07-17 20:30:04,354.46,373.06,375.27,352.30,41158466,-16.46,-4.00,27.04,腾讯财经
2026-07-17 20:40:00,354.46,373.06,375.27,352.30,41158466,-16.46,-4.00,27.04,腾讯财经
2026-07-17 20:50:03,354.46,373.06,375.27,352.30,41158466,-16.46,-4.00,27.04,腾讯财经
2026-07-17 21:00:05,354.46,373.06,375.27,352.30,41158466,-16.46,-4.00,27.04,腾讯财经
2026-07-17 21:10:04,354.46,373.06,375.27,352.30,41158466,-16.46,-4.00,27.04,腾讯财经
2026-07-17 21:20:03,354.46,373.06,375.27,352.30,41158466,-16.46,-4.00,27.04,腾讯财经
2026-07-17 21:30:00,354.46,0.00,0.00,0.00,1049209,0,0,27.04,腾讯财经
2026-07-17 21:40:02,343.49,346.00,348.50,342.89,4603177,-10.97,-3.00,26.20,腾讯财经
2026-07-17 21:50:03,343.10,346.00,348.50,341.36,5648802,-11.36,-3.00,26.17,腾讯财经
2026-07-17 22:00:05,346.72,346.00,348.50,341.36,6536023,-7.74,-2.00,26.45,腾讯财经
2026-07-17 22:20:03,344.96,346.00,348.50,341.36,7872435,-9.50,-2.00,26.31,腾讯财经
2026-07-17 22:30:00,345.50,346.00,348.50,341.36,8674635,-8.96,-2.00,26.35,腾讯财经
2026-07-17 22:40:04,346.34,346.00,348.50,341.36,9085514,-8.12,-2.00,26.42,腾讯财经
2026-07-17 22:50:03,347.24,346.00,348.50,341.36,9815599,-7.22,-2.00,26.49,腾讯财经
2026-07-17 23:00:00,345.62,346.00,348.50,341.36,10168189,-8.84,-2.00,26.36,腾讯财经
2026-07-17 23:10:02,346.25,346.00,348.50,341.36,10465459,-8.21,-2.00,26.41,腾讯财经
2026-07-17 23:20:03,346.49,346.00,348.50,341.36,10858197,-7.97,-2.00,26.43,腾讯财经
2026-07-17 23:30:01,347.32,346.00,348.50,341.36,11207649,-7.14,-2.00,26.49,腾讯财经
2026-07-17 23:40:00,347.56,346.00,348.50,341.36,11598606,-6.90,-1.00,26.51,腾讯财经
2026-07-17 23:50:03,347.77,346.00,348.52,341.36,11993658,-6.69,-1.00,26.53,腾讯财经
2026-07-18 00:00:02,347.43,346.00,348.52,341.36,12366390,-7.03,-1.00,26.50,腾讯财经
2026-07-18 00:10:00,346.81,346.00,348.52,341.36,12817819,-7.65,-2.00,26.45,腾讯财经
2026-07-18 00:20:03,346.95,346.00,348.52,341.36,13363030,-7.51,-2.00,26.46,腾讯财经
2026-07-18 00:30:04,346.95,346.00,348.52,341.36,13646423,-7.51,-2.00,26.46,腾讯财经
2026-07-18 00:40:00,346.77,346.00,348.52,341.36,14036080,-7.69,-2.00,26.45,腾讯财经
2026-07-18 00:50:05,346.78,346.00,348.52,341.36,14321042,-7.68,-2.00,26.45,腾讯财经
2026-07-18 01:00:00,347.53,346.00,348.52,341.36,14582062,-6.93,-1.00,26.51,腾讯财经
2026-07-18 01:10:03,346.26,346.00,348.52,341.36,14918446,-8.20,-2.00,26.41,腾讯财经
2026-07-18 01:20:03,346.22,346.00,348.52,341.36,15247828,-8.24,-2.00,26.41,腾讯财经
2026-07-18 01:30:03,345.59,346.00,348.52,341.36,15611888,-8.87,-2.00,26.36,腾讯财经
2026-07-18 01:40:01,344.93,346.00,348.52,341.36,16294421,-9.53,-2.00,26.31,腾讯财经
2026-07-18 01:50:03,344.45,346.00,348.52,341.36,16678553,-10.01,-2.00,26.27,腾讯财经
2026-07-18 02:00:00,344.05,346.00,348.52,341.36,17050844,-10.41,-2.00,26.24,腾讯财经
2026-07-18 02:10:00,343.77,346.00,348.52,341.36,17404702,-10.69,-3.00,26.22,腾讯财经
2026-07-18 02:20:03,343.56,346.00,348.52,341.36,17886297,-10.90,-3.00,26.21,腾讯财经
2026-07-18 02:30:00,344.35,346.00,348.52,341.36,18446692,-10.11,-2.00,26.27,腾讯财经
2026-07-18 02:40:00,345.07,346.00,348.52,341.36,18871419,-9.39,-2.00,26.32,腾讯财经
2026-07-18 02:50:03,344.92,346.00,348.52,341.36,19165102,-9.54,-2.00,26.31,腾讯财经
2026-07-18 03:00:00,345.13,346.00,348.52,341.36,19421470,-9.33,-2.00,26.33,腾讯财经
2026-07-18 03:10:03,345.17,346.00,348.52,341.36,19738920,-9.29,-2.00,26.33,腾讯财经
2026-07-18 03:20:03,345.19,346.00,348.52,341.36,20034223,-9.27,-2.00,26.33,腾讯财经
2026-07-18 03:30:00,345.46,346.00,348.52,341.36,20332325,-9.00,-2.00,26.35,腾讯财经
2026-07-18 03:40:05,344.30,346.00,348.52,341.36,20740120,-10.16,-2.00,26.26,腾讯财经
2026-07-18 03:50:03,345.47,346.00,348.52,341.36,22196884,-8.99,-2.00,26.35,腾讯财经
2026-07-18 04:00:00,346.93,346.00,348.52,341.36,23757993,-7.53,-2.00,26.46,腾讯财经
2026-07-18 04:10:00,346.77,346.00,348.52,341.36,29142653,-7.69,-2.00,26.45,腾讯财经
2026-07-18 04:20:03,346.77,346.00,348.52,341.36,29296207,-7.69,-2.00,26.45,腾讯财经
2026-07-18 04:30:00,346.77,346.00,348.52,341.36,29356451,-7.69,-2.00,26.45,腾讯财经
2026-07-18 04:40:00,346.77,346.00,348.52,341.36,29361584,-7.69,-2.00,26.45,腾讯财经
2026-07-18 04:50:03,346.77,346.00,348.52,341.36,29389788,-7.69,-2.00,26.45,腾讯财经
2026-07-18 05:10:00,346.77,346.00,348.52,341.36,29859791,-7.69,-2.00,26.45,腾讯财经
2026-07-18 05:20:03,346.77,346.00,348.52,341.36,29860980,-7.69,-2.00,26.45,腾讯财经
2026-07-18 05:30:03,346.77,346.00,348.52,341.36,29863762,-7.69,-2.00,26.45,腾讯财经
2026-07-18 05:40:00,346.77,346.00,348.52,341.36,29921794,-7.69,-2.00,26.45,腾讯财经
2026-07-18 05:50:03,346.77,346.00,348.52,341.36,29925850,-7.69,-2.00,26.45,腾讯财经
2026-07-18 06:00:03,346.77,346.00,348.52,341.36,29928895,-7.69,-2.00,26.45,腾讯财经
2026-07-18 06:10:05,346.77,346.00,348.52,341.36,29933127,-7.69,-2.00,26.45,腾讯财经
2026-07-18 06:20:03,346.77,346.00,348.52,341.36,29935668,-7.69,-2.00,26.45,腾讯财经
2026-07-18 06:30:00,346.77,346.00,348.52,341.36,29937815,-7.69,-2.00,26.45,腾讯财经
2026-07-18 06:40:02,346.77,346.00,348.52,341.36,29939002,-7.69,-2.00,26.45,腾讯财经
2026-07-18 06:50:04,346.77,346.00,348.52,341.36,29941003,-7.69,-2.00,26.45,腾讯财经
2026-07-18 07:00:00,346.77,346.00,348.52,341.36,29943130,-7.69,-2.00,26.45,腾讯财经
2026-07-18 07:10:00,346.77,346.00,348.52,341.36,29946297,-7.69,-2.00,26.45,腾讯财经
2026-07-18 07:20:03,346.77,346.00,348.52,341.36,29948869,-7.69,-2.00,26.45,腾讯财经
2026-07-18 07:30:02,346.77,346.00,348.52,341.36,29950479,-7.69,-2.00,26.45,腾讯财经
2026-07-18 07:40:04,346.77,346.00,348.52,341.36,29952438,-7.69,-2.00,26.45,腾讯财经
2026-07-18 07:50:03,346.77,346.00,348.52,341.36,29955475,-7.69,-2.00,26.45,腾讯财经
2026-07-18 08:00:00,346.77,346.00,348.52,341.36,29959071,-7.69,-2.00,26.45,腾讯财经
2026-07-18 08:10:05,346.77,346.00,348.52,341.36,29959283,-7.69,-2.00,26.45,腾讯财经
2026-07-18 08:20:03,346.77,346.00,348.52,341.36,29959283,-7.69,-2.00,26.45,腾讯财经
2026-07-18 08:30:00,346.77,346.00,348.52,341.36,29959283,-7.69,-2.00,26.45,腾讯财经
2026-07-18 08:40:00,346.77,346.00,348.52,341.36,29959283,-7.69,-2.00,26.45,腾讯财经
2026-07-18 08:50:03,346.77,346.00,348.52,341.36,29959283,-7.69,-2.00,26.45,腾讯财经
2026-07-18 09:00:00,346.77,346.00,348.52,341.36,29959283,-7.69,-2.00,26.45,腾讯财经
2026-07-18 09:10:00,346.77,346.00,348.52,341.36,29959283,-7.69,-2.00,26.45,腾讯财经
2026-07-18 09:20:05,346.77,346.00,348.52,341.36,29959283,-7.69,-2.00,26.45,腾讯财经
2026-07-18 09:30:00,346.77,346.00,348.52,341.36,29959283,-7.69,-2.00,26.45,腾讯财经
2026-07-18 09:40:03,346.77,346.00,348.52,341.36,29959283,-7.69,-2.00,26.45,腾讯财经
2026-07-18 09:50:03,346.77,346.00,348.52,341.36,29959283,-7.69,-2.00,26.45,腾讯财经
2026-07-18 10:00:04,346.77,346.00,348.52,341.36,29959283,-7.69,-2.00,26.45,腾讯财经
2026-07-18 10:10:00,346.77,346.00,348.52,341.36,29959283,-7.69,-2.00,26.45,腾讯财经
2026-07-18 10:20:03,346.77,346.00,348.52,341.36,29959283,-7.69,-2.00,26.45,腾讯财经
2026-07-18 10:30:05,346.77,346.00,348.52,341.36,29959283,-7.69,-2.00,26.45,腾讯财经
2026-07-18 10:40:01,346.77,346.00,348.52,341.36,29959283,-7.69,-2.00,26.45,腾讯财经
2026-07-18 10:50:03,346.77,346.00,348.52,341.36,29959283,-7.69,-2.00,26.45,腾讯财经
2026-07-18 11:00:00,346.77,346.00,348.52,341.36,29959283,-7.69,-2.00,26.45,腾讯财经
2026-07-18 11:10:00,346.77,346.00,348.52,341.36,29959283,-7.69,-2.00,26.45,腾讯财经
2026-07-18 11:20:03,346.77,346.00,348.52,341.36,29959283,-7.69,-2.00,26.45,腾讯财经
2026-07-18 11:30:05,346.77,346.00,348.52,341.36,29959283,-7.69,-2.00,26.45,腾讯财经
2026-07-18 11:40:02,346.77,346.00,348.52,341.36,29959283,-7.69,-2.00,26.45,腾讯财经
2026-07-18 11:50:05,346.77,346.00,348.52,341.36,29959283,-7.69,-2.00,26.45,腾讯财经
2026-07-18 12:00:00,346.77,346.00,348.52,341.36,29959283,-7.69,-2.00,26.45,腾讯财经
2026-07-18 12:10:00,346.77,346.00,348.52,341.36,29959283,-7.69,-2.00,26.45,腾讯财经
2026-07-18 12:20:03,346.77,346.00,348.52,341.36,29959283,-7.69,-2.00,26.45,腾讯财经
2026-07-18 12:30:00,346.77,346.00,348.52,341.36,29959283,-7.69,-2.00,26.45,腾讯财经
2026-07-18 12:40:00,346.77,346.00,348.52,341.36,29959283,-7.69,-2.00,26.45,腾讯财经
2026-07-18 12:50:05,346.77,346.00,348.52,341.36,29959283,-7.69,-2.00,26.45,腾讯财经
2026-07-18 13:00:00,346.77,346.00,348.52,341.36,29959283,-7.69,-2.00,26.45,腾讯财经
2026-07-18 13:10:02,346.77,346.00,348.52,341.36,29959283,-7.69,-2.00,26.45,腾讯财经
2026-07-18 13:20:03,346.77,346.00,348.52,341.36,29959283,-7.69,-2.00,26.45,腾讯财经
2026-07-18 13:30:00,346.77,346.00,348.52,341.36,29959283,-7.69,-2.00,26.45,腾讯财经
2026-07-18 13:40:01,346.77,346.00,348.52,341.36,29959283,-7.69,-2.00,26.45,腾讯财经
2026-07-18 13:50:03,346.77,346.00,348.52,341.36,29959283,-7.69,-2.00,26.45,腾讯财经
2026-07-18 14:00:00,346.77,346.00,348.52,341.36,29959283,-7.69,-2.00,26.45,腾讯财经
2026-07-18 14:10:00,346.77,346.00,348.52,341.36,29959283,-7.69,-2.00,26.45,腾讯财经
2026-07-18 14:20:03,346.77,346.00,348.52,341.36,29959283,-7.69,-2.00,26.45,腾讯财经
2026-07-18 14:30:03,346.77,346.00,348.52,341.36,29959283,-7.69,-2.00,26.45,腾讯财经
2026-07-18 14:40:03,346.77,346.00,348.52,341.36,29959283,-7.69,-2.00,26.45,腾讯财经
2026-07-18 14:50:03,346.77,346.00,348.52,341.36,29959283,-7.69,-2.00,26.45,腾讯财经
2026-07-18 15:00:01,346.77,346.00,348.52,341.36,29959283,-7.69,-2.00,26.45,腾讯财经
2026-07-18 15:10:00,346.77,346.00,348.52,341.36,29959283,-7.69,-2.00,26.45,腾讯财经
2026-07-18 15:20:03,346.77,346.00,348.52,341.36,29959283,-7.69,-2.00,26.45,腾讯财经
2026-07-18 15:30:00,346.77,346.00,348.52,341.36,29959283,-7.69,-2.00,26.45,腾讯财经
2026-07-18 15:40:05,346.77,346.00,348.52,341.36,29959283,-7.69,-2.00,26.45,腾讯财经
2026-07-18 15:50:03,346.77,346.00,348.52,341.36,29959283,-7.69,-2.00,26.45,腾讯财经
2026-07-18 16:00:00,346.77,346.00,348.52,341.36,29959283,-7.69,-2.00,26.45,腾讯财经
2026-07-18 16:10:00,346.77,346.00,348.52,341.36,29959283,-7.69,-2.00,26.45,腾讯财经
2026-07-18 16:20:03,346.77,346.00,348.52,341.36,29959283,-7.69,-2.00,26.45,腾讯财经
2026-07-18 16:30:04,346.77,346.00,348.52,341.36,29959283,-7.69,-2.00,26.45,腾讯财经
2026-07-18 16:40:03,346.77,346.00,348.52,341.36,29959283,-7.69,-2.00,26.45,腾讯财经
2026-07-18 16:50:05,346.77,346.00,348.52,341.36,29959283,-7.69,-2.00,26.45,腾讯财经
2026-07-18 17:00:00,346.77,346.00,348.52,341.36,29959283,-7.69,-2.00,26.45,腾讯财经
2026-07-18 17:10:00,346.77,346.00,348.52,341.36,29959283,-7.69,-2.00,26.45,腾讯财经
2026-07-18 17:20:03,346.77,346.00,348.52,341.36,29959283,-7.69,-2.00,26.45,腾讯财经
2026-07-18 17:30:01,346.77,346.00,348.52,341.36,29959283,-7.69,-2.00,26.45,腾讯财经
2026-07-18 17:40:03,346.77,346.00,348.52,341.36,29959283,-7.69,-2.00,26.45,腾讯财经
2026-07-18 17:50:00,346.77,346.00,348.52,341.36,29959283,-7.69,-2.00,26.45,腾讯财经
2026-07-18 18:10:04,346.77,346.00,348.52,341.36,29959283,-7.69,-2.00,26.45,腾讯财经
2026-07-18 18:20:04,346.77,346.00,348.52,341.36,29959283,-7.69,-2.00,26.45,腾讯财经
2026-07-18 18:30:03,346.77,346.00,348.52,341.36,29959283,-7.69,-2.00,26.45,腾讯财经
2026-07-18 18:40:00,346.77,346.00,348.52,341.36,29959283,-7.69,-2.00,26.45,腾讯财经
2026-07-18 18:50:03,346.77,346.00,348.52,341.36,29959283,-7.69,-2.00,26.45,腾讯财经
2026-07-18 19:00:02,346.77,346.00,348.52,341.36,29959283,-7.69,-2.00,26.45,腾讯财经
2026-07-18 19:10:02,346.77,346.00,348.52,341.36,29959283,-7.69,-2.00,26.45,腾讯财经
2026-07-18 19:20:03,346.77,346.00,348.52,341.36,29959283,-7.69,-2.00,26.45,腾讯财经
2026-07-18 19:30:04,346.77,346.00,348.52,341.36,29959283,-7.69,-2.00,26.45,腾讯财经
2026-07-18 19:40:01,346.77,346.00,348.52,341.36,29959283,-7.69,-2.00,26.45,腾讯财经
2026-07-18 19:50:05,346.77,346.00,348.52,341.36,29959283,-7.69,-2.00,26.45,腾讯财经
2026-07-18 20:00:01,346.77,346.00,348.52,341.36,29959283,-7.69,-2.00,26.45,腾讯财经
2026-07-18 20:10:01,346.77,346.00,348.52,341.36,29959283,-7.69,-2.00,26.45,腾讯财经
2026-07-18 20:20:03,346.77,346.00,348.52,341.36,29959283,-7.69,-2.00,26.45,腾讯财经
2026-07-18 20:30:01,346.77,346.00,348.52,341.36,29959283,-7.69,-2.00,26.45,腾讯财经
2026-07-18 20:40:02,346.77,346.00,348.52,341.36,29959283,-7.69,-2.00,26.45,腾讯财经
2026-07-18 20:50:03,346.77,346.00,348.52,341.36,29959283,-7.69,-2.00,26.45,腾讯财经
2026-07-18 21:00:01,346.77,346.00,348.52,341.36,29959283,-7.69,-2.00,26.45,腾讯财经
2026-07-18 21:10:00,346.77,346.00,348.52,341.36,29959283,-7.69,-2.00,26.45,腾讯财经
2026-07-18 21:20:03,346.77,346.00,348.52,341.36,29959283,-7.69,-2.00,26.45,腾讯财经
2026-07-18 21:30:05,346.77,346.00,348.52,341.36,29959283,-7.69,-2.00,26.45,腾讯财经
2026-07-18 21:40:01,346.77,346.00,348.52,341.36,29959283,-7.69,-2.00,26.45,腾讯财经
2026-07-18 21:50:04,346.77,346.00,348.52,341.36,29959283,-7.69,-2.00,26.45,腾讯财经
2026-07-18 22:00:06,346.77,346.00,348.52,341.36,29959283,-7.69,-2.00,26.45,腾讯财经
2026-07-18 22:10:02,346.77,346.00,348.52,341.36,29959283,-7.69,-2.00,26.45,腾讯财经
2026-07-18 22:20:04,346.77,346.00,348.52,341.36,29959283,-7.69,-2.00,26.45,腾讯财经
2026-07-18 22:30:02,346.77,346.00,348.52,341.36,29959283,-7.69,-2.00,26.45,腾讯财经
2026-07-18 22:40:06,346.77,346.00,348.52,341.36,29959283,-7.69,-2.00,26.45,腾讯财经
2026-07-18 22:50:04,346.77,346.00,348.52,341.36,29959283,-7.69,-2.00,26.45,腾讯财经
2026-07-18 23:00:04,346.77,346.00,348.52,341.36,29959283,-7.69,-2.00,26.45,腾讯财经
2026-07-18 23:10:00,346.77,346.00,348.52,341.36,29959283,-7.69,-2.00,26.45,腾讯财经
2026-07-18 23:20:03,346.77,346.00,348.52,341.36,29959283,-7.69,-2.00,26.45,腾讯财经
2026-07-18 23:30:00,346.77,346.00,348.52,341.36,29959283,-7.69,-2.00,26.45,腾讯财经
2026-07-18 23:40:00,346.77,346.00,348.52,341.36,29959283,-7.69,-2.00,26.45,腾讯财经
2026-07-18 23:50:03,346.77,346.00,348.52,341.36,29959283,-7.69,-2.00,26.45,腾讯财经
2026-07-19 00:00:05,346.77,346.00,348.52,341.36,29959283,-7.69,-2.00,26.45,腾讯财经
2026-07-19 00:10:00,346.77,346.00,348.52,341.36,29959283,-7.69,-2.00,26.45,腾讯财经
2026-07-19 00:20:04,346.77,346.00,348.52,341.36,29959283,-7.69,-2.00,26.45,腾讯财经
2026-07-19 00:30:04,346.77,346.00,348.52,341.36,29959283,-7.69,-2.00,26.45,腾讯财经
2026-07-19 00:40:00,346.77,346.00,348.52,341.36,29959283,-7.69,-2.00,26.45,腾讯财经
2026-07-19 00:50:03,346.77,346.00,348.52,341.36,29959283,-7.69,-2.00,26.45,腾讯财经
2026-07-19 01:00:04,346.77,346.00,348.52,341.36,29959283,-7.69,-2.00,26.45,腾讯财经
2026-07-19 01:10:00,346.77,346.00,348.52,341.36,29959283,-7.69,-2.00,26.45,腾讯财经
2026-07-19 01:20:03,346.77,346.00,348.52,341.36,29959283,-7.69,-2.00,26.45,腾讯财经
2026-07-19 01:30:00,346.77,346.00,348.52,341.36,29959283,-7.69,-2.00,26.45,腾讯财经
2026-07-19 01:40:00,346.77,346.00,348.52,341.36,29959283,-7.69,-2.00,26.45,腾讯财经
2026-07-19 01:50:03,346.77,346.00,348.52,341.36,29959283,-7.69,-2.00,26.45,腾讯财经
2026-07-19 02:00:00,346.77,346.00,348.52,341.36,29959283,-7.69,-2.00,26.45,腾讯财经
2026-07-19 02:10:00,346.77,346.00,348.52,341.36,29959283,-7.69,-2.00,26.45,腾讯财经
2026-07-19 02:20:03,346.77,346.00,348.52,341.36,29959283,-7.69,-2.00,26.45,腾讯财经
2026-07-19 02:30:00,346.77,346.00,348.52,341.36,29959283,-7.69,-2.00,26.45,腾讯财经
2026-07-19 02:40:00,346.77,346.00,348.52,341.36,29959283,-7.69,-2.00,26.45,腾讯财经
2026-07-19 02:50:03,346.77,346.00,348.52,341.36,29959283,-7.69,-2.00,26.45,腾讯财经
2026-07-19 03:00:03,346.77,346.00,348.52,341.36,29959283,-7.69,-2.00,26.45,腾讯财经
2026-07-19 03:10:00,346.77,346.00,348.52,341.36,29959283,-7.69,-2.00,26.45,腾讯财经
2026-07-19 03:20:03,346.77,346.00,348.52,341.36,29959283,-7.69,-2.00,26.45,腾讯财经
2026-07-19 03:30:00,346.77,346.00,348.52,341.36,29959283,-7.69,-2.00,26.45,腾讯财经
2026-07-19 03:40:01,346.77,346.00,348.52,341.36,29959283,-7.69,-2.00,26.45,腾讯财经
2026-07-19 03:50:04,346.77,346.00,348.52,341.36,29959283,-7.69,-2.00,26.45,腾讯财经
2026-07-19 04:00:00,346.77,346.00,348.52,341.36,29959283,-7.69,-2.00,26.45,腾讯财经
2026-07-19 04:10:00,346.77,346.00,348.52,341.36,29959283,-7.69,-2.00,26.45,腾讯财经
2026-07-19 04:20:04,346.77,346.00,348.52,341.36,29959283,-7.69,-2.00,26.45,腾讯财经
2026-07-19 04:30:05,346.77,346.00,348.52,341.36,29959283,-7.69,-2.00,26.45,腾讯财经
2026-07-19 04:40:04,346.77,346.00,348.52,341.36,29959283,-7.69,-2.00,26.45,腾讯财经
2026-07-19 04:50:03,346.77,346.00,348.52,341.36,29959283,-7.69,-2.00,26.45,腾讯财经
2026-07-19 05:00:00,346.77,346.00,348.52,341.36,29959283,-7.69,-2.00,26.45,腾讯财经
2026-07-19 05:10:02,346.77,346.00,348.52,341.36,29959283,-7.69,-2.00,26.45,腾讯财经
2026-07-19 05:20:05,346.77,346.00,348.52,341.36,29959283,-7.69,-2.00,26.45,腾讯财经
2026-07-19 05:30:00,346.77,346.00,348.52,341.36,29959283,-7.69,-2.00,26.45,腾讯财经
2026-07-19 05:40:00,346.77,346.00,348.52,341.36,29959283,-7.69,-2.00,26.45,腾讯财经
2026-07-19 05:50:05,346.77,346.00,348.52,341.36,29959283,-7.69,-2.00,26.45,腾讯财经
2026-07-19 06:00:00,346.77,346.00,348.52,341.36,29959283,-7.69,-2.00,26.45,腾讯财经
2026-07-19 06:10:01,346.77,346.00,348.52,341.36,29959283,-7.69,-2.00,26.45,腾讯财经
2026-07-19 06:20:03,346.77,346.00,348.52,341.36,29959283,-7.69,-2.00,26.45,腾讯财经
2026-07-19 06:30:00,346.77,346.00,348.52,341.36,29959283,-7.69,-2.00,26.45,腾讯财经
2026-07-19 06:40:04,346.77,346.00,348.52,341.36,29959283,-7.69,-2.00,26.45,腾讯财经
2026-07-19 06:50:03,346.77,346.00,348.52,341.36,29959283,-7.69,-2.00,26.45,腾讯财经
2026-07-19 07:00:00,346.77,346.00,348.52,341.36,29959283,-7.69,-2.00,26.45,腾讯财经
2026-07-19 07:10:03,346.77,346.00,348.52,341.36,29959283,-7.69,-2.00,26.45,腾讯财经
2026-07-19 07:20:03,346.77,346.00,348.52,341.36,29959283,-7.69,-2.00,26.45,腾讯财经
2026-07-19 07:30:00,346.77,346.00,348.52,341.36,29959283,-7.69,-2.00,26.45,腾讯财经
2026-07-19 07:40:00,346.77,346.00,348.52,341.36,29959283,-7.69,-2.00,26.45,腾讯财经
2026-07-19 07:50:03,346.77,346.00,348.52,341.36,29959283,-7.69,-2.00,26.45,腾讯财经
2026-07-19 08:00:02,346.77,346.00,348.52,341.36,29959283,-7.69,-2.00,26.45,腾讯财经
2026-07-19 08:10:04,346.77,346.00,348.52,341.36,29959283,-7.69,-2.00,26.45,腾讯财经
2026-07-19 08:20:03,346.77,346.00,348.52,341.36,29959283,-7.69,-2.00,26.45,腾讯财经
2026-07-19 08:30:00,346.77,346.00,348.52,341.36,29959283,-7.69,-2.00,26.45,腾讯财经
2026-07-19 08:40:03,346.77,346.00,348.52,341.36,29959283,-7.69,-2.00,26.45,腾讯财经
2026-07-19 08:50:03,346.77,346.00,348.52,341.36,29959283,-7.69,-2.00,26.45,腾讯财经
2026-07-19 09:00:00,346.77,346.00,348.52,341.36,29959283,-7.69,-2.00,26.45,腾讯财经
2026-07-19 09:10:01,346.77,346.00,348.52,341.36,29959283,-7.69,-2.00,26.45,腾讯财经
2026-07-19 09:20:03,346.77,346.00,348.52,341.36,29959283,-7.69,-2.00,26.45,腾讯财经
2026-07-19 09:30:00,346.77,346.00,348.52,341.36,29959283,-7.69,-2.00,26.45,腾讯财经
2026-07-19 09:40:00,346.77,346.00,348.52,341.36,29959283,-7.69,-2.00,26.45,腾讯财经
2026-07-19 09:50:03,346.77,346.00,348.52,341.36,29959283,-7.69,-2.00,26.45,腾讯财经
2026-07-19 10:00:00,346.77,346.00,348.52,341.36,29959283,-7.69,-2.00,26.45,腾讯财经
2026-07-19 10:10:01,346.77,346.00,348.52,341.36,29959283,-7.69,-2.00,26.45,腾讯财经
2026-07-19 10:20:03,346.77,346.00,348.52,341.36,29959283,-7.69,-2.00,26.45,腾讯财经
2026-07-19 10:30:00,346.77,346.00,348.52,341.36,29959283,-7.69,-2.00,26.45,腾讯财经
2026-07-19 10:40:00,346.77,346.00,348.52,341.36,29959283,-7.69,-2.00,26.45,腾讯财经
2026-07-19 10:50:04,346.77,346.00,348.52,341.36,29959283,-7.69,-2.00,26.45,腾讯财经
2026-07-19 11:00:05,346.77,346.00,348.52,341.36,29959283,-7.69,-2.00,26.45,腾讯财经
2026-07-19 11:10:00,346.77,346.00,348.52,341.36,29959283,-7.69,-2.00,26.45,腾讯财经
2026-07-19 11:20:03,346.77,346.00,348.52,341.36,29959283,-7.69,-2.00,26.45,腾讯财经
2026-07-19 11:30:05,346.77,346.00,348.52,341.36,29959283,-7.69,-2.00,26.45,腾讯财经
2026-07-19 11:40:00,346.77,346.00,348.52,341.36,29959283,-7.69,-2.00,26.45,腾讯财经
2026-07-19 11:50:03,346.77,346.00,348.52,341.36,29959283,-7.69,-2.00,26.45,腾讯财经
2026-07-19 12:00:00,346.77,346.00,348.52,341.36,29959283,-7.69,-2.00,26.45,腾讯财经
2026-07-19 12:10:00,346.77,346.00,348.52,341.36,29959283,-7.69,-2.00,26.45,腾讯财经
2026-07-19 12:20:03,346.77,346.00,348.52,341.36,29959283,-7.69,-2.00,26.45,腾讯财经
2026-07-19 12:30:02,346.77,346.00,348.52,341.36,29959283,-7.69,-2.00,26.45,腾讯财经
2026-07-19 12:40:02,346.77,346.00,348.52,341.36,29959283,-7.69,-2.00,26.45,腾讯财经
2026-07-19 12:50:05,346.77,346.00,348.52,341.36,29959283,-7.69,-2.00,26.45,腾讯财经
2026-07-19 13:00:03,346.77,346.00,348.52,341.36,29959283,-7.69,-2.00,26.45,腾讯财经
2026-07-19 13:10:04,346.77,346.00,348.52,341.36,29959283,-7.69,-2.00,26.45,腾讯财经
2026-07-19 13:20:03,346.77,346.00,348.52,341.36,29959283,-7.69,-2.00,26.45,腾讯财经
2026-07-19 13:30:00,346.77,346.00,348.52,341.36,29959283,-7.69,-2.00,26.45,腾讯财经
2026-07-19 13:40:01,346.77,346.00,348.52,341.36,29959283,-7.69,-2.00,26.45,腾讯财经
2026-07-19 13:50:05,346.77,346.00,348.52,341.36,29959283,-7.69,-2.00,26.45,腾讯财经
2026-07-19 14:00:02,346.77,346.00,348.52,341.36,29959283,-7.69,-2.00,26.45,腾讯财经
2026-07-19 14:10:04,346.77,346.00,348.52,341.36,29959283,-7.69,-2.00,26.45,腾讯财经
2026-07-19 14:20:03,346.77,346.00,348.52,341.36,29959283,-7.69,-2.00,26.45,腾讯财经
2026-07-19 14:30:03,346.77,346.00,348.52,341.36,29959283,-7.69,-2.00,26.45,腾讯财经
2026-07-19 14:40:00,346.77,346.00,348.52,341.36,29959283,-7.69,-2.00,26.45,腾讯财经
2026-07-19 14:50:03,346.77,346.00,348.52,341.36,29959283,-7.69,-2.00,26.45,腾讯财经
2026-07-19 15:00:00,346.77,346.00,348.52,341.36,29959283,-7.69,-2.00,26.45,腾讯财经
2026-07-19 15:10:00,346.77,346.00,348.52,341.36,29959283,-7.69,-2.00,26.45,腾讯财经
2026-07-19 15:20:03,346.77,346.00,348.52,341.36,29959283,-7.69,-2.00,26.45,腾讯财经
2026-07-19 15:30:02,346.77,346.00,348.52,341.36,29959283,-7.69,-2.00,26.45,腾讯财经
2026-07-19 15:40:00,346.77,346.00,348.52,341.36,29959283,-7.69,-2.00,26.45,腾讯财经
2026-07-19 15:50:03,346.77,346.00,348.52,341.36,29959283,-7.69,-2.00,26.45,腾讯财经
2026-07-19 16:00:00,346.77,346.00,348.52,341.36,29959283,-7.69,-2.00,26.45,腾讯财经
2026-07-19 16:10:01,346.77,346.00,348.52,341.36,29959283,-7.69,-2.00,26.45,腾讯财经
2026-07-19 16:20:04,346.77,346.00,348.52,341.36,29959283,-7.69,-2.00,26.45,腾讯财经
2026-07-19 16:30:00,346.77,346.00,348.52,341.36,29959283,-7.69,-2.00,26.45,腾讯财经
2026-07-19 16:40:00,346.77,346.00,348.52,341.36,29959283,-7.69,-2.00,26.45,腾讯财经
2026-07-19 16:50:03,346.77,346.00,348.52,341.36,29959283,-7.69,-2.00,26.45,腾讯财经
2026-07-19 17:00:00,346.77,346.00,348.52,341.36,29959283,-7.69,-2.00,26.45,腾讯财经
2026-07-19 17:10:00,346.77,346.00,348.52,341.36,29959283,-7.69,-2.00,26.45,腾讯财经
2026-07-19 17:20:03,346.77,346.00,348.52,341.36,29959283,-7.69,-2.00,26.45,腾讯财经
2026-07-19 17:30:00,346.77,346.00,348.52,341.36,29959283,-7.69,-2.00,26.45,腾讯财经
2026-07-19 17:40:00,346.77,346.00,348.52,341.36,29959283,-7.69,-2.00,26.45,腾讯财经
2026-07-19 17:50:05,346.77,346.00,348.52,341.36,29959283,-7.69,-2.00,26.45,腾讯财经
2026-07-19 18:00:00,346.77,346.00,348.52,341.36,29959283,-7.69,-2.00,26.45,腾讯财经
2026-07-19 18:10:02,346.77,346.00,348.52,341.36,29959283,-7.69,-2.00,26.45,腾讯财经
2026-07-19 18:20:03,346.77,346.00,348.52,341.36,29959283,-7.69,-2.00,26.45,腾讯财经
2026-07-19 18:30:00,346.77,346.00,348.52,341.36,29959283,-7.69,-2.00,26.45,腾讯财经
2026-07-19 18:40:00,346.77,346.00,348.52,341.36,29959283,-7.69,-2.00,26.45,腾讯财经
2026-07-19 18:50:03,346.77,346.00,348.52,341.36,29959283,-7.69,-2.00,26.45,腾讯财经
2026-07-19 19:00:00,346.77,346.00,348.52,341.36,29959283,-7.69,-2.00,26.45,腾讯财经
2026-07-19 19:10:04,346.77,346.00,348.52,341.36,29959283,-7.69,-2.00,26.45,腾讯财经
2026-07-19 19:20:03,346.77,346.00,348.52,341.36,29959283,-7.69,-2.00,26.45,腾讯财经
2026-07-19 19:30:02,346.77,346.00,348.52,341.36,29959283,-7.69,-2.00,26.45,腾讯财经
2026-07-19 19:40:05,346.77,346.00,348.52,341.36,29959283,-7.69,-2.00,26.45,腾讯财经
2026-07-19 19:50:05,346.77,346.00,348.52,341.36,29959283,-7.69,-2.00,26.45,腾讯财经
2026-07-19 20:00:05,346.77,346.00,348.52,341.36,29959283,-7.69,-2.00,26.45,腾讯财经
2026-07-19 20:10:01,346.77,346.00,348.52,341.36,29959283,-7.69,-2.00,26.45,腾讯财经
2026-07-19 20:20:03,346.77,346.00,348.52,341.36,29959283,-7.69,-2.00,26.45,腾讯财经
2026-07-19 20:30:00,346.77,346.00,348.52,341.36,29959283,-7.69,-2.00,26.45,腾讯财经
2026-07-19 20:40:03,346.77,346.00,348.52,341.36,29959283,-7.69,-2.00,26.45,腾讯财经
2026-07-19 20:50:03,346.77,346.00,348.52,341.36,29959283,-7.69,-2.00,26.45,腾讯财经
2026-07-20 08:40:04,346.77,346.00,348.52,341.36,29959283,-7.69,-2.00,26.45,腾讯财经
2026-07-20 08:50:05,346.77,346.00,348.52,341.36,29959283,-7.69,-2.00,26.45,腾讯财经
2026-07-20 09:00:04,346.77,346.00,348.52,341.36,29959283,-7.69,-2.00,26.45,腾讯财经
2026-07-20 09:10:00,346.77,346.00,348.52,341.36,29959283,-7.69,-2.00,26.45,腾讯财经
2026-07-20 09:20:05,346.77,346.00,348.52,341.36,29959283,-7.69,-2.00,26.45,腾讯财经
2026-07-20 09:30:05,346.77,346.00,348.52,341.36,29959283,-7.69,-2.00,26.45,腾讯财经
2026-07-20 09:40:04,346.77,346.00,348.52,341.36,29959283,-7.69,-2.00,26.45,腾讯财经
2026-07-20 09:50:04,346.77,346.00,348.52,341.36,29959283,-7.69,-2.00,26.45,腾讯财经
2026-07-20 10:00:05,346.77,346.00,348.52,341.36,29959283,-7.69,-2.00,26.45,腾讯财经
2026-07-20 10:10:00,346.77,346.00,348.52,341.36,29959283,-7.69,-2.00,26.45,腾讯财经
2026-07-20 10:20:00,346.77,346.00,348.52,341.36,29959283,-7.69,-2.00,26.45,腾讯财经
2026-07-20 10:30:02,346.77,346.00,348.52,341.36,29959283,-7.69,-2.00,26.45,腾讯财经
2026-07-20 10:40:00,346.77,346.00,348.52,341.36,29959283,-7.69,-2.00,26.45,腾讯财经
2026-07-20 10:50:01,346.77,346.00,348.52,341.36,29959283,-7.69,-2.00,26.45,腾讯财经
2026-07-20 11:00:04,346.77,346.00,348.52,341.36,29959283,-7.69,-2.00,26.45,腾讯财经
2026-07-20 11:10:05,346.77,346.00,348.52,341.36,29959283,-7.69,-2.00,26.45,腾讯财经
2026-07-20 11:20:05,346.77,346.00,348.52,341.36,29959283,-7.69,-2.00,26.45,腾讯财经
2026-07-20 11:30:02,346.77,346.00,348.52,341.36,29959283,-7.69,-2.00,26.45,腾讯财经
2026-07-20 11:40:04,346.77,346.00,348.52,341.36,29959283,-7.69,-2.00,26.45,腾讯财经
2026-07-20 11:50:00,346.77,346.00,348.52,341.36,29959283,-7.69,-2.00,26.45,腾讯财经
2026-07-20 12:00:04,346.77,346.00,348.52,341.36,29959283,-7.69,-2.00,26.45,腾讯财经
2026-07-20 12:10:00,346.77,346.00,348.52,341.36,29959283,-7.69,-2.00,26.45,腾讯财经
2026-07-20 12:20:04,346.77,346.00,348.52,341.36,29959283,-7.69,-2.00,26.45,腾讯财经
2026-07-20 12:30:03,346.77,346.00,348.52,341.36,29959283,-7.69,-2.00,26.45,腾讯财经
2026-07-20 12:40:00,346.77,346.00,348.52,341.36,29959283,-7.69,-2.00,26.45,腾讯财经
2026-07-20 12:50:00,346.77,346.00,348.52,341.36,29959283,-7.69,-2.00,26.45,腾讯财经
2026-07-20 13:00:00,346.77,346.00,348.52,341.36,29959283,-7.69,-2.00,26.45,腾讯财经
2026-07-20 13:10:05,346.77,346.00,348.52,341.36,29959283,-7.69,-2.00,26.45,腾讯财经
2026-07-20 13:20:01,346.77,346.00,348.52,341.36,29959283,-7.69,-2.00,26.45,腾讯财经
2026-07-20 13:30:00,346.77,346.00,348.52,341.36,29959283,-7.69,-2.00,26.45,腾讯财经
2026-07-20 13:40:05,346.77,346.00,348.52,341.36,29959283,-7.69,-2.00,26.45,腾讯财经
2026-07-20 13:50:00,346.77,346.00,348.52,341.36,29959283,-7.69,-2.00,26.45,腾讯财经
2026-07-20 14:00:00,346.77,346.00,348.52,341.36,29959283,-7.69,-2.00,26.45,腾讯财经
2026-07-20 14:10:04,346.77,346.00,348.52,341.36,29959283,-7.69,-2.00,26.45,腾讯财经
2026-07-20 14:20:02,346.77,346.00,348.52,341.36,29959283,-7.69,-2.00,26.45,腾讯财经
2026-07-20 14:30:01,346.77,346.00,348.52,341.36,29959283,-7.69,-2.00,26.45,腾讯财经
2026-07-20 14:40:04,346.77,346.00,348.52,341.36,29959283,-7.69,-2.00,26.45,腾讯财经
2026-07-20 14:50:03,346.77,346.00,348.52,341.36,29959283,-7.69,-2.00,26.45,腾讯财经
2026-07-20 15:00:00,346.77,346.00,348.52,341.36,29959283,-7.69,-2.00,26.45,腾讯财经
2026-07-20 15:10:00,346.77,346.00,348.52,341.36,29959283,-7.69,-2.00,26.45,腾讯财经
2026-07-20 15:20:00,346.77,346.00,348.52,341.36,29959283,-7.69,-2.00,26.45,腾讯财经
2026-07-20 15:30:01,346.77,346.00,348.52,341.36,29959283,-7.69,-2.00,26.45,腾讯财经
2026-07-20 15:40:01,346.77,346.00,348.52,341.36,29959283,-7.69,-2.00,26.45,腾讯财经
2026-07-20 15:50:00,346.77,346.00,348.52,341.36,29959283,-7.69,-2.00,26.45,腾讯财经
2026-07-20 16:00:04,346.77,346.00,348.52,341.36,29959283,-7.69,-2.00,26.45,腾讯财经
2026-07-20 16:10:01,346.77,346.00,348.52,341.36,29959283,-7.69,-2.00,26.45,腾讯财经
2026-07-20 16:20:01,346.77,346.00,348.52,341.36,29959283,-7.69,-2.00,26.45,腾讯财经
2026-07-20 16:30:05,346.77,346.00,348.52,341.36,29959283,-7.69,-2.00,26.45,腾讯财经
2026-07-20 16:40:00,346.77,346.00,348.52,341.36,29959283,-7.69,-2.00,26.45,腾讯财经
2026-07-20 16:50:01,346.77,346.00,348.52,341.36,29959283,-7.69,-2.00,26.45,腾讯财经
2026-07-20 17:00:04,346.77,346.00,348.52,341.36,29959283,-7.69,-2.00,26.45,腾讯财经
2026-07-20 17:10:00,346.77,346.00,348.52,341.36,29959283,-7.69,-2.00,26.45,腾讯财经
2026-07-20 17:20:01,346.77,346.00,348.52,341.36,29959283,-7.69,-2.00,26.45,腾讯财经
2026-07-20 17:30:01,346.77,346.00,348.52,341.36,29959283,-7.69,-2.00,26.45,腾讯财经
2026-07-20 18:17:59,346.77,346.00,348.52,341.36,29959283,-7.69,-2.00,26.45,腾讯财经
2026-07-20 18:20:00,346.77,346.00,348.52,341.36,29959283,-7.69,-2.00,26.45,腾讯财经
2026-07-20 18:30:04,346.77,346.00,348.52,341.36,29959283,-7.69,-2.00,26.45,腾讯财经
2026-07-20 18:40:03,346.77,346.00,348.52,341.36,29959283,-7.69,-2.00,26.45,腾讯财经
2026-07-20 18:50:05,346.77,346.00,348.52,341.36,29959283,-7.69,-2.00,26.45,腾讯财经
2026-07-20 19:00:05,346.77,346.00,348.52,341.36,29959283,-7.69,-2.00,26.45,腾讯财经
2026-07-20 19:10:03,346.77,346.00,348.52,341.36,29959283,-7.69,-2.00,26.45,腾讯财经
2026-07-20 19:20:05,346.77,346.00,348.52,341.36,29959283,-7.69,-2.00,26.45,腾讯财经
2026-07-20 19:30:00,346.77,346.00,348.52,341.36,29959283,-7.69,-2.00,26.45,腾讯财经
2026-07-20 19:40:00,346.77,346.00,348.52,341.36,29959283,-7.69,-2.00,26.45,腾讯财经
2026-07-20 19:50:03,346.77,346.00,348.52,341.36,29959283,-7.69,-2.00,26.45,腾讯财经
2026-07-20 20:00:02,346.77,346.00,348.52,341.36,29959283,-7.69,-2.00,26.45,腾讯财经
2026-07-20 20:10:04,346.77,346.00,348.52,341.36,29959283,-7.69,-2.00,26.45,腾讯财经
2026-07-20 20:20:03,346.77,346.00,348.52,341.36,29959283,-7.69,-2.00,26.45,腾讯财经
2026-07-20 20:30:02,346.77,346.00,348.52,341.36,29959283,-7.69,-2.00,26.45,腾讯财经
2026-07-20 20:40:00,346.77,346.00,348.52,341.36,29959283,-7.69,-2.00,26.45,腾讯财经
2026-07-20 20:50:01,346.77,346.00,348.52,341.36,29959283,-7.69,-2.00,26.45,腾讯财经
2026-07-20 21:00:03,346.77,346.00,348.52,341.36,29959283,-7.69,-2.00,26.45,腾讯财经
2026-07-20 21:10:00,346.77,346.00,348.52,341.36,29959283,-7.69,-2.00,26.45,腾讯财经
2026-07-20 21:20:05,346.77,346.00,348.52,341.36,29959283,-7.69,-2.00,26.45,腾讯财经
2026-07-20 21:30:00,346.77,0.00,0.00,0.00,446938,0,0,26.45,腾讯财经
2026-07-20 21:40:00,356.84,351.15,357.35,350.52,2293714,10.07,2.00,27.22,腾讯财经
2026-07-20 21:50:00,358.43,350.88,359.36,350.52,3532568,11.66,3.00,27.34,腾讯财经
2026-07-20 22:00:04,358.38,350.88,359.36,350.52,4481986,11.61,3.00,27.34,腾讯财经
2026-07-20 22:10:05,358.71,350.88,359.59,350.52,5173472,11.94,3.00,27.36,腾讯财经
2026-07-20 22:20:02,358.32,350.88,359.67,350.52,5846054,11.55,3.00,27.33,腾讯财经
2026-07-20 22:30:00,358.71,350.88,359.67,350.52,6305975,11.94,3.00,27.36,腾讯财经
2026-07-20 22:40:01,357.95,350.88,359.67,350.52,6747916,11.18,3.00,27.30,腾讯财经
2026-07-20 22:50:00,356.87,350.88,359.67,350.52,7092190,10.10,2.00,27.22,腾讯财经
2026-07-20 23:00:01,356.66,350.88,359.67,350.52,7386023,9.89,2.00,27.21,腾讯财经
2026-07-20 23:10:00,356.92,350.88,359.67,350.52,7765844,10.15,2.00,27.23,腾讯财经
2026-07-20 23:20:00,356.64,350.88,359.67,350.52,8018547,9.87,2.00,27.20,腾讯财经
2026-07-20 23:30:02,356.77,350.88,359.67,350.52,8268617,10.00,2.00,27.21,腾讯财经
2026-07-20 23:40:01,357.49,350.88,359.67,350.52,8519560,10.72,3.00,27.27,腾讯财经
2026-07-20 23:50:02,356.72,350.88,359.67,350.52,8734869,9.95,2.00,27.21,腾讯财经
2026-07-21 00:00:00,356.69,350.88,359.67,350.52,8972374,9.92,2.00,27.21,腾讯财经
2026-07-21 00:10:04,355.82,350.88,359.67,350.52,9389763,9.05,2.00,27.14,腾讯财经
2026-07-21 00:20:00,355.76,350.88,359.67,350.52,9756678,8.99,2.00,27.14,腾讯财经
2026-07-21 00:30:00,355.15,350.88,359.67,350.52,9982328,8.38,2.00,27.09,腾讯财经
2026-07-21 00:40:02,355.57,350.88,359.67,350.52,10295962,8.80,2.00,27.12,腾讯财经
2026-07-21 00:50:04,355.63,350.88,359.67,350.52,10798475,8.86,2.00,27.13,腾讯财经
2026-07-21 01:00:01,354.74,350.88,359.67,350.52,11046446,7.97,2.00,27.06,腾讯财经
2026-07-21 01:10:05,353.41,350.88,359.67,350.52,11482614,6.64,1.00,26.96,腾讯财经
2026-07-21 01:20:00,352.62,350.88,359.67,350.52,11916477,5.85,1.00,26.90,腾讯财经
2026-07-21 01:30:03,352.76,350.88,359.67,350.52,12234145,5.99,1.00,26.91,腾讯财经
2026-07-21 01:40:03,352.67,350.88,359.67,350.52,12490617,5.90,1.00,26.90,腾讯财经
2026-07-21 01:50:05,353.32,350.88,359.67,350.52,12831160,6.55,1.00,26.95,腾讯财经
2026-07-21 02:00:00,353.05,350.88,359.67,350.52,12977825,6.28,1.00,26.93,腾讯财经
2026-07-21 02:10:00,352.96,350.88,359.67,350.52,13194390,6.19,1.00,26.92,腾讯财经
2026-07-21 02:20:05,352.73,350.88,359.67,350.52,13474743,5.96,1.00,26.91,腾讯财经
2026-07-21 02:30:00,351.98,350.88,359.67,350.52,13845166,5.21,1.00,26.85,腾讯财经
2026-07-21 02:40:00,351.55,350.88,359.67,350.52,14183435,4.78,1.00,26.82,腾讯财经
2026-07-21 02:50:02,351.28,350.88,359.67,350.52,14731878,4.51,1.00,26.79,腾讯财经
2026-07-21 03:00:04,351.74,350.88,359.67,350.52,15190282,4.97,1.00,26.83,腾讯财经
2026-07-21 03:10:00,352.37,350.88,359.67,350.52,15660762,5.60,1.00,26.88,腾讯财经
2026-07-21 03:20:00,352.02,350.88,359.67,350.52,16007157,5.25,1.00,26.85,腾讯财经
2026-07-21 03:30:00,352.28,350.88,359.67,350.52,16318008,5.51,1.00,26.87,腾讯财经
2026-07-21 03:40:03,352.95,350.88,359.67,350.52,16703248,6.18,1.00,26.92,腾讯财经
2026-07-21 03:50:00,352.73,350.88,359.67,350.52,17103589,5.96,1.00,26.91,腾讯财经
2026-07-21 04:00:00,351.80,350.88,359.67,350.52,18928159,5.03,1.00,26.83,腾讯财经
2026-07-21 04:10:02,351.99,350.88,359.67,350.52,24337251,5.22,1.00,26.85,腾讯财经
2026-07-21 04:20:01,351.99,350.88,359.68,350.52,24541370,5.22,1.00,26.85,腾讯财经
2026-07-21 04:30:00,351.99,350.88,359.68,350.52,24586969,5.22,1.00,26.85,腾讯财经
2026-07-21 04:40:03,351.99,350.88,359.68,350.52,24590504,5.22,1.00,26.85,腾讯财经
2026-07-21 04:50:00,351.99,350.88,359.68,350.52,24599465,5.22,1.00,26.85,腾讯财经
2026-07-21 05:00:01,351.99,350.88,359.68,350.52,24606800,5.22,1.00,26.85,腾讯财经
2026-07-21 05:10:05,351.99,350.88,359.68,350.52,24625754,5.22,1.00,26.85,腾讯财经
2026-07-21 05:20:01,351.99,350.88,359.68,350.52,24631355,5.22,1.00,26.85,腾讯财经
2026-07-21 05:30:00,351.99,350.88,359.68,350.52,24635773,5.22,1.00,26.85,腾讯财经
2026-07-21 05:40:05,351.99,350.88,359.68,350.52,24691267,5.22,1.00,26.85,腾讯财经
2026-07-21 05:50:00,351.99,350.88,359.68,350.52,24692995,5.22,1.00,26.85,腾讯财经
2026-07-21 06:00:00,351.99,350.88,359.68,350.52,24696059,5.22,1.00,26.85,腾讯财经
2026-07-21 06:10:00,351.99,350.88,359.68,350.52,24700798,5.22,1.00,26.85,腾讯财经
2026-07-21 06:20:04,351.99,350.88,359.68,350.52,24707441,5.22,1.00,26.85,腾讯财经
2026-07-21 06:30:04,351.99,350.88,359.68,350.52,24709646,5.22,1.00,26.85,腾讯财经
2026-07-21 06:40:01,351.99,350.88,359.68,350.52,24712117,5.22,1.00,26.85,腾讯财经
2026-07-21 06:50:00,351.99,350.88,359.68,350.52,24715128,5.22,1.00,26.85,腾讯财经
2026-07-21 07:00:00,351.99,350.88,359.68,350.52,24717057,5.22,1.00,26.85,腾讯财经
2026-07-21 07:10:00,351.99,350.88,359.68,350.52,24720897,5.22,1.00,26.85,腾讯财经
2026-07-21 07:20:01,351.99,350.88,359.68,350.52,24724284,5.22,1.00,26.85,腾讯财经
2026-07-21 07:30:02,351.99,350.88,359.68,350.52,24727451,5.22,1.00,26.85,腾讯财经
2026-07-21 07:40:03,351.99,350.88,359.68,350.52,24728487,5.22,1.00,26.85,腾讯财经
2026-07-21 07:50:02,351.99,350.88,359.68,350.52,24733481,5.22,1.00,26.85,腾讯财经
2026-07-21 08:40:05,351.99,350.88,359.68,350.52,24736644,5.22,1.00,26.85,腾讯财经
2026-07-21 08:50:00,351.99,350.88,359.68,350.52,24736644,5.22,1.00,26.85,腾讯财经
2026-07-21 09:00:00,351.99,350.88,359.68,350.52,24736644,5.22,1.00,26.85,腾讯财经
2026-07-21 09:10:03,351.99,350.88,359.68,350.52,24736644,5.22,1.00,26.85,腾讯财经
2026-07-21 09:20:04,351.99,350.88,359.68,350.52,24736644,5.22,1.00,26.85,腾讯财经
2026-07-21 09:30:05,351.99,350.88,359.68,350.52,24736644,5.22,1.00,26.85,腾讯财经
2026-07-21 09:40:01,351.99,350.88,359.68,350.52,24736644,5.22,1.00,26.85,腾讯财经
2026-07-21 09:50:02,351.99,350.88,359.68,350.52,24736644,5.22,1.00,26.85,腾讯财经
2026-07-21 10:00:02,351.99,350.88,359.68,350.52,24736644,5.22,1.00,26.85,腾讯财经
2026-07-21 10:10:01,351.99,350.88,359.68,350.52,24736644,5.22,1.00,26.85,腾讯财经
2026-07-21 10:20:04,351.99,350.88,359.68,350.52,24736644,5.22,1.00,26.85,腾讯财经
2026-07-21 10:30:02,351.99,350.88,359.68,350.52,24736644,5.22,1.00,26.85,腾讯财经
2026-07-21 10:40:04,351.99,350.88,359.68,350.52,24736644,5.22,1.00,26.85,腾讯财经
2026-07-21 10:50:00,351.99,350.88,359.68,350.52,24736644,5.22,1.00,26.85,腾讯财经
2026-07-21 11:00:00,351.99,350.88,359.68,350.52,24736644,5.22,1.00,26.85,腾讯财经
2026-07-21 11:10:00,351.99,350.88,359.68,350.52,24736644,5.22,1.00,26.85,腾讯财经
2026-07-21 11:20:00,351.99,350.88,359.68,350.52,24736644,5.22,1.00,26.85,腾讯财经
2026-07-21 11:30:00,351.99,350.88,359.68,350.52,24736644,5.22,1.00,26.85,腾讯财经
2026-07-21 11:40:00,351.99,350.88,359.68,350.52,24736644,5.22,1.00,26.85,腾讯财经
2026-07-21 11:50:04,351.99,350.88,359.68,350.52,24736644,5.22,1.00,26.85,腾讯财经
2026-07-21 12:00:04,351.99,350.88,359.68,350.52,24736644,5.22,1.00,26.85,腾讯财经
2026-07-21 12:10:00,351.99,350.88,359.68,350.52,24736644,5.22,1.00,26.85,腾讯财经
2026-07-21 12:20:00,351.99,350.88,359.68,350.52,24736644,5.22,1.00,26.85,腾讯财经
2026-07-21 12:30:03,351.99,350.88,359.68,350.52,24736644,5.22,1.00,26.85,腾讯财经
2026-07-21 12:40:04,351.99,350.88,359.68,350.52,24736644,5.22,1.00,26.85,腾讯财经
2026-07-21 12:50:00,351.99,350.88,359.68,350.52,24736644,5.22,1.00,26.85,腾讯财经
2026-07-21 13:00:00,351.99,350.88,359.68,350.52,24736644,5.22,1.00,26.85,腾讯财经
2026-07-21 13:10:04,351.99,350.88,359.68,350.52,24736644,5.22,1.00,26.85,腾讯财经
2026-07-21 13:20:01,351.99,350.88,359.68,350.52,24736644,5.22,1.00,26.85,腾讯财经
2026-07-21 13:30:05,351.99,350.88,359.68,350.52,24736644,5.22,1.00,26.85,腾讯财经
2026-07-21 13:40:01,351.99,350.88,359.68,350.52,24736644,5.22,1.00,26.85,腾讯财经
2026-07-21 13:50:00,351.99,350.88,359.68,350.52,24736644,5.22,1.00,26.85,腾讯财经
2026-07-21 14:00:01,351.99,350.88,359.68,350.52,24736644,5.22,1.00,26.85,腾讯财经
2026-07-21 14:10:05,351.99,350.88,359.68,350.52,24736644,5.22,1.00,26.85,腾讯财经
2026-07-21 14:20:00,351.99,350.88,359.68,350.52,24736644,5.22,1.00,26.85,腾讯财经
2026-07-21 14:30:01,351.99,350.88,359.68,350.52,24736644,5.22,1.00,26.85,腾讯财经
2026-07-21 14:40:00,351.99,350.88,359.68,350.52,24736644,5.22,1.00,26.85,腾讯财经
2026-07-21 14:50:00,351.99,350.88,359.68,350.52,24736644,5.22,1.00,26.85,腾讯财经
2026-07-21 15:00:03,351.99,350.88,359.68,350.52,24736644,5.22,1.00,26.85,腾讯财经
2026-07-21 15:10:05,351.99,350.88,359.68,350.52,24736644,5.22,1.00,26.85,腾讯财经
2026-07-21 15:20:01,351.99,350.88,359.68,350.52,24736644,5.22,1.00,26.85,腾讯财经
2026-07-21 15:30:03,351.99,350.88,359.68,350.52,24736644,5.22,1.00,26.85,腾讯财经
2026-07-21 15:40:02,351.99,350.88,359.68,350.52,24736644,5.22,1.00,26.85,腾讯财经
2026-07-21 15:50:00,351.99,350.88,359.68,350.52,24736644,5.22,1.00,26.85,腾讯财经
2026-07-21 16:00:00,351.99,350.88,359.68,350.52,24736644,5.22,1.00,26.85,腾讯财经
2026-07-21 16:10:00,351.99,350.88,359.68,350.52,24736644,5.22,1.00,26.85,腾讯财经
2026-07-21 16:20:00,351.99,350.88,359.68,350.52,24736644,5.22,1.00,26.85,腾讯财经
2026-07-21 16:30:00,351.99,350.88,359.68,350.52,24736644,5.22,1.00,26.85,腾讯财经
2026-07-21 16:40:00,351.99,350.88,359.68,350.52,24736644,5.22,1.00,26.85,腾讯财经
2026-07-21 16:50:04,351.99,350.88,359.68,350.52,24736644,5.22,1.00,26.85,腾讯财经
2026-07-21 17:00:00,351.99,350.88,359.68,350.52,24736644,5.22,1.00,26.85,腾讯财经
2026-07-21 17:10:04,351.99,350.88,359.68,350.52,24736644,5.22,1.00,26.85,腾讯财经
2026-07-21 17:20:01,351.99,350.88,359.68,350.52,24736644,5.22,1.00,26.85,腾讯财经
2026-07-21 17:30:01,351.99,350.88,359.68,350.52,24736644,5.22,1.00,26.85,腾讯财经
2026-07-21 18:32:23,351.99,350.88,359.68,350.52,24736644,5.22,1.00,26.85,腾讯财经
2026-07-21 18:40:04,351.99,350.88,359.68,350.52,24736644,5.22,1.00,26.85,腾讯财经
2026-07-21 18:50:04,351.99,350.88,359.68,350.52,24736644,5.22,1.00,26.85,腾讯财经
2026-07-21 19:00:00,351.99,350.88,359.68,350.52,24736644,5.22,1.00,26.85,腾讯财经
2026-07-21 19:10:00,351.99,350.88,359.68,350.52,24736644,5.22,1.00,26.85,腾讯财经
2026-07-21 19:20:02,351.99,350.88,359.68,350.52,24736644,5.22,1.00,26.85,腾讯财经
2026-07-21 19:30:04,351.99,350.88,359.68,350.52,24736644,5.22,1.00,26.85,腾讯财经
2026-07-21 19:40:04,351.99,350.88,359.68,350.52,24736644,5.22,1.00,26.85,腾讯财经
2026-07-21 19:50:00,351.99,350.88,359.68,350.52,24736644,5.22,1.00,26.85,腾讯财经
2026-07-21 20:00:00,351.99,350.88,359.68,350.52,24736644,5.22,1.00,26.85,腾讯财经
2026-07-21 20:10:04,351.99,350.88,359.68,350.52,24736644,5.22,1.00,26.85,腾讯财经
2026-07-21 20:20:03,351.99,350.88,359.68,350.52,24736644,5.22,1.00,26.85,腾讯财经
2026-07-21 20:30:01,351.99,350.88,359.68,350.52,24736644,5.22,1.00,26.85,腾讯财经
2026-07-21 20:40:00,351.99,350.88,359.68,350.52,24736644,5.22,1.00,26.85,腾讯财经
2026-07-21 20:50:00,351.99,350.88,359.68,350.52,24736644,5.22,1.00,26.85,腾讯财经
2026-07-21 21:00:00,351.99,350.88,359.68,350.52,24736644,5.22,1.00,26.85,腾讯财经
2026-07-21 21:10:04,351.99,350.88,359.68,350.52,24736644,5.22,1.00,26.85,腾讯财经
2026-07-21 21:20:00,351.99,350.88,359.68,350.52,24736644,5.22,1.00,26.85,腾讯财经
2026-07-21 21:30:03,351.99,0.00,0.00,0.00,522874,0,0,26.85,腾讯财经
2026-07-21 21:40:04,349.81,350.83,351.14,347.59,1879147,-2.18,0,26.68,腾讯财经
2026-07-21 21:50:00,348.17,351.32,351.14,347.59,2508236,-3.82,-1.00,26.56,腾讯财经
2026-07-21 22:00:00,349.91,351.32,351.14,347.59,3065850,-2.08,0,26.69,腾讯财经
2026-07-21 22:10:04,349.77,351.32,351.14,347.59,3715311,-2.22,0,26.68,腾讯财经
2026-07-21 22:20:02,349.33,351.32,351.14,347.59,4145918,-2.66,0,26.65,腾讯财经
2026-07-21 22:30:04,349.38,351.32,351.14,347.59,4569839,-2.61,0,26.65,腾讯财经
2026-07-21 22:40:00,348.65,351.32,351.14,347.59,4890651,-3.34,0,26.59,腾讯财经
2026-07-21 22:50:04,348.89,351.32,351.14,347.59,5390785,-3.10,0,26.61,腾讯财经
2026-07-21 23:00:00,348.86,351.32,351.14,347.59,5736419,-3.13,0,26.61,腾讯财经
2026-07-21 23:10:00,348.72,351.32,351.14,347.59,6643117,-3.27,0,26.60,腾讯财经
2026-07-21 23:20:00,348.70,351.32,351.14,347.59,6990789,-3.29,0,26.60,腾讯财经
2026-07-21 23:30:00,347.93,351.32,351.14,347.59,7565288,-4.06,-1.00,26.54,腾讯财经
2026-07-21 23:40:00,349.22,351.32,351.14,347.59,8112573,-2.77,0,26.64,腾讯财经
2026-07-21 23:50:00,349.20,351.32,351.14,347.59,8439009,-2.79,0,26.64,腾讯财经
2026-07-22 00:00:01,349.43,351.32,351.14,347.59,8715159,-2.56,0,26.65,腾讯财经
2026-07-22 00:10:00,349.09,351.32,351.14,347.59,8978301,-2.90,0,26.63,腾讯财经
2026-07-22 00:20:02,349.20,351.32,351.14,347.59,9248208,-2.79,0,26.64,腾讯财经
2026-07-22 00:30:04,349.60,351.32,351.14,347.59,9520953,-2.39,0,26.67,腾讯财经
2026-07-22 00:40:00,349.85,351.32,351.14,347.59,9824543,-2.14,0,26.69,腾讯财经
2026-07-22 00:50:00,349.54,351.32,351.14,347.59,10117728,-2.45,0,26.66,腾讯财经
2026-07-22 01:00:00,349.42,351.32,351.14,347.59,10446985,-2.57,0,26.65,腾讯财经
2026-07-22 01:10:02,349.07,351.32,351.14,347.59,10650093,-2.92,0,26.63,腾讯财经
2026-07-22 01:20:00,349.24,351.32,351.14,347.59,10818903,-2.75,0,26.64,腾讯财经
2026-07-22 01:30:01,349.15,351.32,351.14,347.59,10992151,-2.84,0,26.63,腾讯财经
2026-07-22 01:40:00,349.21,351.32,351.14,347.59,11236106,-2.78,0,26.64,腾讯财经
2026-07-22 01:50:01,349.12,351.32,351.14,347.59,11456190,-2.87,0,26.63,腾讯财经
2026-07-22 02:00:00,349.13,351.32,351.14,347.59,11641319,-2.86,0,26.63,腾讯财经
2026-07-22 02:10:00,349.10,351.32,351.14,347.59,11858060,-2.89,0,26.63,腾讯财经
2026-07-22 02:20:00,348.88,351.32,351.14,347.59,12104637,-3.11,0,26.61,腾讯财经
2026-07-22 02:30:00,348.77,351.32,351.14,347.59,12339673,-3.22,0,26.60,腾讯财经
2026-07-22 02:40:04,348.55,351.32,351.14,347.59,12603111,-3.44,0,26.59,腾讯财经
2026-07-22 02:50:00,348.55,351.32,351.14,347.59,12887755,-3.44,0,26.59,腾讯财经
2026-07-22 03:00:00,348.54,351.32,351.14,347.59,13294038,-3.45,0,26.59,腾讯财经
2026-07-22 03:10:00,349.30,351.32,351.14,347.59,13651207,-2.69,0,26.64,腾讯财经
2026-07-22 03:20:00,349.53,351.32,351.14,347.59,14200806,-2.46,0,26.66,腾讯财经
2026-07-22 03:30:02,349.57,351.32,351.14,347.59,14553999,-2.42,0,26.66,腾讯财经
2026-07-22 03:40:00,349.28,351.32,351.14,347.59,15067954,-2.71,0,26.64,腾讯财经
2026-07-22 03:50:00,348.83,351.32,351.14,347.59,15640681,-3.16,0,26.61,腾讯财经
2026-07-22 04:00:00,347.20,351.32,351.14,347.04,17231929,-4.79,-1.00,26.48,腾讯财经
2026-07-22 04:10:05,347.15,351.32,351.14,347.02,22118876,-4.84,-1.00,26.48,腾讯财经
2026-07-22 04:20:00,347.15,351.32,351.32,347.00,22405749,-4.84,-1.00,26.48,腾讯财经
2026-07-22 04:30:00,347.15,351.32,351.32,347.00,22470474,-4.84,-1.00,26.48,腾讯财经
2026-07-22 04:40:00,347.15,351.32,351.32,347.00,22477678,-4.84,-1.00,26.48,腾讯财经
2026-07-22 04:50:04,347.15,351.32,351.32,347.00,23150475,-4.84,-1.00,26.48,腾讯财经
2026-07-22 05:00:00,347.15,351.32,351.32,347.00,23210891,-4.84,-1.00,26.48,腾讯财经
2026-07-22 05:10:01,347.15,351.32,351.32,347.00,23217203,-4.84,-1.00,26.48,腾讯财经
2026-07-22 05:20:00,347.15,351.32,351.32,347.00,23228859,-4.84,-1.00,26.48,腾讯财经
2026-07-22 05:30:04,347.15,351.32,351.32,347.00,23238550,-4.84,-1.00,26.48,腾讯财经
2026-07-22 05:40:03,347.15,351.32,351.32,347.00,23252830,-4.84,-1.00,26.48,腾讯财经
2026-07-22 05:50:00,347.15,351.32,351.32,347.00,23262743,-4.84,-1.00,26.48,腾讯财经
2026-07-22 06:00:00,347.15,351.32,351.32,347.00,23269395,-4.84,-1.00,26.48,腾讯财经
2026-07-22 06:10:04,347.15,351.32,351.32,347.00,23282885,-4.84,-1.00,26.48,腾讯财经
2026-07-22 06:20:01,347.15,351.32,351.32,347.00,23288098,-4.84,-1.00,26.48,腾讯财经
2026-07-22 06:30:02,347.15,351.32,351.32,347.00,23294840,-4.84,-1.00,26.48,腾讯财经
2026-07-22 06:40:00,347.15,351.32,351.32,347.00,23303856,-4.84,-1.00,26.48,腾讯财经
2026-07-22 06:50:00,347.15,351.32,351.32,347.00,23312105,-4.84,-1.00,26.48,腾讯财经
2026-07-22 07:00:00,347.15,351.32,351.32,347.00,23318289,-4.84,-1.00,26.48,腾讯财经
2026-07-22 07:10:03,347.15,351.32,351.32,347.00,23324345,-4.84,-1.00,26.48,腾讯财经
2026-07-22 07:20:05,347.15,351.32,351.32,347.00,23335932,-4.84,-1.00,26.48,腾讯财经
2026-07-22 07:30:01,347.15,351.32,351.32,347.00,23345039,-4.84,-1.00,26.48,腾讯财经
2026-07-22 07:40:04,347.15,351.32,351.32,347.00,23353467,-4.84,-1.00,26.48,腾讯财经
2026-07-22 07:50:01,347.15,351.32,351.32,347.00,23362462,-4.84,-1.00,26.48,腾讯财经
2026-07-22 08:44:25,347.15,351.32,351.32,347.00,23369833,-4.84,-1.00,26.48,腾讯财经
2026-07-22 08:50:05,347.15,351.32,351.32,347.00,23369833,-4.84,-1.00,26.48,腾讯财经
2026-07-22 09:00:03,347.15,351.32,351.32,347.00,23369833,-4.84,-1.00,26.48,腾讯财经
2026-07-22 09:10:01,347.15,351.32,351.32,347.00,23369833,-4.84,-1.00,26.48,腾讯财经
2026-07-22 09:20:00,347.15,351.32,351.32,347.00,23369833,-4.84,-1.00,26.48,腾讯财经
2026-07-22 09:30:00,347.15,351.32,351.32,347.00,23369833,-4.84,-1.00,26.48,腾讯财经
2026-07-22 09:40:03,347.15,351.32,351.32,347.00,23369833,-4.84,-1.00,26.48,腾讯财经
2026-07-22 09:50:00,347.15,351.32,351.32,347.00,23369833,-4.84,-1.00,26.48,腾讯财经
2026-07-22 10:00:00,347.15,351.32,351.32,347.00,23369833,-4.84,-1.00,26.48,腾讯财经
2026-07-22 10:10:03,347.15,351.32,351.32,347.00,23369833,-4.84,-1.00,26.48,腾讯财经
2026-07-22 10:20:05,347.15,351.32,351.32,347.00,23369833,-4.84,-1.00,26.48,腾讯财经
2026-07-22 10:30:00,347.15,351.32,351.32,347.00,23369833,-4.84,-1.00,26.48,腾讯财经
2026-07-22 10:40:02,347.15,351.32,351.32,347.00,23369833,-4.84,-1.00,26.48,腾讯财经
2026-07-22 10:50:02,347.15,351.32,351.32,347.00,23369833,-4.84,-1.00,26.48,腾讯财经
2026-07-22 11:00:00,347.15,351.32,351.32,347.00,23369833,-4.84,-1.00,26.48,腾讯财经
2026-07-22 11:10:05,347.15,351.32,351.32,347.00,23369833,-4.84,-1.00,26.48,腾讯财经
2026-07-22 11:20:05,347.15,351.32,351.32,347.00,23369833,-4.84,-1.00,26.48,腾讯财经
2026-07-22 11:30:04,347.15,351.32,351.32,347.00,23369833,-4.84,-1.00,26.48,腾讯财经
2026-07-22 11:40:04,347.15,351.32,351.32,347.00,23369833,-4.84,-1.00,26.48,腾讯财经
2026-07-22 11:50:04,347.15,351.32,351.32,347.00,23369833,-4.84,-1.00,26.48,腾讯财经
2026-07-22 12:00:05,347.15,351.32,351.32,347.00,23369833,-4.84,-1.00,26.48,腾讯财经
2026-07-22 12:10:05,347.15,351.32,351.32,347.00,23369833,-4.84,-1.00,26.48,腾讯财经
2026-07-22 12:20:04,347.15,351.32,351.32,347.00,23369833,-4.84,-1.00,26.48,腾讯财经
2026-07-22 12:30:05,347.15,351.32,351.32,347.00,23369833,-4.84,-1.00,26.48,腾讯财经
2026-07-22 12:40:04,347.15,351.32,351.32,347.00,23369833,-4.84,-1.00,26.48,腾讯财经
2026-07-22 12:50:05,347.15,351.32,351.32,347.00,23369833,-4.84,-1.00,26.48,腾讯财经
2026-07-22 13:00:05,347.15,351.32,351.32,347.00,23369833,-4.84,-1.00,26.48,腾讯财经
2026-07-22 13:10:04,347.15,351.32,351.32,347.00,23369833,-4.84,-1.00,26.48,腾讯财经
2026-07-22 13:20:04,347.15,351.32,351.32,347.00,23369833,-4.84,-1.00,26.48,腾讯财经
2026-07-22 13:30:04,347.15,351.32,351.32,347.00,23369833,-4.84,-1.00,26.48,腾讯财经
2026-07-22 13:40:05,347.15,351.32,351.32,347.00,23369833,-4.84,-1.00,26.48,腾讯财经
2026-07-22 13:50:04,347.15,351.32,351.32,347.00,23369833,-4.84,-1.00,26.48,腾讯财经
2026-07-22 14:00:04,347.15,351.32,351.32,347.00,23369833,-4.84,-1.00,26.48,腾讯财经
2026-07-22 14:10:04,347.15,351.32,351.32,347.00,23369833,-4.84,-1.00,26.48,腾讯财经
2026-07-22 14:20:04,347.15,351.32,351.32,347.00,23369833,-4.84,-1.00,26.48,腾讯财经
2026-07-22 14:30:04,347.15,351.32,351.32,347.00,23369833,-4.84,-1.00,26.48,腾讯财经
2026-07-22 14:40:04,347.15,351.32,351.32,347.00,23369833,-4.84,-1.00,26.48,腾讯财经
2026-07-22 14:50:05,347.15,351.32,351.32,347.00,23369833,-4.84,-1.00,26.48,腾讯财经
2026-07-22 15:00:04,347.15,351.32,351.32,347.00,23369833,-4.84,-1.00,26.48,腾讯财经
2026-07-22 15:10:05,347.15,351.32,351.32,347.00,23369833,-4.84,-1.00,26.48,腾讯财经
2026-07-22 15:20:05,347.15,351.32,351.32,347.00,23369833,-4.84,-1.00,26.48,腾讯财经
2026-07-22 15:30:04,347.15,351.32,351.32,347.00,23369833,-4.84,-1.00,26.48,腾讯财经
2026-07-22 15:40:04,347.15,351.32,351.32,347.00,23369833,-4.84,-1.00,26.48,腾讯财经
2026-07-22 15:50:04,347.15,351.32,351.32,347.00,23369833,-4.84,-1.00,26.48,腾讯财经
2026-07-22 16:00:04,347.15,351.32,351.32,347.00,23369833,-4.84,-1.00,26.48,腾讯财经
2026-07-22 16:10:04,347.15,351.32,351.32,347.00,23369833,-4.84,-1.00,26.48,腾讯财经
2026-07-22 16:20:04,347.15,351.32,351.32,347.00,23369833,-4.84,-1.00,26.48,腾讯财经
2026-07-22 16:30:04,347.15,351.32,351.32,347.00,23369833,-4.84,-1.00,26.48,腾讯财经
2026-07-22 16:40:04,347.15,351.32,351.32,347.00,23369833,-4.84,-1.00,26.48,腾讯财经
2026-07-22 16:50:04,347.15,351.32,351.32,347.00,23369833,-4.84,-1.00,26.48,腾讯财经
2026-07-22 17:00:01,347.15,351.32,351.32,347.00,23369833,-4.84,-1.00,26.48,腾讯财经
2026-07-22 17:10:00,347.15,351.32,351.32,347.00,23369833,-4.84,-1.00,26.48,腾讯财经
2026-07-22 17:20:05,347.15,351.32,351.32,347.00,23369833,-4.84,-1.00,26.48,腾讯财经
2026-07-22 17:30:00,347.15,351.32,351.32,347.00,23369833,-4.84,-1.00,26.48,腾讯财经
2026-07-22 18:42:40,347.15,351.32,351.32,347.00,23369833,-4.84,-1.00,26.48,腾讯财经
2026-07-22 18:50:04,347.15,351.32,351.32,347.00,23369833,-4.84,-1.00,26.48,腾讯财经
2026-07-22 19:00:00,347.15,351.32,351.32,347.00,23369833,-4.84,-1.00,26.48,腾讯财经
2026-07-22 19:10:01,347.15,351.32,351.32,347.00,23369833,-4.84,-1.00,26.48,腾讯财经
2026-07-22 19:20:00,347.15,351.32,351.32,347.00,23369833,-4.84,-1.00,26.48,腾讯财经
2026-07-22 19:30:00,347.15,351.32,351.32,347.00,23369833,-4.84,-1.00,26.48,腾讯财经
2026-07-22 19:40:02,347.15,351.32,351.32,347.00,23369833,-4.84,-1.00,26.48,腾讯财经
2026-07-22 19:50:02,347.15,351.32,351.32,347.00,23369833,-4.84,-1.00,26.48,腾讯财经
2026-07-22 20:00:03,347.15,351.32,351.32,347.00,23369833,-4.84,-1.00,26.48,腾讯财经
2026-07-22 20:10:01,347.15,351.32,351.32,347.00,23369833,-4.84,-1.00,26.48,腾讯财经
2026-07-22 20:20:03,347.15,351.32,351.32,347.00,23369833,-4.84,-1.00,26.48,腾讯财经
2026-07-22 20:30:00,347.15,351.32,351.32,347.00,23369833,-4.84,-1.00,26.48,腾讯财经
2026-07-22 20:40:00,347.15,351.32,351.32,347.00,23369833,-4.84,-1.00,26.48,腾讯财经
2026-07-22 20:50:00,347.15,351.32,351.32,347.00,23369833,-4.84,-1.00,26.48,腾讯财经
2026-07-22 21:00:00,347.15,351.32,351.32,347.00,23369833,-4.84,-1.00,26.48,腾讯财经
2026-07-22 21:10:00,347.15,351.32,351.32,347.00,23369833,-4.84,-1.00,26.48,腾讯财经
2026-07-22 21:20:03,347.15,351.32,351.32,347.00,23369833,-4.84,-1.00,26.48,腾讯财经
2026-07-22 21:30:03,347.15,0.00,0.00,0.00,517768,0,0,26.48,腾讯财经
2026-07-22 21:40:03,346.66,348.16,348.83,346.32,1895783,-.49,0,26.44,腾讯财经
2026-07-22 21:50:00,348.22,348.16,348.83,346.19,2481979,1.07,0,26.56,腾讯财经
2026-07-22 22:00:03,348.16,348.16,348.83,346.19,3133634,1.01,0,26.56,腾讯财经
2026-07-22 22:10:00,348.95,348.16,349.94,346.19,3949792,1.80,0,26.62,腾讯财经
2026-07-22 22:20:00,348.15,348.16,349.94,346.19,4515865,1.00,0,26.56,腾讯财经
2026-07-22 22:30:00,347.83,348.16,349.94,346.19,4996730,.68,0,26.53,腾讯财经
2026-07-22 22:40:02,347.99,348.16,349.94,346.19,5518782,.84,0,26.54,腾讯财经
2026-07-22 22:50:03,348.00,348.16,349.94,346.19,5915713,.85,0,26.54,腾讯财经
2026-07-22 23:00:01,347.96,348.16,349.94,346.19,6384797,.81,0,26.54,腾讯财经
2026-07-22 23:10:00,348.34,348.16,349.94,346.19,7004738,1.19,0,26.57,腾讯财经
2026-07-22 23:20:01,347.39,348.16,349.94,346.19,7712746,.24,0,26.50,腾讯财经
2026-07-22 23:30:00,347.35,348.16,349.94,346.19,8098290,.20,0,26.49,腾讯财经
2026-07-22 23:40:00,347.42,348.16,349.94,346.19,8536189,.27,0,26.50,腾讯财经
2026-07-22 23:50:00,347.74,348.16,349.94,346.19,8846306,.59,0,26.52,腾讯财经
2026-07-23 00:00:00,348.02,348.16,349.94,346.19,9112081,.87,0,26.55,腾讯财经
2026-07-23 00:10:00,347.81,348.16,349.94,346.19,9397738,.66,0,26.53,腾讯财经
2026-07-23 00:20:00,348.46,348.16,349.94,346.19,9709655,1.31,0,26.58,腾讯财经
2026-07-23 00:30:04,348.37,348.16,349.94,346.19,10055998,1.22,0,26.57,腾讯财经
2026-07-23 00:40:00,348.13,348.16,349.94,346.19,10296906,.98,0,26.55,腾讯财经
2026-07-23 00:50:00,348.37,348.16,349.94,346.19,10555978,1.22,0,26.57,腾讯财经
2026-07-23 01:00:04,348.14,348.16,349.94,346.19,10760719,.99,0,26.56,腾讯财经
2026-07-23 01:10:00,347.85,348.16,349.94,346.19,11012113,.70,0,26.53,腾讯财经
2026-07-23 01:20:00,348.27,348.16,349.94,346.19,11252352,1.12,0,26.57,腾讯财经
2026-07-23 01:30:00,348.08,348.16,349.94,346.19,11631429,.93,0,26.55,腾讯财经
2026-07-23 01:40:05,348.38,348.16,349.94,346.19,12008930,1.23,0,26.57,腾讯财经
2026-07-23 01:50:01,347.60,348.16,349.94,346.19,12284339,.45,0,26.51,腾讯财经
2026-07-23 02:00:05,346.99,348.16,349.94,346.19,12722466,-.16,0,26.47,腾讯财经
2026-07-23 02:10:00,347.04,348.16,349.94,346.19,13105371,-.11,0,26.47,腾讯财经
2026-07-23 02:20:03,346.45,348.16,349.94,346.19,13354177,-.70,0,26.43,腾讯财经
2026-07-23 02:30:05,346.48,348.16,349.94,346.19,13578198,-.67,0,26.43,腾讯财经
2026-07-23 02:40:00,346.58,348.16,349.94,346.04,13893427,-.57,0,26.44,腾讯财经
2026-07-23 02:50:00,346.94,348.16,349.94,346.04,14181085,-.21,0,26.46,腾讯财经
2026-07-23 03:00:00,346.13,348.16,349.94,346.04,14538311,-1.02,0,26.40,腾讯财经
2026-07-23 03:10:03,345.93,348.16,349.94,345.51,15370705,-1.22,0,26.39,腾讯财经
2026-07-23 03:20:00,345.52,348.16,349.94,345.36,16009321,-1.63,0,26.36,腾讯财经
2026-07-23 03:30:00,345.31,348.16,349.94,345.14,16591470,-1.84,0,26.34,腾讯财经
2026-07-23 03:40:02,344.89,348.16,349.94,344.37,17462195,-2.26,0,26.31,腾讯财经
2026-07-23 03:50:03,344.42,348.16,349.94,344.34,18715436,-2.73,0,26.27,腾讯财经
2026-07-23 04:00:00,342.52,348.16,349.94,341.73,22121345,-4.63,-1.00,26.13,腾讯财经
2026-07-23 04:10:04,342.09,348.16,349.94,341.73,30272711,-5.06,-1.00,26.09,腾讯财经
2026-07-23 04:20:00,342.09,348.16,349.94,341.73,31702593,-5.06,-1.00,26.09,腾讯财经
2026-07-23 04:30:00,342.09,348.16,349.94,341.73,32319624,-5.06,-1.00,26.09,腾讯财经
2026-07-23 04:40:05,342.09,348.16,349.94,341.73,32937535,-5.06,-1.00,26.09,腾讯财经
2026-07-23 04:50:00,342.09,348.16,349.94,341.73,33238732,-5.06,-1.00,26.09,腾讯财经
2026-07-23 05:00:02,342.09,348.16,349.94,341.73,34121076,-5.06,-1.00,26.09,腾讯财经
2026-07-23 05:10:00,342.09,348.16,349.94,341.73,35098247,-5.06,-1.00,26.09,腾讯财经
2026-07-23 05:20:00,342.09,348.16,349.94,341.73,36310661,-5.06,-1.00,26.09,腾讯财经
2026-07-23 05:30:03,342.09,348.16,349.94,341.73,36937927,-5.06,-1.00,26.09,腾讯财经
2026-07-23 05:40:00,342.09,348.16,349.94,341.73,37360615,-5.06,-1.00,26.09,腾讯财经
2026-07-23 05:50:00,342.09,348.16,349.94,341.73,37729601,-5.06,-1.00,26.09,腾讯财经
2026-07-23 06:00:04,342.09,348.16,349.94,341.73,37930234,-5.06,-1.00,26.09,腾讯财经
2026-07-23 06:10:00,342.09,348.16,349.94,341.73,38171533,-5.06,-1.00,26.09,腾讯财经
2026-07-23 06:20:00,342.09,348.16,349.94,341.73,38318592,-5.06,-1.00,26.09,腾讯财经
2026-07-23 06:30:00,342.09,348.16,349.94,341.73,38602029,-5.06,-1.00,26.09,腾讯财经
2026-07-23 06:40:00,342.09,348.16,349.94,341.73,38738519,-5.06,-1.00,26.09,腾讯财经
2026-07-23 06:50:04,342.09,348.16,349.94,341.73,38851852,-5.06,-1.00,26.09,腾讯财经
2026-07-23 07:00:00,342.09,348.16,349.94,341.73,38980271,-5.06,-1.00,26.09,腾讯财经
2026-07-23 07:10:03,342.09,348.16,349.94,341.73,39065387,-5.06,-1.00,26.09,腾讯财经
2026-07-23 07:20:00,342.09,348.16,349.94,341.73,39137601,-5.06,-1.00,26.09,腾讯财经
2026-07-23 07:30:00,342.09,348.16,349.94,341.73,39184878,-5.06,-1.00,26.09,腾讯财经
2026-07-23 08:50:05,342.09,348.16,349.94,341.73,39334140,-5.06,-1.00,26.09,腾讯财经
2026-07-23 09:00:00,342.09,348.16,349.94,341.73,39334140,-5.06,-1.00,26.09,腾讯财经
2026-07-23 09:10:04,342.09,348.16,349.94,341.73,39334140,-5.06,-1.00,26.09,腾讯财经
2026-07-23 09:20:00,342.09,348.16,349.94,341.73,39334140,-5.06,-1.00,26.09,腾讯财经
2026-07-23 09:30:04,342.09,348.16,349.94,341.73,39334140,-5.06,-1.00,26.09,腾讯财经
2026-07-23 09:40:05,342.09,348.16,349.94,341.73,39334140,-5.06,-1.00,26.09,腾讯财经
2026-07-23 09:50:04,342.09,348.16,349.94,341.73,39334140,-5.06,-1.00,26.09,腾讯财经
2026-07-23 10:00:01,342.09,348.16,349.94,341.73,39334140,-5.06,-1.00,26.09,腾讯财经
2026-07-23 10:10:04,342.09,348.16,349.94,341.73,39334140,-5.06,-1.00,26.09,腾讯财经
2026-07-23 10:20:04,342.09,348.16,349.94,341.73,39334140,-5.06,-1.00,26.09,腾讯财经
2026-07-23 10:30:01,342.09,348.16,349.94,341.73,39334140,-5.06,-1.00,26.09,腾讯财经
2026-07-23 10:40:04,342.09,348.16,349.94,341.73,39334140,-5.06,-1.00,26.09,腾讯财经
2026-07-23 10:50:00,342.09,348.16,349.94,341.73,39334140,-5.06,-1.00,26.09,腾讯财经
2026-07-23 11:00:01,342.09,348.16,349.94,341.73,39334140,-5.06,-1.00,26.09,腾讯财经
2026-07-23 11:10:03,342.09,348.16,349.94,341.73,39334140,-5.06,-1.00,26.09,腾讯财经
2026-07-23 11:20:01,342.09,348.16,349.94,341.73,39334140,-5.06,-1.00,26.09,腾讯财经
2026-07-23 11:30:01,342.09,348.16,349.94,341.73,39334140,-5.06,-1.00,26.09,腾讯财经
2026-07-23 11:40:04,342.09,348.16,349.94,341.73,39334140,-5.06,-1.00,26.09,腾讯财经
2026-07-23 11:50:00,342.09,348.16,349.94,341.73,39334140,-5.06,-1.00,26.09,腾讯财经
2026-07-23 12:00:04,342.09,348.16,349.94,341.73,39334140,-5.06,-1.00,26.09,腾讯财经
2026-07-23 12:10:05,342.09,348.16,349.94,341.73,39334140,-5.06,-1.00,26.09,腾讯财经
2026-07-23 12:20:03,342.09,348.16,349.94,341.73,39334140,-5.06,-1.00,26.09,腾讯财经
2026-07-23 12:30:02,342.09,348.16,349.94,341.73,39334140,-5.06,-1.00,26.09,腾讯财经
2026-07-23 12:40:05,342.09,348.16,349.94,341.73,39334140,-5.06,-1.00,26.09,腾讯财经
2026-07-23 12:50:00,342.09,348.16,349.94,341.73,39334140,-5.06,-1.00,26.09,腾讯财经
2026-07-23 13:00:02,342.09,348.16,349.94,341.73,39334140,-5.06,-1.00,26.09,腾讯财经
2026-07-23 13:10:04,342.09,348.16,349.94,341.73,39334140,-5.06,-1.00,26.09,腾讯财经
2026-07-23 13:20:02,342.09,348.16,349.94,341.73,39334140,-5.06,-1.00,26.09,腾讯财经
2026-07-23 13:30:05,342.09,348.16,349.94,341.73,39334140,-5.06,-1.00,26.09,腾讯财经
2026-07-23 13:40:05,342.09,348.16,349.94,341.73,39334140,-5.06,-1.00,26.09,腾讯财经
2026-07-23 13:50:04,342.09,348.16,349.94,341.73,39334140,-5.06,-1.00,26.09,腾讯财经
2026-07-23 14:00:00,342.09,348.16,349.94,341.73,39334140,-5.06,-1.00,26.09,腾讯财经
2026-07-23 14:10:05,342.09,348.16,349.94,341.73,39334140,-5.06,-1.00,26.09,腾讯财经
2026-07-23 14:20:01,342.09,348.16,349.94,341.73,39334140,-5.06,-1.00,26.09,腾讯财经
2026-07-23 14:30:00,342.09,348.16,349.94,341.73,39334140,-5.06,-1.00,26.09,腾讯财经
2026-07-23 14:40:04,342.09,348.16,349.94,341.73,39334140,-5.06,-1.00,26.09,腾讯财经
2026-07-23 14:50:00,342.09,348.16,349.94,341.73,39334140,-5.06,-1.00,26.09,腾讯财经
2026-07-23 15:00:01,342.09,348.16,349.94,341.73,39334140,-5.06,-1.00,26.09,腾讯财经
2026-07-23 15:10:00,342.09,348.16,349.94,341.73,39334140,-5.06,-1.00,26.09,腾讯财经
2026-07-23 15:20:00,342.09,348.16,349.94,341.73,39334140,-5.06,-1.00,26.09,腾讯财经
2026-07-23 15:30:04,342.09,348.16,349.94,341.73,39334140,-5.06,-1.00,26.09,腾讯财经
2026-07-23 15:40:05,342.09,348.16,349.94,341.73,39334140,-5.06,-1.00,26.09,腾讯财经
2026-07-23 15:50:05,342.09,348.16,349.94,341.73,39334140,-5.06,-1.00,26.09,腾讯财经
2026-07-23 16:00:03,342.09,348.16,349.94,341.73,39334140,-5.06,-1.00,26.09,腾讯财经
2026-07-23 16:10:03,342.09,348.16,349.94,341.73,39334140,-5.06,-1.00,26.09,腾讯财经
2026-07-23 16:20:00,342.09,348.16,349.94,341.73,39334140,-5.06,-1.00,26.09,腾讯财经
2026-07-23 16:30:00,342.09,348.16,349.94,341.73,39334140,-5.06,-1.00,26.09,腾讯财经
2026-07-23 16:40:04,342.09,348.16,349.94,341.73,39334140,-5.06,-1.00,26.09,腾讯财经
2026-07-23 16:50:00,342.09,348.16,349.94,341.73,39334140,-5.06,-1.00,26.09,腾讯财经
2026-07-23 17:00:00,342.09,348.16,349.94,341.73,39334140,-5.06,-1.00,26.09,腾讯财经
2026-07-23 17:10:01,342.09,348.16,349.94,341.73,39334140,-5.06,-1.00,26.09,腾讯财经
2026-07-23 17:20:03,342.09,348.16,349.94,341.73,39334140,-5.06,-1.00,26.09,腾讯财经
2026-07-23 17:30:01,342.09,348.16,349.94,341.73,39334140,-5.06,-1.00,26.09,腾讯财经
2026-07-23 17:40:05,342.09,348.16,349.94,341.73,39334140,-5.06,-1.00,26.09,腾讯财经
2026-07-23 18:12:05,342.09,348.16,349.94,341.73,39334140,-5.06,-1.00,26.09,腾讯财经
2026-07-23 18:20:00,342.09,348.16,349.94,341.73,39334140,-5.06,-1.00,26.09,腾讯财经
2026-07-23 18:30:00,342.09,348.16,349.94,341.73,39334140,-5.06,-1.00,26.09,腾讯财经
2026-07-23 18:40:00,342.09,348.16,349.94,341.73,39334140,-5.06,-1.00,26.09,腾讯财经
2026-07-23 18:50:05,342.09,348.16,349.94,341.73,39334140,-5.06,-1.00,26.09,腾讯财经
2026-07-23 19:00:00,342.09,348.16,349.94,341.73,39334140,-5.06,-1.00,26.09,腾讯财经
2026-07-23 19:10:03,342.09,348.16,349.94,341.73,39334140,-5.06,-1.00,26.09,腾讯财经
2026-07-23 19:20:05,342.09,348.16,349.94,341.73,39334140,-5.06,-1.00,26.09,腾讯财经
2026-07-23 19:30:02,342.09,348.16,349.94,341.73,39334140,-5.06,-1.00,26.09,腾讯财经
2026-07-23 19:40:04,342.09,348.16,349.94,341.73,39334140,-5.06,-1.00,26.09,腾讯财经
2026-07-23 19:50:00,342.09,348.16,349.94,341.73,39334140,-5.06,-1.00,26.09,腾讯财经
2026-07-23 20:00:04,342.09,348.16,349.94,341.73,39334140,-5.06,-1.00,26.09,腾讯财经
2026-07-23 20:10:00,342.09,348.16,349.94,341.73,39334140,-5.06,-1.00,26.09,腾讯财经
2026-07-23 20:20:04,342.09,348.16,349.94,341.73,39334140,-5.06,-1.00,26.09,腾讯财经
2026-07-23 20:30:04,342.09,348.16,349.94,341.73,39334140,-5.06,-1.00,26.09,腾讯财经
2026-07-23 20:40:05,342.09,348.16,349.94,341.73,39334140,-5.06,-1.00,26.09,腾讯财经
2026-07-23 20:50:00,342.09,348.16,349.94,341.73,39334140,-5.06,-1.00,26.09,腾讯财经
2026-07-23 21:00:01,342.09,348.16,349.94,341.73,39334140,-5.06,-1.00,26.09,腾讯财经
2026-07-23 21:10:03,342.09,348.16,349.94,341.73,39334140,-5.06,-1.00,26.09,腾讯财经
2026-07-23 21:20:00,342.09,348.16,349.94,341.73,39334140,-5.06,-1.00,26.09,腾讯财经
2026-07-24 08:40:05,317.69,321.13,324.49,314.90,69419700,-24.40,-7.00,15.94,腾讯财经
2026-07-24 08:50:05,317.69,321.13,324.49,314.90,69419700,-24.40,-7.00,15.94,腾讯财经
2026-07-24 09:00:01,317.69,321.13,324.49,314.90,69419700,-24.40,-7.00,15.94,腾讯财经
2026-07-24 09:10:05,317.69,321.13,324.49,314.90,69419700,-24.40,-7.00,15.94,腾讯财经
2026-07-24 09:20:01,317.69,321.13,324.49,314.90,69419700,-24.40,-7.00,15.94,腾讯财经
2026-07-24 09:30:04,317.69,321.13,324.49,314.90,69419700,-24.40,-7.00,15.94,腾讯财经
2026-07-24 09:40:00,317.69,321.13,324.49,314.90,69419700,-24.40,-7.00,15.94,腾讯财经
2026-07-24 09:50:00,317.69,321.13,324.49,314.90,69419700,-24.40,-7.00,15.94,腾讯财经
2026-07-24 10:00:04,317.69,321.13,324.49,314.90,69419700,-24.40,-7.00,15.94,腾讯财经
2026-07-24 10:10:05,317.69,321.13,324.49,314.90,69419700,-24.40,-7.00,15.94,腾讯财经
2026-07-24 10:20:02,317.69,321.13,324.49,314.90,69419700,-24.40,-7.00,15.94,腾讯财经
2026-07-24 10:30:00,317.69,321.13,324.49,314.90,69419700,-24.40,-7.00,15.94,腾讯财经
2026-07-24 10:40:04,317.69,321.13,324.49,314.90,69419700,-24.40,-7.00,15.94,腾讯财经
2026-07-24 10:50:02,317.69,321.13,324.49,314.90,69419700,-24.40,-7.00,15.94,腾讯财经
2026-07-24 11:00:02,317.69,321.13,324.49,314.90,69419700,-24.40,-7.00,15.94,腾讯财经
2026-07-24 11:10:05,317.69,321.13,324.49,314.90,69419700,-24.40,-7.00,15.94,腾讯财经
2026-07-24 11:20:03,317.69,321.13,324.49,314.90,69419700,-24.40,-7.00,15.94,腾讯财经
2026-07-24 11:30:05,317.69,321.13,324.49,314.90,69419700,-24.40,-7.00,15.94,腾讯财经
2026-07-24 11:40:05,317.69,321.13,324.49,314.90,69419700,-24.40,-7.00,15.94,腾讯财经
2026-07-24 11:50:04,317.69,321.13,324.49,314.90,69419700,-24.40,-7.00,15.94,腾讯财经
2026-07-24 12:00:00,317.69,321.13,324.49,314.90,69419700,-24.40,-7.00,15.94,腾讯财经
2026-07-24 12:10:03,317.69,321.13,324.49,314.90,69419700,-24.40,-7.00,15.94,腾讯财经
2026-07-24 12:20:01,317.69,321.13,324.49,314.90,69419700,-24.40,-7.00,15.94,腾讯财经
2026-07-24 12:30:02,317.69,321.13,324.49,314.90,69419700,-24.40,-7.00,15.94,腾讯财经
2026-07-24 12:40:05,317.69,321.13,324.49,314.90,69419700,-24.40,-7.00,15.94,腾讯财经
2026-07-24 12:50:00,317.69,321.13,324.49,314.90,69419700,-24.40,-7.00,15.94,腾讯财经
2026-07-24 13:00:05,317.69,321.13,324.49,314.90,69419700,-24.40,-7.00,15.94,腾讯财经
2026-07-24 13:10:05,317.69,321.13,324.49,314.90,69419700,-24.40,-7.00,15.94,腾讯财经
2026-07-24 13:20:00,317.69,321.13,324.49,314.90,69419700,-24.40,-7.00,15.94,腾讯财经
2026-07-24 13:30:01,317.69,321.13,324.49,314.90,69419700,-24.40,-7.00,15.94,腾讯财经
2026-07-24 13:40:00,317.69,321.13,324.49,314.90,69419700,-24.40,-7.00,15.94,腾讯财经
2026-07-24 13:50:03,317.69,321.13,324.49,314.90,69419700,-24.40,-7.00,15.94,腾讯财经
2026-07-24 14:00:04,317.69,321.13,324.49,314.90,69419700,-24.40,-7.00,15.94,腾讯财经
2026-07-24 14:10:02,317.69,321.13,324.49,314.90,69419700,-24.40,-7.00,15.94,腾讯财经
2026-07-24 14:20:03,317.69,321.13,324.49,314.90,69419700,-24.40,-7.00,15.94,腾讯财经
2026-07-24 14:30:05,317.69,321.13,324.49,314.90,69419700,-24.40,-7.00,15.94,腾讯财经
2026-07-24 14:40:05,317.69,321.13,324.49,314.90,69419700,-24.40,-7.00,15.94,腾讯财经
2026-07-24 14:50:03,317.69,321.13,324.49,314.90,69419700,-24.40,-7.00,15.94,腾讯财经
2026-07-24 15:00:04,317.69,321.13,324.49,314.90,69419700,-24.40,-7.00,15.94,腾讯财经
2026-07-24 15:10:05,317.69,321.13,324.49,314.90,69419700,-24.40,-7.00,15.94,腾讯财经
2026-07-24 15:20:05,317.69,321.13,324.49,314.90,69419700,-24.40,-7.00,15.94,腾讯财经
2026-07-24 15:30:05,317.69,321.13,324.49,314.90,69419700,-24.40,-7.00,15.94,腾讯财经
2026-07-24 15:40:02,317.69,321.13,324.49,314.90,69419700,-24.40,-7.00,15.94,腾讯财经
2026-07-24 15:50:05,317.69,321.13,324.49,314.90,69419700,-24.40,-7.00,15.94,腾讯财经
2026-07-24 16:00:03,317.69,321.13,324.49,314.90,69419700,-24.40,-7.00,15.94,腾讯财经
2026-07-24 16:10:00,317.69,321.13,324.49,314.90,69419700,-24.40,-7.00,15.94,腾讯财经
2026-07-24 16:20:01,317.69,321.13,324.49,314.90,69419700,-24.40,-7.00,15.94,腾讯财经
2026-07-24 16:30:03,317.69,321.13,324.49,314.90,69419700,-24.40,-7.00,15.94,腾讯财经
2026-07-24 16:40:04,317.69,321.13,324.49,314.90,69419700,-24.40,-7.00,15.94,腾讯财经
2026-07-24 16:50:04,317.69,321.13,324.49,314.90,69419700,-24.40,-7.00,15.94,腾讯财经
2026-07-24 17:00:02,317.69,321.13,324.49,314.90,69419700,-24.40,-7.00,15.94,腾讯财经
2026-07-24 17:10:00,317.69,321.13,324.49,314.90,69419700,-24.40,-7.00,15.94,腾讯财经
2026-07-24 17:20:00,317.69,321.13,324.49,314.90,69419700,-24.40,-7.00,15.94,腾讯财经
2026-07-24 17:30:00,317.69,321.13,324.49,314.90,69419700,-24.40,-7.00,15.94,腾讯财经
2026-07-24 19:15:13,317.69,321.13,324.49,314.90,69419700,-24.40,-7.00,15.94,腾讯财经
2026-07-24 20:00:05,317.69,321.13,324.49,314.90,69419700,-24.40,-7.00,15.94,腾讯财经
2026-07-24 20:10:04,317.69,321.13,324.49,314.90,69419700,-24.40,-7.00,15.94,腾讯财经
2026-07-24 20:20:02,317.69,321.13,324.49,314.90,69419700,-24.40,-7.00,15.94,腾讯财经
2026-07-24 20:30:02,317.69,321.13,324.49,314.90,69419700,-24.40,-7.00,15.94,腾讯财经
2026-07-24 20:40:05,317.69,321.13,324.49,314.90,69419700,-24.40,-7.00,15.94,腾讯财经
2026-07-24 20:50:04,317.69,321.13,324.49,314.90,69419700,-24.40,-7.00,15.94,腾讯财经
2026-07-24 21:00:01,317.69,321.13,324.49,314.90,69419700,-24.40,-7.00,15.94,腾讯财经
2026-07-24 21:10:05,317.69,321.13,324.49,314.90,69419700,-24.40,-7.00,15.94,腾讯财经
2026-07-24 21:20:00,317.69,321.13,324.49,314.90,69419700,-24.40,-7.00,15.94,腾讯财经
2026-07-24 21:30:05,318.10,318.32,318.32,318.10,1068898,.41,0,15.96,腾讯财经
2026-07-24 21:40:01,320.35,318.32,320.93,317.33,3106055,2.66,0,16.07,腾讯财经
2026-07-24 21:50:01,322.03,318.42,322.35,317.33,4570732,4.34,1.00,16.16,腾讯财经
2026-07-24 22:00:03,322.57,318.42,324.18,317.33,6279700,4.88,1.00,16.18,腾讯财经
2026-07-24 22:10:00,320.51,318.42,324.18,317.33,7306421,2.82,0,16.08,腾讯财经
2026-07-24 22:20:00,321.12,318.42,324.18,317.33,7998858,3.43,1.00,16.11,腾讯财经
2026-07-24 22:30:00,320.51,318.42,324.18,317.33,8545234,2.82,0,16.08,腾讯财经
2026-07-24 22:40:01,318.50,318.42,324.18,317.33,9484894,.81,0,15.98,腾讯财经
2026-07-24 22:50:00,317.95,318.42,324.18,317.33,10264970,.26,0,15.95,腾讯财经
2026-07-24 23:00:00,319.82,318.42,324.18,317.33,10758722,2.13,0,16.05,腾讯财经
2026-07-24 23:10:00,319.77,318.42,324.18,317.33,11279439,2.08,0,16.04,腾讯财经
2026-07-24 23:20:03,319.68,318.42,324.18,317.33,11865504,1.99,0,16.04,腾讯财经
2026-07-24 23:30:00,321.80,318.42,324.18,317.33,12510937,4.11,1.00,16.15,腾讯财经
2026-07-24 23:40:02,321.94,318.42,324.18,317.33,13134814,4.25,1.00,16.15,腾讯财经
2026-07-24 23:50:00,320.40,318.42,324.18,317.33,13614264,2.71,0,16.08,腾讯财经
2026-07-25 00:00:05,320.10,318.42,324.18,317.33,14106679,2.41,0,16.06,腾讯财经
2026-07-25 00:10:01,319.76,318.42,324.18,317.33,14424101,2.07,0,16.04,腾讯财经
2026-07-25 00:20:00,320.07,318.42,324.18,317.33,14879974,2.38,0,16.06,腾讯财经
2026-07-25 00:30:00,319.46,318.42,324.18,317.33,15244218,1.77,0,16.03,腾讯财经
2026-07-25 00:40:01,319.56,318.42,324.18,317.33,15713029,1.87,0,16.03,腾讯财经
2026-07-25 00:50:02,319.06,318.42,324.18,317.33,16096462,1.37,0,16.01,腾讯财经
2026-07-25 01:00:04,319.47,318.42,324.18,317.33,16436684,1.78,0,16.03,腾讯财经
2026-07-25 01:10:01,319.43,318.42,324.18,317.33,17007068,1.74,0,16.03,腾讯财经
2026-07-25 01:20:01,320.38,318.42,324.18,317.33,17363365,2.69,0,16.08,腾讯财经
2026-07-25 01:30:01,320.36,318.42,324.18,317.33,17728578,2.67,0,16.07,腾讯财经
2026-07-25 01:40:04,319.91,318.42,324.18,317.33,18038894,2.22,0,16.05,腾讯财经
2026-07-25 01:50:00,319.65,318.42,324.18,317.33,18306379,1.96,0,16.04,腾讯财经
2026-07-25 02:00:00,320.10,318.42,324.18,317.33,18830439,2.41,0,16.06,腾讯财经
2026-07-25 02:10:00,320.92,318.42,324.18,317.33,19240713,3.23,1.00,16.10,腾讯财经
2026-07-25 02:20:03,320.80,318.42,324.18,317.33,19759774,3.11,0,16.10,腾讯财经
2026-07-25 02:30:00,320.10,318.42,324.18,317.33,20162559,2.41,0,16.06,腾讯财经
2026-07-25 02:40:04,319.70,318.42,324.18,317.33,20616001,2.01,0,16.04,腾讯财经
2026-07-25 02:50:05,319.41,318.42,324.18,317.33,21024597,1.72,0,16.03,腾讯财经
2026-07-25 03:00:00,319.38,318.42,324.18,317.33,21395532,1.69,0,16.02,腾讯财经
2026-07-25 03:10:02,320.01,318.42,324.18,317.33,22031127,2.32,0,16.06,腾讯财经
2026-07-25 03:20:00,319.88,318.42,324.18,317.33,22467032,2.19,0,16.05,腾讯财经
2026-07-25 03:30:05,319.51,318.42,324.18,317.33,22905595,1.82,0,16.03,腾讯财经
2026-07-25 03:40:00,319.91,318.42,324.18,317.33,23362199,2.22,0,16.05,腾讯财经
2026-07-25 03:50:02,320.13,318.42,324.18,317.33,23949514,2.44,0,16.06,腾讯财经
2026-07-25 04:00:05,319.77,318.42,324.18,317.33,26270083,2.08,0,16.04,腾讯财经
2026-07-25 04:10:00,319.74,318.42,324.18,317.33,31288388,2.05,0,16.04,腾讯财经
2026-07-25 04:20:01,319.74,318.42,324.18,317.32,31318915,2.05,0,16.04,腾讯财经
2026-07-25 04:30:01,319.74,318.42,324.18,317.32,31341561,2.05,0,16.04,腾讯财经
2026-07-25 04:40:01,319.74,318.42,324.18,317.32,31359278,2.05,0,16.04,腾讯财经
2026-07-25 04:50:00,319.74,318.42,324.18,317.32,31370615,2.05,0,16.04,腾讯财经
2026-07-25 05:00:00,319.74,318.42,324.18,317.32,31673260,2.05,0,16.04,腾讯财经
2026-07-25 05:10:00,319.74,318.42,324.18,317.32,31678268,2.05,0,16.04,腾讯财经
2026-07-25 05:20:03,319.74,318.42,324.18,317.32,31684010,2.05,0,16.04,腾讯财经
2026-07-25 05:30:00,319.74,318.42,324.18,317.32,31699872,2.05,0,16.04,腾讯财经
2026-07-25 05:40:00,319.74,318.42,324.18,317.32,31710428,2.05,0,16.04,腾讯财经
2026-07-25 05:50:00,319.74,318.42,324.18,317.32,31715186,2.05,0,16.04,腾讯财经
2026-07-25 06:00:02,319.74,318.42,324.18,317.32,31733379,2.05,0,16.04,腾讯财经
2026-07-25 06:10:03,319.74,318.42,324.18,317.32,31738599,2.05,0,16.04,腾讯财经
2026-07-25 06:20:04,319.74,318.42,324.18,317.32,31743484,2.05,0,16.04,腾讯财经
2026-07-25 06:30:05,319.74,318.42,324.18,317.32,31747646,2.05,0,16.04,腾讯财经
2026-07-25 06:40:00,319.74,318.42,324.18,317.32,31751547,2.05,0,16.04,腾讯财经
2026-07-25 06:50:00,319.74,318.42,324.18,317.32,31758843,2.05,0,16.04,腾讯财经
2026-07-25 07:00:01,319.74,318.42,324.18,317.32,31765859,2.05,0,16.04,腾讯财经
2026-07-25 07:10:05,319.74,318.42,324.18,317.32,31772612,2.05,0,16.04,腾讯财经
2026-07-25 07:20:00,319.74,318.42,324.18,317.32,31776570,2.05,0,16.04,腾讯财经
2026-07-25 07:30:00,319.74,318.42,324.18,317.32,31781612,2.05,0,16.04,腾讯财经
2026-07-25 07:40:01,319.74,318.42,324.18,317.32,31787515,2.05,0,16.04,腾讯财经
2026-07-25 07:50:00,319.74,318.42,324.18,317.32,31793483,2.05,0,16.04,腾讯财经
2026-07-25 08:00:03,319.74,318.42,324.18,317.32,31806553,2.05,0,16.04,腾讯财经
2026-07-25 08:10:05,319.74,318.42,324.18,317.32,31806553,2.05,0,16.04,腾讯财经
2026-07-25 08:20:00,319.74,318.42,324.18,317.32,31806553,2.05,0,16.04,腾讯财经
2026-07-25 08:30:00,319.74,318.42,324.18,317.32,31806553,2.05,0,16.04,腾讯财经
2026-07-25 08:40:05,319.74,318.42,324.18,317.32,31806553,2.05,0,16.04,腾讯财经
2026-07-25 08:50:00,319.74,318.42,324.18,317.32,31806553,2.05,0,16.04,腾讯财经
2026-07-25 09:00:00,319.74,318.42,324.18,317.32,31806553,2.05,0,16.04,腾讯财经
2026-07-25 09:10:00,319.74,318.42,324.18,317.32,31806553,2.05,0,16.04,腾讯财经
2026-07-25 09:20:00,319.74,318.42,324.18,317.32,31806553,2.05,0,16.04,腾讯财经
2026-07-25 09:30:01,319.74,318.42,324.18,317.32,31806553,2.05,0,16.04,腾讯财经
2026-07-25 09:40:02,319.74,318.42,324.18,317.32,31806553,2.05,0,16.04,腾讯财经
2026-07-25 09:50:04,319.74,318.42,324.18,317.32,31806553,2.05,0,16.04,腾讯财经
2026-07-25 10:00:00,319.74,318.42,324.18,317.32,31806553,2.05,0,16.04,腾讯财经
2026-07-25 10:10:05,319.74,318.42,324.18,317.32,31806553,2.05,0,16.04,腾讯财经
2026-07-25 10:20:04,319.74,318.42,324.18,317.32,31806553,2.05,0,16.04,腾讯财经
2026-07-25 10:30:01,319.74,318.42,324.18,317.32,31806553,2.05,0,16.04,腾讯财经
2026-07-25 10:40:00,319.74,318.42,324.18,317.32,31806553,2.05,0,16.04,腾讯财经
2026-07-25 10:50:05,319.74,318.42,324.18,317.32,31806553,2.05,0,16.04,腾讯财经
2026-07-25 11:00:00,319.74,318.42,324.18,317.32,31806553,2.05,0,16.04,腾讯财经
2026-07-25 11:10:03,319.74,318.42,324.18,317.32,31806553,2.05,0,16.04,腾讯财经
2026-07-25 11:20:05,319.74,318.42,324.18,317.32,31806553,2.05,0,16.04,腾讯财经
2026-07-25 11:30:04,319.74,318.42,324.18,317.32,31806553,2.05,0,16.04,腾讯财经
2026-07-25 11:40:00,319.74,318.42,324.18,317.32,31806553,2.05,0,16.04,腾讯财经
2026-07-25 11:50:01,319.74,318.42,324.18,317.32,31806553,2.05,0,16.04,腾讯财经
2026-07-25 12:00:02,319.74,318.42,324.18,317.32,31806553,2.05,0,16.04,腾讯财经
2026-07-25 12:10:00,319.74,318.42,324.18,317.32,31806553,2.05,0,16.04,腾讯财经
2026-07-25 12:20:02,319.74,318.42,324.18,317.32,31806553,2.05,0,16.04,腾讯财经
2026-07-25 12:30:00,319.74,318.42,324.18,317.32,31806553,2.05,0,16.04,腾讯财经
2026-07-25 12:40:00,319.74,318.42,324.18,317.32,31806553,2.05,0,16.04,腾讯财经
2026-07-25 12:50:00,319.74,318.42,324.18,317.32,31806553,2.05,0,16.04,腾讯财经
2026-07-25 13:00:00,319.74,318.42,324.18,317.32,31806553,2.05,0,16.04,腾讯财经
2026-07-25 13:10:05,319.74,318.42,324.18,317.32,31806553,2.05,0,16.04,腾讯财经
2026-07-25 13:20:00,319.74,318.42,324.18,317.32,31806553,2.05,0,16.04,腾讯财经
2026-07-25 13:30:03,319.74,318.42,324.18,317.32,31806553,2.05,0,16.04,腾讯财经
2026-07-25 13:40:00,319.74,318.42,324.18,317.32,31806553,2.05,0,16.04,腾讯财经
2026-07-25 13:50:02,319.74,318.42,324.18,317.32,31806553,2.05,0,16.04,腾讯财经
2026-07-25 14:00:00,319.74,318.42,324.18,317.32,31806553,2.05,0,16.04,腾讯财经
2026-07-25 14:10:05,319.74,318.42,324.18,317.32,31806553,2.05,0,16.04,腾讯财经
2026-07-25 14:20:04,319.74,318.42,324.18,317.32,31806553,2.05,0,16.04,腾讯财经
2026-07-25 14:30:01,319.74,318.42,324.18,317.32,31806553,2.05,0,16.04,腾讯财经
2026-07-25 14:40:02,319.74,318.42,324.18,317.32,31806553,2.05,0,16.04,腾讯财经
2026-07-25 14:50:00,319.74,318.42,324.18,317.32,31806553,2.05,0,16.04,腾讯财经
2026-07-25 15:00:00,319.74,318.42,324.18,317.32,31806553,2.05,0,16.04,腾讯财经
2026-07-25 15:10:02,319.74,318.42,324.18,317.32,31806553,2.05,0,16.04,腾讯财经
2026-07-25 15:20:00,319.74,318.42,324.18,317.32,31806553,2.05,0,16.04,腾讯财经
2026-07-25 15:30:00,319.74,318.42,324.18,317.32,31806553,2.05,0,16.04,腾讯财经
2026-07-25 15:40:02,319.74,318.42,324.18,317.32,31806553,2.05,0,16.04,腾讯财经
2026-07-25 15:50:00,319.74,318.42,324.18,317.32,31806553,2.05,0,16.04,腾讯财经
2026-07-25 16:00:00,319.74,318.42,324.18,317.32,31806553,2.05,0,16.04,腾讯财经
2026-07-25 16:10:04,319.74,318.42,324.18,317.32,31806553,2.05,0,16.04,腾讯财经
2026-07-25 16:20:02,319.74,318.42,324.18,317.32,31806553,2.05,0,16.04,腾讯财经
2026-07-25 16:30:05,319.74,318.42,324.18,317.32,31806553,2.05,0,16.04,腾讯财经
2026-07-25 16:40:05,319.74,318.42,324.18,317.32,31806553,2.05,0,16.04,腾讯财经
2026-07-25 16:50:05,319.74,318.42,324.18,317.32,31806553,2.05,0,16.04,腾讯财经
2026-07-25 17:00:00,319.74,318.42,324.18,317.32,31806553,2.05,0,16.04,腾讯财经
2026-07-25 17:10:00,319.74,318.42,324.18,317.32,31806553,2.05,0,16.04,腾讯财经
2026-07-25 17:20:03,319.74,318.42,324.18,317.32,31806553,2.05,0,16.04,腾讯财经
2026-07-25 17:30:01,319.74,318.42,324.18,317.32,31806553,2.05,0,16.04,腾讯财经
2026-07-25 17:40:00,319.74,318.42,324.18,317.32,31806553,2.05,0,16.04,腾讯财经
2026-07-25 17:50:01,319.74,318.42,324.18,317.32,31806553,2.05,0,16.04,腾讯财经
2026-07-25 18:00:04,319.74,318.42,324.18,317.32,31806553,2.05,0,16.04,腾讯财经
2026-07-25 18:10:03,319.74,318.42,324.18,317.32,31806553,2.05,0,16.04,腾讯财经
2026-07-25 18:20:00,319.74,318.42,324.18,317.32,31806553,2.05,0,16.04,腾讯财经
2026-07-25 18:30:03,319.74,318.42,324.18,317.32,31806553,2.05,0,16.04,腾讯财经
2026-07-25 18:40:00,319.74,318.42,324.18,317.32,31806553,2.05,0,16.04,腾讯财经
2026-07-25 18:50:04,319.74,318.42,324.18,317.32,31806553,2.05,0,16.04,腾讯财经
2026-07-25 19:00:04,319.74,318.42,324.18,317.32,31806553,2.05,0,16.04,腾讯财经
2026-07-25 19:10:01,319.74,318.42,324.18,317.32,31806553,2.05,0,16.04,腾讯财经
2026-07-25 19:20:00,319.74,318.42,324.18,317.32,31806553,2.05,0,16.04,腾讯财经
2026-07-25 19:30:04,319.74,318.42,324.18,317.32,31806553,2.05,0,16.04,腾讯财经
2026-07-25 19:40:00,319.74,318.42,324.18,317.32,31806553,2.05,0,16.04,腾讯财经
2026-07-25 19:50:05,319.74,318.42,324.18,317.32,31806553,2.05,0,16.04,腾讯财经
2026-07-25 20:00:05,319.74,318.42,324.18,317.32,31806553,2.05,0,16.04,腾讯财经
2026-07-25 20:10:00,319.74,318.42,324.18,317.32,31806553,2.05,0,16.04,腾讯财经
2026-07-25 20:20:03,319.74,318.42,324.18,317.32,31806553,2.05,0,16.04,腾讯财经
2026-07-25 20:30:00,319.74,318.42,324.18,317.32,31806553,2.05,0,16.04,腾讯财经
2026-07-25 20:40:01,319.74,318.42,324.18,317.32,31806553,2.05,0,16.04,腾讯财经
2026-07-25 20:50:00,319.74,318.42,324.18,317.32,31806553,2.05,0,16.04,腾讯财经
2026-07-25 21:00:02,319.74,318.42,324.18,317.32,31806553,2.05,0,16.04,腾讯财经
2026-07-25 21:10:00,319.74,318.42,324.18,317.32,31806553,2.05,0,16.04,腾讯财经
2026-07-25 21:20:00,319.74,318.42,324.18,317.32,31806553,2.05,0,16.04,腾讯财经
2026-07-25 21:30:03,319.74,318.42,324.18,317.32,31806553,2.05,0,16.04,腾讯财经
2026-07-25 21:40:00,319.74,318.42,324.18,317.32,31806553,2.05,0,16.04,腾讯财经
2026-07-25 21:50:00,319.74,318.42,324.18,317.32,31806553,2.05,0,16.04,腾讯财经
2026-07-25 22:00:05,319.74,318.42,324.18,317.32,31806553,2.05,0,16.04,腾讯财经
2026-07-25 22:10:05,319.74,318.42,324.18,317.32,31806553,2.05,0,16.04,腾讯财经
2026-07-25 22:20:05,319.74,318.42,324.18,317.32,31806553,2.05,0,16.04,腾讯财经
2026-07-25 22:30:05,319.74,318.42,324.18,317.32,31806553,2.05,0,16.04,腾讯财经
2026-07-25 22:40:04,319.74,318.42,324.18,317.32,31806553,2.05,0,16.04,腾讯财经
2026-07-25 22:50:04,319.74,318.42,324.18,317.32,31806553,2.05,0,16.04,腾讯财经
2026-07-25 23:00:02,319.74,318.42,324.18,317.32,31806553,2.05,0,16.04,腾讯财经
2026-07-25 23:10:01,319.74,318.42,324.18,317.32,31806553,2.05,0,16.04,腾讯财经
2026-07-25 23:20:00,319.74,318.42,324.18,317.32,31806553,2.05,0,16.04,腾讯财经
2026-07-25 23:30:00,319.74,318.42,324.18,317.32,31806553,2.05,0,16.04,腾讯财经
2026-07-25 23:40:04,319.74,318.42,324.18,317.32,31806553,2.05,0,16.04,腾讯财经
2026-07-25 23:50:00,319.74,318.42,324.18,317.32,31806553,2.05,0,16.04,腾讯财经
2026-07-26 00:00:01,319.74,318.42,324.18,317.32,31806553,2.05,0,16.04,腾讯财经
2026-07-26 00:10:00,319.74,318.42,324.18,317.32,31806553,2.05,0,16.04,腾讯财经
2026-07-26 00:20:04,319.74,318.42,324.18,317.32,31806553,2.05,0,16.04,腾讯财经
2026-07-26 00:30:05,319.74,318.42,324.18,317.32,31806553,2.05,0,16.04,腾讯财经
2026-07-26 00:40:01,319.74,318.42,324.18,317.32,31806553,2.05,0,16.04,腾讯财经
2026-07-26 00:50:02,319.74,318.42,324.18,317.32,31806553,2.05,0,16.04,腾讯财经
2026-07-26 01:00:03,319.74,318.42,324.18,317.32,31806553,2.05,0,16.04,腾讯财经
2026-07-26 01:10:01,319.74,318.42,324.18,317.32,31806553,2.05,0,16.04,腾讯财经
2026-07-26 01:20:00,319.74,318.42,324.18,317.32,31806553,2.05,0,16.04,腾讯财经
2026-07-26 01:30:01,319.74,318.42,324.18,317.32,31806553,2.05,0,16.04,腾讯财经
2026-07-26 01:40:00,319.74,318.42,324.18,317.32,31806553,2.05,0,16.04,腾讯财经
2026-07-26 01:50:04,319.74,318.42,324.18,317.32,31806553,2.05,0,16.04,腾讯财经
2026-07-26 02:00:05,319.74,318.42,324.18,317.32,31806553,2.05,0,16.04,腾讯财经
2026-07-26 02:10:05,319.74,318.42,324.18,317.32,31806553,2.05,0,16.04,腾讯财经
2026-07-26 02:20:00,319.74,318.42,324.18,317.32,31806553,2.05,0,16.04,腾讯财经
2026-07-26 02:30:04,319.74,318.42,324.18,317.32,31806553,2.05,0,16.04,腾讯财经
2026-07-26 02:40:03,319.74,318.42,324.18,317.32,31806553,2.05,0,16.04,腾讯财经
2026-07-26 02:50:00,319.74,318.42,324.18,317.32,31806553,2.05,0,16.04,腾讯财经
2026-07-26 03:00:01,319.74,318.42,324.18,317.32,31806553,2.05,0,16.04,腾讯财经
2026-07-26 03:10:04,319.74,318.42,324.18,317.32,31806553,2.05,0,16.04,腾讯财经
2026-07-26 03:20:00,319.74,318.42,324.18,317.32,31806553,2.05,0,16.04,腾讯财经
2026-07-26 03:30:01,319.74,318.42,324.18,317.32,31806553,2.05,0,16.04,腾讯财经
2026-07-26 03:40:00,319.74,318.42,324.18,317.32,31806553,2.05,0,16.04,腾讯财经
2026-07-26 03:50:03,319.74,318.42,324.18,317.32,31806553,2.05,0,16.04,腾讯财经
2026-07-26 04:00:00,319.74,318.42,324.18,317.32,31806553,2.05,0,16.04,腾讯财经
2026-07-26 04:10:02,319.74,318.42,324.18,317.32,31806553,2.05,0,16.04,腾讯财经
2026-07-26 04:20:00,319.74,318.42,324.18,317.32,31806553,2.05,0,16.04,腾讯财经
2026-07-26 04:30:00,319.74,318.42,324.18,317.32,31806553,2.05,0,16.04,腾讯财经
2026-07-26 04:40:04,319.74,318.42,324.18,317.32,31806553,2.05,0,16.04,腾讯财经
2026-07-26 04:50:00,319.74,318.42,324.18,317.32,31806553,2.05,0,16.04,腾讯财经
2026-07-26 05:00:01,319.74,318.42,324.18,317.32,31806553,2.05,0,16.04,腾讯财经
2026-07-26 05:10:00,319.74,318.42,324.18,317.32,31806553,2.05,0,16.04,腾讯财经
2026-07-26 05:20:00,319.74,318.42,324.18,317.32,31806553,2.05,0,16.04,腾讯财经
2026-07-26 05:30:03,319.74,318.42,324.18,317.32,31806553,2.05,0,16.04,腾讯财经
2026-07-26 05:40:00,319.74,318.42,324.18,317.32,31806553,2.05,0,16.04,腾讯财经
2026-07-26 05:50:00,319.74,318.42,324.18,317.32,31806553,2.05,0,16.04,腾讯财经
2026-07-26 06:00:02,319.74,318.42,324.18,317.32,31806553,2.05,0,16.04,腾讯财经
2026-07-26 06:10:00,319.74,318.42,324.18,317.32,31806553,2.05,0,16.04,腾讯财经
2026-07-26 06:20:01,319.74,318.42,324.18,317.32,31806553,2.05,0,16.04,腾讯财经
2026-07-26 06:30:00,319.74,318.42,324.18,317.32,31806553,2.05,0,16.04,腾讯财经
2026-07-26 06:40:00,319.74,318.42,324.18,317.32,31806553,2.05,0,16.04,腾讯财经
2026-07-26 06:50:05,319.74,318.42,324.18,317.32,31806553,2.05,0,16.04,腾讯财经
2026-07-26 07:00:01,319.74,318.42,324.18,317.32,31806553,2.05,0,16.04,腾讯财经
2026-07-26 07:10:03,319.74,318.42,324.18,317.32,31806553,2.05,0,16.04,腾讯财经
2026-07-26 07:20:00,319.74,318.42,324.18,317.32,31806553,2.05,0,16.04,腾讯财经
2026-07-26 07:30:04,319.74,318.42,324.18,317.32,31806553,2.05,0,16.04,腾讯财经
2026-07-26 07:40:00,319.74,318.42,324.18,317.32,31806553,2.05,0,16.04,腾讯财经
2026-07-26 07:50:05,319.74,318.42,324.18,317.32,31806553,2.05,0,16.04,腾讯财经
2026-07-26 08:00:05,319.74,318.42,324.18,317.32,31806553,2.05,0,16.04,腾讯财经
2026-07-26 08:10:00,319.74,318.42,324.18,317.32,31806553,2.05,0,16.04,腾讯财经
2026-07-26 08:20:00,319.74,318.42,324.18,317.32,31806553,2.05,0,16.04,腾讯财经
2026-07-26 08:30:00,319.74,318.42,324.18,317.32,31806553,2.05,0,16.04,腾讯财经
2026-07-26 08:40:02,319.74,318.42,324.18,317.32,31806553,2.05,0,16.04,腾讯财经
2026-07-26 08:50:02,319.74,318.42,324.18,317.32,31806553,2.05,0,16.04,腾讯财经
2026-07-26 09:00:00,319.74,318.42,324.18,317.32,31806553,2.05,0,16.04,腾讯财经
2026-07-26 09:10:00,319.74,318.42,324.18,317.32,31806553,2.05,0,16.04,腾讯财经
2026-07-26 09:20:00,319.74,318.42,324.18,317.32,31806553,2.05,0,16.04,腾讯财经
2026-07-26 09:30:04,319.74,318.42,324.18,317.32,31806553,2.05,0,16.04,腾讯财经
2026-07-26 09:40:00,319.74,318.42,324.18,317.32,31806553,2.05,0,16.04,腾讯财经
2026-07-26 09:50:00,319.74,318.42,324.18,317.32,31806553,2.05,0,16.04,腾讯财经
2026-07-26 10:00:04,319.74,318.42,324.18,317.32,31806553,2.05,0,16.04,腾讯财经
2026-07-26 10:10:03,319.74,318.42,324.18,317.32,31806553,2.05,0,16.04,腾讯财经
2026-07-26 10:20:00,319.74,318.42,324.18,317.32,31806553,2.05,0,16.04,腾讯财经
2026-07-26 10:30:00,319.74,318.42,324.18,317.32,31806553,2.05,0,16.04,腾讯财经
2026-07-26 10:40:02,319.74,318.42,324.18,317.32,31806553,2.05,0,16.04,腾讯财经
2026-07-26 10:50:01,319.74,318.42,324.18,317.32,31806553,2.05,0,16.04,腾讯财经
2026-07-26 11:00:00,319.74,318.42,324.18,317.32,31806553,2.05,0,16.04,腾讯财经
2026-07-26 11:10:00,319.74,318.42,324.18,317.32,31806553,2.05,0,16.04,腾讯财经
2026-07-26 11:20:00,319.74,318.42,324.18,317.32,31806553,2.05,0,16.04,腾讯财经
2026-07-26 11:30:04,319.74,318.42,324.18,317.32,31806553,2.05,0,16.04,腾讯财经
2026-07-26 11:40:01,319.74,318.42,324.18,317.32,31806553,2.05,0,16.04,腾讯财经
2026-07-26 11:50:00,319.74,318.42,324.18,317.32,31806553,2.05,0,16.04,腾讯财经
2026-07-26 12:00:00,319.74,318.42,324.18,317.32,31806553,2.05,0,16.04,腾讯财经
2026-07-26 12:10:00,319.74,318.42,324.18,317.32,31806553,2.05,0,16.04,腾讯财经
2026-07-26 12:20:00,319.74,318.42,324.18,317.32,31806553,2.05,0,16.04,腾讯财经
2026-07-26 12:30:05,319.74,318.42,324.18,317.32,31806553,2.05,0,16.04,腾讯财经
2026-07-26 12:40:00,319.74,318.42,324.18,317.32,31806553,2.05,0,16.04,腾讯财经
2026-07-26 12:50:00,319.74,318.42,324.18,317.32,31806553,2.05,0,16.04,腾讯财经
2026-07-26 13:00:01,319.74,318.42,324.18,317.32,31806553,2.05,0,16.04,腾讯财经
2026-07-26 13:10:00,319.74,318.42,324.18,317.32,31806553,2.05,0,16.04,腾讯财经
2026-07-26 13:20:00,319.74,318.42,324.18,317.32,31806553,2.05,0,16.04,腾讯财经
2026-07-26 13:30:01,319.74,318.42,324.18,317.32,31806553,2.05,0,16.04,腾讯财经
2026-07-26 13:40:00,319.74,318.42,324.18,317.32,31806553,2.05,0,16.04,腾讯财经
2026-07-26 13:50:01,319.74,318.42,324.18,317.32,31806553,2.05,0,16.04,腾讯财经
2026-07-26 14:00:04,319.74,318.42,324.18,317.32,31806553,2.05,0,16.04,腾讯财经
2026-07-26 14:10:00,319.74,318.42,324.18,317.32,31806553,2.05,0,16.04,腾讯财经
2026-07-26 14:20:04,319.74,318.42,324.18,317.32,31806553,2.05,0,16.04,腾讯财经
2026-07-26 14:30:03,319.74,318.42,324.18,317.32,31806553,2.05,0,16.04,腾讯财经
2026-07-26 14:40:05,319.74,318.42,324.18,317.32,31806553,2.05,0,16.04,腾讯财经
2026-07-26 14:50:05,319.74,318.42,324.18,317.32,31806553,2.05,0,16.04,腾讯财经
2026-07-26 15:00:01,319.74,318.42,324.18,317.32,31806553,2.05,0,16.04,腾讯财经
2026-07-26 15:10:04,319.74,318.42,324.18,317.32,31806553,2.05,0,16.04,腾讯财经
2026-07-26 15:20:02,319.74,318.42,324.18,317.32,31806553,2.05,0,16.04,腾讯财经
2026-07-26 15:30:05,319.74,318.42,324.18,317.32,31806553,2.05,0,16.04,腾讯财经
2026-07-26 15:40:00,319.74,318.42,324.18,317.32,31806553,2.05,0,16.04,腾讯财经
2026-07-26 15:50:01,319.74,318.42,324.18,317.32,31806553,2.05,0,16.04,腾讯财经
2026-07-26 16:00:04,319.74,318.42,324.18,317.32,31806553,2.05,0,16.04,腾讯财经
2026-07-26 16:10:04,319.74,318.42,324.18,317.32,31806553,2.05,0,16.04,腾讯财经
2026-07-26 16:20:00,319.74,318.42,324.18,317.32,31806553,2.05,0,16.04,腾讯财经
2026-07-26 16:30:00,319.74,318.42,324.18,317.32,31806553,2.05,0,16.04,腾讯财经
2026-07-26 16:40:04,319.74,318.42,324.18,317.32,31806553,2.05,0,16.04,腾讯财经
2026-07-26 16:50:00,319.74,318.42,324.18,317.32,31806553,2.05,0,16.04,腾讯财经
2026-07-26 17:00:00,319.74,318.42,324.18,317.32,31806553,2.05,0,16.04,腾讯财经
2026-07-26 17:10:00,319.74,318.42,324.18,317.32,31806553,2.05,0,16.04,腾讯财经
2026-07-26 17:20:00,319.74,318.42,324.18,317.32,31806553,2.05,0,16.04,腾讯财经
2026-07-26 17:30:03,319.74,318.42,324.18,317.32,31806553,2.05,0,16.04,腾讯财经
2026-07-26 17:40:00,319.74,318.42,324.18,317.32,31806553,2.05,0,16.04,腾讯财经
2026-07-26 17:50:01,319.74,318.42,324.18,317.32,31806553,2.05,0,16.04,腾讯财经
2026-07-26 18:00:00,319.74,318.42,324.18,317.32,31806553,2.05,0,16.04,腾讯财经
2026-07-26 18:10:00,319.74,318.42,324.18,317.32,31806553,2.05,0,16.04,腾讯财经
2026-07-26 18:20:00,319.74,318.42,324.18,317.32,31806553,2.05,0,16.04,腾讯财经
2026-07-26 18:30:01,319.74,318.42,324.18,317.32,31806553,2.05,0,16.04,腾讯财经
2026-07-26 18:40:03,319.74,318.42,324.18,317.32,31806553,2.05,0,16.04,腾讯财经
2026-07-26 18:50:00,319.74,318.42,324.18,317.32,31806553,2.05,0,16.04,腾讯财经
2026-07-26 19:00:00,319.74,318.42,324.18,317.32,31806553,2.05,0,16.04,腾讯财经
2026-07-26 19:10:00,319.74,318.42,324.18,317.32,31806553,2.05,0,16.04,腾讯财经
2026-07-26 19:20:00,319.74,318.42,324.18,317.32,31806553,2.05,0,16.04,腾讯财经
2026-07-26 19:30:03,319.74,318.42,324.18,317.32,31806553,2.05,0,16.04,腾讯财经
2026-07-26 19:40:00,319.74,318.42,324.18,317.32,31806553,2.05,0,16.04,腾讯财经
2026-07-26 19:50:00,319.74,318.42,324.18,317.32,31806553,2.05,0,16.04,腾讯财经
2026-07-26 20:00:05,319.74,318.42,324.18,317.32,31806553,2.05,0,16.04,腾讯财经
2026-07-26 20:10:02,319.74,318.42,324.18,317.32,31806553,2.05,0,16.04,腾讯财经
2026-07-26 20:20:03,319.74,318.42,324.18,317.32,31806553,2.05,0,16.04,腾讯财经
2026-07-26 20:30:02,319.74,318.42,324.18,317.32,31806553,2.05,0,16.04,腾讯财经
2026-07-26 20:40:01,319.74,318.42,324.18,317.32,31806553,2.05,0,16.04,腾讯财经
2026-07-26 20:50:03,319.74,318.42,324.18,317.32,31806553,2.05,0,16.04,腾讯财经
2026-07-26 21:00:00,319.74,318.42,324.18,317.32,31806553,2.05,0,16.04,腾讯财经
2026-07-26 21:10:05,319.74,318.42,324.18,317.32,31806553,2.05,0,16.04,腾讯财经
2026-07-26 21:20:02,319.74,318.42,324.18,317.32,31806553,2.05,0,16.04,腾讯财经
2026-07-26 21:30:00,319.74,318.42,324.18,317.32,31806553,2.05,0,16.04,腾讯财经
2026-07-26 21:40:00,319.74,318.42,324.18,317.32,31806553,2.05,0,16.04,腾讯财经
2026-07-26 21:50:00,319.74,318.42,324.18,317.32,31806553,2.05,0,16.04,腾讯财经
2026-07-26 22:00:04,319.74,318.42,324.18,317.32,31806553,2.05,0,16.04,腾讯财经
2026-07-26 22:10:00,319.74,318.42,324.18,317.32,31806553,2.05,0,16.04,腾讯财经
2026-07-26 22:20:00,319.74,318.42,324.18,317.32,31806553,2.05,0,16.04,腾讯财经
2026-07-26 22:30:05,319.74,318.42,324.18,317.32,31806553,2.05,0,16.04,腾讯财经
2026-07-26 22:40:05,319.74,318.42,324.18,317.32,31806553,2.05,0,16.04,腾讯财经
2026-07-26 22:50:00,319.74,318.42,324.18,317.32,31806553,2.05,0,16.04,腾讯财经
2026-07-26 23:00:03,319.74,318.42,324.18,317.32,31806553,2.05,0,16.04,腾讯财经
2026-07-26 23:10:01,319.74,318.42,324.18,317.32,31806553,2.05,0,16.04,腾讯财经
2026-07-26 23:20:03,319.74,318.42,324.18,317.32,31806553,2.05,0,16.04,腾讯财经
2026-07-26 23:30:05,319.74,318.42,324.18,317.32,31806553,2.05,0,16.04,腾讯财经
2026-07-26 23:40:00,319.74,318.42,324.18,317.32,31806553,2.05,0,16.04,腾讯财经
2026-07-26 23:50:05,319.74,318.42,324.18,317.32,31806553,2.05,0,16.04,腾讯财经
2026-07-27 00:00:00,319.74,318.42,324.18,317.32,31806553,2.05,0,16.04,腾讯财经
2026-07-27 00:10:03,319.74,318.42,324.18,317.32,31806553,2.05,0,16.04,腾讯财经
2026-07-27 00:20:00,319.74,318.42,324.18,317.32,31806553,2.05,0,16.04,腾讯财经
2026-07-27 00:30:01,319.74,318.42,324.18,317.32,31806553,2.05,0,16.04,腾讯财经
2026-07-27 00:40:02,319.74,318.42,324.18,317.32,31806553,2.05,0,16.04,腾讯财经
2026-07-27 00:50:00,319.74,318.42,324.18,317.32,31806553,2.05,0,16.04,腾讯财经
2026-07-27 01:00:01,319.74,318.42,324.18,317.32,31806553,2.05,0,16.04,腾讯财经
2026-07-27 01:10:04,319.74,318.42,324.18,317.32,31806553,2.05,0,16.04,腾讯财经
2026-07-27 01:20:05,319.74,318.42,324.18,317.32,31806553,2.05,0,16.04,腾讯财经
2026-07-27 01:30:00,319.74,318.42,324.18,317.32,31806553,2.05,0,16.04,腾讯财经
2026-07-27 01:40:02,319.74,318.42,324.18,317.32,31806553,2.05,0,16.04,腾讯财经
2026-07-27 01:50:00,319.74,318.42,324.18,317.32,31806553,2.05,0,16.04,腾讯财经
2026-07-27 02:00:00,319.74,318.42,324.18,317.32,31806553,2.05,0,16.04,腾讯财经
2026-07-27 02:10:00,319.74,318.42,324.18,317.32,31806553,2.05,0,16.04,腾讯财经
2026-07-27 02:20:04,319.74,318.42,324.18,317.32,31806553,2.05,0,16.04,腾讯财经
2026-07-27 02:30:00,319.74,318.42,324.18,317.32,31806553,2.05,0,16.04,腾讯财经
2026-07-27 02:40:00,319.74,318.42,324.18,317.32,31806553,2.05,0,16.04,腾讯财经
2026-07-27 02:50:05,319.74,318.42,324.18,317.32,31806553,2.05,0,16.04,腾讯财经
2026-07-27 03:00:00,319.74,318.42,324.18,317.32,31806553,2.05,0,16.04,腾讯财经
2026-07-27 03:10:01,319.74,318.42,324.18,317.32,31806553,2.05,0,16.04,腾讯财经
2026-07-27 03:20:01,319.74,318.42,324.18,317.32,31806553,2.05,0,16.04,腾讯财经
2026-07-27 03:30:00,319.74,318.42,324.18,317.32,31806553,2.05,0,16.04,腾讯财经
2026-07-27 03:40:00,319.74,318.42,324.18,317.32,31806553,2.05,0,16.04,腾讯财经
2026-07-27 03:50:01,319.74,318.42,324.18,317.32,31806553,2.05,0,16.04,腾讯财经
2026-07-27 04:00:00,319.74,318.42,324.18,317.32,31806553,2.05,0,16.04,腾讯财经
2026-07-27 04:10:03,319.74,318.42,324.18,317.32,31806553,2.05,0,16.04,腾讯财经
2026-07-27 04:20:00,319.74,318.42,324.18,317.32,31806553,2.05,0,16.04,腾讯财经
2026-07-27 04:30:02,319.74,318.42,324.18,317.32,31806553,2.05,0,16.04,腾讯财经
2026-07-27 04:40:04,319.74,318.42,324.18,317.32,31806553,2.05,0,16.04,腾讯财经
2026-07-27 04:50:00,319.74,318.42,324.18,317.32,31806553,2.05,0,16.04,腾讯财经
2026-07-27 05:00:00,319.74,318.42,324.18,317.32,31806553,2.05,0,16.04,腾讯财经
2026-07-27 05:10:01,319.74,318.42,324.18,317.32,31806553,2.05,0,16.04,腾讯财经
2026-07-27 05:20:01,319.74,318.42,324.18,317.32,31806553,2.05,0,16.04,腾讯财经
2026-07-27 05:30:05,319.74,318.42,324.18,317.32,31806553,2.05,0,16.04,腾讯财经
2026-07-27 05:40:02,319.74,318.42,324.18,317.32,31806553,2.05,0,16.04,腾讯财经
2026-07-27 05:50:04,319.74,318.42,324.18,317.32,31806553,2.05,0,16.04,腾讯财经
2026-07-27 06:00:01,319.74,318.42,324.18,317.32,31806553,2.05,0,16.04,腾讯财经
2026-07-27 06:10:01,319.74,318.42,324.18,317.32,31806553,2.05,0,16.04,腾讯财经
2026-07-27 06:20:01,319.74,318.42,324.18,317.32,31806553,2.05,0,16.04,腾讯财经
2026-07-27 06:30:02,319.74,318.42,324.18,317.32,31806553,2.05,0,16.04,腾讯财经
2026-07-27 06:40:01,319.74,318.42,324.18,317.32,31806553,2.05,0,16.04,腾讯财经
2026-07-27 06:50:03,319.74,318.42,324.18,317.32,31806553,2.05,0,16.04,腾讯财经
2026-07-27 07:00:02,319.74,318.42,324.18,317.32,31806553,2.05,0,16.04,腾讯财经
2026-07-27 07:10:00,319.74,318.42,324.18,317.32,31806553,2.05,0,16.04,腾讯财经
2026-07-27 07:20:00,319.74,318.42,324.18,317.32,31806553,2.05,0,16.04,腾讯财经
2026-07-27 07:30:04,319.74,318.42,324.18,317.32,31806553,2.05,0,16.04,腾讯财经
2026-07-27 07:40:05,319.74,318.42,324.18,317.32,31806553,2.05,0,16.04,腾讯财经
2026-07-27 07:50:02,319.74,318.42,324.18,317.32,31806553,2.05,0,16.04,腾讯财经
2026-07-27 08:50:01,319.74,318.42,324.18,317.32,31806553,2.05,0,16.04,腾讯财经
2026-07-27 09:00:00,319.74,318.42,324.18,317.32,31806553,2.05,0,16.04,腾讯财经
2026-07-27 09:10:02,319.74,318.42,324.18,317.32,31806553,2.05,0,16.04,腾讯财经
2026-07-27 09:20:05,319.74,318.42,324.18,317.32,31806553,2.05,0,16.04,腾讯财经
2026-07-27 09:30:00,319.74,318.42,324.18,317.32,31806553,2.05,0,16.04,腾讯财经
