时间戳,价格(USD),开盘价,最高价,最低价,成交量,涨跌额,涨跌幅(%),静态市盈率,动态市盈率,数据源
2026-07-13 20:54:29,245.34,249.55,251.03,244.41,31653997,-1.70,0,5.97,29.35,腾讯财经
2026-07-13 21:08:19,245.34,249.55,251.03,244.41,31653997,-1.70,0,29.35,腾讯财经
2026-07-13 21:09:10,245.34,249.55,251.03,244.41,31653997,-1.70,0,29.35,腾讯财经
2026-07-13 22:18:36,246.21,244.68,248.60,244.23,6576370,.87,0,29.45,腾讯财经
2026-07-13 22:18:36,246.21,244.68,248.60,244.23,6576370,.87,0,29.45,腾讯财经
2026-07-13 22:20:00,246.45,244.68,248.60,244.23,6669169,1.11,0,29.48,腾讯财经
2026-07-13 22:30:00,246.45,244.68,248.60,244.23,7165230,1.11,0,29.48,腾讯财经
2026-07-13 22:40:03,246.56,244.68,248.60,244.23,7592729,1.22,0,29.49,腾讯财经
2026-07-13 22:50:01,247.84,244.68,248.60,244.23,8110285,2.50,1.00,29.65,腾讯财经
2026-07-13 23:00:00,248.22,244.68,248.60,244.23,9563492,2.88,1.00,29.69,腾讯财经
2026-07-13 23:10:00,249.08,244.68,249.34,244.23,10571267,3.74,1.00,29.79,腾讯财经
2026-07-13 23:20:00,248.30,244.68,249.34,244.23,11143509,2.96,1.00,29.70,腾讯财经
2026-07-13 23:30:00,248.64,244.68,249.34,244.23,11593157,3.30,1.00,29.74,腾讯财经
2026-07-13 23:40:01,248.83,244.68,249.34,244.23,12110909,3.49,1.00,29.76,腾讯财经
2026-07-13 23:50:02,248.28,244.68,249.34,244.23,12527027,2.94,1.00,29.70,腾讯财经
2026-07-14 00:00:01,247.97,244.68,249.34,244.23,13119642,2.63,1.00,29.66,腾讯财经
2026-07-14 00:10:01,247.94,244.68,249.34,244.23,13617850,2.60,1.00,29.66,腾讯财经
2026-07-14 00:20:03,248.26,244.68,249.34,244.23,13923372,2.92,1.00,29.70,腾讯财经
2026-07-14 00:30:00,248.06,244.68,249.34,244.23,14240748,2.72,1.00,29.67,腾讯财经
2026-07-14 00:40:04,248.39,244.68,249.34,244.23,14651174,3.05,1.00,29.71,腾讯财经
2026-07-14 00:50:04,247.94,244.68,249.34,244.23,15023189,2.60,1.00,29.66,腾讯财经
2026-07-14 01:00:00,247.64,244.68,249.34,244.23,15428947,2.30,0,29.62,腾讯财经
2026-07-14 01:10:04,247.77,244.68,249.34,244.23,15734053,2.43,0,29.64,腾讯财经
2026-07-14 01:20:00,248.22,244.68,249.34,244.23,16170722,2.88,1.00,29.69,腾讯财经
2026-07-14 01:30:04,248.48,244.68,249.34,244.23,16600061,3.14,1.00,29.72,腾讯财经
2026-07-14 01:40:05,248.47,244.68,249.34,244.23,16991443,3.13,1.00,29.72,腾讯财经
2026-07-14 01:50:00,248.42,244.68,249.34,244.23,17530070,3.08,1.00,29.72,腾讯财经
2026-07-14 02:00:00,248.06,244.68,249.34,244.23,17958794,2.72,1.00,29.67,腾讯财经
2026-07-14 02:10:00,248.13,244.68,249.34,244.23,18344837,2.79,1.00,29.68,腾讯财经
2026-07-14 02:20:02,248.07,244.68,249.34,244.23,18771825,2.73,1.00,29.67,腾讯财经
2026-07-14 02:30:00,248.43,244.68,249.34,244.23,19150796,3.09,1.00,29.72,腾讯财经
2026-07-14 02:40:00,248.95,244.68,249.34,244.23,19742230,3.61,1.00,29.78,腾讯财经
2026-07-14 02:50:00,249.27,244.68,249.65,244.23,20480787,3.93,1.00,29.82,腾讯财经
2026-07-14 03:00:00,248.97,244.68,249.65,244.23,21748613,3.63,1.00,29.78,腾讯财经
2026-07-14 03:10:03,248.60,244.68,249.65,244.23,22308056,3.26,1.00,29.74,腾讯财经
2026-07-14 03:20:00,248.39,244.68,249.65,244.23,22862567,3.05,1.00,29.71,腾讯财经
2026-07-14 03:30:00,247.92,244.68,249.65,244.23,23433734,2.58,1.00,29.66,腾讯财经
2026-07-14 03:40:02,247.57,244.68,249.65,244.23,24238625,2.23,0,29.61,腾讯财经
2026-07-14 03:50:00,246.60,244.68,249.65,244.23,25158304,1.26,0,29.50,腾讯财经
2026-07-14 04:00:00,247.30,244.68,249.65,244.23,27461750,1.96,0,29.58,腾讯财经
2026-07-14 04:10:02,247.31,244.68,249.65,244.23,33155053,1.97,0,29.58,腾讯财经
2026-07-14 04:20:00,247.31,244.68,249.65,244.18,33232614,1.97,0,29.58,腾讯财经
2026-07-14 04:30:05,247.31,244.68,249.65,244.18,33271551,1.97,0,29.58,腾讯财经
2026-07-14 04:40:00,247.31,244.68,249.65,244.18,33281316,1.97,0,29.58,腾讯财经
2026-07-14 04:50:00,247.31,244.68,249.65,244.18,33314687,1.97,0,29.58,腾讯财经
2026-07-14 05:00:00,247.31,244.68,249.65,244.18,33322820,1.97,0,29.58,腾讯财经
2026-07-14 05:10:02,247.31,244.68,249.65,244.18,33346043,1.97,0,29.58,腾讯财经
2026-07-14 05:20:03,247.31,244.68,249.65,244.18,33348981,1.97,0,29.58,腾讯财经
2026-07-14 05:30:02,247.31,244.68,249.65,244.18,34571221,1.97,0,29.58,腾讯财经
2026-07-14 05:40:03,247.31,244.68,249.65,244.18,34576138,1.97,0,29.58,腾讯财经
2026-07-14 05:50:00,247.31,244.68,249.65,244.18,34578025,1.97,0,29.58,腾讯财经
2026-07-14 06:00:00,247.31,244.68,249.65,244.18,34594067,1.97,0,29.58,腾讯财经
2026-07-14 06:10:02,247.31,244.68,249.65,244.18,34595670,1.97,0,29.58,腾讯财经
2026-07-14 06:20:03,247.31,244.68,249.65,244.18,34598692,1.97,0,29.58,腾讯财经
2026-07-14 06:30:00,247.31,244.68,249.65,244.18,34602457,1.97,0,29.58,腾讯财经
2026-07-14 06:40:00,247.31,244.68,249.65,244.18,34603924,1.97,0,29.58,腾讯财经
2026-07-14 06:50:00,247.31,244.68,249.65,244.18,34605120,1.97,0,29.58,腾讯财经
2026-07-14 07:00:02,247.31,244.68,249.65,244.18,34606554,1.97,0,29.58,腾讯财经
2026-07-14 07:10:00,247.31,244.68,249.65,244.18,34609488,1.97,0,29.58,腾讯财经
2026-07-14 07:20:05,247.31,244.68,249.65,244.18,34611903,1.97,0,29.58,腾讯财经
2026-07-14 07:30:01,247.31,244.68,249.65,244.18,34613050,1.97,0,29.58,腾讯财经
2026-07-14 07:40:00,247.31,244.68,249.65,244.18,34617955,1.97,0,29.58,腾讯财经
2026-07-14 07:50:00,247.31,244.68,249.65,244.18,34628432,1.97,0,29.58,腾讯财经
2026-07-14 08:40:05,247.31,244.68,249.65,244.18,34636091,1.97,0,29.58,腾讯财经
2026-07-14 08:50:05,247.31,244.68,249.65,244.18,34636091,1.97,0,29.58,腾讯财经
2026-07-14 09:00:00,247.31,244.68,249.65,244.18,34636091,1.97,0,29.58,腾讯财经
2026-07-14 09:10:00,247.31,244.68,249.65,244.18,34636091,1.97,0,29.58,腾讯财经
2026-07-14 09:20:00,247.31,244.68,249.65,244.18,34636091,1.97,0,29.58,腾讯财经
2026-07-14 09:30:00,247.31,244.68,249.65,244.18,34636091,1.97,0,29.58,腾讯财经
2026-07-14 09:40:01,247.31,244.68,249.65,244.18,34636091,1.97,0,29.58,腾讯财经
2026-07-14 09:50:04,247.31,244.68,249.65,244.18,34636091,1.97,0,29.58,腾讯财经
2026-07-14 10:00:04,247.31,244.68,249.65,244.18,34636091,1.97,0,29.58,腾讯财经
2026-07-14 10:10:00,247.31,244.68,249.65,244.18,34636091,1.97,0,29.58,腾讯财经
2026-07-14 10:20:03,247.31,244.68,249.65,244.18,34636091,1.97,0,29.58,腾讯财经
2026-07-14 10:30:00,247.31,244.68,249.65,244.18,34636091,1.97,0,29.58,腾讯财经
2026-07-14 10:40:00,247.31,244.68,249.65,244.18,34636091,1.97,0,29.58,腾讯财经
2026-07-14 10:50:01,247.31,244.68,249.65,244.18,34636091,1.97,0,29.58,腾讯财经
2026-07-14 11:00:04,247.31,244.68,249.65,244.18,34636091,1.97,0,29.58,腾讯财经
2026-07-14 11:10:04,247.31,244.68,249.65,244.18,34636091,1.97,0,29.58,腾讯财经
2026-07-14 11:20:00,247.31,244.68,249.65,244.18,34636091,1.97,0,29.58,腾讯财经
2026-07-14 11:30:04,247.31,244.68,249.65,244.18,34636091,1.97,0,29.58,腾讯财经
2026-07-14 11:40:03,247.31,244.68,249.65,244.18,34636091,1.97,0,29.58,腾讯财经
2026-07-14 11:50:00,247.31,244.68,249.65,244.18,34636091,1.97,0,29.58,腾讯财经
2026-07-14 12:00:00,247.31,244.68,249.65,244.18,34636091,1.97,0,29.58,腾讯财经
2026-07-14 12:10:04,247.31,244.68,249.65,244.18,34636091,1.97,0,29.58,腾讯财经
2026-07-14 12:20:00,247.31,244.68,249.65,244.18,34636091,1.97,0,29.58,腾讯财经
2026-07-14 12:30:00,247.31,244.68,249.65,244.18,34636091,1.97,0,29.58,腾讯财经
2026-07-14 12:40:01,247.31,244.68,249.65,244.18,34636091,1.97,0,29.58,腾讯财经
2026-07-14 12:50:00,247.31,244.68,249.65,244.18,34636091,1.97,0,29.58,腾讯财经
2026-07-14 13:00:01,247.31,244.68,249.65,244.18,34636091,1.97,0,29.58,腾讯财经
2026-07-14 13:10:04,247.31,244.68,249.65,244.18,34636091,1.97,0,29.58,腾讯财经
2026-07-14 13:20:00,247.31,244.68,249.65,244.18,34636091,1.97,0,29.58,腾讯财经
2026-07-14 13:30:00,247.31,244.68,249.65,244.18,34636091,1.97,0,29.58,腾讯财经
2026-07-14 13:40:03,247.31,244.68,249.65,244.18,34636091,1.97,0,29.58,腾讯财经
2026-07-14 13:50:00,247.31,244.68,249.65,244.18,34636091,1.97,0,29.58,腾讯财经
2026-07-14 14:00:01,247.31,244.68,249.65,244.18,34636091,1.97,0,29.58,腾讯财经
2026-07-14 14:10:01,247.31,244.68,249.65,244.18,34636091,1.97,0,29.58,腾讯财经
2026-07-14 14:20:00,247.31,244.68,249.65,244.18,34636091,1.97,0,29.58,腾讯财经
2026-07-14 14:30:03,247.31,244.68,249.65,244.18,34636091,1.97,0,29.58,腾讯财经
2026-07-14 14:40:01,247.31,244.68,249.65,244.18,34636091,1.97,0,29.58,腾讯财经
2026-07-14 14:50:05,247.31,244.68,249.65,244.18,34636091,1.97,0,29.58,腾讯财经
2026-07-14 15:00:02,247.31,244.68,249.65,244.18,34636091,1.97,0,29.58,腾讯财经
2026-07-14 15:10:04,247.31,244.68,249.65,244.18,34636091,1.97,0,29.58,腾讯财经
2026-07-14 15:20:00,247.31,244.68,249.65,244.18,34636091,1.97,0,29.58,腾讯财经
2026-07-14 15:30:00,247.31,244.68,249.65,244.18,34636091,1.97,0,29.58,腾讯财经
2026-07-14 15:40:02,247.31,244.68,249.65,244.18,34636091,1.97,0,29.58,腾讯财经
2026-07-14 15:50:00,247.31,244.68,249.65,244.18,34636091,1.97,0,29.58,腾讯财经
2026-07-14 16:00:00,247.31,244.68,249.65,244.18,34636091,1.97,0,29.58,腾讯财经
2026-07-14 16:10:00,247.31,244.68,249.65,244.18,34636091,1.97,0,29.58,腾讯财经
2026-07-14 16:20:00,247.31,244.68,249.65,244.18,34636091,1.97,0,29.58,腾讯财经
2026-07-14 16:30:01,247.31,244.68,249.65,244.18,34636091,1.97,0,29.58,腾讯财经
2026-07-14 16:40:02,247.31,244.68,249.65,244.18,34636091,1.97,0,29.58,腾讯财经
2026-07-14 16:50:04,247.31,244.68,249.65,244.18,34636091,1.97,0,29.58,腾讯财经
2026-07-14 17:00:02,247.31,244.68,249.65,244.18,34636091,1.97,0,29.58,腾讯财经
2026-07-14 17:10:01,247.31,244.68,249.65,244.18,34636091,1.97,0,29.58,腾讯财经
2026-07-14 17:20:00,247.31,244.68,249.65,244.18,34636091,1.97,0,29.58,腾讯财经
2026-07-14 17:30:00,247.31,244.68,249.65,244.18,34636091,1.97,0,29.58,腾讯财经
2026-07-14 18:37:43,247.31,244.68,249.65,244.18,34636091,1.97,0,29.58,腾讯财经
2026-07-14 18:40:02,247.31,244.68,249.65,244.18,34636091,1.97,0,29.58,腾讯财经
2026-07-14 18:50:00,247.31,244.68,249.65,244.18,34636091,1.97,0,29.58,腾讯财经
2026-07-14 19:00:00,247.31,244.68,249.65,244.18,34636091,1.97,0,29.58,腾讯财经
2026-07-14 19:10:03,247.31,244.68,249.65,244.18,34636091,1.97,0,29.58,腾讯财经
2026-07-14 19:20:00,247.31,244.68,249.65,244.18,34636091,1.97,0,29.58,腾讯财经
2026-07-14 19:30:03,247.31,244.68,249.65,244.18,34636091,1.97,0,29.58,腾讯财经
2026-07-14 19:40:00,247.31,244.68,249.65,244.18,34636091,1.97,0,29.58,腾讯财经
2026-07-14 19:50:01,247.31,244.68,249.65,244.18,34636091,1.97,0,29.58,腾讯财经
2026-07-14 20:00:05,247.31,244.68,249.65,244.18,34636091,1.97,0,29.58,腾讯财经
2026-07-14 20:10:05,247.31,244.68,249.65,244.18,34636091,1.97,0,29.58,腾讯财经
2026-07-14 20:20:04,247.31,244.68,249.65,244.18,34636091,1.97,0,29.58,腾讯财经
2026-07-14 20:30:05,247.31,244.68,249.65,244.18,34636091,1.97,0,29.58,腾讯财经
2026-07-14 20:40:00,247.31,244.68,249.65,244.18,34636091,1.97,0,29.58,腾讯财经
2026-07-14 20:50:03,247.31,244.68,249.65,244.18,34636091,1.97,0,29.58,腾讯财经
2026-07-14 21:00:03,247.31,244.68,249.65,244.18,34636091,1.97,0,29.58,腾讯财经
2026-07-14 21:10:03,247.31,244.68,249.65,244.18,34636091,1.97,0,29.58,腾讯财经
2026-07-14 21:20:00,247.31,244.68,249.65,244.18,34636091,1.97,0,29.58,腾讯财经
2026-07-14 21:30:05,247.31,0.00,0.00,0.00,457647,0,0,29.58,腾讯财经
2026-07-14 21:40:01,246.64,245.53,247.25,243.80,2126860,-.67,0,29.50,腾讯财经
2026-07-14 21:50:01,244.12,245.55,247.25,243.80,3170807,-3.19,-1.00,29.20,腾讯财经
2026-07-14 22:00:03,245.94,245.55,247.25,243.80,4111781,-1.37,0,29.42,腾讯财经
2026-07-14 22:10:03,245.89,245.55,247.25,243.80,4886877,-1.42,0,29.41,腾讯财经
2026-07-14 22:20:00,245.22,245.55,247.25,243.80,5546902,-2.09,0,29.33,腾讯财经
2026-07-14 22:30:01,245.38,245.55,247.25,243.80,6163012,-1.93,0,29.35,腾讯财经
2026-07-14 22:40:00,245.88,245.55,247.25,243.80,6835472,-1.43,0,29.41,腾讯财经
2026-07-14 22:50:00,245.22,245.55,247.25,243.80,7462676,-2.09,0,29.33,腾讯财经
2026-07-14 23:00:01,245.28,245.55,247.25,243.80,7851155,-2.03,0,29.34,腾讯财经
2026-07-14 23:10:02,245.47,245.55,247.25,243.80,8481750,-1.84,0,29.36,腾讯财经
2026-07-14 23:20:00,245.68,245.55,247.25,243.80,9196577,-1.63,0,29.39,腾讯财经
2026-07-14 23:30:00,245.70,245.55,247.25,243.80,9585078,-1.61,0,29.39,腾讯财经
2026-07-14 23:40:00,245.66,245.55,247.25,243.80,10098034,-1.65,0,29.39,腾讯财经
2026-07-14 23:50:03,245.66,245.55,247.25,243.80,10469927,-1.65,0,29.38,腾讯财经
2026-07-15 00:00:00,245.48,245.55,247.25,243.80,10829136,-1.83,0,29.36,腾讯财经
2026-07-15 00:10:01,244.79,245.55,247.25,243.80,11301806,-2.52,-1.00,29.28,腾讯财经
2026-07-15 00:20:00,245.20,245.55,247.25,243.80,11618565,-2.11,0,29.33,腾讯财经
2026-07-15 00:30:01,245.28,245.55,247.25,243.80,12043423,-2.03,0,29.34,腾讯财经
2026-07-15 00:40:00,245.66,245.55,247.25,243.80,12323953,-1.65,0,29.39,腾讯财经
2026-07-15 00:50:00,245.73,245.55,247.25,243.80,12567664,-1.58,0,29.39,腾讯财经
2026-07-15 01:00:00,245.96,245.55,247.25,243.80,12818473,-1.35,0,29.42,腾讯财经
2026-07-15 01:10:00,246.05,245.55,247.25,243.80,13256243,-1.26,0,29.43,腾讯财经
2026-07-15 01:20:03,246.12,245.55,247.25,243.80,13562016,-1.19,0,29.44,腾讯财经
2026-07-15 01:30:04,246.47,245.55,247.25,243.80,14344643,-.84,0,29.48,腾讯财经
2026-07-15 01:40:00,246.50,245.55,247.25,243.80,14669767,-.81,0,29.49,腾讯财经
2026-07-15 01:50:03,246.47,245.55,247.25,243.80,15042021,-.84,0,29.48,腾讯财经
2026-07-15 02:00:01,246.62,245.55,247.25,243.80,15365763,-.69,0,29.50,腾讯财经
2026-07-15 02:10:00,246.53,245.55,247.25,243.80,15735501,-.78,0,29.49,腾讯财经
2026-07-15 02:20:00,246.73,245.55,247.25,243.80,16094375,-.58,0,29.51,腾讯财经
2026-07-15 02:30:00,247.35,245.55,247.58,243.80,16744499,.04,0,29.59,腾讯财经
2026-07-15 02:40:00,246.77,245.55,247.58,243.80,17141887,-.54,0,29.52,腾讯财经
2026-07-15 02:50:00,246.51,245.55,247.58,243.80,17508214,-.80,0,29.49,腾讯财经
2026-07-15 03:00:00,246.50,245.55,247.58,243.80,17844702,-.81,0,29.49,腾讯财经
2026-07-15 03:10:01,247.45,245.55,247.66,243.80,18343893,.14,0,29.60,腾讯财经
2026-07-15 03:20:02,247.37,245.55,247.66,243.80,18743598,.06,0,29.59,腾讯财经
2026-07-15 03:30:04,247.84,245.55,247.91,243.80,19251716,.53,0,29.65,腾讯财经
2026-07-15 03:40:00,247.70,245.55,247.97,243.80,19960639,.39,0,29.63,腾讯财经
2026-07-15 03:50:05,248.32,245.55,248.42,243.80,20741388,1.01,0,29.70,腾讯财经
2026-07-15 04:00:04,247.49,245.55,248.56,243.80,23404328,.18,0,29.60,腾讯财经
2026-07-15 04:10:00,247.49,245.55,248.56,243.80,29217783,.18,0,29.60,腾讯财经
2026-07-15 04:20:00,247.49,245.55,248.56,243.80,29259816,.18,0,29.60,腾讯财经
2026-07-15 04:30:02,247.49,245.55,248.56,243.80,29277174,.18,0,29.60,腾讯财经
2026-07-15 04:40:02,247.49,245.55,248.56,243.80,29677605,.18,0,29.60,腾讯财经
2026-07-15 04:50:00,247.49,245.55,248.56,243.80,29847372,.18,0,29.60,腾讯财经
2026-07-15 05:00:00,247.49,245.55,248.56,243.80,29883790,.18,0,29.60,腾讯财经
2026-07-15 05:10:01,247.49,245.55,248.56,243.80,29886331,.18,0,29.60,腾讯财经
2026-07-15 05:20:00,247.49,245.55,248.56,243.80,29889305,.18,0,29.60,腾讯财经
2026-07-15 05:30:00,247.49,245.55,248.56,243.80,30018149,.18,0,29.60,腾讯财经
2026-07-15 05:40:00,247.49,245.55,248.56,243.80,30019954,.18,0,29.60,腾讯财经
2026-07-15 05:50:00,247.49,245.55,248.56,243.80,30030918,.18,0,29.60,腾讯财经
2026-07-15 06:00:03,247.49,245.55,248.56,243.80,30054944,.18,0,29.60,腾讯财经
2026-07-15 06:10:02,247.49,245.55,248.56,243.80,30056540,.18,0,29.60,腾讯财经
2026-07-15 06:20:00,247.49,245.55,248.56,243.80,30057708,.18,0,29.60,腾讯财经
2026-07-15 06:30:00,247.49,245.55,248.56,243.80,30059932,.18,0,29.60,腾讯财经
2026-07-15 06:40:02,247.49,245.55,248.56,243.80,30061375,.18,0,29.60,腾讯财经
2026-07-15 06:50:00,247.49,245.55,248.56,243.80,30063160,.18,0,29.60,腾讯财经
2026-07-15 07:00:00,247.49,245.55,248.56,243.80,30066566,.18,0,29.60,腾讯财经
2026-07-15 07:10:00,247.49,245.55,248.56,243.80,30069187,.18,0,29.60,腾讯财经
2026-07-15 07:20:01,247.49,245.55,248.56,243.80,30085071,.18,0,29.60,腾讯财经
2026-07-15 07:30:00,247.49,245.55,248.56,243.80,30092109,.18,0,29.60,腾讯财经
2026-07-15 07:40:01,247.49,245.55,248.56,243.80,30095995,.18,0,29.60,腾讯财经
2026-07-15 07:50:01,247.49,245.55,248.56,243.80,30100514,.18,0,29.60,腾讯财经
2026-07-15 08:40:03,247.49,245.55,248.56,243.80,30108054,.18,0,29.60,腾讯财经
2026-07-15 08:50:01,247.49,245.55,248.56,243.80,30108054,.18,0,29.60,腾讯财经
2026-07-15 09:00:05,247.49,245.55,248.56,243.80,30108054,.18,0,29.60,腾讯财经
2026-07-15 09:10:00,247.49,245.55,248.56,243.80,30108054,.18,0,29.60,腾讯财经
2026-07-15 09:20:00,247.49,245.55,248.56,243.80,30108054,.18,0,29.60,腾讯财经
2026-07-15 09:30:00,247.49,245.55,248.56,243.80,30108054,.18,0,29.60,腾讯财经
2026-07-15 09:40:00,247.49,245.55,248.56,243.80,30108054,.18,0,29.60,腾讯财经
2026-07-15 09:50:00,247.49,245.55,248.56,243.80,30108054,.18,0,29.60,腾讯财经
2026-07-15 10:00:02,247.49,245.55,248.56,243.80,30108054,.18,0,29.60,腾讯财经
2026-07-15 10:10:00,247.49,245.55,248.56,243.80,30108054,.18,0,29.60,腾讯财经
2026-07-15 10:20:00,247.49,245.55,248.56,243.80,30108054,.18,0,29.60,腾讯财经
2026-07-15 10:30:00,247.49,245.55,248.56,243.80,30108054,.18,0,29.60,腾讯财经
2026-07-15 10:40:02,247.49,245.55,248.56,243.80,30108054,.18,0,29.60,腾讯财经
2026-07-15 10:50:01,247.49,245.55,248.56,243.80,30108054,.18,0,29.60,腾讯财经
2026-07-15 11:00:00,247.49,245.55,248.56,243.80,30108054,.18,0,29.60,腾讯财经
2026-07-15 11:10:02,247.49,245.55,248.56,243.80,30108054,.18,0,29.60,腾讯财经
2026-07-15 11:20:03,247.49,245.55,248.56,243.80,30108054,.18,0,29.60,腾讯财经
2026-07-15 11:30:00,247.49,245.55,248.56,243.80,30108054,.18,0,29.60,腾讯财经
2026-07-15 11:40:01,247.49,245.55,248.56,243.80,30108054,.18,0,29.60,腾讯财经
2026-07-15 11:50:01,247.49,245.55,248.56,243.80,30108054,.18,0,29.60,腾讯财经
2026-07-15 12:00:00,247.49,245.55,248.56,243.80,30108054,.18,0,29.60,腾讯财经
2026-07-15 12:10:00,247.49,245.55,248.56,243.80,30108054,.18,0,29.60,腾讯财经
2026-07-15 12:20:00,247.49,245.55,248.56,243.80,30108054,.18,0,29.60,腾讯财经
2026-07-15 12:30:01,247.49,245.55,248.56,243.80,30108054,.18,0,29.60,腾讯财经
2026-07-15 12:40:00,247.49,245.55,248.56,243.80,30108054,.18,0,29.60,腾讯财经
2026-07-15 12:50:03,247.49,245.55,248.56,243.80,30108054,.18,0,29.60,腾讯财经
2026-07-15 13:00:01,247.49,245.55,248.56,243.80,30108054,.18,0,29.60,腾讯财经
2026-07-15 13:10:04,247.49,245.55,248.56,243.80,30108054,.18,0,29.60,腾讯财经
2026-07-15 13:20:00,247.49,245.55,248.56,243.80,30108054,.18,0,29.60,腾讯财经
2026-07-15 13:30:05,247.49,245.55,248.56,243.80,30108054,.18,0,29.60,腾讯财经
2026-07-15 13:40:01,247.49,245.55,248.56,243.80,30108054,.18,0,29.60,腾讯财经
2026-07-15 13:50:01,247.49,245.55,248.56,243.80,30108054,.18,0,29.60,腾讯财经
2026-07-15 14:00:05,247.49,245.55,248.56,243.80,30108054,.18,0,29.60,腾讯财经
2026-07-15 14:10:05,247.49,245.55,248.56,243.80,30108054,.18,0,29.60,腾讯财经
2026-07-15 14:20:04,247.49,245.55,248.56,243.80,30108054,.18,0,29.60,腾讯财经
2026-07-15 14:30:05,247.49,245.55,248.56,243.80,30108054,.18,0,29.60,腾讯财经
2026-07-15 14:40:04,247.49,245.55,248.56,243.80,30108054,.18,0,29.60,腾讯财经
2026-07-15 14:50:05,247.49,245.55,248.56,243.80,30108054,.18,0,29.60,腾讯财经
2026-07-15 15:00:02,247.49,245.55,248.56,243.80,30108054,.18,0,29.60,腾讯财经
2026-07-15 15:10:04,247.49,245.55,248.56,243.80,30108054,.18,0,29.60,腾讯财经
2026-07-15 15:20:04,247.49,245.55,248.56,243.80,30108054,.18,0,29.60,腾讯财经
2026-07-15 15:30:05,247.49,245.55,248.56,243.80,30108054,.18,0,29.60,腾讯财经
2026-07-15 15:40:05,247.49,245.55,248.56,243.80,30108054,.18,0,29.60,腾讯财经
2026-07-15 15:50:05,247.49,245.55,248.56,243.80,30108054,.18,0,29.60,腾讯财经
2026-07-15 16:00:05,247.49,245.55,248.56,243.80,30108054,.18,0,29.60,腾讯财经
2026-07-15 16:10:00,247.49,245.55,248.56,243.80,30108054,.18,0,29.60,腾讯财经
2026-07-15 16:20:03,247.49,245.55,248.56,243.80,30108054,.18,0,29.60,腾讯财经
2026-07-15 16:30:05,247.49,245.55,248.56,243.80,30108054,.18,0,29.60,腾讯财经
2026-07-15 16:40:05,247.49,245.55,248.56,243.80,30108054,.18,0,29.60,腾讯财经
2026-07-15 16:50:05,247.49,245.55,248.56,243.80,30108054,.18,0,29.60,腾讯财经
2026-07-15 17:00:01,247.49,245.55,248.56,243.80,30108054,.18,0,29.60,腾讯财经
2026-07-15 17:10:02,247.49,245.55,248.56,243.80,30108054,.18,0,29.60,腾讯财经
2026-07-15 17:20:01,247.49,245.55,248.56,243.80,30108054,.18,0,29.60,腾讯财经
2026-07-15 17:30:02,247.49,245.55,248.56,243.80,30108054,.18,0,29.60,腾讯财经
2026-07-15 18:44:39,247.49,245.55,248.56,243.80,30108054,.18,0,29.60,腾讯财经
2026-07-15 18:50:05,247.49,245.55,248.56,243.80,30108054,.18,0,29.60,腾讯财经
2026-07-15 19:00:00,247.49,245.55,248.56,243.80,30108054,.18,0,29.60,腾讯财经
2026-07-15 19:10:05,247.49,245.55,248.56,243.80,30108054,.18,0,29.60,腾讯财经
2026-07-15 19:20:05,247.49,245.55,248.56,243.80,30108054,.18,0,29.60,腾讯财经
2026-07-15 19:30:03,247.49,245.55,248.56,243.80,30108054,.18,0,29.60,腾讯财经
2026-07-15 19:40:03,247.49,245.55,248.56,243.80,30108054,.18,0,29.60,腾讯财经
2026-07-15 19:50:02,247.49,245.55,248.56,243.80,30108054,.18,0,29.60,腾讯财经
2026-07-15 20:00:00,247.49,245.55,248.56,243.80,30108054,.18,0,29.60,腾讯财经
2026-07-15 20:10:05,247.49,245.55,248.56,243.80,30108054,.18,0,29.60,腾讯财经
2026-07-15 20:20:01,247.49,245.55,248.56,243.80,30108054,.18,0,29.60,腾讯财经
2026-07-15 20:30:04,247.49,245.55,248.56,243.80,30108054,.18,0,29.60,腾讯财经
2026-07-15 20:40:00,247.49,245.55,248.56,243.80,30108054,.18,0,29.60,腾讯财经
2026-07-15 20:50:05,247.49,245.55,248.56,243.80,30108054,.18,0,29.60,腾讯财经
2026-07-15 21:00:00,247.49,245.55,248.56,243.80,30108054,.18,0,29.60,腾讯财经
2026-07-15 21:10:05,247.49,245.55,248.56,243.80,30108054,.18,0,29.60,腾讯财经
2026-07-15 21:20:00,247.49,245.55,248.56,243.80,30108054,.18,0,29.60,腾讯财经
2026-07-15 21:30:00,247.49,0.00,0.00,0.00,277315,0,0,29.60,腾讯财经
2026-07-15 21:40:00,251.65,249.97,252.91,249.92,2867599,4.16,1.00,30.10,腾讯财经
2026-07-15 21:50:05,251.42,249.75,252.91,249.92,4123391,3.93,1.00,30.07,腾讯财经
2026-07-15 22:00:04,252.19,249.75,252.91,249.92,5025989,4.70,1.00,30.17,腾讯财经
2026-07-15 22:10:01,253.64,249.75,253.82,249.92,6368305,6.15,2.00,30.34,腾讯财经
2026-07-15 22:20:00,254.60,249.75,254.70,249.92,8149207,7.11,2.00,30.45,腾讯财经
2026-07-15 22:30:00,254.67,249.75,254.97,249.92,9633642,7.18,2.00,30.46,腾讯财经
2026-07-15 22:40:00,255.43,249.75,256.05,249.92,11463683,7.94,3.00,30.55,腾讯财经
2026-07-15 22:50:03,253.62,249.75,256.05,249.92,12855148,6.13,2.00,30.34,腾讯财经
2026-07-15 23:00:00,253.99,249.75,256.05,249.92,13592842,6.50,2.00,30.38,腾讯财经
2026-07-15 23:10:00,254.98,249.75,256.05,249.92,15016636,7.49,3.00,30.50,腾讯财经
2026-07-15 23:20:00,254.79,249.75,256.05,249.92,15936575,7.30,2.00,30.48,腾讯财经
2026-07-15 23:30:00,255.71,249.75,256.20,249.92,17171230,8.22,3.00,30.59,腾讯财经
2026-07-15 23:40:02,255.66,249.75,256.20,249.92,18128672,8.17,3.00,30.58,腾讯财经
2026-07-15 23:50:04,255.28,249.75,256.20,249.92,18834554,7.79,3.00,30.54,腾讯财经
2026-07-16 00:00:00,254.82,249.75,256.20,249.92,19372420,7.33,2.00,30.48,腾讯财经
2026-07-16 00:10:00,255.94,249.75,256.20,249.92,20029254,8.45,3.00,30.61,腾讯财经
2026-07-16 00:20:04,255.87,249.75,256.48,249.92,20804359,8.38,3.00,30.61,腾讯财经
2026-07-16 00:30:00,255.65,249.75,256.48,249.92,21487622,8.16,3.00,30.58,腾讯财经
2026-07-16 00:40:00,256.20,249.75,256.48,249.92,22229035,8.71,3.00,30.65,腾讯财经
2026-07-16 00:50:00,255.47,249.75,256.48,249.92,22998056,7.98,3.00,30.56,腾讯财经
2026-07-16 01:00:01,255.40,249.75,256.48,249.92,23655905,7.91,3.00,30.55,腾讯财经
2026-07-16 01:10:04,255.21,249.75,256.48,249.92,24371532,7.72,3.00,30.53,腾讯财经
2026-07-16 01:20:00,255.20,249.75,256.48,249.92,24894976,7.71,3.00,30.53,腾讯财经
2026-07-16 01:30:00,255.06,249.75,256.48,249.92,25320571,7.57,3.00,30.51,腾讯财经
2026-07-16 01:40:00,255.04,249.75,256.48,249.92,25757206,7.55,3.00,30.51,腾讯财经
2026-07-16 01:50:02,254.86,249.75,256.48,249.92,26146593,7.37,2.00,30.49,腾讯财经
2026-07-16 02:00:00,254.88,249.75,256.48,249.92,26488821,7.39,2.00,30.49,腾讯财经
2026-07-16 02:10:00,254.68,249.75,256.48,249.92,27182870,7.19,2.00,30.46,腾讯财经
2026-07-16 02:20:01,255.09,249.75,256.48,249.92,27665636,7.60,3.00,30.51,腾讯财经
2026-07-16 02:30:04,254.74,249.75,256.48,249.92,28064783,7.25,2.00,30.47,腾讯财经
2026-07-16 02:40:00,254.92,249.75,256.48,249.92,28420443,7.43,3.00,30.49,腾讯财经
2026-07-16 02:50:05,254.40,249.75,256.48,249.92,29080738,6.91,2.00,30.43,腾讯财经
2026-07-16 03:00:02,254.32,249.75,256.48,249.92,29476116,6.83,2.00,30.42,腾讯财经
2026-07-16 03:10:01,254.65,249.75,256.48,249.92,30033570,7.16,2.00,30.46,腾讯财经
2026-07-16 03:20:01,254.42,249.75,256.48,249.92,30759489,6.93,2.00,30.43,腾讯财经
2026-07-16 03:30:00,254.35,249.75,256.48,249.92,31558810,6.86,2.00,30.42,腾讯财经
2026-07-16 03:40:00,254.16,249.75,256.48,249.92,32262733,6.67,2.00,30.40,腾讯财经
2026-07-16 03:50:04,254.40,249.75,256.48,249.92,32988531,6.91,2.00,30.43,腾讯财经
2026-07-16 04:00:00,254.73,249.75,256.48,249.92,35080451,7.24,2.00,30.47,腾讯财经
2026-07-16 04:10:00,254.96,249.75,256.48,249.92,43296406,7.47,3.00,30.50,腾讯财经
2026-07-16 04:20:00,254.96,249.75,256.48,249.75,43617523,7.47,3.00,30.50,腾讯财经
2026-07-16 04:30:00,254.96,249.75,256.48,249.75,43823729,7.47,3.00,30.50,腾讯财经
2026-07-16 04:40:05,254.96,249.75,256.48,249.75,43827211,7.47,3.00,30.50,腾讯财经
2026-07-16 04:50:01,254.96,249.75,256.48,249.75,43836057,7.47,3.00,30.50,腾讯财经
2026-07-16 05:00:00,254.96,249.75,256.48,249.75,43847674,7.47,3.00,30.50,腾讯财经
2026-07-16 05:10:00,254.96,249.75,256.48,249.75,43923948,7.47,3.00,30.50,腾讯财经
2026-07-16 05:20:00,254.96,249.75,256.48,249.75,43934847,7.47,3.00,30.50,腾讯财经
2026-07-16 05:30:05,254.96,249.75,256.48,249.75,45116711,7.47,3.00,30.50,腾讯财经
2026-07-16 05:40:04,254.96,249.75,256.48,249.75,45119572,7.47,3.00,30.50,腾讯财经
2026-07-16 05:50:02,254.96,249.75,256.48,249.75,45121455,7.47,3.00,30.50,腾讯财经
2026-07-16 06:00:00,254.96,249.75,256.48,249.75,45133985,7.47,3.00,30.50,腾讯财经
2026-07-16 06:10:04,254.96,249.75,256.48,249.75,45160831,7.47,3.00,30.50,腾讯财经
2026-07-16 06:20:02,254.96,249.75,256.48,249.75,45170968,7.47,3.00,30.50,腾讯财经
2026-07-16 06:30:04,254.96,249.75,256.48,249.75,45182063,7.47,3.00,30.50,腾讯财经
2026-07-16 06:40:05,254.96,249.75,256.48,249.75,45185376,7.47,3.00,30.50,腾讯财经
2026-07-16 06:50:01,254.96,249.75,256.48,249.75,45193369,7.47,3.00,30.50,腾讯财经
2026-07-16 07:00:02,254.96,249.75,256.48,249.75,45203022,7.47,3.00,30.50,腾讯财经
2026-07-16 07:10:00,254.96,249.75,256.48,249.75,45210187,7.47,3.00,30.50,腾讯财经
2026-07-16 07:20:00,254.96,249.75,256.48,249.75,45213383,7.47,3.00,30.50,腾讯财经
2026-07-16 07:30:00,254.96,249.75,256.48,249.75,45228176,7.47,3.00,30.50,腾讯财经
2026-07-16 08:40:00,254.96,249.75,256.48,249.75,45240622,7.47,3.00,30.50,腾讯财经
2026-07-16 08:50:00,254.96,249.75,256.48,249.75,45240622,7.47,3.00,30.50,腾讯财经
2026-07-16 09:00:00,254.96,249.75,256.48,249.75,45240622,7.47,3.00,30.50,腾讯财经
2026-07-16 09:10:04,254.96,249.75,256.48,249.75,45240622,7.47,3.00,30.50,腾讯财经
2026-07-16 09:20:00,254.96,249.75,256.48,249.75,45240622,7.47,3.00,30.50,腾讯财经
2026-07-16 09:30:05,254.96,249.75,256.48,249.75,45240622,7.47,3.00,30.50,腾讯财经
2026-07-16 09:40:00,254.96,249.75,256.48,249.75,45240622,7.47,3.00,30.50,腾讯财经
2026-07-16 09:50:00,254.96,249.75,256.48,249.75,45240622,7.47,3.00,30.50,腾讯财经
2026-07-16 10:00:00,254.96,249.75,256.48,249.75,45240622,7.47,3.00,30.50,腾讯财经
2026-07-16 10:10:01,254.96,249.75,256.48,249.75,45240622,7.47,3.00,30.50,腾讯财经
2026-07-16 10:20:00,254.96,249.75,256.48,249.75,45240622,7.47,3.00,30.50,腾讯财经
2026-07-16 10:30:01,254.96,249.75,256.48,249.75,45240622,7.47,3.00,30.50,腾讯财经
2026-07-16 10:40:05,254.96,249.75,256.48,249.75,45240622,7.47,3.00,30.50,腾讯财经
2026-07-16 10:50:03,254.96,249.75,256.48,249.75,45240622,7.47,3.00,30.50,腾讯财经
2026-07-16 11:00:02,254.96,249.75,256.48,249.75,45240622,7.47,3.00,30.50,腾讯财经
2026-07-16 11:10:05,254.96,249.75,256.48,249.75,45240622,7.47,3.00,30.50,腾讯财经
2026-07-16 11:20:00,254.96,249.75,256.48,249.75,45240622,7.47,3.00,30.50,腾讯财经
2026-07-16 11:30:00,254.96,249.75,256.48,249.75,45240622,7.47,3.00,30.50,腾讯财经
2026-07-16 11:40:00,254.96,249.75,256.48,249.75,45240622,7.47,3.00,30.50,腾讯财经
2026-07-16 11:50:03,254.96,249.75,256.48,249.75,45240622,7.47,3.00,30.50,腾讯财经
2026-07-16 12:00:01,254.96,249.75,256.48,249.75,45240622,7.47,3.00,30.50,腾讯财经
2026-07-16 12:10:00,254.96,249.75,256.48,249.75,45240622,7.47,3.00,30.50,腾讯财经
2026-07-16 12:20:00,254.96,249.75,256.48,249.75,45240622,7.47,3.00,30.50,腾讯财经
2026-07-16 12:30:02,254.96,249.75,256.48,249.75,45240622,7.47,3.00,30.50,腾讯财经
2026-07-16 12:40:05,254.96,249.75,256.48,249.75,45240622,7.47,3.00,30.50,腾讯财经
2026-07-16 12:50:00,254.96,249.75,256.48,249.75,45240622,7.47,3.00,30.50,腾讯财经
2026-07-16 13:00:02,254.96,249.75,256.48,249.75,45240622,7.47,3.00,30.50,腾讯财经
2026-07-16 13:10:00,254.96,249.75,256.48,249.75,45240622,7.47,3.00,30.50,腾讯财经
2026-07-16 13:20:03,254.96,249.75,256.48,249.75,45240622,7.47,3.00,30.50,腾讯财经
2026-07-16 13:30:04,254.96,249.75,256.48,249.75,45240622,7.47,3.00,30.50,腾讯财经
2026-07-16 13:40:00,254.96,249.75,256.48,249.75,45240622,7.47,3.00,30.50,腾讯财经
2026-07-16 13:50:01,254.96,249.75,256.48,249.75,45240622,7.47,3.00,30.50,腾讯财经
2026-07-16 14:00:03,254.96,249.75,256.48,249.75,45240622,7.47,3.00,30.50,腾讯财经
2026-07-16 14:10:02,254.96,249.75,256.48,249.75,45240622,7.47,3.00,30.50,腾讯财经
2026-07-16 14:20:01,254.96,249.75,256.48,249.75,45240622,7.47,3.00,30.50,腾讯财经
2026-07-16 14:30:00,254.96,249.75,256.48,249.75,45240622,7.47,3.00,30.50,腾讯财经
2026-07-16 14:40:00,254.96,249.75,256.48,249.75,45240622,7.47,3.00,30.50,腾讯财经
2026-07-16 14:50:03,254.96,249.75,256.48,249.75,45240622,7.47,3.00,30.50,腾讯财经
2026-07-16 15:00:04,254.96,249.75,256.48,249.75,45240622,7.47,3.00,30.50,腾讯财经
2026-07-16 15:10:00,254.96,249.75,256.48,249.75,45240622,7.47,3.00,30.50,腾讯财经
2026-07-16 15:20:00,254.96,249.75,256.48,249.75,45240622,7.47,3.00,30.50,腾讯财经
2026-07-16 15:30:04,254.96,249.75,256.48,249.75,45240622,7.47,3.00,30.50,腾讯财经
2026-07-16 15:40:02,254.96,249.75,256.48,249.75,45240622,7.47,3.00,30.50,腾讯财经
2026-07-16 15:50:02,254.96,249.75,256.48,249.75,45240622,7.47,3.00,30.50,腾讯财经
2026-07-16 16:00:03,254.96,249.75,256.48,249.75,45240622,7.47,3.00,30.50,腾讯财经
2026-07-16 16:10:00,254.96,249.75,256.48,249.75,45240622,7.47,3.00,30.50,腾讯财经
2026-07-16 16:20:00,254.96,249.75,256.48,249.75,45240622,7.47,3.00,30.50,腾讯财经
2026-07-16 16:30:04,254.96,249.75,256.48,249.75,45240622,7.47,3.00,30.50,腾讯财经
2026-07-16 16:40:00,254.96,249.75,256.48,249.75,45240622,7.47,3.00,30.50,腾讯财经
2026-07-16 16:50:00,254.96,249.75,256.48,249.75,45240622,7.47,3.00,30.50,腾讯财经
2026-07-16 17:00:05,254.96,249.75,256.48,249.75,45240622,7.47,3.00,30.50,腾讯财经
2026-07-16 17:10:04,254.96,249.75,256.48,249.75,45240622,7.47,3.00,30.50,腾讯财经
2026-07-16 17:20:03,254.96,249.75,256.48,249.75,45240622,7.47,3.00,30.50,腾讯财经
2026-07-16 17:30:01,254.96,249.75,256.48,249.75,45240622,7.47,3.00,30.50,腾讯财经
2026-07-16 18:44:02,254.96,249.75,256.48,249.75,45240622,7.47,3.00,30.50,腾讯财经
2026-07-16 18:50:03,254.96,249.75,256.48,249.75,45240622,7.47,3.00,30.50,腾讯财经
2026-07-16 19:00:00,254.96,249.75,256.48,249.75,45240622,7.47,3.00,30.50,腾讯财经
2026-07-16 19:10:00,254.96,249.75,256.48,249.75,45240622,7.47,3.00,30.50,腾讯财经
2026-07-16 19:20:04,254.96,249.75,256.48,249.75,45240622,7.47,3.00,30.50,腾讯财经
2026-07-16 19:30:01,254.96,249.75,256.48,249.75,45240622,7.47,3.00,30.50,腾讯财经
2026-07-16 19:40:04,254.96,249.75,256.48,249.75,45240622,7.47,3.00,30.50,腾讯财经
2026-07-16 19:50:00,254.96,249.75,256.48,249.75,45240622,7.47,3.00,30.50,腾讯财经
2026-07-16 20:00:04,254.96,249.75,256.48,249.75,45240622,7.47,3.00,30.50,腾讯财经
2026-07-16 20:10:00,254.96,249.75,256.48,249.75,45240622,7.47,3.00,30.50,腾讯财经
2026-07-16 20:20:04,254.96,249.75,256.48,249.75,45240622,7.47,3.00,30.50,腾讯财经
2026-07-16 20:30:04,254.96,249.75,256.48,249.75,45240622,7.47,3.00,30.50,腾讯财经
2026-07-16 20:40:01,254.96,249.75,256.48,249.75,45240622,7.47,3.00,30.50,腾讯财经
2026-07-16 20:50:00,254.96,249.75,256.48,249.75,45240622,7.47,3.00,30.50,腾讯财经
2026-07-16 21:00:00,254.96,249.75,256.48,249.75,45240622,7.47,3.00,30.50,腾讯财经
2026-07-16 21:10:02,254.96,249.75,256.48,249.75,45240622,7.47,3.00,30.50,腾讯财经
2026-07-16 21:20:01,254.96,249.75,256.48,249.75,45240622,7.47,3.00,30.50,腾讯财经
2026-07-16 21:30:02,254.96,0.00,0.00,0.00,712072,0,0,30.50,腾讯财经
2026-07-16 21:40:00,253.83,255.39,258.08,252.62,3511957,-1.13,0,30.36,腾讯财经
2026-07-16 21:50:00,253.93,255.12,258.08,252.62,4626359,-1.03,0,30.37,腾讯财经
2026-07-16 22:00:00,254.25,255.12,258.08,252.62,5472896,-.71,0,30.41,腾讯财经
2026-07-16 22:10:00,253.69,255.12,258.08,252.62,6530761,-1.27,0,30.35,腾讯财经
2026-07-16 22:20:04,254.87,255.12,258.08,252.62,7238120,-.09,0,30.49,腾讯财经
2026-07-16 22:30:00,255.40,255.12,258.08,252.62,8083067,.44,0,30.55,腾讯财经
2026-07-16 22:40:00,256.39,255.12,258.08,252.62,9442517,1.43,0,30.67,腾讯财经
2026-07-16 22:50:02,256.15,255.12,258.08,252.62,10621088,1.19,0,30.64,腾讯财经
2026-07-16 23:00:05,254.91,255.12,258.08,252.62,11415284,-.05,0,30.49,腾讯财经
2026-07-16 23:10:00,255.50,255.12,258.08,252.62,12109973,.54,0,30.56,腾讯财经
2026-07-16 23:20:00,255.46,255.12,258.08,252.62,12650830,.50,0,30.56,腾讯财经
2026-07-16 23:30:01,255.73,255.12,258.08,252.62,13339428,.77,0,30.59,腾讯财经
2026-07-16 23:40:03,255.78,255.12,258.08,252.62,13735397,.82,0,30.60,腾讯财经
2026-07-16 23:50:02,255.55,255.12,258.08,252.62,14205428,.59,0,30.57,腾讯财经
2026-07-17 00:00:00,256.24,255.12,258.08,252.62,14757447,1.28,0,30.65,腾讯财经
2026-07-17 00:10:03,256.19,255.12,258.08,252.62,15859196,1.23,0,30.64,腾讯财经
2026-07-17 00:20:00,256.03,255.12,258.08,252.62,16327855,1.07,0,30.63,腾讯财经
2026-07-17 00:30:00,255.75,255.12,258.08,252.62,16994214,.79,0,30.59,腾讯财经
2026-07-17 00:40:04,255.42,255.12,258.08,252.62,17526186,.46,0,30.55,腾讯财经
2026-07-17 00:50:00,255.99,255.12,258.08,252.62,18584571,1.03,0,30.62,腾讯财经
2026-07-17 01:00:02,255.93,255.12,258.08,252.62,19182475,.97,0,30.61,腾讯财经
2026-07-17 01:10:00,256.11,255.12,258.08,252.62,19780630,1.15,0,30.64,腾讯财经
2026-07-17 01:20:00,256.58,255.12,258.08,252.62,20288117,1.62,0,30.69,腾讯财经
2026-07-17 01:30:00,256.38,255.12,258.08,252.62,20793266,1.42,0,30.67,腾讯财经
2026-07-17 01:40:00,255.34,255.12,258.08,252.62,21376652,.38,0,30.54,腾讯财经
2026-07-17 01:50:00,255.96,255.12,258.08,252.62,22230218,1.00,0,30.62,腾讯财经
2026-07-17 02:00:02,254.75,255.12,258.08,252.62,23052492,-.21,0,30.47,腾讯财经
2026-07-17 02:10:00,254.64,255.12,258.08,252.62,23900805,-.32,0,30.46,腾讯财经
2026-07-17 02:20:00,253.56,255.12,258.08,252.62,24481242,-1.40,0,30.33,腾讯财经
2026-07-17 02:30:00,252.86,255.12,258.08,252.14,25192720,-2.10,0,30.25,腾讯财经
2026-07-17 02:40:05,252.20,255.12,258.08,252.11,25964784,-2.76,-1.00,30.17,腾讯财经
2026-07-17 02:50:04,252.98,255.12,258.08,251.90,26956944,-1.98,0,30.26,腾讯财经
2026-07-17 03:00:00,253.36,255.12,258.08,251.90,27420491,-1.60,0,30.31,腾讯财经
2026-07-17 03:10:01,252.44,255.12,258.08,251.90,28140549,-2.52,0,30.20,腾讯财经
2026-07-17 03:20:00,251.47,255.12,258.08,251.41,28959226,-3.49,-1.00,30.08,腾讯财经
2026-07-17 03:30:00,251.67,255.12,258.08,251.41,29901382,-3.29,-1.00,30.10,腾讯财经
2026-07-17 03:40:02,252.00,255.12,258.08,251.11,30938595,-2.96,-1.00,30.14,腾讯财经
2026-07-17 03:50:02,248.48,255.12,258.08,248.26,32833043,-6.48,-2.00,29.72,腾讯财经
2026-07-17 04:00:00,249.82,255.12,258.08,248.00,36000280,-5.14,-2.00,29.88,腾讯财经
2026-07-17 04:10:05,249.89,255.12,258.08,248.00,44630170,-5.07,-1.00,29.89,腾讯财经
2026-07-17 04:20:04,249.89,255.12,258.08,248.00,44729506,-5.07,-1.00,29.89,腾讯财经
2026-07-17 04:30:00,249.89,255.12,258.08,248.00,44690879,-5.07,-1.00,29.89,腾讯财经
2026-07-17 04:40:00,249.89,255.12,258.08,248.00,45027222,-5.07,-1.00,29.89,腾讯财经
2026-07-17 04:50:00,249.89,255.12,258.08,248.00,45036510,-5.07,-1.00,29.89,腾讯财经
2026-07-17 05:00:03,249.89,255.12,258.08,248.00,45047589,-5.07,-1.00,29.89,腾讯财经
2026-07-17 05:10:00,249.89,255.12,258.08,248.00,45054745,-5.07,-1.00,29.89,腾讯财经
2026-07-17 05:20:00,249.89,255.12,258.08,248.00,45059588,-5.07,-1.00,29.89,腾讯财经
2026-07-17 05:30:05,249.89,255.12,258.08,248.00,45205913,-5.07,-1.00,29.89,腾讯财经
2026-07-17 05:40:00,249.89,255.12,258.08,248.00,45211659,-5.07,-1.00,29.89,腾讯财经
2026-07-17 05:50:00,249.89,255.12,258.08,248.00,45217300,-5.07,-1.00,29.89,腾讯财经
2026-07-17 06:00:05,249.89,255.12,258.08,248.00,45226658,-5.07,-1.00,29.89,腾讯财经
2026-07-17 06:10:01,249.89,255.12,258.08,248.00,45232326,-5.07,-1.00,29.89,腾讯财经
2026-07-17 06:20:02,249.89,255.12,258.08,248.00,45238508,-5.07,-1.00,29.89,腾讯财经
2026-07-17 06:30:00,249.89,255.12,258.08,248.00,45242957,-5.07,-1.00,29.89,腾讯财经
2026-07-17 06:40:00,249.89,255.12,258.08,248.00,45247226,-5.07,-1.00,29.89,腾讯财经
2026-07-17 06:50:00,249.89,255.12,258.08,248.00,45273370,-5.07,-1.00,29.89,腾讯财经
2026-07-17 07:00:00,249.89,255.12,258.08,248.00,45283037,-5.07,-1.00,29.89,腾讯财经
2026-07-17 07:10:04,249.89,255.12,258.08,248.00,45294018,-5.07,-1.00,29.89,腾讯财经
2026-07-17 07:20:04,249.89,255.12,258.08,248.00,45300472,-5.07,-1.00,29.89,腾讯财经
2026-07-17 07:30:00,249.89,255.12,258.08,248.00,45309665,-5.07,-1.00,29.89,腾讯财经
2026-07-17 07:40:03,249.89,255.12,258.08,248.00,45321479,-5.07,-1.00,29.89,腾讯财经
2026-07-17 07:50:01,249.89,255.12,258.08,248.00,45334213,-5.07,-1.00,29.89,腾讯财经
2026-07-17 08:36:38,249.89,255.12,258.08,248.00,45343709,-5.07,-1.00,29.89,腾讯财经
2026-07-17 08:40:05,249.89,255.12,258.08,248.00,45343709,-5.07,-1.00,29.89,腾讯财经
2026-07-17 08:50:00,249.89,255.12,258.08,248.00,45343709,-5.07,-1.00,29.89,腾讯财经
2026-07-17 09:00:05,249.89,255.12,258.08,248.00,45343709,-5.07,-1.00,29.89,腾讯财经
2026-07-17 09:10:05,249.89,255.12,258.08,248.00,45343709,-5.07,-1.00,29.89,腾讯财经
2026-07-17 09:20:05,249.89,255.12,258.08,248.00,45343709,-5.07,-1.00,29.89,腾讯财经
2026-07-17 09:30:03,249.89,255.12,258.08,248.00,45343709,-5.07,-1.00,29.89,腾讯财经
2026-07-17 09:40:00,249.89,255.12,258.08,248.00,45343709,-5.07,-1.00,29.89,腾讯财经
2026-07-17 09:50:03,249.89,255.12,258.08,248.00,45343709,-5.07,-1.00,29.89,腾讯财经
2026-07-17 10:00:01,249.89,255.12,258.08,248.00,45343709,-5.07,-1.00,29.89,腾讯财经
2026-07-17 10:10:00,249.89,255.12,258.08,248.00,45343709,-5.07,-1.00,29.89,腾讯财经
2026-07-17 10:20:01,249.89,255.12,258.08,248.00,45343709,-5.07,-1.00,29.89,腾讯财经
2026-07-17 10:30:03,249.89,255.12,258.08,248.00,45343709,-5.07,-1.00,29.89,腾讯财经
2026-07-17 10:40:01,249.89,255.12,258.08,248.00,45343709,-5.07,-1.00,29.89,腾讯财经
2026-07-17 10:50:01,249.89,255.12,258.08,248.00,45343709,-5.07,-1.00,29.89,腾讯财经
2026-07-17 11:00:00,249.89,255.12,258.08,248.00,45343709,-5.07,-1.00,29.89,腾讯财经
2026-07-17 11:10:03,249.89,255.12,258.08,248.00,45343709,-5.07,-1.00,29.89,腾讯财经
2026-07-17 11:20:00,249.89,255.12,258.08,248.00,45343709,-5.07,-1.00,29.89,腾讯财经
2026-07-17 11:30:04,249.89,255.12,258.08,248.00,45343709,-5.07,-1.00,29.89,腾讯财经
2026-07-17 11:40:05,249.89,255.12,258.08,248.00,45343709,-5.07,-1.00,29.89,腾讯财经
2026-07-17 11:50:00,249.89,255.12,258.08,248.00,45343709,-5.07,-1.00,29.89,腾讯财经
2026-07-17 12:00:00,249.89,255.12,258.08,248.00,45343709,-5.07,-1.00,29.89,腾讯财经
2026-07-17 12:10:00,249.89,255.12,258.08,248.00,45343709,-5.07,-1.00,29.89,腾讯财经
2026-07-17 12:20:00,249.89,255.12,258.08,248.00,45343709,-5.07,-1.00,29.89,腾讯财经
2026-07-17 12:30:00,249.89,255.12,258.08,248.00,45343709,-5.07,-1.00,29.89,腾讯财经
2026-07-17 12:40:03,249.89,255.12,258.08,248.00,45343709,-5.07,-1.00,29.89,腾讯财经
2026-07-17 12:50:02,249.89,255.12,258.08,248.00,45343709,-5.07,-1.00,29.89,腾讯财经
2026-07-17 13:00:00,249.89,255.12,258.08,248.00,45343709,-5.07,-1.00,29.89,腾讯财经
2026-07-17 13:10:00,249.89,255.12,258.08,248.00,45343709,-5.07,-1.00,29.89,腾讯财经
2026-07-17 13:20:02,249.89,255.12,258.08,248.00,45343709,-5.07,-1.00,29.89,腾讯财经
2026-07-17 13:30:00,249.89,255.12,258.08,248.00,45343709,-5.07,-1.00,29.89,腾讯财经
2026-07-17 13:40:00,249.89,255.12,258.08,248.00,45343709,-5.07,-1.00,29.89,腾讯财经
2026-07-17 13:50:04,249.89,255.12,258.08,248.00,45343709,-5.07,-1.00,29.89,腾讯财经
2026-07-17 14:00:00,249.89,255.12,258.08,248.00,45343709,-5.07,-1.00,29.89,腾讯财经
2026-07-17 14:10:00,249.89,255.12,258.08,248.00,45343709,-5.07,-1.00,29.89,腾讯财经
2026-07-17 14:20:00,249.89,255.12,258.08,248.00,45343709,-5.07,-1.00,29.89,腾讯财经
2026-07-17 14:30:00,249.89,255.12,258.08,248.00,45343709,-5.07,-1.00,29.89,腾讯财经
2026-07-17 14:40:00,249.89,255.12,258.08,248.00,45343709,-5.07,-1.00,29.89,腾讯财经
2026-07-17 14:50:03,249.89,255.12,258.08,248.00,45343709,-5.07,-1.00,29.89,腾讯财经
2026-07-17 15:00:00,249.89,255.12,258.08,248.00,45343709,-5.07,-1.00,29.89,腾讯财经
2026-07-17 15:10:00,249.89,255.12,258.08,248.00,45343709,-5.07,-1.00,29.89,腾讯财经
2026-07-17 15:20:00,249.89,255.12,258.08,248.00,45343709,-5.07,-1.00,29.89,腾讯财经
2026-07-17 15:30:02,249.89,255.12,258.08,248.00,45343709,-5.07,-1.00,29.89,腾讯财经
2026-07-17 15:40:02,249.89,255.12,258.08,248.00,45343709,-5.07,-1.00,29.89,腾讯财经
2026-07-17 15:50:00,249.89,255.12,258.08,248.00,45343709,-5.07,-1.00,29.89,腾讯财经
2026-07-17 16:00:03,249.89,255.12,258.08,248.00,45343709,-5.07,-1.00,29.89,腾讯财经
2026-07-17 16:10:00,249.89,255.12,258.08,248.00,45343709,-5.07,-1.00,29.89,腾讯财经
2026-07-17 16:20:00,249.89,255.12,258.08,248.00,45343709,-5.07,-1.00,29.89,腾讯财经
2026-07-17 16:30:04,249.89,255.12,258.08,248.00,45343709,-5.07,-1.00,29.89,腾讯财经
2026-07-17 16:40:00,249.89,255.12,258.08,248.00,45343709,-5.07,-1.00,29.89,腾讯财经
2026-07-17 16:50:00,249.89,255.12,258.08,248.00,45343709,-5.07,-1.00,29.89,腾讯财经
2026-07-17 17:00:00,249.89,255.12,258.08,248.00,45343709,-5.07,-1.00,29.89,腾讯财经
2026-07-17 17:10:00,249.89,255.12,258.08,248.00,45343709,-5.07,-1.00,29.89,腾讯财经
2026-07-17 17:20:01,249.89,255.12,258.08,248.00,45343709,-5.07,-1.00,29.89,腾讯财经
2026-07-17 17:30:00,249.89,255.12,258.08,248.00,45343709,-5.07,-1.00,29.89,腾讯财经
2026-07-17 19:23:14,249.89,255.12,258.08,248.00,45343709,-5.07,-1.00,29.89,腾讯财经
2026-07-17 19:30:02,249.89,255.12,258.08,248.00,45343709,-5.07,-1.00,29.89,腾讯财经
2026-07-17 19:40:00,249.89,255.12,258.08,248.00,45343709,-5.07,-1.00,29.89,腾讯财经
2026-07-17 19:50:03,249.89,255.12,258.08,248.00,45343709,-5.07,-1.00,29.89,腾讯财经
2026-07-17 20:00:00,249.89,255.12,258.08,248.00,45343709,-5.07,-1.00,29.89,腾讯财经
2026-07-17 20:10:04,249.89,255.12,258.08,248.00,45343709,-5.07,-1.00,29.89,腾讯财经
2026-07-17 20:20:05,249.89,255.12,258.08,248.00,45343709,-5.07,-1.00,29.89,腾讯财经
2026-07-17 20:30:04,249.89,255.12,258.08,248.00,45343709,-5.07,-1.00,29.89,腾讯财经
2026-07-17 20:40:00,249.89,255.12,258.08,248.00,45343709,-5.07,-1.00,29.89,腾讯财经
2026-07-17 20:50:03,249.89,255.12,258.08,248.00,45343709,-5.07,-1.00,29.89,腾讯财经
2026-07-17 21:00:05,249.89,255.12,258.08,248.00,45343709,-5.07,-1.00,29.89,腾讯财经
2026-07-17 21:10:04,249.89,255.12,258.08,248.00,45343709,-5.07,-1.00,29.89,腾讯财经
2026-07-17 21:20:03,249.89,255.12,258.08,248.00,45343709,-5.07,-1.00,29.89,腾讯财经
2026-07-17 21:30:00,249.89,0.00,0.00,0.00,977379,0,0,29.89,腾讯财经
2026-07-17 21:40:02,247.11,244.70,247.29,243.59,6487950,-2.78,-1.00,29.56,腾讯财经
2026-07-17 21:50:03,246.06,244.46,247.76,243.59,8047347,-3.83,-1.00,29.43,腾讯财经
2026-07-17 22:00:05,247.99,244.46,248.32,243.59,10193249,-1.90,0,29.66,腾讯财经
2026-07-17 22:10:04,247.64,244.46,248.86,243.59,12260208,-2.25,0,29.62,腾讯财经
2026-07-17 22:20:03,247.96,244.46,248.86,243.59,13728901,-1.93,0,29.66,腾讯财经
2026-07-17 22:30:00,248.65,244.46,248.94,243.59,14903350,-1.24,0,29.74,腾讯财经
2026-07-17 22:40:04,249.27,244.46,249.27,243.59,15598280,-.62,0,29.82,腾讯财经
2026-07-17 22:50:03,249.38,244.46,250.24,243.59,16582823,-.51,0,29.83,腾讯财经
2026-07-17 23:00:00,248.75,244.46,250.24,243.59,17147585,-1.14,0,29.75,腾讯财经
2026-07-17 23:10:02,248.68,244.46,250.24,243.59,17661147,-1.21,0,29.75,腾讯财经
2026-07-17 23:20:03,248.91,244.46,250.24,243.59,18206946,-.98,0,29.77,腾讯财经
2026-07-17 23:30:01,248.61,244.46,250.24,243.59,19061643,-1.28,0,29.74,腾讯财经
2026-07-17 23:40:00,248.59,244.46,250.24,243.59,19601245,-1.30,0,29.74,腾讯财经
2026-07-17 23:50:03,248.47,244.46,250.24,243.59,20057729,-1.42,0,29.72,腾讯财经
2026-07-18 00:00:02,248.72,244.46,250.24,243.59,20366141,-1.17,0,29.75,腾讯财经
2026-07-18 00:10:00,247.78,244.46,250.24,243.59,21243343,-2.11,0,29.64,腾讯财经
2026-07-18 00:20:03,248.24,244.46,250.24,243.59,21682594,-1.65,0,29.69,腾讯财经
2026-07-18 00:30:04,248.27,244.46,250.24,243.59,22181519,-1.62,0,29.70,腾讯财经
2026-07-18 00:40:00,248.52,244.46,250.24,243.59,22526823,-1.37,0,29.73,腾讯财经
2026-07-18 00:50:05,248.91,244.46,250.24,243.59,23017055,-.98,0,29.77,腾讯财经
2026-07-18 01:00:00,248.96,244.46,250.24,243.59,23370195,-.93,0,29.78,腾讯财经
2026-07-18 01:10:03,248.70,244.46,250.24,243.59,23892368,-1.19,0,29.75,腾讯财经
2026-07-18 01:20:03,248.54,244.46,250.24,243.59,24214461,-1.35,0,29.73,腾讯财经
2026-07-18 01:30:03,248.73,244.46,250.24,243.59,24681521,-1.16,0,29.75,腾讯财经
2026-07-18 01:40:01,248.24,244.46,250.24,243.59,25115296,-1.65,0,29.69,腾讯财经
2026-07-18 01:50:03,247.60,244.46,250.24,243.59,25545117,-2.29,0,29.62,腾讯财经
2026-07-18 02:00:00,247.60,244.46,250.24,243.59,26033797,-2.29,0,29.62,腾讯财经
2026-07-18 02:10:00,247.44,244.46,250.24,243.59,26517628,-2.45,0,29.60,腾讯财经
2026-07-18 02:20:03,247.55,244.46,250.24,243.59,26935155,-2.34,0,29.61,腾讯财经
2026-07-18 02:30:00,247.64,244.46,250.24,243.59,27177803,-2.25,0,29.62,腾讯财经
2026-07-18 02:40:00,247.58,244.46,250.24,243.59,27426790,-2.31,0,29.61,腾讯财经
2026-07-18 02:50:03,247.58,244.46,250.24,243.59,27746225,-2.31,0,29.61,腾讯财经
2026-07-18 03:00:00,247.82,244.46,250.24,243.59,28078012,-2.07,0,29.64,腾讯财经
2026-07-18 03:10:03,247.89,244.46,250.24,243.59,28578830,-2.00,0,29.65,腾讯财经
2026-07-18 03:20:03,247.40,244.46,250.24,243.59,29246572,-2.49,0,29.59,腾讯财经
2026-07-18 03:30:00,247.22,244.46,250.24,243.59,29829853,-2.67,-1.00,29.57,腾讯财经
2026-07-18 03:40:05,246.87,244.46,250.24,243.59,30571826,-3.02,-1.00,29.53,腾讯财经
2026-07-18 03:50:03,247.23,244.46,250.24,243.59,31262275,-2.66,-1.00,29.57,腾讯财经
2026-07-18 04:00:00,247.46,244.46,250.24,243.59,33719012,-2.43,0,29.60,腾讯财经
2026-07-18 04:10:00,247.23,244.46,250.24,243.59,41694689,-2.66,-1.00,29.57,腾讯财经
2026-07-18 04:20:03,247.27,244.46,250.24,243.59,42046349,-2.62,-1.00,29.58,腾讯财经
2026-07-18 04:30:00,247.27,244.46,250.24,243.59,42085573,-2.62,-1.00,29.58,腾讯财经
2026-07-18 04:40:00,247.23,244.46,250.24,243.59,42089819,-2.66,-1.00,29.57,腾讯财经
2026-07-18 04:50:03,247.23,244.46,250.24,243.59,42261294,-2.66,-1.00,29.57,腾讯财经
2026-07-18 05:10:00,247.23,244.46,250.24,243.59,42269467,-2.66,-1.00,29.57,腾讯财经
2026-07-18 05:20:03,247.23,244.46,250.24,243.59,43488211,-2.66,-1.00,29.57,腾讯财经
2026-07-18 05:30:03,247.23,244.46,250.24,243.59,43494065,-2.66,-1.00,29.57,腾讯财经
2026-07-18 05:40:00,247.23,244.46,250.24,243.59,43495455,-2.66,-1.00,29.57,腾讯财经
2026-07-18 05:50:03,247.23,244.46,250.24,243.59,43504023,-2.66,-1.00,29.57,腾讯财经
2026-07-18 06:00:03,247.23,244.46,250.24,243.59,43510750,-2.66,-1.00,29.57,腾讯财经
2026-07-18 06:10:05,247.23,244.46,250.24,243.59,43513480,-2.66,-1.00,29.57,腾讯财经
2026-07-18 06:20:03,247.23,244.46,250.24,243.59,43529491,-2.66,-1.00,29.57,腾讯财经
2026-07-18 06:30:00,247.23,244.46,250.24,243.59,43531414,-2.66,-1.00,29.57,腾讯财经
2026-07-18 06:40:02,247.23,244.46,250.24,243.59,43533402,-2.66,-1.00,29.57,腾讯财经
2026-07-18 06:50:04,247.23,244.46,250.24,243.59,43536267,-2.66,-1.00,29.57,腾讯财经
2026-07-18 07:00:00,247.23,244.46,250.24,243.59,43546499,-2.66,-1.00,29.57,腾讯财经
2026-07-18 07:10:00,247.23,244.46,250.24,243.59,43548449,-2.66,-1.00,29.57,腾讯财经
2026-07-18 07:20:03,247.23,244.46,250.24,243.59,43549932,-2.66,-1.00,29.57,腾讯财经
2026-07-18 07:30:02,247.23,244.46,250.24,243.59,43551786,-2.66,-1.00,29.57,腾讯财经
2026-07-18 07:40:04,247.23,244.46,250.24,243.59,43554228,-2.66,-1.00,29.57,腾讯财经
2026-07-18 07:50:03,247.23,244.46,250.24,243.59,43568534,-2.66,-1.00,29.57,腾讯财经
2026-07-18 08:00:00,247.23,244.46,250.24,243.59,43572086,-2.66,-1.00,29.57,腾讯财经
2026-07-18 08:10:05,247.23,244.46,250.24,243.59,43572361,-2.66,-1.00,29.57,腾讯财经
2026-07-18 08:20:03,247.23,244.46,250.24,243.59,43572361,-2.66,-1.00,29.57,腾讯财经
2026-07-18 08:30:00,247.23,244.46,250.24,243.59,43572361,-2.66,-1.00,29.57,腾讯财经
2026-07-18 08:40:00,247.23,244.46,250.24,243.59,43572361,-2.66,-1.00,29.57,腾讯财经
2026-07-18 08:50:03,247.23,244.46,250.24,243.59,43572361,-2.66,-1.00,29.57,腾讯财经
2026-07-18 09:00:00,247.23,244.46,250.24,243.59,43572361,-2.66,-1.00,29.57,腾讯财经
2026-07-18 09:10:00,247.23,244.46,250.24,243.59,43572361,-2.66,-1.00,29.57,腾讯财经
2026-07-18 09:20:05,247.23,244.46,250.24,243.59,43572361,-2.66,-1.00,29.57,腾讯财经
2026-07-18 09:30:00,247.23,244.46,250.24,243.59,43572361,-2.66,-1.00,29.57,腾讯财经
2026-07-18 09:40:03,247.23,244.46,250.24,243.59,43572361,-2.66,-1.00,29.57,腾讯财经
2026-07-18 09:50:03,247.23,244.46,250.24,243.59,43572361,-2.66,-1.00,29.57,腾讯财经
2026-07-18 10:00:04,247.23,244.46,250.24,243.59,43572361,-2.66,-1.00,29.57,腾讯财经
2026-07-18 10:10:00,247.23,244.46,250.24,243.59,43572361,-2.66,-1.00,29.57,腾讯财经
2026-07-18 10:20:03,247.23,244.46,250.24,243.59,43572361,-2.66,-1.00,29.57,腾讯财经
2026-07-18 10:30:05,247.23,244.46,250.24,243.59,43572361,-2.66,-1.00,29.57,腾讯财经
2026-07-18 10:40:01,247.23,244.46,250.24,243.59,43572361,-2.66,-1.00,29.57,腾讯财经
2026-07-18 10:50:03,247.23,244.46,250.24,243.59,43572361,-2.66,-1.00,29.57,腾讯财经
2026-07-18 11:00:00,247.23,244.46,250.24,243.59,43572361,-2.66,-1.00,29.57,腾讯财经
2026-07-18 11:10:00,247.23,244.46,250.24,243.59,43572361,-2.66,-1.00,29.57,腾讯财经
2026-07-18 11:20:03,247.23,244.46,250.24,243.59,43572361,-2.66,-1.00,29.57,腾讯财经
2026-07-18 11:30:05,247.23,244.46,250.24,243.59,43572361,-2.66,-1.00,29.57,腾讯财经
2026-07-18 11:40:02,247.23,244.46,250.24,243.59,43572361,-2.66,-1.00,29.57,腾讯财经
2026-07-18 11:50:05,247.23,244.46,250.24,243.59,43572361,-2.66,-1.00,29.57,腾讯财经
2026-07-18 12:00:00,247.23,244.46,250.24,243.59,43572361,-2.66,-1.00,29.57,腾讯财经
2026-07-18 12:10:00,247.23,244.46,250.24,243.59,43572361,-2.66,-1.00,29.57,腾讯财经
2026-07-18 12:20:03,247.23,244.46,250.24,243.59,43572361,-2.66,-1.00,29.57,腾讯财经
2026-07-18 12:30:00,247.23,244.46,250.24,243.59,43572361,-2.66,-1.00,29.57,腾讯财经
2026-07-18 12:40:00,247.23,244.46,250.24,243.59,43572361,-2.66,-1.00,29.57,腾讯财经
2026-07-18 12:50:05,247.23,244.46,250.24,243.59,43572361,-2.66,-1.00,29.57,腾讯财经
2026-07-18 13:00:00,247.23,244.46,250.24,243.59,43572361,-2.66,-1.00,29.57,腾讯财经
2026-07-18 13:10:02,247.23,244.46,250.24,243.59,43572361,-2.66,-1.00,29.57,腾讯财经
2026-07-18 13:20:03,247.23,244.46,250.24,243.59,43572361,-2.66,-1.00,29.57,腾讯财经
2026-07-18 13:30:00,247.23,244.46,250.24,243.59,43572361,-2.66,-1.00,29.57,腾讯财经
2026-07-18 13:40:01,247.23,244.46,250.24,243.59,43572361,-2.66,-1.00,29.57,腾讯财经
2026-07-18 13:50:03,247.23,244.46,250.24,243.59,43572361,-2.66,-1.00,29.57,腾讯财经
2026-07-18 14:00:00,247.23,244.46,250.24,243.59,43572361,-2.66,-1.00,29.57,腾讯财经
2026-07-18 14:10:00,247.23,244.46,250.24,243.59,43572361,-2.66,-1.00,29.57,腾讯财经
2026-07-18 14:20:03,247.23,244.46,250.24,243.59,43572361,-2.66,-1.00,29.57,腾讯财经
2026-07-18 14:30:03,247.23,244.46,250.24,243.59,43572361,-2.66,-1.00,29.57,腾讯财经
2026-07-18 14:40:03,247.23,244.46,250.24,243.59,43572361,-2.66,-1.00,29.57,腾讯财经
2026-07-18 14:50:03,247.23,244.46,250.24,243.59,43572361,-2.66,-1.00,29.57,腾讯财经
2026-07-18 15:00:01,247.23,244.46,250.24,243.59,43572361,-2.66,-1.00,29.57,腾讯财经
2026-07-18 15:10:00,247.23,244.46,250.24,243.59,43572361,-2.66,-1.00,29.57,腾讯财经
2026-07-18 15:20:03,247.23,244.46,250.24,243.59,43572361,-2.66,-1.00,29.57,腾讯财经
2026-07-18 15:30:00,247.23,244.46,250.24,243.59,43572361,-2.66,-1.00,29.57,腾讯财经
2026-07-18 15:40:05,247.23,244.46,250.24,243.59,43572361,-2.66,-1.00,29.57,腾讯财经
2026-07-18 15:50:03,247.23,244.46,250.24,243.59,43572361,-2.66,-1.00,29.57,腾讯财经
2026-07-18 16:00:00,247.23,244.46,250.24,243.59,43572361,-2.66,-1.00,29.57,腾讯财经
2026-07-18 16:10:00,247.23,244.46,250.24,243.59,43572361,-2.66,-1.00,29.57,腾讯财经
2026-07-18 16:20:03,247.23,244.46,250.24,243.59,43572361,-2.66,-1.00,29.57,腾讯财经
2026-07-18 16:30:04,247.23,244.46,250.24,243.59,43572361,-2.66,-1.00,29.57,腾讯财经
2026-07-18 16:40:03,247.23,244.46,250.24,243.59,43572361,-2.66,-1.00,29.57,腾讯财经
2026-07-18 16:50:05,247.23,244.46,250.24,243.59,43572361,-2.66,-1.00,29.57,腾讯财经
2026-07-18 17:00:00,247.23,244.46,250.24,243.59,43572361,-2.66,-1.00,29.57,腾讯财经
2026-07-18 17:10:00,247.23,244.46,250.24,243.59,43572361,-2.66,-1.00,29.57,腾讯财经
2026-07-18 17:20:03,247.23,244.46,250.24,243.59,43572361,-2.66,-1.00,29.57,腾讯财经
2026-07-18 17:30:01,247.23,244.46,250.24,243.59,43572361,-2.66,-1.00,29.57,腾讯财经
2026-07-18 17:40:03,247.23,244.46,250.24,243.59,43572361,-2.66,-1.00,29.57,腾讯财经
2026-07-18 17:50:00,247.23,244.46,250.24,243.59,43572361,-2.66,-1.00,29.57,腾讯财经
2026-07-18 18:00:03,247.23,244.46,250.24,243.59,43572361,-2.66,-1.00,29.57,腾讯财经
2026-07-18 18:10:04,247.23,244.46,250.24,243.59,43572361,-2.66,-1.00,29.57,腾讯财经
2026-07-18 18:20:04,247.23,244.46,250.24,243.59,43572361,-2.66,-1.00,29.57,腾讯财经
2026-07-18 18:30:03,247.23,244.46,250.24,243.59,43572361,-2.66,-1.00,29.57,腾讯财经
2026-07-18 18:40:00,247.23,244.46,250.24,243.59,43572361,-2.66,-1.00,29.57,腾讯财经
2026-07-18 18:50:03,247.23,244.46,250.24,243.59,43572361,-2.66,-1.00,29.57,腾讯财经
2026-07-18 19:00:02,247.23,244.46,250.24,243.59,43572361,-2.66,-1.00,29.57,腾讯财经
2026-07-18 19:10:02,247.23,244.46,250.24,243.59,43572361,-2.66,-1.00,29.57,腾讯财经
2026-07-18 19:20:03,247.23,244.46,250.24,243.59,43572361,-2.66,-1.00,29.57,腾讯财经
2026-07-18 19:30:04,247.23,244.46,250.24,243.59,43572361,-2.66,-1.00,29.57,腾讯财经
2026-07-18 19:40:01,247.23,244.46,250.24,243.59,43572361,-2.66,-1.00,29.57,腾讯财经
2026-07-18 19:50:05,247.23,244.46,250.24,243.59,43572361,-2.66,-1.00,29.57,腾讯财经
2026-07-18 20:00:01,247.23,244.46,250.24,243.59,43572361,-2.66,-1.00,29.57,腾讯财经
2026-07-18 20:10:01,247.23,244.46,250.24,243.59,43572361,-2.66,-1.00,29.57,腾讯财经
2026-07-18 20:20:03,247.23,244.46,250.24,243.59,43572361,-2.66,-1.00,29.57,腾讯财经
2026-07-18 20:30:01,247.23,244.46,250.24,243.59,43572361,-2.66,-1.00,29.57,腾讯财经
2026-07-18 20:40:02,247.23,244.46,250.24,243.59,43572361,-2.66,-1.00,29.57,腾讯财经
2026-07-18 20:50:03,247.23,244.46,250.24,243.59,43572361,-2.66,-1.00,29.57,腾讯财经
2026-07-18 21:00:01,247.23,244.46,250.24,243.59,43572361,-2.66,-1.00,29.57,腾讯财经
2026-07-18 21:10:00,247.23,244.46,250.24,243.59,43572361,-2.66,-1.00,29.57,腾讯财经
2026-07-18 21:20:03,247.23,244.46,250.24,243.59,43572361,-2.66,-1.00,29.57,腾讯财经
2026-07-18 21:30:05,247.23,244.46,250.24,243.59,43572361,-2.66,-1.00,29.57,腾讯财经
2026-07-18 21:40:01,247.23,244.46,250.24,243.59,43572361,-2.66,-1.00,29.57,腾讯财经
2026-07-18 21:50:04,247.23,244.46,250.24,243.59,43572361,-2.66,-1.00,29.57,腾讯财经
2026-07-18 22:00:06,247.23,244.46,250.24,243.59,43572361,-2.66,-1.00,29.57,腾讯财经
2026-07-18 22:10:02,247.23,244.46,250.24,243.59,43572361,-2.66,-1.00,29.57,腾讯财经
2026-07-18 22:20:04,247.23,244.46,250.24,243.59,43572361,-2.66,-1.00,29.57,腾讯财经
2026-07-18 22:30:02,247.23,244.46,250.24,243.59,43572361,-2.66,-1.00,29.57,腾讯财经
2026-07-18 22:40:06,247.23,244.46,250.24,243.59,43572361,-2.66,-1.00,29.57,腾讯财经
2026-07-18 22:50:04,247.23,244.46,250.24,243.59,43572361,-2.66,-1.00,29.57,腾讯财经
2026-07-18 23:00:04,247.23,244.46,250.24,243.59,43572361,-2.66,-1.00,29.57,腾讯财经
2026-07-18 23:10:00,247.23,244.46,250.24,243.59,43572361,-2.66,-1.00,29.57,腾讯财经
2026-07-18 23:20:03,247.23,244.46,250.24,243.59,43572361,-2.66,-1.00,29.57,腾讯财经
2026-07-18 23:30:00,247.23,244.46,250.24,243.59,43572361,-2.66,-1.00,29.57,腾讯财经
2026-07-18 23:40:00,247.23,244.46,250.24,243.59,43572361,-2.66,-1.00,29.57,腾讯财经
2026-07-18 23:50:03,247.23,244.46,250.24,243.59,43572361,-2.66,-1.00,29.57,腾讯财经
2026-07-19 00:00:05,247.23,244.46,250.24,243.59,43572361,-2.66,-1.00,29.57,腾讯财经
2026-07-19 00:10:00,247.23,244.46,250.24,243.59,43572361,-2.66,-1.00,29.57,腾讯财经
2026-07-19 00:20:04,247.23,244.46,250.24,243.59,43572361,-2.66,-1.00,29.57,腾讯财经
2026-07-19 00:30:04,247.23,244.46,250.24,243.59,43572361,-2.66,-1.00,29.57,腾讯财经
2026-07-19 00:40:00,247.23,244.46,250.24,243.59,43572361,-2.66,-1.00,29.57,腾讯财经
2026-07-19 00:50:03,247.23,244.46,250.24,243.59,43572361,-2.66,-1.00,29.57,腾讯财经
2026-07-19 01:00:04,247.23,244.46,250.24,243.59,43572361,-2.66,-1.00,29.57,腾讯财经
2026-07-19 01:10:00,247.23,244.46,250.24,243.59,43572361,-2.66,-1.00,29.57,腾讯财经
2026-07-19 01:20:03,247.23,244.46,250.24,243.59,43572361,-2.66,-1.00,29.57,腾讯财经
2026-07-19 01:30:00,247.23,244.46,250.24,243.59,43572361,-2.66,-1.00,29.57,腾讯财经
2026-07-19 01:40:00,247.23,244.46,250.24,243.59,43572361,-2.66,-1.00,29.57,腾讯财经
2026-07-19 01:50:03,247.23,244.46,250.24,243.59,43572361,-2.66,-1.00,29.57,腾讯财经
2026-07-19 02:00:00,247.23,244.46,250.24,243.59,43572361,-2.66,-1.00,29.57,腾讯财经
2026-07-19 02:10:00,247.23,244.46,250.24,243.59,43572361,-2.66,-1.00,29.57,腾讯财经
2026-07-19 02:20:03,247.23,244.46,250.24,243.59,43572361,-2.66,-1.00,29.57,腾讯财经
2026-07-19 02:30:00,247.23,244.46,250.24,243.59,43572361,-2.66,-1.00,29.57,腾讯财经
2026-07-19 02:40:00,247.23,244.46,250.24,243.59,43572361,-2.66,-1.00,29.57,腾讯财经
2026-07-19 02:50:03,247.23,244.46,250.24,243.59,43572361,-2.66,-1.00,29.57,腾讯财经
2026-07-19 03:00:03,247.23,244.46,250.24,243.59,43572361,-2.66,-1.00,29.57,腾讯财经
2026-07-19 03:10:00,247.23,244.46,250.24,243.59,43572361,-2.66,-1.00,29.57,腾讯财经
2026-07-19 03:20:03,247.23,244.46,250.24,243.59,43572361,-2.66,-1.00,29.57,腾讯财经
2026-07-19 03:30:00,247.23,244.46,250.24,243.59,43572361,-2.66,-1.00,29.57,腾讯财经
2026-07-19 03:40:01,247.23,244.46,250.24,243.59,43572361,-2.66,-1.00,29.57,腾讯财经
2026-07-19 03:50:04,247.23,244.46,250.24,243.59,43572361,-2.66,-1.00,29.57,腾讯财经
2026-07-19 04:00:00,247.23,244.46,250.24,243.59,43572361,-2.66,-1.00,29.57,腾讯财经
2026-07-19 04:10:00,247.23,244.46,250.24,243.59,43572361,-2.66,-1.00,29.57,腾讯财经
2026-07-19 04:20:04,247.23,244.46,250.24,243.59,43572361,-2.66,-1.00,29.57,腾讯财经
2026-07-19 04:30:05,247.23,244.46,250.24,243.59,43572361,-2.66,-1.00,29.57,腾讯财经
2026-07-19 04:40:04,247.23,244.46,250.24,243.59,43572361,-2.66,-1.00,29.57,腾讯财经
2026-07-19 04:50:03,247.23,244.46,250.24,243.59,43572361,-2.66,-1.00,29.57,腾讯财经
2026-07-19 05:00:00,247.23,244.46,250.24,243.59,43572361,-2.66,-1.00,29.57,腾讯财经
2026-07-19 05:10:02,247.23,244.46,250.24,243.59,43572361,-2.66,-1.00,29.57,腾讯财经
2026-07-19 05:20:05,247.23,244.46,250.24,243.59,43572361,-2.66,-1.00,29.57,腾讯财经
2026-07-19 05:30:00,247.23,244.46,250.24,243.59,43572361,-2.66,-1.00,29.57,腾讯财经
2026-07-19 05:40:00,247.23,244.46,250.24,243.59,43572361,-2.66,-1.00,29.57,腾讯财经
2026-07-19 05:50:05,247.23,244.46,250.24,243.59,43572361,-2.66,-1.00,29.57,腾讯财经
2026-07-19 06:00:00,247.23,244.46,250.24,243.59,43572361,-2.66,-1.00,29.57,腾讯财经
2026-07-19 06:10:01,247.23,244.46,250.24,243.59,43572361,-2.66,-1.00,29.57,腾讯财经
2026-07-19 06:20:03,247.23,244.46,250.24,243.59,43572361,-2.66,-1.00,29.57,腾讯财经
2026-07-19 06:30:00,247.23,244.46,250.24,243.59,43572361,-2.66,-1.00,29.57,腾讯财经
2026-07-19 06:40:04,247.23,244.46,250.24,243.59,43572361,-2.66,-1.00,29.57,腾讯财经
2026-07-19 06:50:03,247.23,244.46,250.24,243.59,43572361,-2.66,-1.00,29.57,腾讯财经
2026-07-19 07:00:00,247.23,244.46,250.24,243.59,43572361,-2.66,-1.00,29.57,腾讯财经
2026-07-19 07:10:03,247.23,244.46,250.24,243.59,43572361,-2.66,-1.00,29.57,腾讯财经
2026-07-19 07:20:03,247.23,244.46,250.24,243.59,43572361,-2.66,-1.00,29.57,腾讯财经
2026-07-19 07:30:00,247.23,244.46,250.24,243.59,43572361,-2.66,-1.00,29.57,腾讯财经
2026-07-19 07:40:00,247.23,244.46,250.24,243.59,43572361,-2.66,-1.00,29.57,腾讯财经
2026-07-19 07:50:03,247.23,244.46,250.24,243.59,43572361,-2.66,-1.00,29.57,腾讯财经
2026-07-19 08:00:02,247.23,244.46,250.24,243.59,43572361,-2.66,-1.00,29.57,腾讯财经
2026-07-19 08:10:04,247.23,244.46,250.24,243.59,43572361,-2.66,-1.00,29.57,腾讯财经
2026-07-19 08:20:03,247.23,244.46,250.24,243.59,43572361,-2.66,-1.00,29.57,腾讯财经
2026-07-19 08:30:00,247.23,244.46,250.24,243.59,43572361,-2.66,-1.00,29.57,腾讯财经
2026-07-19 08:40:03,247.23,244.46,250.24,243.59,43572361,-2.66,-1.00,29.57,腾讯财经
2026-07-19 08:50:03,247.23,244.46,250.24,243.59,43572361,-2.66,-1.00,29.57,腾讯财经
2026-07-19 09:00:00,247.23,244.46,250.24,243.59,43572361,-2.66,-1.00,29.57,腾讯财经
2026-07-19 09:10:01,247.23,244.46,250.24,243.59,43572361,-2.66,-1.00,29.57,腾讯财经
2026-07-19 09:20:03,247.23,244.46,250.24,243.59,43572361,-2.66,-1.00,29.57,腾讯财经
2026-07-19 09:30:00,247.23,244.46,250.24,243.59,43572361,-2.66,-1.00,29.57,腾讯财经
2026-07-19 09:40:00,247.23,244.46,250.24,243.59,43572361,-2.66,-1.00,29.57,腾讯财经
2026-07-19 09:50:03,247.23,244.46,250.24,243.59,43572361,-2.66,-1.00,29.57,腾讯财经
2026-07-19 10:00:00,247.23,244.46,250.24,243.59,43572361,-2.66,-1.00,29.57,腾讯财经
2026-07-19 10:10:01,247.23,244.46,250.24,243.59,43572361,-2.66,-1.00,29.57,腾讯财经
2026-07-19 10:20:03,247.23,244.46,250.24,243.59,43572361,-2.66,-1.00,29.57,腾讯财经
2026-07-19 10:30:00,247.23,244.46,250.24,243.59,43572361,-2.66,-1.00,29.57,腾讯财经
2026-07-19 10:40:00,247.23,244.46,250.24,243.59,43572361,-2.66,-1.00,29.57,腾讯财经
2026-07-19 10:50:04,247.23,244.46,250.24,243.59,43572361,-2.66,-1.00,29.57,腾讯财经
2026-07-19 11:00:05,247.23,244.46,250.24,243.59,43572361,-2.66,-1.00,29.57,腾讯财经
2026-07-19 11:10:00,247.23,244.46,250.24,243.59,43572361,-2.66,-1.00,29.57,腾讯财经
2026-07-19 11:20:03,247.23,244.46,250.24,243.59,43572361,-2.66,-1.00,29.57,腾讯财经
2026-07-19 11:30:05,247.23,244.46,250.24,243.59,43572361,-2.66,-1.00,29.57,腾讯财经
2026-07-19 11:40:00,247.23,244.46,250.24,243.59,43572361,-2.66,-1.00,29.57,腾讯财经
2026-07-19 11:50:03,247.23,244.46,250.24,243.59,43572361,-2.66,-1.00,29.57,腾讯财经
2026-07-19 12:00:00,247.23,244.46,250.24,243.59,43572361,-2.66,-1.00,29.57,腾讯财经
2026-07-19 12:10:00,247.23,244.46,250.24,243.59,43572361,-2.66,-1.00,29.57,腾讯财经
2026-07-19 12:20:03,247.23,244.46,250.24,243.59,43572361,-2.66,-1.00,29.57,腾讯财经
2026-07-19 12:30:02,247.23,244.46,250.24,243.59,43572361,-2.66,-1.00,29.57,腾讯财经
2026-07-19 12:40:02,247.23,244.46,250.24,243.59,43572361,-2.66,-1.00,29.57,腾讯财经
2026-07-19 12:50:05,247.23,244.46,250.24,243.59,43572361,-2.66,-1.00,29.57,腾讯财经
2026-07-19 13:00:03,247.23,244.46,250.24,243.59,43572361,-2.66,-1.00,29.57,腾讯财经
2026-07-19 13:10:04,247.23,244.46,250.24,243.59,43572361,-2.66,-1.00,29.57,腾讯财经
2026-07-19 13:20:03,247.23,244.46,250.24,243.59,43572361,-2.66,-1.00,29.57,腾讯财经
2026-07-19 13:30:00,247.23,244.46,250.24,243.59,43572361,-2.66,-1.00,29.57,腾讯财经
2026-07-19 13:40:01,247.23,244.46,250.24,243.59,43572361,-2.66,-1.00,29.57,腾讯财经
2026-07-19 13:50:05,247.23,244.46,250.24,243.59,43572361,-2.66,-1.00,29.57,腾讯财经
2026-07-19 14:00:02,247.23,244.46,250.24,243.59,43572361,-2.66,-1.00,29.57,腾讯财经
2026-07-19 14:10:04,247.23,244.46,250.24,243.59,43572361,-2.66,-1.00,29.57,腾讯财经
2026-07-19 14:20:03,247.23,244.46,250.24,243.59,43572361,-2.66,-1.00,29.57,腾讯财经
2026-07-19 14:30:03,247.23,244.46,250.24,243.59,43572361,-2.66,-1.00,29.57,腾讯财经
2026-07-19 14:40:00,247.23,244.46,250.24,243.59,43572361,-2.66,-1.00,29.57,腾讯财经
2026-07-19 14:50:03,247.23,244.46,250.24,243.59,43572361,-2.66,-1.00,29.57,腾讯财经
2026-07-19 15:00:00,247.23,244.46,250.24,243.59,43572361,-2.66,-1.00,29.57,腾讯财经
2026-07-19 15:10:00,247.23,244.46,250.24,243.59,43572361,-2.66,-1.00,29.57,腾讯财经
2026-07-19 15:20:03,247.23,244.46,250.24,243.59,43572361,-2.66,-1.00,29.57,腾讯财经
2026-07-19 15:30:02,247.23,244.46,250.24,243.59,43572361,-2.66,-1.00,29.57,腾讯财经
2026-07-19 15:40:00,247.23,244.46,250.24,243.59,43572361,-2.66,-1.00,29.57,腾讯财经
2026-07-19 15:50:03,247.23,244.46,250.24,243.59,43572361,-2.66,-1.00,29.57,腾讯财经
2026-07-19 16:00:00,247.23,244.46,250.24,243.59,43572361,-2.66,-1.00,29.57,腾讯财经
2026-07-19 16:10:01,247.23,244.46,250.24,243.59,43572361,-2.66,-1.00,29.57,腾讯财经
2026-07-19 16:20:04,247.23,244.46,250.24,243.59,43572361,-2.66,-1.00,29.57,腾讯财经
2026-07-19 16:30:00,247.23,244.46,250.24,243.59,43572361,-2.66,-1.00,29.57,腾讯财经
2026-07-19 16:40:00,247.23,244.46,250.24,243.59,43572361,-2.66,-1.00,29.57,腾讯财经
2026-07-19 16:50:03,247.23,244.46,250.24,243.59,43572361,-2.66,-1.00,29.57,腾讯财经
2026-07-19 17:00:00,247.23,244.46,250.24,243.59,43572361,-2.66,-1.00,29.57,腾讯财经
2026-07-19 17:10:00,247.23,244.46,250.24,243.59,43572361,-2.66,-1.00,29.57,腾讯财经
2026-07-19 17:20:03,247.23,244.46,250.24,243.59,43572361,-2.66,-1.00,29.57,腾讯财经
2026-07-19 17:30:00,247.23,244.46,250.24,243.59,43572361,-2.66,-1.00,29.57,腾讯财经
2026-07-19 17:40:00,247.23,244.46,250.24,243.59,43572361,-2.66,-1.00,29.57,腾讯财经
2026-07-19 17:50:05,247.23,244.46,250.24,243.59,43572361,-2.66,-1.00,29.57,腾讯财经
2026-07-19 18:00:00,247.23,244.46,250.24,243.59,43572361,-2.66,-1.00,29.57,腾讯财经
2026-07-19 18:10:02,247.23,244.46,250.24,243.59,43572361,-2.66,-1.00,29.57,腾讯财经
2026-07-19 18:20:03,247.23,244.46,250.24,243.59,43572361,-2.66,-1.00,29.57,腾讯财经
2026-07-19 18:30:00,247.23,244.46,250.24,243.59,43572361,-2.66,-1.00,29.57,腾讯财经
2026-07-19 18:40:00,247.23,244.46,250.24,243.59,43572361,-2.66,-1.00,29.57,腾讯财经
2026-07-19 18:50:03,247.23,244.46,250.24,243.59,43572361,-2.66,-1.00,29.57,腾讯财经
2026-07-19 19:00:00,247.23,244.46,250.24,243.59,43572361,-2.66,-1.00,29.57,腾讯财经
2026-07-19 19:10:04,247.23,244.46,250.24,243.59,43572361,-2.66,-1.00,29.57,腾讯财经
2026-07-19 19:20:03,247.23,244.46,250.24,243.59,43572361,-2.66,-1.00,29.57,腾讯财经
2026-07-19 19:30:02,247.23,244.46,250.24,243.59,43572361,-2.66,-1.00,29.57,腾讯财经
2026-07-19 19:40:05,247.23,244.46,250.24,243.59,43572361,-2.66,-1.00,29.57,腾讯财经
2026-07-19 19:50:05,247.23,244.46,250.24,243.59,43572361,-2.66,-1.00,29.57,腾讯财经
2026-07-19 20:00:05,247.23,244.46,250.24,243.59,43572361,-2.66,-1.00,29.57,腾讯财经
2026-07-19 20:10:01,247.23,244.46,250.24,243.59,43572361,-2.66,-1.00,29.57,腾讯财经
2026-07-19 20:20:03,247.23,244.46,250.24,243.59,43572361,-2.66,-1.00,29.57,腾讯财经
2026-07-19 20:30:00,247.23,244.46,250.24,243.59,43572361,-2.66,-1.00,29.57,腾讯财经
2026-07-19 20:40:03,247.23,244.46,250.24,243.59,43572361,-2.66,-1.00,29.57,腾讯财经
2026-07-19 20:50:03,247.23,244.46,250.24,243.59,43572361,-2.66,-1.00,29.57,腾讯财经
2026-07-20 08:40:04,247.23,244.46,250.24,243.59,43572361,-2.66,-1.00,29.57,腾讯财经
2026-07-20 08:50:05,247.23,244.46,250.24,243.59,43572361,-2.66,-1.00,29.57,腾讯财经
2026-07-20 09:00:04,247.23,244.46,250.24,243.59,43572361,-2.66,-1.00,29.57,腾讯财经
2026-07-20 09:10:00,247.23,244.46,250.24,243.59,43572361,-2.66,-1.00,29.57,腾讯财经
2026-07-20 09:20:05,247.23,244.46,250.24,243.59,43572361,-2.66,-1.00,29.57,腾讯财经
2026-07-20 09:30:05,247.23,244.46,250.24,243.59,43572361,-2.66,-1.00,29.57,腾讯财经
2026-07-20 09:40:04,247.23,244.46,250.24,243.59,43572361,-2.66,-1.00,29.57,腾讯财经
2026-07-20 09:50:04,247.23,244.46,250.24,243.59,43572361,-2.66,-1.00,29.57,腾讯财经
2026-07-20 10:00:05,247.23,244.46,250.24,243.59,43572361,-2.66,-1.00,29.57,腾讯财经
2026-07-20 10:10:00,247.23,244.46,250.24,243.59,43572361,-2.66,-1.00,29.57,腾讯财经
2026-07-20 10:20:00,247.23,244.46,250.24,243.59,43572361,-2.66,-1.00,29.57,腾讯财经
2026-07-20 10:30:02,247.23,244.46,250.24,243.59,43572361,-2.66,-1.00,29.57,腾讯财经
2026-07-20 10:40:00,247.23,244.46,250.24,243.59,43572361,-2.66,-1.00,29.57,腾讯财经
2026-07-20 10:50:01,247.23,244.46,250.24,243.59,43572361,-2.66,-1.00,29.57,腾讯财经
2026-07-20 11:00:04,247.23,244.46,250.24,243.59,43572361,-2.66,-1.00,29.57,腾讯财经
2026-07-20 11:10:05,247.23,244.46,250.24,243.59,43572361,-2.66,-1.00,29.57,腾讯财经
2026-07-20 11:20:05,247.23,244.46,250.24,243.59,43572361,-2.66,-1.00,29.57,腾讯财经
2026-07-20 11:30:02,247.23,244.46,250.24,243.59,43572361,-2.66,-1.00,29.57,腾讯财经
2026-07-20 11:40:04,247.23,244.46,250.24,243.59,43572361,-2.66,-1.00,29.57,腾讯财经
2026-07-20 11:50:00,247.23,244.46,250.24,243.59,43572361,-2.66,-1.00,29.57,腾讯财经
2026-07-20 12:00:04,247.23,244.46,250.24,243.59,43572361,-2.66,-1.00,29.57,腾讯财经
2026-07-20 12:10:00,247.23,244.46,250.24,243.59,43572361,-2.66,-1.00,29.57,腾讯财经
2026-07-20 12:20:04,247.23,244.46,250.24,243.59,43572361,-2.66,-1.00,29.57,腾讯财经
2026-07-20 12:30:03,247.23,244.46,250.24,243.59,43572361,-2.66,-1.00,29.57,腾讯财经
2026-07-20 12:40:00,247.23,244.46,250.24,243.59,43572361,-2.66,-1.00,29.57,腾讯财经
2026-07-20 12:50:00,247.23,244.46,250.24,243.59,43572361,-2.66,-1.00,29.57,腾讯财经
2026-07-20 13:00:00,247.23,244.46,250.24,243.59,43572361,-2.66,-1.00,29.57,腾讯财经
2026-07-20 13:10:05,247.23,244.46,250.24,243.59,43572361,-2.66,-1.00,29.57,腾讯财经
2026-07-20 13:20:01,247.23,244.46,250.24,243.59,43572361,-2.66,-1.00,29.57,腾讯财经
2026-07-20 13:30:00,247.23,244.46,250.24,243.59,43572361,-2.66,-1.00,29.57,腾讯财经
2026-07-20 13:40:05,247.23,244.46,250.24,243.59,43572361,-2.66,-1.00,29.57,腾讯财经
2026-07-20 13:50:00,247.23,244.46,250.24,243.59,43572361,-2.66,-1.00,29.57,腾讯财经
2026-07-20 14:00:00,247.23,244.46,250.24,243.59,43572361,-2.66,-1.00,29.57,腾讯财经
2026-07-20 14:10:04,247.23,244.46,250.24,243.59,43572361,-2.66,-1.00,29.57,腾讯财经
2026-07-20 14:20:02,247.23,244.46,250.24,243.59,43572361,-2.66,-1.00,29.57,腾讯财经
2026-07-20 14:30:01,247.23,244.46,250.24,243.59,43572361,-2.66,-1.00,29.57,腾讯财经
2026-07-20 14:40:04,247.23,244.46,250.24,243.59,43572361,-2.66,-1.00,29.57,腾讯财经
2026-07-20 14:50:03,247.23,244.46,250.24,243.59,43572361,-2.66,-1.00,29.57,腾讯财经
2026-07-20 15:00:00,247.23,244.46,250.24,243.59,43572361,-2.66,-1.00,29.57,腾讯财经
2026-07-20 15:10:00,247.23,244.46,250.24,243.59,43572361,-2.66,-1.00,29.57,腾讯财经
2026-07-20 15:20:00,247.23,244.46,250.24,243.59,43572361,-2.66,-1.00,29.57,腾讯财经
2026-07-20 15:30:01,247.23,244.46,250.24,243.59,43572361,-2.66,-1.00,29.57,腾讯财经
2026-07-20 15:40:01,247.23,244.46,250.24,243.59,43572361,-2.66,-1.00,29.57,腾讯财经
2026-07-20 15:50:00,247.23,244.46,250.24,243.59,43572361,-2.66,-1.00,29.57,腾讯财经
2026-07-20 16:00:04,247.23,244.46,250.24,243.59,43572361,-2.66,-1.00,29.57,腾讯财经
2026-07-20 16:10:01,247.23,244.46,250.24,243.59,43572361,-2.66,-1.00,29.57,腾讯财经
2026-07-20 16:20:01,247.23,244.46,250.24,243.59,43572361,-2.66,-1.00,29.57,腾讯财经
2026-07-20 16:30:05,247.23,244.46,250.24,243.59,43572361,-2.66,-1.00,29.57,腾讯财经
2026-07-20 16:40:00,247.23,244.46,250.24,243.59,43572361,-2.66,-1.00,29.57,腾讯财经
2026-07-20 16:50:01,247.23,244.46,250.24,243.59,43572361,-2.66,-1.00,29.57,腾讯财经
2026-07-20 17:00:04,247.23,244.46,250.24,243.59,43572361,-2.66,-1.00,29.57,腾讯财经
2026-07-20 17:10:00,247.23,244.46,250.24,243.59,43572361,-2.66,-1.00,29.57,腾讯财经
2026-07-20 17:20:01,247.23,244.46,250.24,243.59,43572361,-2.66,-1.00,29.57,腾讯财经
2026-07-20 17:30:01,247.23,244.46,250.24,243.59,43572361,-2.66,-1.00,29.57,腾讯财经
2026-07-20 18:17:59,247.23,244.46,250.24,243.59,43572361,-2.66,-1.00,29.57,腾讯财经
2026-07-20 18:20:00,247.23,244.46,250.24,243.59,43572361,-2.66,-1.00,29.57,腾讯财经
2026-07-20 18:30:04,247.23,244.46,250.24,243.59,43572361,-2.66,-1.00,29.57,腾讯财经
2026-07-20 18:40:03,247.23,244.46,250.24,243.59,43572361,-2.66,-1.00,29.57,腾讯财经
2026-07-20 18:50:05,247.23,244.46,250.24,243.59,43572361,-2.66,-1.00,29.57,腾讯财经
2026-07-20 19:00:05,247.23,244.46,250.24,243.59,43572361,-2.66,-1.00,29.57,腾讯财经
2026-07-20 19:10:03,247.23,244.46,250.24,243.59,43572361,-2.66,-1.00,29.57,腾讯财经
2026-07-20 19:20:05,247.23,244.46,250.24,243.59,43572361,-2.66,-1.00,29.57,腾讯财经
2026-07-20 19:30:00,247.23,244.46,250.24,243.59,43572361,-2.66,-1.00,29.57,腾讯财经
2026-07-20 19:40:00,247.23,244.46,250.24,243.59,43572361,-2.66,-1.00,29.57,腾讯财经
2026-07-20 19:50:03,247.23,244.46,250.24,243.59,43572361,-2.66,-1.00,29.57,腾讯财经
2026-07-20 20:00:02,247.23,244.46,250.24,243.59,43572361,-2.66,-1.00,29.57,腾讯财经
2026-07-20 20:10:04,247.23,244.46,250.24,243.59,43572361,-2.66,-1.00,29.57,腾讯财经
2026-07-20 20:20:03,247.23,244.46,250.24,243.59,43572361,-2.66,-1.00,29.57,腾讯财经
2026-07-20 20:30:02,247.23,244.46,250.24,243.59,43572361,-2.66,-1.00,29.57,腾讯财经
2026-07-20 20:40:00,247.23,244.46,250.24,243.59,43572361,-2.66,-1.00,29.57,腾讯财经
2026-07-20 20:50:01,247.23,244.46,250.24,243.59,43572361,-2.66,-1.00,29.57,腾讯财经
2026-07-20 21:00:03,247.23,244.46,250.24,243.59,43572361,-2.66,-1.00,29.57,腾讯财经
2026-07-20 21:10:00,247.23,244.46,250.24,243.59,43572361,-2.66,-1.00,29.57,腾讯财经
2026-07-20 21:20:05,247.23,244.46,250.24,243.59,43572361,-2.66,-1.00,29.57,腾讯财经
2026-07-20 21:30:00,247.23,0.00,0.00,0.00,316286,0,0,29.57,腾讯财经
2026-07-20 21:40:00,249.09,248.75,250.10,248.12,2172385,1.86,0,29.80,腾讯财经
2026-07-20 21:50:00,249.86,248.76,250.78,248.12,3209047,2.63,1.00,29.89,腾讯财经
2026-07-20 22:00:04,248.59,248.76,250.78,248.12,4115128,1.36,0,29.74,腾讯财经
2026-07-20 22:10:05,249.52,248.76,250.78,248.12,4686642,2.29,0,29.85,腾讯财经
2026-07-20 22:20:02,249.09,248.76,250.78,248.12,5333885,1.86,0,29.79,腾讯财经
2026-07-20 22:30:00,249.45,248.76,250.78,248.12,5782426,2.22,0,29.84,腾讯财经
2026-07-20 22:40:01,250.21,248.76,250.78,248.12,6484108,2.98,1.00,29.93,腾讯财经
2026-07-20 22:50:00,249.89,248.76,250.78,248.12,6920998,2.66,1.00,29.89,腾讯财经
2026-07-20 23:00:01,250.02,248.76,250.78,248.12,7389130,2.79,1.00,29.91,腾讯财经
2026-07-20 23:10:00,250.73,248.76,251.10,248.12,8149145,3.50,1.00,29.99,腾讯财经
2026-07-20 23:20:00,251.17,248.76,251.24,248.12,8671175,3.94,1.00,30.04,腾讯财经
2026-07-20 23:30:02,251.21,248.76,251.33,248.12,9194197,3.98,1.00,30.05,腾讯财经
2026-07-20 23:40:01,251.94,248.76,252.10,248.12,9833604,4.71,1.00,30.14,腾讯财经
2026-07-20 23:50:02,251.64,248.76,252.10,248.12,10344982,4.41,1.00,30.10,腾讯财经
2026-07-21 00:00:00,251.80,248.76,252.15,248.12,10761058,4.57,1.00,30.12,腾讯财经
2026-07-21 00:10:04,252.28,248.76,252.37,248.12,11245618,5.05,2.00,30.18,腾讯财经
2026-07-21 00:20:00,252.42,248.76,252.48,248.12,11583897,5.19,2.00,30.19,腾讯财经
2026-07-21 00:30:00,252.48,248.76,252.57,248.12,11997950,5.25,2.00,30.20,腾讯财经
2026-07-21 00:40:02,252.75,248.76,252.83,248.12,12732562,5.52,2.00,30.23,腾讯财经
2026-07-21 00:50:04,252.60,248.76,252.89,248.12,13633652,5.37,2.00,30.22,腾讯财经
2026-07-21 01:00:01,252.19,248.76,252.89,248.12,14206735,4.96,2.00,30.17,腾讯财经
2026-07-21 01:10:05,250.83,248.76,252.89,248.12,14869526,3.60,1.00,30.00,腾讯财经
2026-07-21 01:20:00,250.27,248.76,252.89,248.12,15493592,3.04,1.00,29.94,腾讯财经
2026-07-21 01:30:03,250.45,248.76,252.89,248.12,16065916,3.22,1.00,29.96,腾讯财经
2026-07-21 01:40:03,250.27,248.76,252.89,248.12,16502520,3.04,1.00,29.94,腾讯财经
2026-07-21 01:50:05,250.52,248.76,252.89,248.12,16857725,3.29,1.00,29.97,腾讯财经
2026-07-21 02:00:00,250.46,248.76,252.89,248.12,17156294,3.23,1.00,29.96,腾讯财经
2026-07-21 02:10:00,250.55,248.76,252.89,248.12,17463111,3.32,1.00,29.97,腾讯财经
2026-07-21 02:20:05,250.65,248.76,252.89,248.12,17852058,3.42,1.00,29.98,腾讯财经
2026-07-21 02:30:00,250.29,248.76,252.89,248.12,18233194,3.06,1.00,29.94,腾讯财经
2026-07-21 02:40:00,250.04,248.76,252.89,248.12,18752531,2.81,1.00,29.91,腾讯财经
2026-07-21 02:50:02,249.26,248.76,252.89,248.12,19258671,2.03,0,29.82,腾讯财经
2026-07-21 03:00:04,249.21,248.76,252.89,248.12,19590298,1.98,0,29.81,腾讯财经
2026-07-21 03:10:00,249.47,248.76,252.89,248.12,20100724,2.24,0,29.84,腾讯财经
2026-07-21 03:20:00,249.43,248.76,252.89,248.12,20640096,2.20,0,29.84,腾讯财经
2026-07-21 03:30:00,249.62,248.76,252.89,248.12,21087166,2.39,0,29.86,腾讯财经
2026-07-21 03:40:03,249.89,248.76,252.89,248.12,21649516,2.66,1.00,29.89,腾讯财经
2026-07-21 03:50:00,249.79,248.76,252.89,248.12,22251360,2.56,1.00,29.88,腾讯财经
2026-07-21 04:00:00,249.97,248.76,252.89,248.12,24405082,2.74,1.00,29.90,腾讯财经
2026-07-21 04:10:02,249.99,248.76,252.89,248.12,31437348,2.76,1.00,29.90,腾讯财经
2026-07-21 04:20:01,249.99,248.76,252.89,248.00,31910250,2.76,1.00,29.90,腾讯财经
2026-07-21 04:30:00,249.99,248.76,252.89,248.00,31958921,2.76,1.00,29.90,腾讯财经
2026-07-21 04:40:03,249.99,248.76,252.89,248.00,32312078,2.76,1.00,29.90,腾讯财经
2026-07-21 04:50:00,249.99,248.76,252.89,248.00,32327045,2.76,1.00,29.90,腾讯财经
2026-07-21 05:00:01,249.99,248.76,252.89,248.00,32333638,2.76,1.00,29.90,腾讯财经
2026-07-21 05:10:05,249.99,248.76,252.89,248.00,32339086,2.76,1.00,29.90,腾讯财经
2026-07-21 05:20:01,249.99,248.76,252.89,248.00,32345081,2.76,1.00,29.90,腾讯财经
2026-07-21 05:30:00,249.99,248.76,252.89,248.00,32350300,2.76,1.00,29.90,腾讯财经
2026-07-21 05:40:05,249.99,248.76,252.89,248.00,32352152,2.76,1.00,29.90,腾讯财经
2026-07-21 05:50:00,249.99,248.76,252.89,248.00,32360989,2.76,1.00,29.90,腾讯财经
2026-07-21 06:00:00,249.99,248.76,252.89,248.00,32362114,2.76,1.00,29.90,腾讯财经
2026-07-21 06:10:00,249.99,248.76,252.89,248.00,32367123,2.76,1.00,29.90,腾讯财经
2026-07-21 06:20:04,249.99,248.76,252.89,248.00,32376303,2.76,1.00,29.90,腾讯财经
2026-07-21 06:30:04,249.99,248.76,252.89,248.00,32377622,2.76,1.00,29.90,腾讯财经
2026-07-21 06:40:01,249.99,248.76,252.89,248.00,32379978,2.76,1.00,29.90,腾讯财经
2026-07-21 06:50:00,249.99,248.76,252.89,248.00,32381528,2.76,1.00,29.90,腾讯财经
2026-07-21 07:00:00,249.99,248.76,252.89,248.00,32383802,2.76,1.00,29.90,腾讯财经
2026-07-21 07:10:00,249.99,248.76,252.89,248.00,32388320,2.76,1.00,29.90,腾讯财经
2026-07-21 07:20:01,249.99,248.76,252.89,248.00,32391695,2.76,1.00,29.90,腾讯财经
2026-07-21 07:30:02,249.99,248.76,252.89,248.00,32396911,2.76,1.00,29.90,腾讯财经
2026-07-21 07:40:03,249.99,248.76,252.89,248.00,32398915,2.76,1.00,29.90,腾讯财经
2026-07-21 07:50:02,249.99,248.76,252.89,248.00,32402272,2.76,1.00,29.90,腾讯财经
2026-07-21 08:40:05,249.99,248.76,252.89,248.00,32406481,2.76,1.00,29.90,腾讯财经
2026-07-21 08:50:00,249.99,248.76,252.89,248.00,32406481,2.76,1.00,29.90,腾讯财经
2026-07-21 09:00:00,249.99,248.76,252.89,248.00,32406481,2.76,1.00,29.90,腾讯财经
2026-07-21 09:10:03,249.99,248.76,252.89,248.00,32406481,2.76,1.00,29.90,腾讯财经
2026-07-21 09:20:04,249.99,248.76,252.89,248.00,32406481,2.76,1.00,29.90,腾讯财经
2026-07-21 09:30:05,249.99,248.76,252.89,248.00,32406481,2.76,1.00,29.90,腾讯财经
2026-07-21 09:40:01,249.99,248.76,252.89,248.00,32406481,2.76,1.00,29.90,腾讯财经
2026-07-21 09:50:02,249.99,248.76,252.89,248.00,32406481,2.76,1.00,29.90,腾讯财经
2026-07-21 10:00:02,249.99,248.76,252.89,248.00,32406481,2.76,1.00,29.90,腾讯财经
2026-07-21 10:10:01,249.99,248.76,252.89,248.00,32406481,2.76,1.00,29.90,腾讯财经
2026-07-21 10:20:04,249.99,248.76,252.89,248.00,32406481,2.76,1.00,29.90,腾讯财经
2026-07-21 10:30:02,249.99,248.76,252.89,248.00,32406481,2.76,1.00,29.90,腾讯财经
2026-07-21 10:40:04,249.99,248.76,252.89,248.00,32406481,2.76,1.00,29.90,腾讯财经
2026-07-21 10:50:00,249.99,248.76,252.89,248.00,32406481,2.76,1.00,29.90,腾讯财经
2026-07-21 11:00:00,249.99,248.76,252.89,248.00,32406481,2.76,1.00,29.90,腾讯财经
2026-07-21 11:10:00,249.99,248.76,252.89,248.00,32406481,2.76,1.00,29.90,腾讯财经
2026-07-21 11:20:00,249.99,248.76,252.89,248.00,32406481,2.76,1.00,29.90,腾讯财经
2026-07-21 11:30:00,249.99,248.76,252.89,248.00,32406481,2.76,1.00,29.90,腾讯财经
2026-07-21 11:40:00,249.99,248.76,252.89,248.00,32406481,2.76,1.00,29.90,腾讯财经
2026-07-21 11:50:04,249.99,248.76,252.89,248.00,32406481,2.76,1.00,29.90,腾讯财经
2026-07-21 12:00:04,249.99,248.76,252.89,248.00,32406481,2.76,1.00,29.90,腾讯财经
2026-07-21 12:10:00,249.99,248.76,252.89,248.00,32406481,2.76,1.00,29.90,腾讯财经
2026-07-21 12:20:00,249.99,248.76,252.89,248.00,32406481,2.76,1.00,29.90,腾讯财经
2026-07-21 12:30:03,249.99,248.76,252.89,248.00,32406481,2.76,1.00,29.90,腾讯财经
2026-07-21 12:40:04,249.99,248.76,252.89,248.00,32406481,2.76,1.00,29.90,腾讯财经
2026-07-21 12:50:00,249.99,248.76,252.89,248.00,32406481,2.76,1.00,29.90,腾讯财经
2026-07-21 13:00:00,249.99,248.76,252.89,248.00,32406481,2.76,1.00,29.90,腾讯财经
2026-07-21 13:10:04,249.99,248.76,252.89,248.00,32406481,2.76,1.00,29.90,腾讯财经
2026-07-21 13:20:01,249.99,248.76,252.89,248.00,32406481,2.76,1.00,29.90,腾讯财经
2026-07-21 13:30:05,249.99,248.76,252.89,248.00,32406481,2.76,1.00,29.90,腾讯财经
2026-07-21 13:40:01,249.99,248.76,252.89,248.00,32406481,2.76,1.00,29.90,腾讯财经
2026-07-21 13:50:00,249.99,248.76,252.89,248.00,32406481,2.76,1.00,29.90,腾讯财经
2026-07-21 14:00:01,249.99,248.76,252.89,248.00,32406481,2.76,1.00,29.90,腾讯财经
2026-07-21 14:10:05,249.99,248.76,252.89,248.00,32406481,2.76,1.00,29.90,腾讯财经
2026-07-21 14:20:00,249.99,248.76,252.89,248.00,32406481,2.76,1.00,29.90,腾讯财经
2026-07-21 14:30:01,249.99,248.76,252.89,248.00,32406481,2.76,1.00,29.90,腾讯财经
2026-07-21 14:40:00,249.99,248.76,252.89,248.00,32406481,2.76,1.00,29.90,腾讯财经
2026-07-21 14:50:00,249.99,248.76,252.89,248.00,32406481,2.76,1.00,29.90,腾讯财经
2026-07-21 15:00:03,249.99,248.76,252.89,248.00,32406481,2.76,1.00,29.90,腾讯财经
2026-07-21 15:10:05,249.99,248.76,252.89,248.00,32406481,2.76,1.00,29.90,腾讯财经
2026-07-21 15:20:01,249.99,248.76,252.89,248.00,32406481,2.76,1.00,29.90,腾讯财经
2026-07-21 15:30:03,249.99,248.76,252.89,248.00,32406481,2.76,1.00,29.90,腾讯财经
2026-07-21 15:40:02,249.99,248.76,252.89,248.00,32406481,2.76,1.00,29.90,腾讯财经
2026-07-21 15:50:00,249.99,248.76,252.89,248.00,32406481,2.76,1.00,29.90,腾讯财经
2026-07-21 16:00:00,249.99,248.76,252.89,248.00,32406481,2.76,1.00,29.90,腾讯财经
2026-07-21 16:10:00,249.99,248.76,252.89,248.00,32406481,2.76,1.00,29.90,腾讯财经
2026-07-21 16:20:00,249.99,248.76,252.89,248.00,32406481,2.76,1.00,29.90,腾讯财经
2026-07-21 16:30:00,249.99,248.76,252.89,248.00,32406481,2.76,1.00,29.90,腾讯财经
2026-07-21 16:40:00,249.99,248.76,252.89,248.00,32406481,2.76,1.00,29.90,腾讯财经
2026-07-21 16:50:04,249.99,248.76,252.89,248.00,32406481,2.76,1.00,29.90,腾讯财经
2026-07-21 17:00:00,249.99,248.76,252.89,248.00,32406481,2.76,1.00,29.90,腾讯财经
2026-07-21 17:10:04,249.99,248.76,252.89,248.00,32406481,2.76,1.00,29.90,腾讯财经
2026-07-21 17:20:01,249.99,248.76,252.89,248.00,32406481,2.76,1.00,29.90,腾讯财经
2026-07-21 17:30:01,249.99,248.76,252.89,248.00,32406481,2.76,1.00,29.90,腾讯财经
2026-07-21 18:32:23,249.99,248.76,252.89,248.00,32406481,2.76,1.00,29.90,腾讯财经
2026-07-21 18:40:04,249.99,248.76,252.89,248.00,32406481,2.76,1.00,29.90,腾讯财经
2026-07-21 18:50:04,249.99,248.76,252.89,248.00,32406481,2.76,1.00,29.90,腾讯财经
2026-07-21 19:00:00,249.99,248.76,252.89,248.00,32406481,2.76,1.00,29.90,腾讯财经
2026-07-21 19:10:00,249.99,248.76,252.89,248.00,32406481,2.76,1.00,29.90,腾讯财经
2026-07-21 19:20:02,249.99,248.76,252.89,248.00,32406481,2.76,1.00,29.90,腾讯财经
2026-07-21 19:30:04,249.99,248.76,252.89,248.00,32406481,2.76,1.00,29.90,腾讯财经
2026-07-21 19:40:04,249.99,248.76,252.89,248.00,32406481,2.76,1.00,29.90,腾讯财经
2026-07-21 19:50:00,249.99,248.76,252.89,248.00,32406481,2.76,1.00,29.90,腾讯财经
2026-07-21 20:00:00,249.99,248.76,252.89,248.00,32406481,2.76,1.00,29.90,腾讯财经
2026-07-21 20:10:04,249.99,248.76,252.89,248.00,32406481,2.76,1.00,29.90,腾讯财经
2026-07-21 20:20:03,249.99,248.76,252.89,248.00,32406481,2.76,1.00,29.90,腾讯财经
2026-07-21 20:30:01,249.99,248.76,252.89,248.00,32406481,2.76,1.00,29.90,腾讯财经
2026-07-21 20:40:00,249.99,248.76,252.89,248.00,32406481,2.76,1.00,29.90,腾讯财经
2026-07-21 20:50:00,249.99,248.76,252.89,248.00,32406481,2.76,1.00,29.90,腾讯财经
2026-07-21 21:00:00,249.99,248.76,252.89,248.00,32406481,2.76,1.00,29.90,腾讯财经
2026-07-21 21:10:04,249.99,248.76,252.89,248.00,32406481,2.76,1.00,29.90,腾讯财经
2026-07-21 21:20:00,249.99,248.76,252.89,248.00,32406481,2.76,1.00,29.90,腾讯财经
2026-07-21 21:30:03,249.99,0.00,0.00,0.00,322529,0,0,29.90,腾讯财经
2026-07-21 21:40:04,248.25,249.12,249.34,247.27,1910131,-1.74,0,29.69,腾讯财经
2026-07-21 21:50:00,247.73,249.11,249.34,247.27,2715430,-2.26,0,29.63,腾讯财经
2026-07-21 22:00:00,247.43,249.11,249.34,246.72,3496409,-2.56,-1.00,29.60,腾讯财经
2026-07-21 22:10:04,247.31,249.11,249.34,246.72,4246741,-2.68,-1.00,29.58,腾讯财经
2026-07-21 22:20:02,247.28,249.11,249.34,246.72,4866875,-2.71,-1.00,29.58,腾讯财经
2026-07-21 22:30:04,247.46,249.11,249.34,246.72,5455251,-2.53,-1.00,29.60,腾讯财经
2026-07-21 22:40:00,248.21,249.11,249.34,246.72,6084381,-1.78,0,29.69,腾讯财经
2026-07-21 22:50:04,248.44,249.11,249.34,246.72,6665471,-1.55,0,29.72,腾讯财经
2026-07-21 23:00:00,247.70,249.11,249.34,246.72,7060220,-2.29,0,29.63,腾讯财经
2026-07-21 23:10:00,247.47,249.11,249.34,246.72,7607577,-2.52,-1.00,29.60,腾讯财经
2026-07-21 23:20:00,248.06,249.11,249.34,246.72,8151195,-1.93,0,29.67,腾讯财经
2026-07-21 23:30:00,247.89,249.11,249.34,246.72,8660146,-2.10,0,29.65,腾讯财经
2026-07-21 23:40:00,247.94,249.11,249.34,246.72,9174875,-2.05,0,29.66,腾讯财经
2026-07-21 23:50:00,247.99,249.11,249.34,246.72,9439302,-2.00,0,29.66,腾讯财经
2026-07-22 00:00:01,247.70,249.11,249.34,246.72,9718611,-2.29,0,29.63,腾讯财经
2026-07-22 00:10:00,247.59,249.11,249.34,246.72,10052003,-2.40,0,29.62,腾讯财经
2026-07-22 00:20:02,247.40,249.11,249.34,246.72,10446874,-2.59,-1.00,29.59,腾讯财经
2026-07-22 00:30:04,247.40,249.11,249.34,246.72,10771454,-2.59,-1.00,29.59,腾讯财经
2026-07-22 00:40:00,247.46,249.11,249.34,246.72,11167982,-2.53,-1.00,29.60,腾讯财经
2026-07-22 00:50:00,247.72,249.11,249.34,246.72,11524232,-2.27,0,29.63,腾讯财经
2026-07-22 01:00:00,248.14,249.11,249.34,246.72,11909773,-1.85,0,29.68,腾讯财经
2026-07-22 01:10:02,248.19,249.11,249.34,246.72,12227238,-1.80,0,29.69,腾讯财经
2026-07-22 01:20:00,248.28,249.11,249.34,246.72,12572299,-1.71,0,29.70,腾讯财经
2026-07-22 01:30:01,248.60,249.11,249.34,246.72,12883678,-1.39,0,29.74,腾讯财经
2026-07-22 01:40:00,248.45,249.11,249.34,246.72,13122949,-1.54,0,29.72,腾讯财经
2026-07-22 01:50:01,248.61,249.11,249.34,246.72,13391239,-1.38,0,29.74,腾讯财经
2026-07-22 02:00:00,248.71,249.11,249.34,246.72,13649677,-1.28,0,29.75,腾讯财经
2026-07-22 02:10:00,248.56,249.11,249.34,246.72,13968023,-1.43,0,29.73,腾讯财经
2026-07-22 02:20:00,248.52,249.11,249.34,246.72,14251802,-1.47,0,29.73,腾讯财经
2026-07-22 02:30:00,248.25,249.11,249.34,246.72,14576595,-1.74,0,29.69,腾讯财经
2026-07-22 02:40:04,247.58,249.11,249.34,246.72,15053781,-2.41,0,29.61,腾讯财经
2026-07-22 02:50:00,247.58,249.11,249.34,246.72,15519204,-2.41,0,29.61,腾讯财经
2026-07-22 03:00:00,247.54,249.11,249.34,246.72,15967504,-2.45,0,29.61,腾讯财经
2026-07-22 03:10:00,247.61,249.11,249.34,246.72,16443964,-2.38,0,29.62,腾讯财经
2026-07-22 03:20:00,247.92,249.11,249.34,246.72,16929725,-2.07,0,29.66,腾讯财经
2026-07-22 03:30:02,247.69,249.11,249.34,246.72,17457421,-2.30,0,29.63,腾讯财经
2026-07-22 03:40:00,247.45,249.11,249.34,246.72,17978618,-2.54,-1.00,29.60,腾讯财经
2026-07-22 03:50:00,247.65,249.11,249.34,246.72,18553938,-2.34,0,29.62,腾讯财经
2026-07-22 04:00:00,247.53,249.11,249.34,246.72,20513730,-2.46,0,29.61,腾讯财经
2026-07-22 04:10:05,247.55,249.11,249.34,246.72,25538261,-2.44,0,29.61,腾讯财经
2026-07-22 04:20:00,247.55,249.11,249.34,246.42,25776622,-2.44,0,29.61,腾讯财经
2026-07-22 04:30:00,247.55,249.11,249.34,246.42,25869124,-2.44,0,29.61,腾讯财经
2026-07-22 04:40:00,247.55,249.11,249.34,246.42,25879736,-2.44,0,29.61,腾讯财经
2026-07-22 04:50:04,247.55,249.11,249.34,246.42,27558160,-2.44,0,29.61,腾讯财经
2026-07-22 05:00:00,247.55,249.11,249.34,246.42,27590298,-2.44,0,29.61,腾讯财经
2026-07-22 05:10:01,247.55,249.11,249.34,246.42,27598281,-2.44,0,29.61,腾讯财经
2026-07-22 05:20:00,247.55,249.11,249.34,246.42,27605607,-2.44,0,29.61,腾讯财经
2026-07-22 05:30:04,247.55,249.11,249.34,246.42,27611903,-2.44,0,29.61,腾讯财经
2026-07-22 05:40:03,247.55,249.11,249.34,246.42,27619673,-2.44,0,29.61,腾讯财经
2026-07-22 05:50:00,247.55,249.11,249.34,246.42,27624867,-2.44,0,29.61,腾讯财经
2026-07-22 06:00:00,247.55,249.11,249.34,246.42,27630111,-2.44,0,29.61,腾讯财经
2026-07-22 06:10:04,247.55,249.11,249.34,246.42,27645392,-2.44,0,29.61,腾讯财经
2026-07-22 06:20:01,247.55,249.11,249.34,246.42,27650616,-2.44,0,29.61,腾讯财经
2026-07-22 06:30:02,247.55,249.11,249.34,246.42,27659171,-2.44,0,29.61,腾讯财经
2026-07-22 06:40:00,247.55,249.11,249.34,246.42,27667491,-2.44,0,29.61,腾讯财经
2026-07-22 06:50:00,247.55,249.11,249.34,246.42,27682213,-2.44,0,29.61,腾讯财经
2026-07-22 07:00:00,247.55,249.11,249.34,246.42,27689423,-2.44,0,29.61,腾讯财经
2026-07-22 07:10:03,247.55,249.11,249.34,246.42,27699366,-2.44,0,29.61,腾讯财经
2026-07-22 07:20:05,247.55,249.11,249.34,246.42,27706209,-2.44,0,29.61,腾讯财经
2026-07-22 07:30:01,247.55,249.11,249.34,246.42,27708881,-2.44,0,29.61,腾讯财经
2026-07-22 07:40:04,247.55,249.11,249.34,246.42,27714925,-2.44,0,29.61,腾讯财经
2026-07-22 07:50:01,247.55,249.11,249.34,246.42,27724332,-2.44,0,29.61,腾讯财经
2026-07-22 08:44:25,247.55,249.11,249.34,246.42,27732064,-2.44,0,29.61,腾讯财经
2026-07-22 08:50:05,247.55,249.11,249.34,246.42,27732064,-2.44,0,29.61,腾讯财经
2026-07-22 09:00:03,247.55,249.11,249.34,246.42,27732064,-2.44,0,29.61,腾讯财经
2026-07-22 09:10:01,247.55,249.11,249.34,246.42,27732064,-2.44,0,29.61,腾讯财经
2026-07-22 09:20:00,247.55,249.11,249.34,246.42,27732064,-2.44,0,29.61,腾讯财经
2026-07-22 09:30:00,247.55,249.11,249.34,246.42,27732064,-2.44,0,29.61,腾讯财经
2026-07-22 09:40:03,247.55,249.11,249.34,246.42,27732064,-2.44,0,29.61,腾讯财经
2026-07-22 09:50:00,247.55,249.11,249.34,246.42,27732064,-2.44,0,29.61,腾讯财经
2026-07-22 10:00:00,247.55,249.11,249.34,246.42,27732064,-2.44,0,29.61,腾讯财经
2026-07-22 10:10:03,247.55,249.11,249.34,246.42,27732064,-2.44,0,29.61,腾讯财经
2026-07-22 10:20:05,247.55,249.11,249.34,246.42,27732064,-2.44,0,29.61,腾讯财经
2026-07-22 10:30:00,247.55,249.11,249.34,246.42,27732064,-2.44,0,29.61,腾讯财经
2026-07-22 10:40:02,247.55,249.11,249.34,246.42,27732064,-2.44,0,29.61,腾讯财经
2026-07-22 10:50:02,247.55,249.11,249.34,246.42,27732064,-2.44,0,29.61,腾讯财经
2026-07-22 11:00:00,247.55,249.11,249.34,246.42,27732064,-2.44,0,29.61,腾讯财经
2026-07-22 11:10:05,247.55,249.11,249.34,246.42,27732064,-2.44,0,29.61,腾讯财经
2026-07-22 11:20:05,247.55,249.11,249.34,246.42,27732064,-2.44,0,29.61,腾讯财经
2026-07-22 11:30:04,247.55,249.11,249.34,246.42,27732064,-2.44,0,29.61,腾讯财经
2026-07-22 11:40:04,247.55,249.11,249.34,246.42,27732064,-2.44,0,29.61,腾讯财经
2026-07-22 11:50:04,247.55,249.11,249.34,246.42,27732064,-2.44,0,29.61,腾讯财经
2026-07-22 12:00:05,247.55,249.11,249.34,246.42,27732064,-2.44,0,29.61,腾讯财经
2026-07-22 12:10:05,247.55,249.11,249.34,246.42,27732064,-2.44,0,29.61,腾讯财经
2026-07-22 12:20:04,247.55,249.11,249.34,246.42,27732064,-2.44,0,29.61,腾讯财经
2026-07-22 12:30:05,247.55,249.11,249.34,246.42,27732064,-2.44,0,29.61,腾讯财经
2026-07-22 12:40:04,247.55,249.11,249.34,246.42,27732064,-2.44,0,29.61,腾讯财经
2026-07-22 12:50:05,247.55,249.11,249.34,246.42,27732064,-2.44,0,29.61,腾讯财经
2026-07-22 13:00:05,247.55,249.11,249.34,246.42,27732064,-2.44,0,29.61,腾讯财经
2026-07-22 13:10:04,247.55,249.11,249.34,246.42,27732064,-2.44,0,29.61,腾讯财经
2026-07-22 13:20:04,247.55,249.11,249.34,246.42,27732064,-2.44,0,29.61,腾讯财经
2026-07-22 13:30:04,247.55,249.11,249.34,246.42,27732064,-2.44,0,29.61,腾讯财经
2026-07-22 13:40:05,247.55,249.11,249.34,246.42,27732064,-2.44,0,29.61,腾讯财经
2026-07-22 13:50:04,247.55,249.11,249.34,246.42,27732064,-2.44,0,29.61,腾讯财经
2026-07-22 14:00:04,247.55,249.11,249.34,246.42,27732064,-2.44,0,29.61,腾讯财经
2026-07-22 14:10:04,247.55,249.11,249.34,246.42,27732064,-2.44,0,29.61,腾讯财经
2026-07-22 14:20:04,247.55,249.11,249.34,246.42,27732064,-2.44,0,29.61,腾讯财经
2026-07-22 14:30:04,247.55,249.11,249.34,246.42,27732064,-2.44,0,29.61,腾讯财经
2026-07-22 14:40:04,247.55,249.11,249.34,246.42,27732064,-2.44,0,29.61,腾讯财经
2026-07-22 14:50:05,247.55,249.11,249.34,246.42,27732064,-2.44,0,29.61,腾讯财经
2026-07-22 15:00:04,247.55,249.11,249.34,246.42,27732064,-2.44,0,29.61,腾讯财经
2026-07-22 15:10:05,247.55,249.11,249.34,246.42,27732064,-2.44,0,29.61,腾讯财经
2026-07-22 15:20:05,247.55,249.11,249.34,246.42,27732064,-2.44,0,29.61,腾讯财经
2026-07-22 15:30:04,247.55,249.11,249.34,246.42,27732064,-2.44,0,29.61,腾讯财经
2026-07-22 15:40:04,247.55,249.11,249.34,246.42,27732064,-2.44,0,29.61,腾讯财经
2026-07-22 15:50:04,247.55,249.11,249.34,246.42,27732064,-2.44,0,29.61,腾讯财经
2026-07-22 16:00:04,247.55,249.11,249.34,246.42,27732064,-2.44,0,29.61,腾讯财经
2026-07-22 16:10:04,247.55,249.11,249.34,246.42,27732064,-2.44,0,29.61,腾讯财经
2026-07-22 16:20:04,247.55,249.11,249.34,246.42,27732064,-2.44,0,29.61,腾讯财经
2026-07-22 16:30:04,247.55,249.11,249.34,246.42,27732064,-2.44,0,29.61,腾讯财经
2026-07-22 16:40:04,247.55,249.11,249.34,246.42,27732064,-2.44,0,29.61,腾讯财经
2026-07-22 16:50:04,247.55,249.11,249.34,246.42,27732064,-2.44,0,29.61,腾讯财经
2026-07-22 17:00:01,247.55,249.11,249.34,246.42,27732064,-2.44,0,29.61,腾讯财经
2026-07-22 17:10:00,247.55,249.11,249.34,246.42,27732064,-2.44,0,29.61,腾讯财经
2026-07-22 17:20:05,247.55,249.11,249.34,246.42,27732064,-2.44,0,29.61,腾讯财经
2026-07-22 17:30:00,247.55,249.11,249.34,246.42,27732064,-2.44,0,29.61,腾讯财经
2026-07-22 18:42:40,247.55,249.11,249.34,246.42,27732064,-2.44,0,29.61,腾讯财经
2026-07-22 18:50:04,247.55,249.11,249.34,246.42,27732064,-2.44,0,29.61,腾讯财经
2026-07-22 19:00:00,247.55,249.11,249.34,246.42,27732064,-2.44,0,29.61,腾讯财经
2026-07-22 19:10:01,247.55,249.11,249.34,246.42,27732064,-2.44,0,29.61,腾讯财经
2026-07-22 19:20:01,247.55,249.11,249.34,246.42,27732064,-2.44,0,29.61,腾讯财经
2026-07-22 19:30:00,247.55,249.11,249.34,246.42,27732064,-2.44,0,29.61,腾讯财经
2026-07-22 19:40:02,247.55,249.11,249.34,246.42,27732064,-2.44,0,29.61,腾讯财经
2026-07-22 19:50:02,247.55,249.11,249.34,246.42,27732064,-2.44,0,29.61,腾讯财经
2026-07-22 20:00:03,247.55,249.11,249.34,246.42,27732064,-2.44,0,29.61,腾讯财经
2026-07-22 20:10:01,247.55,249.11,249.34,246.42,27732064,-2.44,0,29.61,腾讯财经
2026-07-22 20:20:03,247.55,249.11,249.34,246.42,27732064,-2.44,0,29.61,腾讯财经
2026-07-22 20:30:00,247.55,249.11,249.34,246.42,27732064,-2.44,0,29.61,腾讯财经
2026-07-22 20:40:00,247.55,249.11,249.34,246.42,27732064,-2.44,0,29.61,腾讯财经
2026-07-22 20:50:00,247.55,249.11,249.34,246.42,27732064,-2.44,0,29.61,腾讯财经
2026-07-22 21:00:00,247.55,249.11,249.34,246.42,27732064,-2.44,0,29.61,腾讯财经
2026-07-22 21:10:00,247.55,249.11,249.34,246.42,27732064,-2.44,0,29.61,腾讯财经
2026-07-22 21:20:03,247.55,249.11,249.34,246.42,27732064,-2.44,0,29.61,腾讯财经
2026-07-22 21:30:03,247.55,0.00,0.00,0.00,527156,0,0,29.61,腾讯财经
2026-07-22 21:40:03,244.69,248.13,248.45,244.60,2186173,-2.86,-1.00,29.27,腾讯财经
2026-07-22 21:50:00,244.90,248.27,248.45,244.42,3187296,-2.65,-1.00,29.29,腾讯财经
2026-07-22 22:00:03,245.50,248.27,248.45,244.42,4024195,-2.05,0,29.37,腾讯财经
2026-07-22 22:10:00,246.24,248.27,248.45,244.42,4909852,-1.31,0,29.45,腾讯财经
2026-07-22 22:20:00,244.79,248.27,248.45,244.42,5818975,-2.76,-1.00,29.28,腾讯财经
2026-07-22 22:30:00,243.78,248.27,248.45,243.61,6572350,-3.77,-1.00,29.16,腾讯财经
2026-07-22 22:40:02,244.12,248.27,248.45,243.61,7265490,-3.43,-1.00,29.20,腾讯财经
2026-07-22 22:50:03,244.02,248.27,248.45,243.61,7807221,-3.53,-1.00,29.19,腾讯财经
2026-07-22 23:00:01,244.25,248.27,248.45,243.61,8250594,-3.30,-1.00,29.22,腾讯财经
2026-07-22 23:10:00,243.88,248.27,248.45,243.61,8679884,-3.67,-1.00,29.17,腾讯财经
2026-07-22 23:20:01,243.35,248.27,248.45,243.27,9309883,-4.20,-1.00,29.11,腾讯财经
2026-07-22 23:30:00,243.75,248.27,248.45,243.27,9812444,-3.80,-1.00,29.16,腾讯财经
2026-07-22 23:40:00,243.67,248.27,248.45,243.27,10263259,-3.88,-1.00,29.15,腾讯财经
2026-07-22 23:50:00,243.79,248.27,248.45,243.27,10643274,-3.76,-1.00,29.16,腾讯财经
2026-07-23 00:00:00,243.90,248.27,248.45,243.27,10926057,-3.65,-1.00,29.17,腾讯财经
2026-07-23 00:10:00,243.65,248.27,248.45,243.27,11248989,-3.90,-1.00,29.14,腾讯财经
2026-07-23 00:20:00,243.79,248.27,248.45,243.27,11623889,-3.76,-1.00,29.16,腾讯财经
2026-07-23 00:30:04,244.03,248.27,248.45,243.27,12294020,-3.52,-1.00,29.19,腾讯财经
2026-07-23 00:40:00,243.88,248.27,248.45,243.27,12721459,-3.67,-1.00,29.17,腾讯财经
2026-07-23 00:50:00,244.11,248.27,248.45,243.27,13014396,-3.44,-1.00,29.20,腾讯财经
2026-07-23 01:00:04,243.97,248.27,248.45,243.27,13136731,-3.58,-1.00,29.18,腾讯财经
2026-07-23 01:10:00,243.50,248.27,248.45,243.27,13430567,-4.05,-1.00,29.13,腾讯财经
2026-07-23 01:20:00,243.25,248.27,248.45,243.16,13805628,-4.30,-1.00,29.10,腾讯财经
2026-07-23 01:30:00,243.08,248.27,248.45,242.94,14212726,-4.47,-1.00,29.08,腾讯财经
2026-07-23 01:40:05,243.21,248.27,248.45,242.81,14674421,-4.34,-1.00,29.09,腾讯财经
2026-07-23 01:50:01,242.84,248.27,248.45,242.76,14967673,-4.71,-1.00,29.05,腾讯财经
2026-07-23 02:00:05,242.67,248.27,248.45,242.56,15405542,-4.88,-1.00,29.03,腾讯财经
2026-07-23 02:10:00,242.70,248.27,248.45,242.45,15835204,-4.85,-1.00,29.03,腾讯财经
2026-07-23 02:20:03,242.87,248.27,248.45,242.45,16176280,-4.68,-1.00,29.05,腾讯财经
2026-07-23 02:30:05,243.05,248.27,248.45,242.45,16484995,-4.50,-1.00,29.07,腾讯财经
2026-07-23 02:40:00,243.01,248.27,248.45,242.45,16746482,-4.54,-1.00,29.07,腾讯财经
2026-07-23 02:50:00,242.79,248.27,248.45,242.45,17086466,-4.76,-1.00,29.04,腾讯财经
2026-07-23 03:00:00,243.57,248.27,248.45,242.45,17723109,-3.98,-1.00,29.14,腾讯财经
2026-07-23 03:10:03,244.58,248.27,248.45,242.45,18997046,-2.97,-1.00,29.26,腾讯财经
2026-07-23 03:20:00,244.78,248.27,248.45,242.45,19912897,-2.77,-1.00,29.28,腾讯财经
2026-07-23 03:30:00,244.52,248.27,248.45,242.45,20595341,-3.03,-1.00,29.25,腾讯财经
2026-07-23 03:40:02,244.71,248.27,248.45,242.45,21368301,-2.84,-1.00,29.27,腾讯财经
2026-07-23 03:50:03,244.70,248.27,248.45,242.45,22052619,-2.85,-1.00,29.27,腾讯财经
2026-07-23 04:00:00,244.91,248.27,248.45,242.45,23996268,-2.64,-1.00,29.30,腾讯财经
2026-07-23 04:10:04,244.85,248.27,248.45,242.45,32599091,-2.70,-1.00,29.29,腾讯财经
2026-07-23 04:20:00,244.85,248.27,248.45,242.45,32891162,-2.70,-1.00,29.29,腾讯财经
2026-07-23 04:30:00,244.85,248.27,248.45,242.45,33008881,-2.70,-1.00,29.29,腾讯财经
2026-07-23 04:40:05,244.85,248.27,248.45,242.45,33077953,-2.70,-1.00,29.29,腾讯财经
2026-07-23 04:50:00,244.85,248.27,248.45,242.45,33118544,-2.70,-1.00,29.29,腾讯财经
2026-07-23 05:00:02,244.85,248.27,248.45,242.45,33155119,-2.70,-1.00,29.29,腾讯财经
2026-07-23 05:10:00,244.85,248.27,248.45,242.45,33283552,-2.70,-1.00,29.29,腾讯财经
2026-07-23 05:20:00,244.85,248.27,248.45,242.45,33423864,-2.70,-1.00,29.29,腾讯财经
2026-07-23 05:30:03,244.85,248.27,248.45,242.45,33558663,-2.70,-1.00,29.29,腾讯财经
2026-07-23 05:40:00,244.85,248.27,248.45,242.45,33642764,-2.70,-1.00,29.29,腾讯财经
2026-07-23 05:50:00,244.85,248.27,248.45,242.45,33745581,-2.70,-1.00,29.29,腾讯财经
2026-07-23 06:00:04,244.85,248.27,248.45,242.45,33817856,-2.70,-1.00,29.29,腾讯财经
2026-07-23 06:10:00,244.85,248.27,248.45,242.45,33855481,-2.70,-1.00,29.29,腾讯财经
2026-07-23 06:20:00,244.85,248.27,248.45,242.45,33897452,-2.70,-1.00,29.29,腾讯财经
2026-07-23 06:30:00,244.85,248.27,248.45,242.45,33938678,-2.70,-1.00,29.29,腾讯财经
2026-07-23 06:40:00,244.85,248.27,248.45,242.45,33950765,-2.70,-1.00,29.29,腾讯财经
2026-07-23 06:50:04,244.85,248.27,248.45,242.45,33990049,-2.70,-1.00,29.29,腾讯财经
2026-07-23 07:00:00,244.85,248.27,248.45,242.45,33998476,-2.70,-1.00,29.29,腾讯财经
2026-07-23 07:10:03,244.85,248.27,248.45,242.45,34020193,-2.70,-1.00,29.29,腾讯财经
2026-07-23 07:20:00,244.85,248.27,248.45,242.45,34041029,-2.70,-1.00,29.29,腾讯财经
2026-07-23 07:30:00,244.85,248.27,248.45,242.45,34049917,-2.70,-1.00,29.29,腾讯财经
2026-07-23 08:50:05,244.85,248.27,248.45,242.45,34112732,-2.70,-1.00,29.29,腾讯财经
2026-07-23 09:00:00,244.85,248.27,248.45,242.45,34112732,-2.70,-1.00,29.29,腾讯财经
2026-07-23 09:10:04,244.85,248.27,248.45,242.45,34112732,-2.70,-1.00,29.29,腾讯财经
2026-07-23 09:20:00,244.85,248.27,248.45,242.45,34112732,-2.70,-1.00,29.29,腾讯财经
2026-07-23 09:30:04,244.85,248.27,248.45,242.45,34112732,-2.70,-1.00,29.29,腾讯财经
2026-07-23 09:40:05,244.85,248.27,248.45,242.45,34112732,-2.70,-1.00,29.29,腾讯财经
2026-07-23 09:50:04,244.85,248.27,248.45,242.45,34112732,-2.70,-1.00,29.29,腾讯财经
2026-07-23 10:00:01,244.85,248.27,248.45,242.45,34112732,-2.70,-1.00,29.29,腾讯财经
2026-07-23 10:10:04,244.85,248.27,248.45,242.45,34112732,-2.70,-1.00,29.29,腾讯财经
2026-07-23 10:20:04,244.85,248.27,248.45,242.45,34112732,-2.70,-1.00,29.29,腾讯财经
2026-07-23 10:30:01,244.85,248.27,248.45,242.45,34112732,-2.70,-1.00,29.29,腾讯财经
2026-07-23 10:40:04,244.85,248.27,248.45,242.45,34112732,-2.70,-1.00,29.29,腾讯财经
2026-07-23 10:50:00,244.85,248.27,248.45,242.45,34112732,-2.70,-1.00,29.29,腾讯财经
2026-07-23 11:00:01,244.85,248.27,248.45,242.45,34112732,-2.70,-1.00,29.29,腾讯财经
2026-07-23 11:10:03,244.85,248.27,248.45,242.45,34112732,-2.70,-1.00,29.29,腾讯财经
2026-07-23 11:20:01,244.85,248.27,248.45,242.45,34112732,-2.70,-1.00,29.29,腾讯财经
2026-07-23 11:30:01,244.85,248.27,248.45,242.45,34112732,-2.70,-1.00,29.29,腾讯财经
2026-07-23 11:40:04,244.85,248.27,248.45,242.45,34112732,-2.70,-1.00,29.29,腾讯财经
2026-07-23 11:50:00,244.85,248.27,248.45,242.45,34112732,-2.70,-1.00,29.29,腾讯财经
2026-07-23 12:00:04,244.85,248.27,248.45,242.45,34112732,-2.70,-1.00,29.29,腾讯财经
2026-07-23 12:10:05,244.85,248.27,248.45,242.45,34112732,-2.70,-1.00,29.29,腾讯财经
2026-07-23 12:20:03,244.85,248.27,248.45,242.45,34112732,-2.70,-1.00,29.29,腾讯财经
2026-07-23 12:30:02,244.85,248.27,248.45,242.45,34112732,-2.70,-1.00,29.29,腾讯财经
2026-07-23 12:40:05,244.85,248.27,248.45,242.45,34112732,-2.70,-1.00,29.29,腾讯财经
2026-07-23 12:50:00,244.85,248.27,248.45,242.45,34112732,-2.70,-1.00,29.29,腾讯财经
2026-07-23 13:00:02,244.85,248.27,248.45,242.45,34112732,-2.70,-1.00,29.29,腾讯财经
2026-07-23 13:10:04,244.85,248.27,248.45,242.45,34112732,-2.70,-1.00,29.29,腾讯财经
2026-07-23 13:20:02,244.85,248.27,248.45,242.45,34112732,-2.70,-1.00,29.29,腾讯财经
2026-07-23 13:30:05,244.85,248.27,248.45,242.45,34112732,-2.70,-1.00,29.29,腾讯财经
2026-07-23 13:40:05,244.85,248.27,248.45,242.45,34112732,-2.70,-1.00,29.29,腾讯财经
2026-07-23 13:50:04,244.85,248.27,248.45,242.45,34112732,-2.70,-1.00,29.29,腾讯财经
2026-07-23 14:00:00,244.85,248.27,248.45,242.45,34112732,-2.70,-1.00,29.29,腾讯财经
2026-07-23 14:10:05,244.85,248.27,248.45,242.45,34112732,-2.70,-1.00,29.29,腾讯财经
2026-07-23 14:20:01,244.85,248.27,248.45,242.45,34112732,-2.70,-1.00,29.29,腾讯财经
2026-07-23 14:30:00,244.85,248.27,248.45,242.45,34112732,-2.70,-1.00,29.29,腾讯财经
2026-07-23 14:40:04,244.85,248.27,248.45,242.45,34112732,-2.70,-1.00,29.29,腾讯财经
2026-07-23 14:50:00,244.85,248.27,248.45,242.45,34112732,-2.70,-1.00,29.29,腾讯财经
2026-07-23 15:00:01,244.85,248.27,248.45,242.45,34112732,-2.70,-1.00,29.29,腾讯财经
2026-07-23 15:10:00,244.85,248.27,248.45,242.45,34112732,-2.70,-1.00,29.29,腾讯财经
2026-07-23 15:20:00,244.85,248.27,248.45,242.45,34112732,-2.70,-1.00,29.29,腾讯财经
2026-07-23 15:30:04,244.85,248.27,248.45,242.45,34112732,-2.70,-1.00,29.29,腾讯财经
2026-07-23 15:40:05,244.85,248.27,248.45,242.45,34112732,-2.70,-1.00,29.29,腾讯财经
2026-07-23 15:50:05,244.85,248.27,248.45,242.45,34112732,-2.70,-1.00,29.29,腾讯财经
2026-07-23 16:00:03,244.85,248.27,248.45,242.45,34112732,-2.70,-1.00,29.29,腾讯财经
2026-07-23 16:10:03,244.85,248.27,248.45,242.45,34112732,-2.70,-1.00,29.29,腾讯财经
2026-07-23 16:20:00,244.85,248.27,248.45,242.45,34112732,-2.70,-1.00,29.29,腾讯财经
2026-07-23 16:30:00,244.85,248.27,248.45,242.45,34112732,-2.70,-1.00,29.29,腾讯财经
2026-07-23 16:40:04,244.85,248.27,248.45,242.45,34112732,-2.70,-1.00,29.29,腾讯财经
2026-07-23 16:50:00,244.85,248.27,248.45,242.45,34112732,-2.70,-1.00,29.29,腾讯财经
2026-07-23 17:00:00,244.85,248.27,248.45,242.45,34112732,-2.70,-1.00,29.29,腾讯财经
2026-07-23 17:10:01,244.85,248.27,248.45,242.45,34112732,-2.70,-1.00,29.29,腾讯财经
2026-07-23 17:20:03,244.85,248.27,248.45,242.45,34112732,-2.70,-1.00,29.29,腾讯财经
2026-07-23 17:30:01,244.85,248.27,248.45,242.45,34112732,-2.70,-1.00,29.29,腾讯财经
2026-07-23 17:40:05,244.85,248.27,248.45,242.45,34112732,-2.70,-1.00,29.29,腾讯财经
2026-07-23 18:12:05,244.85,248.27,248.45,242.45,34112732,-2.70,-1.00,29.29,腾讯财经
2026-07-23 18:20:00,244.85,248.27,248.45,242.45,34112732,-2.70,-1.00,29.29,腾讯财经
2026-07-23 18:30:00,244.85,248.27,248.45,242.45,34112732,-2.70,-1.00,29.29,腾讯财经
2026-07-23 18:40:00,244.85,248.27,248.45,242.45,34112732,-2.70,-1.00,29.29,腾讯财经
2026-07-23 18:50:05,244.85,248.27,248.45,242.45,34112732,-2.70,-1.00,29.29,腾讯财经
2026-07-23 19:00:00,244.85,248.27,248.45,242.45,34112732,-2.70,-1.00,29.29,腾讯财经
2026-07-23 19:10:03,244.85,248.27,248.45,242.45,34112732,-2.70,-1.00,29.29,腾讯财经
2026-07-23 19:20:05,244.85,248.27,248.45,242.45,34112732,-2.70,-1.00,29.29,腾讯财经
2026-07-23 19:30:02,244.85,248.27,248.45,242.45,34112732,-2.70,-1.00,29.29,腾讯财经
2026-07-23 19:40:04,244.85,248.27,248.45,242.45,34112732,-2.70,-1.00,29.29,腾讯财经
2026-07-23 19:50:00,244.85,248.27,248.45,242.45,34112732,-2.70,-1.00,29.29,腾讯财经
2026-07-23 20:00:04,244.85,248.27,248.45,242.45,34112732,-2.70,-1.00,29.29,腾讯财经
2026-07-23 20:10:00,244.85,248.27,248.45,242.45,34112732,-2.70,-1.00,29.29,腾讯财经
2026-07-23 20:20:04,244.85,248.27,248.45,242.45,34112732,-2.70,-1.00,29.29,腾讯财经
2026-07-23 20:30:04,244.85,248.27,248.45,242.45,34112732,-2.70,-1.00,29.29,腾讯财经
2026-07-23 20:40:05,244.85,248.27,248.45,242.45,34112732,-2.70,-1.00,29.29,腾讯财经
2026-07-23 20:50:00,244.85,248.27,248.45,242.45,34112732,-2.70,-1.00,29.29,腾讯财经
2026-07-23 21:00:01,244.85,248.27,248.45,242.45,34112732,-2.70,-1.00,29.29,腾讯财经
2026-07-23 21:10:03,244.85,248.27,248.45,242.45,34112732,-2.70,-1.00,29.29,腾讯财经
2026-07-23 21:20:00,244.85,248.27,248.45,242.45,34112732,-2.70,-1.00,29.29,腾讯财经
2026-07-24 08:40:05,233.66,236.26,238.35,232.05,47465337,-11.19,-4.00,27.95,腾讯财经
2026-07-24 08:50:05,233.66,236.26,238.35,232.05,47465337,-11.19,-4.00,27.95,腾讯财经
2026-07-24 09:00:01,233.66,236.26,238.35,232.05,47465337,-11.19,-4.00,27.95,腾讯财经
2026-07-24 09:10:05,233.66,236.26,238.35,232.05,47465337,-11.19,-4.00,27.95,腾讯财经
2026-07-24 09:20:01,233.66,236.26,238.35,232.05,47465337,-11.19,-4.00,27.95,腾讯财经
2026-07-24 09:30:04,233.66,236.26,238.35,232.05,47465337,-11.19,-4.00,27.95,腾讯财经
2026-07-24 09:40:00,233.66,236.26,238.35,232.05,47465337,-11.19,-4.00,27.95,腾讯财经
2026-07-24 09:50:00,233.66,236.26,238.35,232.05,47465337,-11.19,-4.00,27.95,腾讯财经
2026-07-24 10:00:04,233.66,236.26,238.35,232.05,47465337,-11.19,-4.00,27.95,腾讯财经
2026-07-24 10:10:05,233.66,236.26,238.35,232.05,47465337,-11.19,-4.00,27.95,腾讯财经
2026-07-24 10:20:02,233.66,236.26,238.35,232.05,47465337,-11.19,-4.00,27.95,腾讯财经
2026-07-24 10:30:00,233.66,236.26,238.35,232.05,47465337,-11.19,-4.00,27.95,腾讯财经
2026-07-24 10:40:04,233.66,236.26,238.35,232.05,47465337,-11.19,-4.00,27.95,腾讯财经
2026-07-24 10:50:02,233.66,236.26,238.35,232.05,47465337,-11.19,-4.00,27.95,腾讯财经
2026-07-24 11:00:02,233.66,236.26,238.35,232.05,47465337,-11.19,-4.00,27.95,腾讯财经
2026-07-24 11:10:05,233.66,236.26,238.35,232.05,47465337,-11.19,-4.00,27.95,腾讯财经
2026-07-24 11:20:03,233.66,236.26,238.35,232.05,47465337,-11.19,-4.00,27.95,腾讯财经
2026-07-24 11:30:05,233.66,236.26,238.35,232.05,47465337,-11.19,-4.00,27.95,腾讯财经
2026-07-24 11:40:05,233.66,236.26,238.35,232.05,47465337,-11.19,-4.00,27.95,腾讯财经
2026-07-24 11:50:04,233.66,236.26,238.35,232.05,47465337,-11.19,-4.00,27.95,腾讯财经
2026-07-24 12:00:00,233.66,236.26,238.35,232.05,47465337,-11.19,-4.00,27.95,腾讯财经
2026-07-24 12:10:03,233.66,236.26,238.35,232.05,47465337,-11.19,-4.00,27.95,腾讯财经
2026-07-24 12:20:01,233.66,236.26,238.35,232.05,47465337,-11.19,-4.00,27.95,腾讯财经
2026-07-24 12:30:02,233.66,236.26,238.35,232.05,47465337,-11.19,-4.00,27.95,腾讯财经
2026-07-24 12:40:05,233.66,236.26,238.35,232.05,47465337,-11.19,-4.00,27.95,腾讯财经
2026-07-24 12:50:00,233.66,236.26,238.35,232.05,47465337,-11.19,-4.00,27.95,腾讯财经
2026-07-24 13:00:05,233.66,236.26,238.35,232.05,47465337,-11.19,-4.00,27.95,腾讯财经
2026-07-24 13:10:05,233.66,236.26,238.35,232.05,47465337,-11.19,-4.00,27.95,腾讯财经
2026-07-24 13:20:00,233.66,236.26,238.35,232.05,47465337,-11.19,-4.00,27.95,腾讯财经
2026-07-24 13:30:01,233.66,236.26,238.35,232.05,47465337,-11.19,-4.00,27.95,腾讯财经
2026-07-24 13:40:00,233.66,236.26,238.35,232.05,47465337,-11.19,-4.00,27.95,腾讯财经
2026-07-24 13:50:03,233.66,236.26,238.35,232.05,47465337,-11.19,-4.00,27.95,腾讯财经
2026-07-24 14:00:04,233.66,236.26,238.35,232.05,47465337,-11.19,-4.00,27.95,腾讯财经
2026-07-24 14:10:02,233.66,236.26,238.35,232.05,47465337,-11.19,-4.00,27.95,腾讯财经
2026-07-24 14:20:03,233.66,236.26,238.35,232.05,47465337,-11.19,-4.00,27.95,腾讯财经
2026-07-24 14:30:05,233.66,236.26,238.35,232.05,47465337,-11.19,-4.00,27.95,腾讯财经
2026-07-24 14:40:05,233.66,236.26,238.35,232.05,47465337,-11.19,-4.00,27.95,腾讯财经
2026-07-24 14:50:03,233.66,236.26,238.35,232.05,47465337,-11.19,-4.00,27.95,腾讯财经
2026-07-24 15:00:04,233.66,236.26,238.35,232.05,47465337,-11.19,-4.00,27.95,腾讯财经
2026-07-24 15:10:05,233.66,236.26,238.35,232.05,47465337,-11.19,-4.00,27.95,腾讯财经
2026-07-24 15:20:05,233.66,236.26,238.35,232.05,47465337,-11.19,-4.00,27.95,腾讯财经
2026-07-24 15:30:05,233.66,236.26,238.35,232.05,47465337,-11.19,-4.00,27.95,腾讯财经
2026-07-24 15:40:02,233.66,236.26,238.35,232.05,47465337,-11.19,-4.00,27.95,腾讯财经
2026-07-24 15:50:05,233.66,236.26,238.35,232.05,47465337,-11.19,-4.00,27.95,腾讯财经
2026-07-24 16:00:03,233.66,236.26,238.35,232.05,47465337,-11.19,-4.00,27.95,腾讯财经
2026-07-24 16:10:00,233.66,236.26,238.35,232.05,47465337,-11.19,-4.00,27.95,腾讯财经
2026-07-24 16:20:01,233.66,236.26,238.35,232.05,47465337,-11.19,-4.00,27.95,腾讯财经
2026-07-24 16:30:03,233.66,236.26,238.35,232.05,47465337,-11.19,-4.00,27.95,腾讯财经
2026-07-24 16:40:04,233.66,236.26,238.35,232.05,47465337,-11.19,-4.00,27.95,腾讯财经
2026-07-24 16:50:04,233.66,236.26,238.35,232.05,47465337,-11.19,-4.00,27.95,腾讯财经
2026-07-24 17:00:02,233.66,236.26,238.35,232.05,47465337,-11.19,-4.00,27.95,腾讯财经
2026-07-24 17:10:00,233.66,236.26,238.35,232.05,47465337,-11.19,-4.00,27.95,腾讯财经
2026-07-24 17:20:00,233.66,236.26,238.35,232.05,47465337,-11.19,-4.00,27.95,腾讯财经
2026-07-24 17:30:01,233.66,236.26,238.35,232.05,47465337,-11.19,-4.00,27.95,腾讯财经
2026-07-24 19:15:13,233.66,236.26,238.35,232.05,47465337,-11.19,-4.00,27.95,腾讯财经
2026-07-24 20:00:05,233.66,236.26,238.35,232.05,47465337,-11.19,-4.00,27.95,腾讯财经
2026-07-24 20:10:04,233.66,236.26,238.35,232.05,47465337,-11.19,-4.00,27.95,腾讯财经
2026-07-24 20:20:02,233.66,236.26,238.35,232.05,47465337,-11.19,-4.00,27.95,腾讯财经
2026-07-24 20:30:02,233.66,236.26,238.35,232.05,47465337,-11.19,-4.00,27.95,腾讯财经
2026-07-24 20:40:05,233.66,236.26,238.35,232.05,47465337,-11.19,-4.00,27.95,腾讯财经
2026-07-24 20:50:04,233.66,236.26,238.35,232.05,47465337,-11.19,-4.00,27.95,腾讯财经
2026-07-24 21:00:01,233.66,236.26,238.35,232.05,47465337,-11.19,-4.00,27.95,腾讯财经
2026-07-24 21:10:05,233.66,236.26,238.35,232.05,47465337,-11.19,-4.00,27.95,腾讯财经
2026-07-24 21:20:00,233.66,236.26,238.35,232.05,47465337,-11.19,-4.00,27.95,腾讯财经
2026-07-24 21:30:05,234.37,234.37,234.37,234.37,318691,.71,0,28.03,腾讯财经
2026-07-24 21:40:01,234.11,234.37,234.95,232.97,1786785,.45,0,28.00,腾讯财经
2026-07-24 21:50:01,233.15,234.38,234.95,232.20,3189081,-.51,0,27.89,腾讯财经
2026-07-24 22:00:03,232.64,234.38,234.95,232.20,4460593,-1.02,0,27.83,腾讯财经
2026-07-24 22:10:00,232.85,234.38,234.95,232.09,5617585,-.81,0,27.85,腾讯财经
2026-07-24 22:20:00,232.40,234.38,234.95,232.06,6545164,-1.26,0,27.80,腾讯财经
2026-07-24 22:30:00,231.80,234.38,234.95,231.75,7938065,-1.86,0,27.73,腾讯财经
2026-07-24 22:40:01,231.92,234.38,234.95,231.59,8758060,-1.74,0,27.74,腾讯财经
2026-07-24 22:50:00,231.75,234.38,234.95,231.35,9750500,-1.91,0,27.72,腾讯财经
2026-07-24 23:00:00,233.19,234.38,234.95,231.35,10704546,-.47,0,27.89,腾讯财经
2026-07-24 23:10:00,232.24,234.38,234.95,231.35,11453476,-1.42,0,27.78,腾讯财经
2026-07-24 23:20:03,232.76,234.38,234.95,231.35,12110446,-.90,0,27.84,腾讯财经
2026-07-24 23:30:00,233.69,234.38,234.95,231.35,13022604,.03,0,27.95,腾讯财经
2026-07-24 23:40:02,233.32,234.38,234.95,231.35,13729977,-.34,0,27.91,腾讯财经
2026-07-24 23:50:00,233.04,234.38,234.95,231.35,14169436,-.62,0,27.88,腾讯财经
2026-07-25 00:00:05,233.18,234.38,234.95,231.35,14548778,-.48,0,27.89,腾讯财经
2026-07-25 00:10:01,233.49,234.38,234.95,231.35,14949844,-.17,0,27.93,腾讯财经
2026-07-25 00:20:00,233.73,234.38,234.95,231.35,15380021,.07,0,27.96,腾讯财经
2026-07-25 00:30:00,234.03,234.38,234.95,231.35,15974736,.37,0,27.99,腾讯财经
2026-07-25 00:40:01,233.95,234.38,234.95,231.35,16439116,.29,0,27.98,腾讯财经
2026-07-25 00:50:02,233.58,234.38,234.95,231.35,16872708,-.08,0,27.94,腾讯财经
2026-07-25 01:00:04,233.44,234.38,234.95,231.35,17239071,-.22,0,27.92,腾讯财经
2026-07-25 01:10:01,233.26,234.38,234.95,231.35,17748943,-.40,0,27.90,腾讯财经
2026-07-25 01:20:01,233.29,234.38,234.95,231.35,18101856,-.37,0,27.91,腾讯财经
2026-07-25 01:30:01,233.27,234.38,234.95,231.35,18504609,-.39,0,27.90,腾讯财经
2026-07-25 01:40:04,232.81,234.38,234.95,231.35,19340967,-.85,0,27.85,腾讯财经
2026-07-25 01:50:00,233.00,234.38,234.95,231.35,19833193,-.66,0,27.87,腾讯财经
2026-07-25 02:00:00,233.10,234.38,234.95,231.35,20247801,-.56,0,27.88,腾讯财经
2026-07-25 02:10:00,232.76,234.38,234.95,231.35,20711423,-.90,0,27.84,腾讯财经
2026-07-25 02:20:03,232.70,234.38,234.95,231.35,21258057,-.96,0,27.83,腾讯财经
2026-07-25 02:30:00,232.25,234.38,234.95,231.35,21863044,-1.41,0,27.78,腾讯财经
2026-07-25 02:40:04,232.18,234.38,234.95,231.35,22606122,-1.48,0,27.77,腾讯财经
2026-07-25 02:50:05,231.97,234.38,234.95,231.35,23571099,-1.69,0,27.75,腾讯财经
2026-07-25 03:00:00,232.02,234.38,234.95,231.35,23969210,-1.64,0,27.75,腾讯财经
2026-07-25 03:10:02,232.06,234.38,234.95,231.35,24521671,-1.60,0,27.76,腾讯财经
2026-07-25 03:20:00,231.94,234.38,234.95,231.35,25094415,-1.72,0,27.74,腾讯财经
2026-07-25 03:30:05,231.49,234.38,234.95,231.35,25784326,-2.17,0,27.69,腾讯财经
2026-07-25 03:40:00,232.08,234.38,234.95,231.35,26486954,-1.58,0,27.76,腾讯财经
2026-07-25 03:50:02,231.92,234.38,234.95,231.35,27271410,-1.74,0,27.74,腾讯财经
2026-07-25 04:00:05,232.08,234.38,234.95,231.35,29885465,-1.58,0,27.76,腾讯财经
2026-07-25 04:10:00,232.11,234.38,234.95,231.35,34594199,-1.55,0,27.76,腾讯财经
2026-07-25 04:20:01,232.11,234.38,234.95,231.34,34659297,-1.55,0,27.76,腾讯财经
2026-07-25 04:30:01,232.11,234.38,234.95,231.34,34680067,-1.55,0,27.76,腾讯财经
2026-07-25 04:40:01,232.11,234.38,234.95,231.34,34688970,-1.55,0,27.76,腾讯财经
2026-07-25 04:50:00,232.11,234.38,234.95,231.34,34701978,-1.55,0,27.76,腾讯财经
2026-07-25 05:00:00,232.11,234.38,234.95,231.34,34849601,-1.55,0,27.76,腾讯财经
2026-07-25 05:10:00,232.11,234.38,234.95,231.34,34855200,-1.55,0,27.76,腾讯财经
2026-07-25 05:20:03,232.11,234.38,234.95,231.34,34868434,-1.55,0,27.76,腾讯财经
2026-07-25 05:30:00,232.11,234.38,234.95,231.34,34869985,-1.55,0,27.76,腾讯财经
2026-07-25 05:40:00,232.11,234.38,234.95,231.34,34876066,-1.55,0,27.76,腾讯财经
2026-07-25 05:50:00,232.11,234.38,234.95,231.34,34879988,-1.55,0,27.76,腾讯财经
2026-07-25 06:00:02,232.11,234.38,234.95,231.34,34960329,-1.55,0,27.76,腾讯财经
2026-07-25 06:10:03,232.11,234.38,234.95,231.34,34964367,-1.55,0,27.76,腾讯财经
2026-07-25 06:20:04,232.11,234.38,234.95,231.34,34966345,-1.55,0,27.76,腾讯财经
2026-07-25 06:30:05,232.11,234.38,234.95,231.34,34976076,-1.55,0,27.76,腾讯财经
2026-07-25 06:40:00,232.11,234.38,234.95,231.34,34981917,-1.55,0,27.76,腾讯财经
2026-07-25 06:50:00,232.11,234.38,234.95,231.34,34986228,-1.55,0,27.76,腾讯财经
2026-07-25 07:00:01,232.11,234.38,234.95,231.34,34991610,-1.55,0,27.76,腾讯财经
2026-07-25 07:10:05,232.11,234.38,234.95,231.34,34995024,-1.55,0,27.76,腾讯财经
2026-07-25 07:20:00,232.11,234.38,234.95,231.34,34996173,-1.55,0,27.76,腾讯财经
2026-07-25 07:30:00,232.11,234.38,234.95,231.34,35001977,-1.55,0,27.76,腾讯财经
2026-07-25 07:40:01,232.11,234.38,234.95,231.34,35006471,-1.55,0,27.76,腾讯财经
2026-07-25 07:50:00,232.11,234.38,234.95,231.34,35010440,-1.55,0,27.76,腾讯财经
2026-07-25 08:00:03,232.11,234.38,234.95,231.34,35017357,-1.55,0,27.76,腾讯财经
2026-07-25 08:10:05,232.11,234.38,234.95,231.34,35017357,-1.55,0,27.76,腾讯财经
2026-07-25 08:20:00,232.11,234.38,234.95,231.34,35017357,-1.55,0,27.76,腾讯财经
2026-07-25 08:30:00,232.11,234.38,234.95,231.34,35017357,-1.55,0,27.76,腾讯财经
2026-07-25 08:40:05,232.11,234.38,234.95,231.34,35017357,-1.55,0,27.76,腾讯财经
2026-07-25 08:50:00,232.11,234.38,234.95,231.34,35017357,-1.55,0,27.76,腾讯财经
2026-07-25 09:00:00,232.11,234.38,234.95,231.34,35017357,-1.55,0,27.76,腾讯财经
2026-07-25 09:10:00,232.11,234.38,234.95,231.34,35017357,-1.55,0,27.76,腾讯财经
2026-07-25 09:20:00,232.11,234.38,234.95,231.34,35017357,-1.55,0,27.76,腾讯财经
2026-07-25 09:30:01,232.11,234.38,234.95,231.34,35017357,-1.55,0,27.76,腾讯财经
2026-07-25 09:40:02,232.11,234.38,234.95,231.34,35017357,-1.55,0,27.76,腾讯财经
2026-07-25 09:50:04,232.11,234.38,234.95,231.34,35017357,-1.55,0,27.76,腾讯财经
2026-07-25 10:00:00,232.11,234.38,234.95,231.34,35017357,-1.55,0,27.76,腾讯财经
2026-07-25 10:10:05,232.11,234.38,234.95,231.34,35017357,-1.55,0,27.76,腾讯财经
2026-07-25 10:20:04,232.11,234.38,234.95,231.34,35017357,-1.55,0,27.76,腾讯财经
2026-07-25 10:30:01,232.11,234.38,234.95,231.34,35017357,-1.55,0,27.76,腾讯财经
2026-07-25 10:40:00,232.11,234.38,234.95,231.34,35017357,-1.55,0,27.76,腾讯财经
2026-07-25 10:50:05,232.11,234.38,234.95,231.34,35017357,-1.55,0,27.76,腾讯财经
2026-07-25 11:00:00,232.11,234.38,234.95,231.34,35017357,-1.55,0,27.76,腾讯财经
2026-07-25 11:10:03,232.11,234.38,234.95,231.34,35017357,-1.55,0,27.76,腾讯财经
2026-07-25 11:20:05,232.11,234.38,234.95,231.34,35017357,-1.55,0,27.76,腾讯财经
2026-07-25 11:30:04,232.11,234.38,234.95,231.34,35017357,-1.55,0,27.76,腾讯财经
2026-07-25 11:40:00,232.11,234.38,234.95,231.34,35017357,-1.55,0,27.76,腾讯财经
2026-07-25 11:50:01,232.11,234.38,234.95,231.34,35017357,-1.55,0,27.76,腾讯财经
2026-07-25 12:00:02,232.11,234.38,234.95,231.34,35017357,-1.55,0,27.76,腾讯财经
2026-07-25 12:10:00,232.11,234.38,234.95,231.34,35017357,-1.55,0,27.76,腾讯财经
2026-07-25 12:20:02,232.11,234.38,234.95,231.34,35017357,-1.55,0,27.76,腾讯财经
2026-07-25 12:30:00,232.11,234.38,234.95,231.34,35017357,-1.55,0,27.76,腾讯财经
2026-07-25 12:40:00,232.11,234.38,234.95,231.34,35017357,-1.55,0,27.76,腾讯财经
2026-07-25 12:50:00,232.11,234.38,234.95,231.34,35017357,-1.55,0,27.76,腾讯财经
2026-07-25 13:00:00,232.11,234.38,234.95,231.34,35017357,-1.55,0,27.76,腾讯财经
2026-07-25 13:10:05,232.11,234.38,234.95,231.34,35017357,-1.55,0,27.76,腾讯财经
2026-07-25 13:20:00,232.11,234.38,234.95,231.34,35017357,-1.55,0,27.76,腾讯财经
2026-07-25 13:30:03,232.11,234.38,234.95,231.34,35017357,-1.55,0,27.76,腾讯财经
2026-07-25 13:40:00,232.11,234.38,234.95,231.34,35017357,-1.55,0,27.76,腾讯财经
2026-07-25 13:50:02,232.11,234.38,234.95,231.34,35017357,-1.55,0,27.76,腾讯财经
2026-07-25 14:00:00,232.11,234.38,234.95,231.34,35017357,-1.55,0,27.76,腾讯财经
2026-07-25 14:10:05,232.11,234.38,234.95,231.34,35017357,-1.55,0,27.76,腾讯财经
2026-07-25 14:20:04,232.11,234.38,234.95,231.34,35017357,-1.55,0,27.76,腾讯财经
2026-07-25 14:30:01,232.11,234.38,234.95,231.34,35017357,-1.55,0,27.76,腾讯财经
2026-07-25 14:40:02,232.11,234.38,234.95,231.34,35017357,-1.55,0,27.76,腾讯财经
2026-07-25 14:50:00,232.11,234.38,234.95,231.34,35017357,-1.55,0,27.76,腾讯财经
2026-07-25 15:00:00,232.11,234.38,234.95,231.34,35017357,-1.55,0,27.76,腾讯财经
2026-07-25 15:10:02,232.11,234.38,234.95,231.34,35017357,-1.55,0,27.76,腾讯财经
2026-07-25 15:20:00,232.11,234.38,234.95,231.34,35017357,-1.55,0,27.76,腾讯财经
2026-07-25 15:30:00,232.11,234.38,234.95,231.34,35017357,-1.55,0,27.76,腾讯财经
2026-07-25 15:40:02,232.11,234.38,234.95,231.34,35017357,-1.55,0,27.76,腾讯财经
2026-07-25 15:50:00,232.11,234.38,234.95,231.34,35017357,-1.55,0,27.76,腾讯财经
2026-07-25 16:00:00,232.11,234.38,234.95,231.34,35017357,-1.55,0,27.76,腾讯财经
2026-07-25 16:10:04,232.11,234.38,234.95,231.34,35017357,-1.55,0,27.76,腾讯财经
2026-07-25 16:20:02,232.11,234.38,234.95,231.34,35017357,-1.55,0,27.76,腾讯财经
2026-07-25 16:30:05,232.11,234.38,234.95,231.34,35017357,-1.55,0,27.76,腾讯财经
2026-07-25 16:40:05,232.11,234.38,234.95,231.34,35017357,-1.55,0,27.76,腾讯财经
2026-07-25 16:50:05,232.11,234.38,234.95,231.34,35017357,-1.55,0,27.76,腾讯财经
2026-07-25 17:00:00,232.11,234.38,234.95,231.34,35017357,-1.55,0,27.76,腾讯财经
2026-07-25 17:10:00,232.11,234.38,234.95,231.34,35017357,-1.55,0,27.76,腾讯财经
2026-07-25 17:20:03,232.11,234.38,234.95,231.34,35017357,-1.55,0,27.76,腾讯财经
2026-07-25 17:30:01,232.11,234.38,234.95,231.34,35017357,-1.55,0,27.76,腾讯财经
2026-07-25 17:40:00,232.11,234.38,234.95,231.34,35017357,-1.55,0,27.76,腾讯财经
2026-07-25 17:50:01,232.11,234.38,234.95,231.34,35017357,-1.55,0,27.76,腾讯财经
2026-07-25 18:00:04,232.11,234.38,234.95,231.34,35017357,-1.55,0,27.76,腾讯财经
2026-07-25 18:10:03,232.11,234.38,234.95,231.34,35017357,-1.55,0,27.76,腾讯财经
2026-07-25 18:20:00,232.11,234.38,234.95,231.34,35017357,-1.55,0,27.76,腾讯财经
2026-07-25 18:30:03,232.11,234.38,234.95,231.34,35017357,-1.55,0,27.76,腾讯财经
2026-07-25 18:40:00,232.11,234.38,234.95,231.34,35017357,-1.55,0,27.76,腾讯财经
2026-07-25 18:50:04,232.11,234.38,234.95,231.34,35017357,-1.55,0,27.76,腾讯财经
2026-07-25 19:00:04,232.11,234.38,234.95,231.34,35017357,-1.55,0,27.76,腾讯财经
2026-07-25 19:10:00,232.11,234.38,234.95,231.34,35017357,-1.55,0,27.76,腾讯财经
2026-07-25 19:20:00,232.11,234.38,234.95,231.34,35017357,-1.55,0,27.76,腾讯财经
2026-07-25 19:30:04,232.11,234.38,234.95,231.34,35017357,-1.55,0,27.76,腾讯财经
2026-07-25 19:40:00,232.11,234.38,234.95,231.34,35017357,-1.55,0,27.76,腾讯财经
2026-07-25 19:50:05,232.11,234.38,234.95,231.34,35017357,-1.55,0,27.76,腾讯财经
2026-07-25 20:00:05,232.11,234.38,234.95,231.34,35017357,-1.55,0,27.76,腾讯财经
2026-07-25 20:10:00,232.11,234.38,234.95,231.34,35017357,-1.55,0,27.76,腾讯财经
2026-07-25 20:20:03,232.11,234.38,234.95,231.34,35017357,-1.55,0,27.76,腾讯财经
2026-07-25 20:30:00,232.11,234.38,234.95,231.34,35017357,-1.55,0,27.76,腾讯财经
2026-07-25 20:40:02,232.11,234.38,234.95,231.34,35017357,-1.55,0,27.76,腾讯财经
2026-07-25 20:50:00,232.11,234.38,234.95,231.34,35017357,-1.55,0,27.76,腾讯财经
2026-07-25 21:00:02,232.11,234.38,234.95,231.34,35017357,-1.55,0,27.76,腾讯财经
2026-07-25 21:10:00,232.11,234.38,234.95,231.34,35017357,-1.55,0,27.76,腾讯财经
2026-07-25 21:20:00,232.11,234.38,234.95,231.34,35017357,-1.55,0,27.76,腾讯财经
2026-07-25 21:30:03,232.11,234.38,234.95,231.34,35017357,-1.55,0,27.76,腾讯财经
2026-07-25 21:40:00,232.11,234.38,234.95,231.34,35017357,-1.55,0,27.76,腾讯财经
2026-07-25 21:50:00,232.11,234.38,234.95,231.34,35017357,-1.55,0,27.76,腾讯财经
2026-07-25 22:00:05,232.11,234.38,234.95,231.34,35017357,-1.55,0,27.76,腾讯财经
2026-07-25 22:10:05,232.11,234.38,234.95,231.34,35017357,-1.55,0,27.76,腾讯财经
2026-07-25 22:20:05,232.11,234.38,234.95,231.34,35017357,-1.55,0,27.76,腾讯财经
2026-07-25 22:30:05,232.11,234.38,234.95,231.34,35017357,-1.55,0,27.76,腾讯财经
2026-07-25 22:40:04,232.11,234.38,234.95,231.34,35017357,-1.55,0,27.76,腾讯财经
2026-07-25 22:50:04,232.11,234.38,234.95,231.34,35017357,-1.55,0,27.76,腾讯财经
2026-07-25 23:00:02,232.11,234.38,234.95,231.34,35017357,-1.55,0,27.76,腾讯财经
2026-07-25 23:10:01,232.11,234.38,234.95,231.34,35017357,-1.55,0,27.76,腾讯财经
2026-07-25 23:20:00,232.11,234.38,234.95,231.34,35017357,-1.55,0,27.76,腾讯财经
2026-07-25 23:30:00,232.11,234.38,234.95,231.34,35017357,-1.55,0,27.76,腾讯财经
2026-07-25 23:40:04,232.11,234.38,234.95,231.34,35017357,-1.55,0,27.76,腾讯财经
2026-07-25 23:50:00,232.11,234.38,234.95,231.34,35017357,-1.55,0,27.76,腾讯财经
2026-07-26 00:00:01,232.11,234.38,234.95,231.34,35017357,-1.55,0,27.76,腾讯财经
2026-07-26 00:10:00,232.11,234.38,234.95,231.34,35017357,-1.55,0,27.76,腾讯财经
2026-07-26 00:20:04,232.11,234.38,234.95,231.34,35017357,-1.55,0,27.76,腾讯财经
2026-07-26 00:30:05,232.11,234.38,234.95,231.34,35017357,-1.55,0,27.76,腾讯财经
2026-07-26 00:40:01,232.11,234.38,234.95,231.34,35017357,-1.55,0,27.76,腾讯财经
2026-07-26 00:50:02,232.11,234.38,234.95,231.34,35017357,-1.55,0,27.76,腾讯财经
2026-07-26 01:00:03,232.11,234.38,234.95,231.34,35017357,-1.55,0,27.76,腾讯财经
2026-07-26 01:10:01,232.11,234.38,234.95,231.34,35017357,-1.55,0,27.76,腾讯财经
2026-07-26 01:20:00,232.11,234.38,234.95,231.34,35017357,-1.55,0,27.76,腾讯财经
2026-07-26 01:30:01,232.11,234.38,234.95,231.34,35017357,-1.55,0,27.76,腾讯财经
2026-07-26 01:40:00,232.11,234.38,234.95,231.34,35017357,-1.55,0,27.76,腾讯财经
2026-07-26 01:50:04,232.11,234.38,234.95,231.34,35017357,-1.55,0,27.76,腾讯财经
2026-07-26 02:00:05,232.11,234.38,234.95,231.34,35017357,-1.55,0,27.76,腾讯财经
2026-07-26 02:10:05,232.11,234.38,234.95,231.34,35017357,-1.55,0,27.76,腾讯财经
2026-07-26 02:20:00,232.11,234.38,234.95,231.34,35017357,-1.55,0,27.76,腾讯财经
2026-07-26 02:30:04,232.11,234.38,234.95,231.34,35017357,-1.55,0,27.76,腾讯财经
2026-07-26 02:40:03,232.11,234.38,234.95,231.34,35017357,-1.55,0,27.76,腾讯财经
2026-07-26 02:50:00,232.11,234.38,234.95,231.34,35017357,-1.55,0,27.76,腾讯财经
2026-07-26 03:00:01,232.11,234.38,234.95,231.34,35017357,-1.55,0,27.76,腾讯财经
2026-07-26 03:10:04,232.11,234.38,234.95,231.34,35017357,-1.55,0,27.76,腾讯财经
2026-07-26 03:20:00,232.11,234.38,234.95,231.34,35017357,-1.55,0,27.76,腾讯财经
2026-07-26 03:30:01,232.11,234.38,234.95,231.34,35017357,-1.55,0,27.76,腾讯财经
2026-07-26 03:40:00,232.11,234.38,234.95,231.34,35017357,-1.55,0,27.76,腾讯财经
2026-07-26 03:50:03,232.11,234.38,234.95,231.34,35017357,-1.55,0,27.76,腾讯财经
2026-07-26 04:00:00,232.11,234.38,234.95,231.34,35017357,-1.55,0,27.76,腾讯财经
2026-07-26 04:10:02,232.11,234.38,234.95,231.34,35017357,-1.55,0,27.76,腾讯财经
2026-07-26 04:20:00,232.11,234.38,234.95,231.34,35017357,-1.55,0,27.76,腾讯财经
2026-07-26 04:30:00,232.11,234.38,234.95,231.34,35017357,-1.55,0,27.76,腾讯财经
2026-07-26 04:40:04,232.11,234.38,234.95,231.34,35017357,-1.55,0,27.76,腾讯财经
2026-07-26 04:50:00,232.11,234.38,234.95,231.34,35017357,-1.55,0,27.76,腾讯财经
2026-07-26 05:00:01,232.11,234.38,234.95,231.34,35017357,-1.55,0,27.76,腾讯财经
2026-07-26 05:10:00,232.11,234.38,234.95,231.34,35017357,-1.55,0,27.76,腾讯财经
2026-07-26 05:20:00,232.11,234.38,234.95,231.34,35017357,-1.55,0,27.76,腾讯财经
2026-07-26 05:30:03,232.11,234.38,234.95,231.34,35017357,-1.55,0,27.76,腾讯财经
2026-07-26 05:40:00,232.11,234.38,234.95,231.34,35017357,-1.55,0,27.76,腾讯财经
2026-07-26 05:50:00,232.11,234.38,234.95,231.34,35017357,-1.55,0,27.76,腾讯财经
2026-07-26 06:00:02,232.11,234.38,234.95,231.34,35017357,-1.55,0,27.76,腾讯财经
2026-07-26 06:10:00,232.11,234.38,234.95,231.34,35017357,-1.55,0,27.76,腾讯财经
2026-07-26 06:20:01,232.11,234.38,234.95,231.34,35017357,-1.55,0,27.76,腾讯财经
2026-07-26 06:30:00,232.11,234.38,234.95,231.34,35017357,-1.55,0,27.76,腾讯财经
2026-07-26 06:40:00,232.11,234.38,234.95,231.34,35017357,-1.55,0,27.76,腾讯财经
2026-07-26 06:50:05,232.11,234.38,234.95,231.34,35017357,-1.55,0,27.76,腾讯财经
2026-07-26 07:00:01,232.11,234.38,234.95,231.34,35017357,-1.55,0,27.76,腾讯财经
2026-07-26 07:10:03,232.11,234.38,234.95,231.34,35017357,-1.55,0,27.76,腾讯财经
2026-07-26 07:20:00,232.11,234.38,234.95,231.34,35017357,-1.55,0,27.76,腾讯财经
2026-07-26 07:30:04,232.11,234.38,234.95,231.34,35017357,-1.55,0,27.76,腾讯财经
2026-07-26 07:40:00,232.11,234.38,234.95,231.34,35017357,-1.55,0,27.76,腾讯财经
2026-07-26 07:50:05,232.11,234.38,234.95,231.34,35017357,-1.55,0,27.76,腾讯财经
2026-07-26 08:00:05,232.11,234.38,234.95,231.34,35017357,-1.55,0,27.76,腾讯财经
2026-07-26 08:10:00,232.11,234.38,234.95,231.34,35017357,-1.55,0,27.76,腾讯财经
2026-07-26 08:20:00,232.11,234.38,234.95,231.34,35017357,-1.55,0,27.76,腾讯财经
2026-07-26 08:30:00,232.11,234.38,234.95,231.34,35017357,-1.55,0,27.76,腾讯财经
2026-07-26 08:40:02,232.11,234.38,234.95,231.34,35017357,-1.55,0,27.76,腾讯财经
2026-07-26 08:50:02,232.11,234.38,234.95,231.34,35017357,-1.55,0,27.76,腾讯财经
2026-07-26 09:00:00,232.11,234.38,234.95,231.34,35017357,-1.55,0,27.76,腾讯财经
2026-07-26 09:10:00,232.11,234.38,234.95,231.34,35017357,-1.55,0,27.76,腾讯财经
2026-07-26 09:20:00,232.11,234.38,234.95,231.34,35017357,-1.55,0,27.76,腾讯财经
2026-07-26 09:30:04,232.11,234.38,234.95,231.34,35017357,-1.55,0,27.76,腾讯财经
2026-07-26 09:40:00,232.11,234.38,234.95,231.34,35017357,-1.55,0,27.76,腾讯财经
2026-07-26 09:50:00,232.11,234.38,234.95,231.34,35017357,-1.55,0,27.76,腾讯财经
2026-07-26 10:00:04,232.11,234.38,234.95,231.34,35017357,-1.55,0,27.76,腾讯财经
2026-07-26 10:10:03,232.11,234.38,234.95,231.34,35017357,-1.55,0,27.76,腾讯财经
2026-07-26 10:20:00,232.11,234.38,234.95,231.34,35017357,-1.55,0,27.76,腾讯财经
2026-07-26 10:30:00,232.11,234.38,234.95,231.34,35017357,-1.55,0,27.76,腾讯财经
2026-07-26 10:40:02,232.11,234.38,234.95,231.34,35017357,-1.55,0,27.76,腾讯财经
2026-07-26 10:50:01,232.11,234.38,234.95,231.34,35017357,-1.55,0,27.76,腾讯财经
2026-07-26 11:00:00,232.11,234.38,234.95,231.34,35017357,-1.55,0,27.76,腾讯财经
2026-07-26 11:10:00,232.11,234.38,234.95,231.34,35017357,-1.55,0,27.76,腾讯财经
2026-07-26 11:20:00,232.11,234.38,234.95,231.34,35017357,-1.55,0,27.76,腾讯财经
2026-07-26 11:30:04,232.11,234.38,234.95,231.34,35017357,-1.55,0,27.76,腾讯财经
2026-07-26 11:40:01,232.11,234.38,234.95,231.34,35017357,-1.55,0,27.76,腾讯财经
2026-07-26 11:50:00,232.11,234.38,234.95,231.34,35017357,-1.55,0,27.76,腾讯财经
2026-07-26 12:00:00,232.11,234.38,234.95,231.34,35017357,-1.55,0,27.76,腾讯财经
2026-07-26 12:10:00,232.11,234.38,234.95,231.34,35017357,-1.55,0,27.76,腾讯财经
2026-07-26 12:20:00,232.11,234.38,234.95,231.34,35017357,-1.55,0,27.76,腾讯财经
2026-07-26 12:30:05,232.11,234.38,234.95,231.34,35017357,-1.55,0,27.76,腾讯财经
2026-07-26 12:40:00,232.11,234.38,234.95,231.34,35017357,-1.55,0,27.76,腾讯财经
2026-07-26 12:50:00,232.11,234.38,234.95,231.34,35017357,-1.55,0,27.76,腾讯财经
2026-07-26 13:00:01,232.11,234.38,234.95,231.34,35017357,-1.55,0,27.76,腾讯财经
2026-07-26 13:10:00,232.11,234.38,234.95,231.34,35017357,-1.55,0,27.76,腾讯财经
2026-07-26 13:20:00,232.11,234.38,234.95,231.34,35017357,-1.55,0,27.76,腾讯财经
2026-07-26 13:30:01,232.11,234.38,234.95,231.34,35017357,-1.55,0,27.76,腾讯财经
2026-07-26 13:40:00,232.11,234.38,234.95,231.34,35017357,-1.55,0,27.76,腾讯财经
2026-07-26 13:50:01,232.11,234.38,234.95,231.34,35017357,-1.55,0,27.76,腾讯财经
2026-07-26 14:00:04,232.11,234.38,234.95,231.34,35017357,-1.55,0,27.76,腾讯财经
2026-07-26 14:10:00,232.11,234.38,234.95,231.34,35017357,-1.55,0,27.76,腾讯财经
2026-07-26 14:20:04,232.11,234.38,234.95,231.34,35017357,-1.55,0,27.76,腾讯财经
2026-07-26 14:30:03,232.11,234.38,234.95,231.34,35017357,-1.55,0,27.76,腾讯财经
2026-07-26 14:40:05,232.11,234.38,234.95,231.34,35017357,-1.55,0,27.76,腾讯财经
2026-07-26 14:50:05,232.11,234.38,234.95,231.34,35017357,-1.55,0,27.76,腾讯财经
2026-07-26 15:00:01,232.11,234.38,234.95,231.34,35017357,-1.55,0,27.76,腾讯财经
2026-07-26 15:10:04,232.11,234.38,234.95,231.34,35017357,-1.55,0,27.76,腾讯财经
2026-07-26 15:20:02,232.11,234.38,234.95,231.34,35017357,-1.55,0,27.76,腾讯财经
2026-07-26 15:30:05,232.11,234.38,234.95,231.34,35017357,-1.55,0,27.76,腾讯财经
2026-07-26 15:40:00,232.11,234.38,234.95,231.34,35017357,-1.55,0,27.76,腾讯财经
2026-07-26 15:50:01,232.11,234.38,234.95,231.34,35017357,-1.55,0,27.76,腾讯财经
2026-07-26 16:00:04,232.11,234.38,234.95,231.34,35017357,-1.55,0,27.76,腾讯财经
2026-07-26 16:10:04,232.11,234.38,234.95,231.34,35017357,-1.55,0,27.76,腾讯财经
2026-07-26 16:20:00,232.11,234.38,234.95,231.34,35017357,-1.55,0,27.76,腾讯财经
2026-07-26 16:30:00,232.11,234.38,234.95,231.34,35017357,-1.55,0,27.76,腾讯财经
2026-07-26 16:40:04,232.11,234.38,234.95,231.34,35017357,-1.55,0,27.76,腾讯财经
2026-07-26 16:50:00,232.11,234.38,234.95,231.34,35017357,-1.55,0,27.76,腾讯财经
2026-07-26 17:00:00,232.11,234.38,234.95,231.34,35017357,-1.55,0,27.76,腾讯财经
2026-07-26 17:10:00,232.11,234.38,234.95,231.34,35017357,-1.55,0,27.76,腾讯财经
2026-07-26 17:20:00,232.11,234.38,234.95,231.34,35017357,-1.55,0,27.76,腾讯财经
2026-07-26 17:30:03,232.11,234.38,234.95,231.34,35017357,-1.55,0,27.76,腾讯财经
2026-07-26 17:40:00,232.11,234.38,234.95,231.34,35017357,-1.55,0,27.76,腾讯财经
2026-07-26 17:50:01,232.11,234.38,234.95,231.34,35017357,-1.55,0,27.76,腾讯财经
2026-07-26 18:00:00,232.11,234.38,234.95,231.34,35017357,-1.55,0,27.76,腾讯财经
2026-07-26 18:10:00,232.11,234.38,234.95,231.34,35017357,-1.55,0,27.76,腾讯财经
2026-07-26 18:20:00,232.11,234.38,234.95,231.34,35017357,-1.55,0,27.76,腾讯财经
2026-07-26 18:30:01,232.11,234.38,234.95,231.34,35017357,-1.55,0,27.76,腾讯财经
2026-07-26 18:40:03,232.11,234.38,234.95,231.34,35017357,-1.55,0,27.76,腾讯财经
2026-07-26 18:50:00,232.11,234.38,234.95,231.34,35017357,-1.55,0,27.76,腾讯财经
2026-07-26 19:00:00,232.11,234.38,234.95,231.34,35017357,-1.55,0,27.76,腾讯财经
2026-07-26 19:10:00,232.11,234.38,234.95,231.34,35017357,-1.55,0,27.76,腾讯财经
2026-07-26 19:20:00,232.11,234.38,234.95,231.34,35017357,-1.55,0,27.76,腾讯财经
2026-07-26 19:30:03,232.11,234.38,234.95,231.34,35017357,-1.55,0,27.76,腾讯财经
2026-07-26 19:40:00,232.11,234.38,234.95,231.34,35017357,-1.55,0,27.76,腾讯财经
2026-07-26 19:50:00,232.11,234.38,234.95,231.34,35017357,-1.55,0,27.76,腾讯财经
2026-07-26 20:00:05,232.11,234.38,234.95,231.34,35017357,-1.55,0,27.76,腾讯财经
2026-07-26 20:10:02,232.11,234.38,234.95,231.34,35017357,-1.55,0,27.76,腾讯财经
2026-07-26 20:20:03,232.11,234.38,234.95,231.34,35017357,-1.55,0,27.76,腾讯财经
2026-07-26 20:30:02,232.11,234.38,234.95,231.34,35017357,-1.55,0,27.76,腾讯财经
2026-07-26 20:40:01,232.11,234.38,234.95,231.34,35017357,-1.55,0,27.76,腾讯财经
2026-07-26 20:50:03,232.11,234.38,234.95,231.34,35017357,-1.55,0,27.76,腾讯财经
2026-07-26 21:00:00,232.11,234.38,234.95,231.34,35017357,-1.55,0,27.76,腾讯财经
2026-07-26 21:10:05,232.11,234.38,234.95,231.34,35017357,-1.55,0,27.76,腾讯财经
2026-07-26 21:20:02,232.11,234.38,234.95,231.34,35017357,-1.55,0,27.76,腾讯财经
2026-07-26 21:30:00,232.11,234.38,234.95,231.34,35017357,-1.55,0,27.76,腾讯财经
2026-07-26 21:40:00,232.11,234.38,234.95,231.34,35017357,-1.55,0,27.76,腾讯财经
2026-07-26 21:50:00,232.11,234.38,234.95,231.34,35017357,-1.55,0,27.76,腾讯财经
2026-07-26 22:00:04,232.11,234.38,234.95,231.34,35017357,-1.55,0,27.76,腾讯财经
2026-07-26 22:10:00,232.11,234.38,234.95,231.34,35017357,-1.55,0,27.76,腾讯财经
2026-07-26 22:20:00,232.11,234.38,234.95,231.34,35017357,-1.55,0,27.76,腾讯财经
2026-07-26 22:30:05,232.11,234.38,234.95,231.34,35017357,-1.55,0,27.76,腾讯财经
2026-07-26 22:40:05,232.11,234.38,234.95,231.34,35017357,-1.55,0,27.76,腾讯财经
2026-07-26 22:50:00,232.11,234.38,234.95,231.34,35017357,-1.55,0,27.76,腾讯财经
2026-07-26 23:00:03,232.11,234.38,234.95,231.34,35017357,-1.55,0,27.76,腾讯财经
2026-07-26 23:10:01,232.11,234.38,234.95,231.34,35017357,-1.55,0,27.76,腾讯财经
2026-07-26 23:20:03,232.11,234.38,234.95,231.34,35017357,-1.55,0,27.76,腾讯财经
2026-07-26 23:30:05,232.11,234.38,234.95,231.34,35017357,-1.55,0,27.76,腾讯财经
2026-07-26 23:40:00,232.11,234.38,234.95,231.34,35017357,-1.55,0,27.76,腾讯财经
2026-07-26 23:50:05,232.11,234.38,234.95,231.34,35017357,-1.55,0,27.76,腾讯财经
2026-07-27 00:00:00,232.11,234.38,234.95,231.34,35017357,-1.55,0,27.76,腾讯财经
2026-07-27 00:10:03,232.11,234.38,234.95,231.34,35017357,-1.55,0,27.76,腾讯财经
2026-07-27 00:20:00,232.11,234.38,234.95,231.34,35017357,-1.55,0,27.76,腾讯财经
2026-07-27 00:30:01,232.11,234.38,234.95,231.34,35017357,-1.55,0,27.76,腾讯财经
2026-07-27 00:40:02,232.11,234.38,234.95,231.34,35017357,-1.55,0,27.76,腾讯财经
2026-07-27 00:50:00,232.11,234.38,234.95,231.34,35017357,-1.55,0,27.76,腾讯财经
2026-07-27 01:00:00,232.11,234.38,234.95,231.34,35017357,-1.55,0,27.76,腾讯财经
2026-07-27 01:10:04,232.11,234.38,234.95,231.34,35017357,-1.55,0,27.76,腾讯财经
2026-07-27 01:20:05,232.11,234.38,234.95,231.34,35017357,-1.55,0,27.76,腾讯财经
2026-07-27 01:30:00,232.11,234.38,234.95,231.34,35017357,-1.55,0,27.76,腾讯财经
2026-07-27 01:40:02,232.11,234.38,234.95,231.34,35017357,-1.55,0,27.76,腾讯财经
2026-07-27 01:50:00,232.11,234.38,234.95,231.34,35017357,-1.55,0,27.76,腾讯财经
2026-07-27 02:00:00,232.11,234.38,234.95,231.34,35017357,-1.55,0,27.76,腾讯财经
2026-07-27 02:10:00,232.11,234.38,234.95,231.34,35017357,-1.55,0,27.76,腾讯财经
2026-07-27 02:20:04,232.11,234.38,234.95,231.34,35017357,-1.55,0,27.76,腾讯财经
2026-07-27 02:30:00,232.11,234.38,234.95,231.34,35017357,-1.55,0,27.76,腾讯财经
2026-07-27 02:40:00,232.11,234.38,234.95,231.34,35017357,-1.55,0,27.76,腾讯财经
2026-07-27 02:50:05,232.11,234.38,234.95,231.34,35017357,-1.55,0,27.76,腾讯财经
2026-07-27 03:00:00,232.11,234.38,234.95,231.34,35017357,-1.55,0,27.76,腾讯财经
2026-07-27 03:10:01,232.11,234.38,234.95,231.34,35017357,-1.55,0,27.76,腾讯财经
2026-07-27 03:20:01,232.11,234.38,234.95,231.34,35017357,-1.55,0,27.76,腾讯财经
2026-07-27 03:30:00,232.11,234.38,234.95,231.34,35017357,-1.55,0,27.76,腾讯财经
2026-07-27 03:40:00,232.11,234.38,234.95,231.34,35017357,-1.55,0,27.76,腾讯财经
2026-07-27 03:50:01,232.11,234.38,234.95,231.34,35017357,-1.55,0,27.76,腾讯财经
2026-07-27 04:00:00,232.11,234.38,234.95,231.34,35017357,-1.55,0,27.76,腾讯财经
2026-07-27 04:10:03,232.11,234.38,234.95,231.34,35017357,-1.55,0,27.76,腾讯财经
2026-07-27 04:20:00,232.11,234.38,234.95,231.34,35017357,-1.55,0,27.76,腾讯财经
2026-07-27 04:30:02,232.11,234.38,234.95,231.34,35017357,-1.55,0,27.76,腾讯财经
2026-07-27 04:40:04,232.11,234.38,234.95,231.34,35017357,-1.55,0,27.76,腾讯财经
2026-07-27 04:50:00,232.11,234.38,234.95,231.34,35017357,-1.55,0,27.76,腾讯财经
2026-07-27 05:00:00,232.11,234.38,234.95,231.34,35017357,-1.55,0,27.76,腾讯财经
2026-07-27 05:10:01,232.11,234.38,234.95,231.34,35017357,-1.55,0,27.76,腾讯财经
2026-07-27 05:20:01,232.11,234.38,234.95,231.34,35017357,-1.55,0,27.76,腾讯财经
2026-07-27 05:30:05,232.11,234.38,234.95,231.34,35017357,-1.55,0,27.76,腾讯财经
2026-07-27 05:40:02,232.11,234.38,234.95,231.34,35017357,-1.55,0,27.76,腾讯财经
2026-07-27 05:50:04,232.11,234.38,234.95,231.34,35017357,-1.55,0,27.76,腾讯财经
2026-07-27 06:00:01,232.11,234.38,234.95,231.34,35017357,-1.55,0,27.76,腾讯财经
2026-07-27 06:10:01,232.11,234.38,234.95,231.34,35017357,-1.55,0,27.76,腾讯财经
2026-07-27 06:20:00,232.11,234.38,234.95,231.34,35017357,-1.55,0,27.76,腾讯财经
2026-07-27 06:30:02,232.11,234.38,234.95,231.34,35017357,-1.55,0,27.76,腾讯财经
2026-07-27 06:40:01,232.11,234.38,234.95,231.34,35017357,-1.55,0,27.76,腾讯财经
2026-07-27 06:50:03,232.11,234.38,234.95,231.34,35017357,-1.55,0,27.76,腾讯财经
2026-07-27 07:00:02,232.11,234.38,234.95,231.34,35017357,-1.55,0,27.76,腾讯财经
2026-07-27 07:10:00,232.11,234.38,234.95,231.34,35017357,-1.55,0,27.76,腾讯财经
2026-07-27 07:20:00,232.11,234.38,234.95,231.34,35017357,-1.55,0,27.76,腾讯财经
2026-07-27 07:30:04,232.11,234.38,234.95,231.34,35017357,-1.55,0,27.76,腾讯财经
2026-07-27 07:40:05,232.11,234.38,234.95,231.34,35017357,-1.55,0,27.76,腾讯财经
2026-07-27 07:50:02,232.11,234.38,234.95,231.34,35017357,-1.55,0,27.76,腾讯财经
2026-07-27 08:50:01,232.11,234.38,234.95,231.34,35017357,-1.55,0,27.76,腾讯财经
2026-07-27 09:00:00,232.11,234.38,234.95,231.34,35017357,-1.55,0,27.76,腾讯财经
2026-07-27 09:10:02,232.11,234.38,234.95,231.34,35017357,-1.55,0,27.76,腾讯财经
2026-07-27 09:20:05,232.11,234.38,234.95,231.34,35017357,-1.55,0,27.76,腾讯财经
2026-07-27 09:30:00,232.11,234.38,234.95,231.34,35017357,-1.55,0,27.76,腾讯财经
2026-07-27 09:40:03,232.11,234.38,234.95,231.34,35017357,-1.55,0,27.76,腾讯财经
2026-07-27 09:50:05,232.11,234.38,234.95,231.34,35017357,-1.55,0,27.76,腾讯财经
2026-07-27 10:00:00,232.11,234.38,234.95,231.34,35017357,-1.55,0,27.76,腾讯财经
2026-07-27 10:10:04,232.11,234.38,234.95,231.34,35017357,-1.55,0,27.76,腾讯财经
2026-07-27 10:20:00,232.11,234.38,234.95,231.34,35017357,-1.55,0,27.76,腾讯财经
2026-07-27 10:30:04,232.11,234.38,234.95,231.34,35017357,-1.55,0,27.76,腾讯财经
2026-07-27 10:40:03,232.11,234.38,234.95,231.34,35017357,-1.55,0,27.76,腾讯财经
2026-07-27 10:50:04,232.11,234.38,234.95,231.34,35017357,-1.55,0,27.76,腾讯财经
2026-07-27 11:00:04,232.11,234.38,234.95,231.34,35017357,-1.55,0,27.76,腾讯财经
2026-07-27 11:10:03,232.11,234.38,234.95,231.34,35017357,-1.55,0,27.76,腾讯财经
2026-07-27 11:20:05,232.11,234.38,234.95,231.34,35017357,-1.55,0,27.76,腾讯财经
2026-07-27 11:30:03,232.11,234.38,234.95,231.34,35017357,-1.55,0,27.76,腾讯财经
2026-07-27 11:40:03,232.11,234.38,234.95,231.34,35017357,-1.55,0,27.76,腾讯财经
2026-07-27 11:50:01,232.11,234.38,234.95,231.34,35017357,-1.55,0,27.76,腾讯财经
2026-07-27 12:00:05,232.11,234.38,234.95,231.34,35017357,-1.55,0,27.76,腾讯财经
2026-07-27 12:10:04,232.11,234.38,234.95,231.34,35017357,-1.55,0,27.76,腾讯财经
2026-07-27 12:20:02,232.11,234.38,234.95,231.34,35017357,-1.55,0,27.76,腾讯财经
2026-07-27 12:30:04,232.11,234.38,234.95,231.34,35017357,-1.55,0,27.76,腾讯财经
2026-07-27 12:40:04,232.11,234.38,234.95,231.34,35017357,-1.55,0,27.76,腾讯财经
2026-07-27 12:50:03,232.11,234.38,234.95,231.34,35017357,-1.55,0,27.76,腾讯财经
2026-07-27 13:00:02,232.11,234.38,234.95,231.34,35017357,-1.55,0,27.76,腾讯财经
2026-07-27 13:10:04,232.11,234.38,234.95,231.34,35017357,-1.55,0,27.76,腾讯财经
2026-07-27 13:20:04,232.11,234.38,234.95,231.34,35017357,-1.55,0,27.76,腾讯财经
2026-07-27 13:30:03,232.11,234.38,234.95,231.34,35017357,-1.55,0,27.76,腾讯财经
2026-07-27 13:40:04,232.11,234.38,234.95,231.34,35017357,-1.55,0,27.76,腾讯财经
2026-07-27 13:50:01,232.11,234.38,234.95,231.34,35017357,-1.55,0,27.76,腾讯财经
2026-07-27 14:00:00,232.11,234.38,234.95,231.34,35017357,-1.55,0,27.76,腾讯财经
2026-07-27 14:10:04,232.11,234.38,234.95,231.34,35017357,-1.55,0,27.76,腾讯财经
2026-07-27 14:20:00,232.11,234.38,234.95,231.34,35017357,-1.55,0,27.76,腾讯财经
2026-07-27 14:30:04,232.11,234.38,234.95,231.34,35017357,-1.55,0,27.76,腾讯财经
2026-07-27 14:40:05,232.11,234.38,234.95,231.34,35017357,-1.55,0,27.76,腾讯财经
2026-07-27 14:50:01,232.11,234.38,234.95,231.34,35017357,-1.55,0,27.76,腾讯财经
2026-07-27 15:00:01,232.11,234.38,234.95,231.34,35017357,-1.55,0,27.76,腾讯财经
2026-07-27 15:10:05,232.11,234.38,234.95,231.34,35017357,-1.55,0,27.76,腾讯财经
2026-07-27 15:20:00,232.11,234.38,234.95,231.34,35017357,-1.55,0,27.76,腾讯财经
2026-07-27 15:30:02,232.11,234.38,234.95,231.34,35017357,-1.55,0,27.76,腾讯财经
2026-07-27 15:40:05,232.11,234.38,234.95,231.34,35017357,-1.55,0,27.76,腾讯财经
2026-07-27 15:50:00,232.11,234.38,234.95,231.34,35017357,-1.55,0,27.76,腾讯财经
2026-07-27 16:00:02,232.11,234.38,234.95,231.34,35017357,-1.55,0,27.76,腾讯财经
2026-07-27 16:10:04,232.11,234.38,234.95,231.34,35017357,-1.55,0,27.76,腾讯财经
2026-07-27 16:20:00,232.11,234.38,234.95,231.34,35017357,-1.55,0,27.76,腾讯财经
2026-07-27 16:30:05,232.11,234.38,234.95,231.34,35017357,-1.55,0,27.76,腾讯财经
2026-07-27 16:40:04,232.11,234.38,234.95,231.34,35017357,-1.55,0,27.76,腾讯财经
2026-07-27 16:50:04,232.11,234.38,234.95,231.34,35017357,-1.55,0,27.76,腾讯财经
2026-07-27 17:00:01,232.11,234.38,234.95,231.34,35017357,-1.55,0,27.76,腾讯财经
2026-07-27 17:10:03,232.11,234.38,234.95,231.34,35017357,-1.55,0,27.76,腾讯财经
2026-07-27 17:20:04,232.11,234.38,234.95,231.34,35017357,-1.55,0,27.76,腾讯财经
2026-07-27 17:30:01,232.11,234.38,234.95,231.34,35017357,-1.55,0,27.76,腾讯财经
2026-07-27 18:21:14,232.11,234.38,234.95,231.34,35017357,-1.55,0,27.76,腾讯财经
2026-07-27 18:30:02,232.11,234.38,234.95,231.34,35017357,-1.55,0,27.76,腾讯财经
2026-07-27 18:40:00,232.11,234.38,234.95,231.34,35017357,-1.55,0,27.76,腾讯财经
2026-07-27 18:50:00,232.11,234.38,234.95,231.34,35017357,-1.55,0,27.76,腾讯财经
2026-07-27 19:00:03,232.11,234.38,234.95,231.34,35017357,-1.55,0,27.76,腾讯财经
2026-07-27 19:10:04,232.11,234.38,234.95,231.34,35017357,-1.55,0,27.76,腾讯财经
2026-07-27 19:20:02,232.11,234.38,234.95,231.34,35017357,-1.55,0,27.76,腾讯财经
2026-07-27 19:30:04,232.11,234.38,234.95,231.34,35017357,-1.55,0,27.76,腾讯财经
2026-07-27 19:40:02,232.11,234.38,234.95,231.34,35017357,-1.55,0,27.76,腾讯财经
2026-07-27 19:50:03,232.11,234.38,234.95,231.34,35017357,-1.55,0,27.76,腾讯财经
2026-07-27 20:00:01,232.11,234.38,234.95,231.34,35017357,-1.55,0,27.76,腾讯财经
2026-07-27 20:10:00,232.11,234.38,234.95,231.34,35017357,-1.55,0,27.76,腾讯财经
2026-07-27 20:20:04,232.11,234.38,234.95,231.34,35017357,-1.55,0,27.76,腾讯财经
2026-07-27 20:30:05,232.11,234.38,234.95,231.34,35017357,-1.55,0,27.76,腾讯财经
2026-07-27 20:40:02,232.11,234.38,234.95,231.34,35017357,-1.55,0,27.76,腾讯财经
2026-07-27 20:50:02,232.11,234.38,234.95,231.34,35017357,-1.55,0,27.76,腾讯财经
2026-07-27 21:00:01,232.11,234.38,234.95,231.34,35017357,-1.55,0,27.76,腾讯财经
2026-07-27 21:10:02,232.11,234.38,234.95,231.34,35017357,-1.55,0,27.76,腾讯财经
2026-07-27 21:20:00,232.11,234.38,234.95,231.34,35017357,-1.55,0,27.76,腾讯财经
2026-07-27 21:30:04,232.11,0.00,0.00,0.00,427970,0,0,27.76,腾讯财经
2026-07-27 21:40:03,234.58,235.70,235.89,233.22,2419832,2.47,1.00,28.06,腾讯财经
2026-07-27 21:50:04,234.88,235.67,235.89,233.22,3257001,2.77,1.00,28.10,腾讯财经
2026-07-27 22:00:02,234.28,235.67,235.89,233.22,4031861,2.17,0,28.02,腾讯财经
2026-07-27 22:10:01,234.40,235.67,235.89,233.22,4908639,2.29,0,28.04,腾讯财经
2026-07-27 22:20:00,234.74,235.67,235.89,233.22,5673780,2.63,1.00,28.08,腾讯财经
2026-07-27 22:30:01,233.64,235.67,235.89,233.22,6514860,1.53,0,27.95,腾讯财经
2026-07-27 22:40:04,234.12,235.67,235.89,233.22,7360114,2.01,0,28.00,腾讯财经
2026-07-27 22:50:01,233.07,235.67,235.89,233.01,8165291,.96,0,27.88,腾讯财经
2026-07-27 23:00:01,233.44,235.67,235.89,232.93,9025289,1.33,0,27.92,腾讯财经
2026-07-28 08:38:27,231.39,235.67,235.89,230.99,34999495,-.72,0,27.68,腾讯财经
2026-07-28 08:40:01,231.39,235.67,235.89,230.99,34999495,-.72,0,27.68,腾讯财经
2026-07-28 08:50:05,231.39,235.67,235.89,230.99,34999495,-.72,0,27.68,腾讯财经
2026-07-28 09:00:01,231.39,235.67,235.89,230.99,34999495,-.72,0,27.68,腾讯财经
2026-07-28 09:10:04,231.39,235.67,235.89,230.99,34999495,-.72,0,27.68,腾讯财经
2026-07-28 09:20:00,231.39,235.67,235.89,230.99,34999495,-.72,0,27.68,腾讯财经
2026-07-28 09:30:04,231.39,235.67,235.89,230.99,34999495,-.72,0,27.68,腾讯财经
2026-07-28 09:40:00,231.39,235.67,235.89,230.99,34999495,-.72,0,27.68,腾讯财经
2026-07-28 09:50:02,231.39,235.67,235.89,230.99,34999495,-.72,0,27.68,腾讯财经
2026-07-28 10:00:03,231.39,235.67,235.89,230.99,34999495,-.72,0,27.68,腾讯财经
2026-07-28 10:10:02,231.39,235.67,235.89,230.99,34999495,-.72,0,27.68,腾讯财经
2026-07-28 10:20:02,231.39,235.67,235.89,230.99,34999495,-.72,0,27.68,腾讯财经
2026-07-28 10:30:05,231.39,235.67,235.89,230.99,34999495,-.72,0,27.68,腾讯财经
2026-07-28 10:40:00,231.39,235.67,235.89,230.99,34999495,-.72,0,27.68,腾讯财经
2026-07-28 10:50:00,231.39,235.67,235.89,230.99,34999495,-.72,0,27.68,腾讯财经
2026-07-28 11:00:00,231.39,235.67,235.89,230.99,34999495,-.72,0,27.68,腾讯财经
2026-07-28 11:10:02,231.39,235.67,235.89,230.99,34999495,-.72,0,27.68,腾讯财经
2026-07-28 11:20:00,231.39,235.67,235.89,230.99,34999495,-.72,0,27.68,腾讯财经
2026-07-28 11:30:01,231.39,235.67,235.89,230.99,34999495,-.72,0,27.68,腾讯财经
2026-07-28 11:40:05,231.39,235.67,235.89,230.99,34999495,-.72,0,27.68,腾讯财经
2026-07-28 11:50:04,231.39,235.67,235.89,230.99,34999495,-.72,0,27.68,腾讯财经
2026-07-28 12:00:04,231.39,235.67,235.89,230.99,34999495,-.72,0,27.68,腾讯财经
2026-07-28 12:10:03,231.39,235.67,235.89,230.99,34999495,-.72,0,27.68,腾讯财经
2026-07-28 12:20:00,231.39,235.67,235.89,230.99,34999495,-.72,0,27.68,腾讯财经
2026-07-28 12:30:00,231.39,235.67,235.89,230.99,34999495,-.72,0,27.68,腾讯财经
2026-07-28 12:40:02,231.39,235.67,235.89,230.99,34999495,-.72,0,27.68,腾讯财经
2026-07-28 12:50:00,231.39,235.67,235.89,230.99,34999495,-.72,0,27.68,腾讯财经
2026-07-28 13:00:00,231.39,235.67,235.89,230.99,34999495,-.72,0,27.68,腾讯财经
2026-07-28 13:10:00,231.39,235.67,235.89,230.99,34999495,-.72,0,27.68,腾讯财经
2026-07-28 13:20:03,231.39,235.67,235.89,230.99,34999495,-.72,0,27.68,腾讯财经
2026-07-28 13:30:00,231.39,235.67,235.89,230.99,34999495,-.72,0,27.68,腾讯财经
2026-07-28 13:40:03,231.39,235.67,235.89,230.99,34999495,-.72,0,27.68,腾讯财经
2026-07-28 13:50:04,231.39,235.67,235.89,230.99,34999495,-.72,0,27.68,腾讯财经
2026-07-28 14:00:05,231.39,235.67,235.89,230.99,34999495,-.72,0,27.68,腾讯财经
2026-07-28 14:10:05,231.39,235.67,235.89,230.99,34999495,-.72,0,27.68,腾讯财经
2026-07-28 14:20:01,231.39,235.67,235.89,230.99,34999495,-.72,0,27.68,腾讯财经
2026-07-28 14:30:00,231.39,235.67,235.89,230.99,34999495,-.72,0,27.68,腾讯财经
2026-07-28 14:40:00,231.39,235.67,235.89,230.99,34999495,-.72,0,27.68,腾讯财经
2026-07-28 14:50:00,231.39,235.67,235.89,230.99,34999495,-.72,0,27.68,腾讯财经
2026-07-28 15:00:00,231.39,235.67,235.89,230.99,34999495,-.72,0,27.68,腾讯财经
2026-07-28 15:10:01,231.39,235.67,235.89,230.99,34999495,-.72,0,27.68,腾讯财经
2026-07-28 15:20:00,231.39,235.67,235.89,230.99,34999495,-.72,0,27.68,腾讯财经
2026-07-28 15:30:04,231.39,235.67,235.89,230.99,34999495,-.72,0,27.68,腾讯财经
2026-07-28 15:40:05,231.39,235.67,235.89,230.99,34999495,-.72,0,27.68,腾讯财经
2026-07-28 15:50:01,231.39,235.67,235.89,230.99,34999495,-.72,0,27.68,腾讯财经
2026-07-28 16:00:03,231.39,235.67,235.89,230.99,34999495,-.72,0,27.68,腾讯财经
2026-07-28 16:10:00,231.39,235.67,235.89,230.99,34999495,-.72,0,27.68,腾讯财经
2026-07-28 16:20:04,231.39,235.67,235.89,230.99,34999495,-.72,0,27.68,腾讯财经
2026-07-28 16:30:05,231.39,235.67,235.89,230.99,34999495,-.72,0,27.68,腾讯财经
2026-07-28 16:40:02,231.39,235.67,235.89,230.99,34999495,-.72,0,27.68,腾讯财经
2026-07-28 16:50:00,231.39,235.67,235.89,230.99,34999495,-.72,0,27.68,腾讯财经
2026-07-28 17:00:04,231.39,235.67,235.89,230.99,34999495,-.72,0,27.68,腾讯财经
2026-07-28 17:10:03,231.39,235.67,235.89,230.99,34999495,-.72,0,27.68,腾讯财经
2026-07-28 17:20:05,231.39,235.67,235.89,230.99,34999495,-.72,0,27.68,腾讯财经
2026-07-28 17:30:00,231.39,235.67,235.89,230.99,34999495,-.72,0,27.68,腾讯财经
2026-07-28 18:39:24,231.39,235.67,235.89,230.99,34999495,-.72,0,27.68,腾讯财经
2026-07-28 18:40:06,231.39,235.67,235.89,230.99,34999495,-.72,0,27.68,腾讯财经
2026-07-28 18:50:04,231.39,235.67,235.89,230.99,34999495,-.72,0,27.68,腾讯财经
2026-07-28 19:00:02,231.39,235.67,235.89,230.99,34999495,-.72,0,27.68,腾讯财经
2026-07-28 19:10:00,231.39,235.67,235.89,230.99,34999495,-.72,0,27.68,腾讯财经
2026-07-28 19:20:01,231.39,235.67,235.89,230.99,34999495,-.72,0,27.68,腾讯财经
2026-07-28 19:30:03,231.39,235.67,235.89,230.99,34999495,-.72,0,27.68,腾讯财经
2026-07-28 19:40:04,231.39,235.67,235.89,230.99,34999495,-.72,0,27.68,腾讯财经
2026-07-28 19:50:00,231.39,235.67,235.89,230.99,34999495,-.72,0,27.68,腾讯财经
2026-07-28 20:00:02,231.39,235.67,235.89,230.99,34999495,-.72,0,27.68,腾讯财经
2026-07-28 20:10:00,231.39,235.67,235.89,230.99,34999495,-.72,0,27.68,腾讯财经
2026-07-28 20:20:04,231.39,235.67,235.89,230.99,34999495,-.72,0,27.68,腾讯财经
2026-07-28 20:30:05,231.39,235.67,235.89,230.99,34999495,-.72,0,27.68,腾讯财经
2026-07-28 20:40:03,231.39,235.67,235.89,230.99,34999495,-.72,0,27.68,腾讯财经
2026-07-28 20:50:03,231.39,235.67,235.89,230.99,34999495,-.72,0,27.68,腾讯财经
2026-07-28 21:00:03,231.39,235.67,235.89,230.99,34999495,-.72,0,27.68,腾讯财经
2026-07-28 21:10:01,231.39,235.67,235.89,230.99,34999495,-.72,0,27.68,腾讯财经
2026-07-28 21:20:00,231.39,235.67,235.89,230.99,34999495,-.72,0,27.68,腾讯财经
2026-07-28 21:30:00,231.39,0.00,0.00,0.00,580235,0,0,27.68,腾讯财经
2026-07-28 21:40:00,230.84,232.85,233.11,230.36,3491353,-.55,0,27.61,腾讯财经
2026-07-28 21:50:02,229.86,232.85,233.11,229.36,5049001,-1.53,0,27.50,腾讯财经
2026-07-28 22:00:04,229.41,232.85,233.11,229.30,6382862,-1.98,0,27.44,腾讯财经
2026-07-28 22:10:02,229.80,232.85,233.11,229.27,7283703,-1.59,0,27.49,腾讯财经
2026-07-28 22:20:00,230.40,232.85,233.11,229.27,8191530,-.99,0,27.56,腾讯财经
2026-07-28 22:30:00,229.58,232.85,233.11,229.27,9014991,-1.81,0,27.46,腾讯财经
2026-07-28 22:40:02,228.41,232.85,233.11,228.25,9994170,-2.98,-1.00,27.32,腾讯财经
2026-07-28 22:50:04,229.11,232.85,233.11,228.10,10900280,-2.28,0,27.41,腾讯财经
2026-07-28 23:00:00,229.13,232.85,233.11,228.10,11632951,-2.26,0,27.41,腾讯财经
2026-07-28 23:10:00,228.92,232.85,233.11,228.10,12469494,-2.47,-1.00,27.38,腾讯财经
2026-07-28 23:20:01,230.43,232.85,233.11,228.10,13511813,-.96,0,27.56,腾讯财经
2026-07-28 23:30:03,230.34,232.85,233.11,228.10,14135055,-1.05,0,27.55,腾讯财经
2026-07-28 23:40:05,230.61,232.85,233.11,228.10,14880017,-.78,0,27.58,腾讯财经
2026-07-28 23:50:04,230.62,232.85,233.11,228.10,15402461,-.77,0,27.59,腾讯财经
2026-07-29 00:00:00,231.28,232.85,233.11,228.10,16039056,-.11,0,27.66,腾讯财经
2026-07-29 00:10:02,231.24,232.85,233.11,228.10,16655490,-.15,0,27.66,腾讯财经
2026-07-29 00:20:03,231.68,232.85,233.11,228.10,17074206,.29,0,27.71,腾讯财经
2026-07-29 00:30:00,231.27,232.85,233.11,228.10,17547646,-.12,0,27.66,腾讯财经
2026-07-29 00:40:00,231.42,232.85,233.11,228.10,17890232,.03,0,27.68,腾讯财经
2026-07-29 00:50:04,231.33,232.85,233.11,228.10,18234893,-.06,0,27.67,腾讯财经
2026-07-29 01:00:01,231.54,232.85,233.11,228.10,18583263,.15,0,27.70,腾讯财经
2026-07-29 01:10:05,231.77,232.85,233.11,228.10,19209604,.38,0,27.72,腾讯财经
2026-07-29 01:20:00,231.75,232.85,233.11,228.10,19624344,.36,0,27.72,腾讯财经
2026-07-29 01:30:04,232.03,232.85,233.11,228.10,20112789,.64,0,27.75,腾讯财经
2026-07-29 01:40:00,231.86,232.85,233.11,228.10,20634086,.47,0,27.73,腾讯财经
2026-07-29 01:50:02,231.31,232.85,233.11,228.10,21107677,-.08,0,27.67,腾讯财经
2026-07-29 02:00:02,231.60,232.85,233.11,228.10,21431761,.21,0,27.70,腾讯财经
2026-07-29 02:10:02,231.19,232.85,233.11,228.10,21774828,-.20,0,27.65,腾讯财经
2026-07-29 02:20:00,231.04,232.85,233.11,228.10,22194828,-.35,0,27.64,腾讯财经
2026-07-29 02:30:00,231.08,232.85,233.11,228.10,22454113,-.31,0,27.64,腾讯财经
2026-07-29 02:40:00,231.13,232.85,233.11,228.10,22750702,-.26,0,27.65,腾讯财经
2026-07-29 02:50:05,231.46,232.85,233.11,228.10,23191998,.07,0,27.69,腾讯财经
2026-07-29 03:00:05,231.35,232.85,233.11,228.10,23676469,-.04,0,27.67,腾讯财经
2026-07-29 03:10:05,231.30,232.85,233.11,228.10,24027210,-.09,0,27.67,腾讯财经
2026-07-29 03:20:05,231.05,232.85,233.11,228.10,24463148,-.34,0,27.64,腾讯财经
2026-07-29 03:30:01,230.96,232.85,233.11,228.10,24866874,-.43,0,27.63,腾讯财经
2026-07-29 03:40:03,231.04,232.85,233.11,228.10,25484183,-.35,0,27.64,腾讯财经
2026-07-29 03:50:00,230.73,232.85,233.11,228.10,26057971,-.66,0,27.60,腾讯财经
2026-07-29 04:00:03,230.86,232.85,233.11,228.10,33142192,-.53,0,27.61,腾讯财经
2026-07-29 04:10:02,230.86,232.85,233.11,228.10,44577757,-.53,0,27.61,腾讯财经
2026-07-29 04:20:05,230.86,232.85,233.11,228.10,42376484,-.53,0,27.61,腾讯财经
2026-07-29 04:30:03,230.86,232.85,233.11,228.10,44607604,-.53,0,27.61,腾讯财经
2026-07-29 04:40:00,230.86,232.85,233.11,228.10,44607604,-.53,0,27.61,腾讯财经
2026-07-29 04:50:00,230.86,232.85,233.11,228.10,44607604,-.53,0,27.61,腾讯财经
2026-07-29 05:00:00,230.86,232.85,233.11,228.10,44607604,-.53,0,27.61,腾讯财经
2026-07-29 05:10:00,230.86,232.85,233.11,228.10,44607604,-.53,0,27.61,腾讯财经
2026-07-29 05:20:01,230.86,232.85,233.11,228.10,44607604,-.53,0,27.61,腾讯财经
2026-07-29 05:30:00,230.86,232.85,233.11,228.10,44607604,-.53,0,27.61,腾讯财经
2026-07-29 05:40:00,230.86,232.85,233.11,228.10,44607604,-.53,0,27.61,腾讯财经
2026-07-29 05:50:00,230.86,232.85,233.11,228.10,44607604,-.53,0,27.61,腾讯财经
2026-07-29 06:00:01,230.86,232.85,233.11,228.10,44607604,-.53,0,27.61,腾讯财经
2026-07-29 06:10:00,230.86,232.85,233.11,228.10,44607604,-.53,0,27.61,腾讯财经
2026-07-29 06:20:00,230.86,232.85,233.11,228.10,44607604,-.53,0,27.61,腾讯财经
2026-07-29 06:30:00,230.86,232.85,233.11,228.10,44607604,-.53,0,27.61,腾讯财经
2026-07-29 06:40:05,230.86,232.85,233.11,228.10,44607604,-.53,0,27.61,腾讯财经
2026-07-29 06:50:00,230.86,232.85,233.11,228.10,44607604,-.53,0,27.61,腾讯财经
2026-07-29 07:00:05,230.86,232.85,233.11,228.10,44607604,-.53,0,27.61,腾讯财经
2026-07-29 07:10:00,230.86,232.85,233.11,228.10,44607604,-.53,0,27.61,腾讯财经
2026-07-29 07:20:03,230.86,232.85,233.11,228.10,44607604,-.53,0,27.61,腾讯财经
2026-07-29 07:30:05,230.86,232.85,233.11,228.10,44607604,-.53,0,27.61,腾讯财经
2026-07-29 08:40:04,230.86,232.85,233.11,228.10,44521597,-.53,0,27.61,腾讯财经
2026-07-29 08:50:00,230.86,232.85,233.11,228.10,44521597,-.53,0,27.61,腾讯财经
2026-07-29 09:00:05,230.86,232.85,233.11,228.10,44521597,-.53,0,27.61,腾讯财经
2026-07-29 09:10:00,230.86,232.85,233.11,228.10,44521597,-.53,0,27.61,腾讯财经
2026-07-29 09:20:02,230.86,232.85,233.11,228.10,44521597,-.53,0,27.61,腾讯财经
2026-07-29 09:30:00,230.86,232.85,233.11,228.10,44521597,-.53,0,27.61,腾讯财经
2026-07-29 09:40:02,230.86,232.85,233.11,228.10,44521597,-.53,0,27.61,腾讯财经
2026-07-29 09:50:04,230.86,232.85,233.11,228.10,44521597,-.53,0,27.61,腾讯财经
2026-07-29 10:00:00,230.86,232.85,233.11,228.10,44521597,-.53,0,27.61,腾讯财经
2026-07-29 10:10:00,230.86,232.85,233.11,228.10,44521597,-.53,0,27.61,腾讯财经
2026-07-29 10:20:05,230.86,232.85,233.11,228.10,44521597,-.53,0,27.61,腾讯财经
2026-07-29 10:30:00,230.86,232.85,233.11,228.10,44521597,-.53,0,27.61,腾讯财经
2026-07-29 10:40:00,230.86,232.85,233.11,228.10,44521597,-.53,0,27.61,腾讯财经
2026-07-29 10:50:04,230.86,232.85,233.11,228.10,44521597,-.53,0,27.61,腾讯财经
2026-07-29 11:00:00,230.86,232.85,233.11,228.10,44521597,-.53,0,27.61,腾讯财经
2026-07-29 11:10:03,230.86,232.85,233.11,228.10,44521597,-.53,0,27.61,腾讯财经
2026-07-29 11:20:01,230.86,232.85,233.11,228.10,44521597,-.53,0,27.61,腾讯财经
2026-07-29 11:30:00,230.86,232.85,233.11,228.10,44521597,-.53,0,27.61,腾讯财经
2026-07-29 11:40:00,230.86,232.85,233.11,228.10,44521597,-.53,0,27.61,腾讯财经
2026-07-29 11:50:02,230.86,232.85,233.11,228.10,44521597,-.53,0,27.61,腾讯财经
2026-07-29 12:00:00,230.86,232.85,233.11,228.10,44521597,-.53,0,27.61,腾讯财经
2026-07-29 12:10:04,230.86,232.85,233.11,228.10,44521597,-.53,0,27.61,腾讯财经
2026-07-29 12:20:02,230.86,232.85,233.11,228.10,44521597,-.53,0,27.61,腾讯财经
2026-07-29 12:30:00,230.86,232.85,233.11,228.10,44521597,-.53,0,27.61,腾讯财经
2026-07-29 12:40:00,230.86,232.85,233.11,228.10,44521597,-.53,0,27.61,腾讯财经
2026-07-29 12:50:00,230.86,232.85,233.11,228.10,44521597,-.53,0,27.61,腾讯财经
2026-07-29 13:00:05,230.86,232.85,233.11,228.10,44521597,-.53,0,27.61,腾讯财经
2026-07-29 13:10:01,230.86,232.85,233.11,228.10,44521597,-.53,0,27.61,腾讯财经
2026-07-29 13:20:01,230.86,232.85,233.11,228.10,44521597,-.53,0,27.61,腾讯财经
2026-07-29 13:30:01,230.86,232.85,233.11,228.10,44521597,-.53,0,27.61,腾讯财经
2026-07-29 13:40:03,230.86,232.85,233.11,228.10,44521597,-.53,0,27.61,腾讯财经
2026-07-29 13:50:03,230.86,232.85,233.11,228.10,44521597,-.53,0,27.61,腾讯财经
2026-07-29 14:00:03,230.86,232.85,233.11,228.10,44521597,-.53,0,27.61,腾讯财经
2026-07-29 14:10:00,230.86,232.85,233.11,228.10,44521597,-.53,0,27.61,腾讯财经
2026-07-29 14:20:01,230.86,232.85,233.11,228.10,44521597,-.53,0,27.61,腾讯财经
2026-07-29 14:30:00,230.86,232.85,233.11,228.10,44521597,-.53,0,27.61,腾讯财经
2026-07-29 14:40:00,230.86,232.85,233.11,228.10,44521597,-.53,0,27.61,腾讯财经
2026-07-29 14:50:00,230.86,232.85,233.11,228.10,44521597,-.53,0,27.61,腾讯财经
2026-07-29 15:00:04,230.86,232.85,233.11,228.10,44521597,-.53,0,27.61,腾讯财经
2026-07-29 15:10:02,230.86,232.85,233.11,228.10,44521597,-.53,0,27.61,腾讯财经
2026-07-29 15:20:05,230.86,232.85,233.11,228.10,44521597,-.53,0,27.61,腾讯财经
2026-07-29 15:30:00,230.86,232.85,233.11,228.10,44521597,-.53,0,27.61,腾讯财经
2026-07-29 15:40:00,230.86,232.85,233.11,228.10,44521597,-.53,0,27.61,腾讯财经
2026-07-29 15:50:00,230.86,232.85,233.11,228.10,44521597,-.53,0,27.61,腾讯财经
2026-07-29 16:00:04,230.86,232.85,233.11,228.10,44521597,-.53,0,27.61,腾讯财经
2026-07-29 16:10:00,230.86,232.85,233.11,228.10,44521597,-.53,0,27.61,腾讯财经
2026-07-29 16:20:00,230.86,232.85,233.11,228.10,44521597,-.53,0,27.61,腾讯财经
2026-07-29 16:30:00,230.86,232.85,233.11,228.10,44521597,-.53,0,27.61,腾讯财经
2026-07-29 16:40:01,230.86,232.85,233.11,228.10,44521597,-.53,0,27.61,腾讯财经
2026-07-29 16:50:02,230.86,232.85,233.11,228.10,44521597,-.53,0,27.61,腾讯财经
2026-07-29 17:00:00,230.86,232.85,233.11,228.10,44521597,-.53,0,27.61,腾讯财经
2026-07-29 17:10:00,230.86,232.85,233.11,228.10,44521597,-.53,0,27.61,腾讯财经
2026-07-29 17:20:04,230.86,232.85,233.11,228.10,44521597,-.53,0,27.61,腾讯财经
2026-07-29 17:30:01,230.86,232.85,233.11,228.10,44521597,-.53,0,27.61,腾讯财经
2026-07-29 17:40:02,230.86,232.85,233.11,228.10,44521597,-.53,0,27.61,腾讯财经
2026-07-29 17:50:00,230.86,232.85,233.11,228.10,44521597,-.53,0,27.61,腾讯财经
2026-07-29 18:00:00,230.86,232.85,233.11,228.10,44521597,-.53,0,27.61,腾讯财经
2026-07-29 18:10:03,230.86,232.85,233.11,228.10,44521597,-.53,0,27.61,腾讯财经
2026-07-29 18:20:04,230.86,232.85,233.11,228.10,44521597,-.53,0,27.61,腾讯财经
2026-07-29 18:30:00,230.86,232.85,233.11,228.10,44521597,-.53,0,27.61,腾讯财经
2026-07-29 18:40:00,230.86,232.85,233.11,228.10,44521597,-.53,0,27.61,腾讯财经
2026-07-29 18:50:04,230.86,232.85,233.11,228.10,44521597,-.53,0,27.61,腾讯财经
2026-07-29 19:00:04,230.86,232.85,233.11,228.10,44521597,-.53,0,27.61,腾讯财经
2026-07-29 19:10:01,230.86,232.85,233.11,228.10,44521597,-.53,0,27.61,腾讯财经
2026-07-29 19:20:05,230.86,232.85,233.11,228.10,44521597,-.53,0,27.61,腾讯财经
2026-07-29 19:30:05,230.86,232.85,233.11,228.10,44521597,-.53,0,27.61,腾讯财经
2026-07-29 19:40:02,230.86,232.85,233.11,228.10,44521597,-.53,0,27.61,腾讯财经
2026-07-29 19:50:01,230.86,232.85,233.11,228.10,44521597,-.53,0,27.61,腾讯财经
2026-07-29 20:00:05,230.86,232.85,233.11,228.10,44521597,-.53,0,27.61,腾讯财经
2026-07-29 20:10:05,230.86,232.85,233.11,228.10,44521597,-.53,0,27.61,腾讯财经
2026-07-29 20:20:01,230.86,232.85,233.11,228.10,44521597,-.53,0,27.61,腾讯财经
2026-07-29 20:30:04,230.86,232.85,233.11,228.10,44521597,-.53,0,27.61,腾讯财经
2026-07-29 20:40:01,230.86,232.85,233.11,228.10,44521597,-.53,0,27.61,腾讯财经
2026-07-29 20:50:03,230.86,232.85,233.11,228.10,44521597,-.53,0,27.61,腾讯财经
2026-07-29 21:00:01,230.86,232.85,233.11,228.10,44521597,-.53,0,27.61,腾讯财经
2026-07-29 21:10:00,230.86,232.85,233.11,228.10,44521597,-.53,0,27.61,腾讯财经
2026-07-29 21:20:01,230.86,232.85,233.11,228.10,44521597,-.53,0,27.61,腾讯财经
2026-07-29 21:30:02,230.86,0.00,0.00,0.00,355194,0,0,27.61,腾讯财经
2026-07-29 21:40:00,229.79,229.32,230.24,228.41,1862106,-1.07,0,27.49,腾讯财经
2026-07-29 21:50:00,228.86,229.32,230.24,228.41,2661412,-2.00,0,27.38,腾讯财经
2026-07-29 22:00:02,229.42,229.32,230.24,228.41,3380978,-1.44,0,27.44,腾讯财经
2026-07-29 22:10:00,228.73,229.32,230.24,228.41,4192815,-2.13,0,27.36,腾讯财经
2026-07-29 22:20:00,227.76,229.32,230.24,227.47,5099106,-3.10,-1.00,27.24,腾讯财经
2026-07-29 22:30:03,227.63,229.32,230.24,227.37,5867325,-3.23,-1.00,27.23,腾讯财经
2026-07-29 22:40:00,227.59,229.32,230.24,227.37,6398069,-3.27,-1.00,27.22,腾讯财经
2026-07-29 22:50:00,227.49,229.32,230.24,227.20,7080817,-3.37,-1.00,27.21,腾讯财经
2026-07-29 23:00:00,227.80,229.32,230.24,227.20,7631435,-3.06,-1.00,27.25,腾讯财经
2026-07-29 23:10:04,228.32,229.32,230.24,227.20,8181018,-2.54,-1.00,27.31,腾讯财经
2026-07-29 23:20:03,228.12,229.32,230.24,227.20,8713847,-2.74,-1.00,27.29,腾讯财经
2026-07-29 23:30:02,228.02,229.32,230.24,227.20,9362575,-2.84,-1.00,27.28,腾讯财经
2026-07-29 23:40:00,228.29,229.32,230.24,227.20,10172652,-2.57,-1.00,27.31,腾讯财经
2026-07-29 23:50:03,228.70,229.32,230.24,227.20,10937440,-2.16,0,27.36,腾讯财经
2026-07-30 00:00:02,227.89,229.32,230.24,227.20,11627829,-2.97,-1.00,27.26,腾讯财经
2026-07-30 00:10:05,227.60,229.32,230.24,227.20,12135084,-3.26,-1.00,27.22,腾讯财经
2026-07-30 00:20:01,228.16,229.32,230.24,227.20,12535549,-2.70,-1.00,27.29,腾讯财经
2026-07-30 00:30:04,229.17,229.32,230.24,227.20,13060846,-1.69,0,27.41,腾讯财经
2026-07-30 00:40:04,229.17,229.32,230.24,227.20,13511817,-1.69,0,27.41,腾讯财经
2026-07-30 00:50:01,229.40,229.32,230.24,227.20,14883033,-1.46,0,27.44,腾讯财经
2026-07-30 01:00:04,229.98,229.32,230.24,227.20,15381547,-.88,0,27.51,腾讯财经
2026-07-30 01:10:01,230.14,229.32,230.44,227.20,15849619,-.72,0,27.53,腾讯财经
2026-07-30 01:20:01,230.61,229.32,230.66,227.20,16761860,-.25,0,27.58,腾讯财经
2026-07-30 01:30:05,230.12,229.32,230.88,227.20,17258792,-.74,0,27.53,腾讯财经
2026-07-30 01:40:02,229.53,229.32,230.88,227.20,17579551,-1.33,0,27.46,腾讯财经
2026-07-30 01:50:01,229.92,229.32,230.88,227.20,17972698,-.94,0,27.50,腾讯财经
2026-07-30 02:00:01,230.59,229.32,230.88,227.20,18476811,-.27,0,27.58,腾讯财经
2026-07-30 02:10:01,231.27,229.32,232.08,227.20,19830177,.41,0,27.66,腾讯财经
2026-07-30 02:20:00,231.35,229.32,232.08,227.20,20356471,.49,0,27.67,腾讯财经
2026-07-30 02:30:03,231.45,229.32,232.08,227.20,20858066,.59,0,27.68,腾讯财经
2026-07-30 02:40:03,231.62,229.32,232.08,227.20,21591385,.76,0,27.71,腾讯财经
2026-07-30 02:50:00,232.51,229.32,232.52,227.20,22288185,1.65,0,27.81,腾讯财经
2026-07-30 03:00:02,232.38,229.32,232.82,227.20,22998829,1.52,0,27.80,腾讯财经
2026-07-30 03:10:01,231.23,229.32,232.82,227.20,23589386,.37,0,27.66,腾讯财经
2026-07-30 03:20:00,230.91,229.32,232.82,227.20,24691106,.05,0,27.62,腾讯财经
2026-07-30 03:30:04,229.65,229.32,232.82,227.20,25396410,-1.21,0,27.47,腾讯财经
2026-07-30 03:40:00,228.49,229.32,232.82,227.20,26816009,-2.37,-1.00,27.33,腾讯财经
2026-07-30 03:50:02,228.07,229.32,232.82,227.20,28027187,-2.79,-1.00,27.28,腾讯财经
2026-07-30 04:00:05,226.25,229.32,232.82,226.16,32196188,-4.61,-1.00,27.06,腾讯财经
2026-07-30 04:10:00,226.65,229.32,232.82,226.16,41791204,-4.21,-1.00,27.11,腾讯财经
2026-07-30 04:20:00,226.65,229.32,232.82,226.16,42600991,-4.21,-1.00,27.11,腾讯财经
2026-07-30 04:30:00,226.65,229.32,232.82,226.16,42685310,-4.21,-1.00,27.11,腾讯财经
2026-07-30 04:40:04,226.65,229.32,232.82,226.16,42745418,-4.21,-1.00,27.11,腾讯财经
2026-07-30 04:50:01,226.65,229.32,232.82,226.16,42780505,-4.21,-1.00,27.11,腾讯财经
2026-07-30 05:00:00,226.65,229.32,232.82,226.16,42813269,-4.21,-1.00,27.11,腾讯财经
2026-07-30 05:10:04,226.65,229.32,232.82,226.16,43056983,-4.21,-1.00,27.11,腾讯财经
2026-07-30 05:20:00,226.65,229.32,232.82,226.16,43161096,-4.21,-1.00,27.11,腾讯财经
2026-07-30 05:30:00,226.65,229.32,232.82,226.16,43569207,-4.21,-1.00,27.11,腾讯财经
2026-07-30 05:40:00,226.65,229.32,232.82,226.16,43601493,-4.21,-1.00,27.11,腾讯财经
2026-07-30 05:50:00,226.65,229.32,232.82,226.16,43626742,-4.21,-1.00,27.11,腾讯财经
2026-07-30 06:00:02,226.65,229.32,232.82,226.16,43705836,-4.21,-1.00,27.11,腾讯财经
2026-07-30 06:10:05,226.65,229.32,232.82,226.16,44128532,-4.21,-1.00,27.11,腾讯财经
2026-07-30 06:20:00,226.65,229.32,232.82,226.16,44342505,-4.21,-1.00,27.11,腾讯财经
2026-07-30 06:30:00,226.65,229.32,232.82,226.16,44460641,-4.21,-1.00,27.11,腾讯财经
2026-07-30 06:40:01,226.65,229.32,232.82,226.16,44527334,-4.21,-1.00,27.11,腾讯财经
2026-07-30 06:50:00,226.65,229.32,232.82,226.16,44613416,-4.21,-1.00,27.11,腾讯财经
2026-07-30 07:00:00,226.65,229.32,232.82,226.16,44642479,-4.21,-1.00,27.11,腾讯财经
2026-07-30 07:10:05,226.65,229.32,232.82,226.16,44701242,-4.21,-1.00,27.11,腾讯财经
2026-07-30 07:20:00,226.65,229.32,232.82,226.16,44723531,-4.21,-1.00,27.11,腾讯财经
2026-07-30 07:30:00,226.65,229.32,232.82,226.16,44835644,-4.21,-1.00,27.11,腾讯财经
2026-07-30 07:40:03,226.65,229.32,232.82,226.16,44896323,-4.21,-1.00,27.11,腾讯财经
2026-07-30 07:50:00,226.65,229.32,232.82,226.16,44920473,-4.21,-1.00,27.11,腾讯财经
2026-07-30 08:00:00,226.65,229.32,232.82,226.16,44955275,-4.21,-1.00,27.11,腾讯财经
2026-07-30 08:10:00,226.65,229.32,232.82,226.16,44957524,-4.21,-1.00,27.11,腾讯财经
2026-07-30 08:20:05,226.65,229.32,232.82,226.16,44957524,-4.21,-1.00,27.11,腾讯财经
2026-07-30 08:30:05,226.65,229.32,232.82,226.16,44957524,-4.21,-1.00,27.11,腾讯财经
2026-07-30 08:40:04,226.65,229.32,232.82,226.16,44957524,-4.21,-1.00,27.11,腾讯财经
2026-07-30 08:50:00,226.65,229.32,232.82,226.16,44957524,-4.21,-1.00,27.11,腾讯财经
2026-07-30 09:00:02,226.65,229.32,232.82,226.16,44957524,-4.21,-1.00,27.11,腾讯财经
2026-07-30 09:10:03,226.65,229.32,232.82,226.16,44957524,-4.21,-1.00,27.11,腾讯财经
2026-07-30 09:20:00,226.65,229.32,232.82,226.16,44957524,-4.21,-1.00,27.11,腾讯财经
2026-07-30 09:30:01,226.65,229.32,232.82,226.16,44957524,-4.21,-1.00,27.11,腾讯财经
2026-07-30 09:40:02,226.65,229.32,232.82,226.16,44957524,-4.21,-1.00,27.11,腾讯财经
2026-07-30 09:50:03,226.65,229.32,232.82,226.16,44957524,-4.21,-1.00,27.11,腾讯财经
2026-07-30 10:00:02,226.65,229.32,232.82,226.16,44957524,-4.21,-1.00,27.11,腾讯财经
2026-07-30 10:10:02,226.65,229.32,232.82,226.16,44957524,-4.21,-1.00,27.11,腾讯财经
2026-07-30 10:20:00,226.65,229.32,232.82,226.16,44957524,-4.21,-1.00,27.11,腾讯财经
2026-07-30 10:30:01,226.65,229.32,232.82,226.16,44957524,-4.21,-1.00,27.11,腾讯财经
2026-07-30 10:40:04,226.65,229.32,232.82,226.16,44957524,-4.21,-1.00,27.11,腾讯财经
2026-07-30 10:50:00,226.65,229.32,232.82,226.16,44957524,-4.21,-1.00,27.11,腾讯财经
2026-07-30 11:00:00,226.65,229.32,232.82,226.16,44957524,-4.21,-1.00,27.11,腾讯财经
2026-07-30 11:10:00,226.65,229.32,232.82,226.16,44957524,-4.21,-1.00,27.11,腾讯财经
2026-07-30 11:20:05,226.65,229.32,232.82,226.16,44957524,-4.21,-1.00,27.11,腾讯财经
2026-07-30 11:30:00,226.65,229.32,232.82,226.16,44957524,-4.21,-1.00,27.11,腾讯财经
2026-07-30 11:40:00,226.65,229.32,232.82,226.16,44957524,-4.21,-1.00,27.11,腾讯财经
2026-07-30 11:50:02,226.65,229.32,232.82,226.16,44957524,-4.21,-1.00,27.11,腾讯财经
2026-07-30 12:00:00,226.65,229.32,232.82,226.16,44957524,-4.21,-1.00,27.11,腾讯财经
2026-07-30 12:10:01,226.65,229.32,232.82,226.16,44957524,-4.21,-1.00,27.11,腾讯财经
2026-07-30 12:20:00,226.65,229.32,232.82,226.16,44957524,-4.21,-1.00,27.11,腾讯财经
2026-07-30 12:30:04,226.65,229.32,232.82,226.16,44957524,-4.21,-1.00,27.11,腾讯财经
2026-07-30 12:40:03,226.65,229.32,232.82,226.16,44957524,-4.21,-1.00,27.11,腾讯财经
2026-07-30 12:50:04,226.65,229.32,232.82,226.16,44957524,-4.21,-1.00,27.11,腾讯财经
2026-07-30 13:00:03,226.65,229.32,232.82,226.16,44957524,-4.21,-1.00,27.11,腾讯财经
2026-07-30 13:10:00,226.65,229.32,232.82,226.16,44957524,-4.21,-1.00,27.11,腾讯财经
2026-07-30 13:20:04,226.65,229.32,232.82,226.16,44957524,-4.21,-1.00,27.11,腾讯财经
2026-07-30 13:30:01,226.65,229.32,232.82,226.16,44957524,-4.21,-1.00,27.11,腾讯财经
2026-07-30 13:40:00,226.65,229.32,232.82,226.16,44957524,-4.21,-1.00,27.11,腾讯财经
2026-07-30 13:50:00,226.65,229.32,232.82,226.16,44957524,-4.21,-1.00,27.11,腾讯财经
2026-07-30 14:00:02,226.65,229.32,232.82,226.16,44957524,-4.21,-1.00,27.11,腾讯财经
2026-07-30 14:10:05,226.65,229.32,232.82,226.16,44957524,-4.21,-1.00,27.11,腾讯财经
2026-07-30 14:20:00,226.65,229.32,232.82,226.16,44957524,-4.21,-1.00,27.11,腾讯财经
2026-07-30 14:30:00,226.65,229.32,232.82,226.16,44957524,-4.21,-1.00,27.11,腾讯财经
2026-07-30 14:40:00,226.65,229.32,232.82,226.16,44957524,-4.21,-1.00,27.11,腾讯财经
2026-07-30 14:50:00,226.65,229.32,232.82,226.16,44957524,-4.21,-1.00,27.11,腾讯财经
2026-07-30 15:00:04,226.65,229.32,232.82,226.16,44957524,-4.21,-1.00,27.11,腾讯财经
2026-07-30 15:10:04,226.65,229.32,232.82,226.16,44957524,-4.21,-1.00,27.11,腾讯财经
2026-07-30 15:20:00,226.65,229.32,232.82,226.16,44957524,-4.21,-1.00,27.11,腾讯财经
2026-07-30 15:30:05,226.65,229.32,232.82,226.16,44957524,-4.21,-1.00,27.11,腾讯财经
2026-07-30 15:40:04,226.65,229.32,232.82,226.16,44957524,-4.21,-1.00,27.11,腾讯财经
2026-07-30 15:50:00,226.65,229.32,232.82,226.16,44957524,-4.21,-1.00,27.11,腾讯财经
2026-07-30 16:00:00,226.65,229.32,232.82,226.16,44957524,-4.21,-1.00,27.11,腾讯财经
2026-07-30 16:10:05,226.65,229.32,232.82,226.16,44957524,-4.21,-1.00,27.11,腾讯财经
2026-07-30 16:20:01,226.65,229.32,232.82,226.16,44957524,-4.21,-1.00,27.11,腾讯财经
2026-07-30 16:30:00,226.65,229.32,232.82,226.16,44957524,-4.21,-1.00,27.11,腾讯财经
2026-07-30 16:40:03,226.65,229.32,232.82,226.16,44957524,-4.21,-1.00,27.11,腾讯财经
2026-07-30 16:50:00,226.65,229.32,232.82,226.16,44957524,-4.21,-1.00,27.11,腾讯财经
2026-07-30 17:00:03,226.65,229.32,232.82,226.16,44957524,-4.21,-1.00,27.11,腾讯财经
2026-07-30 17:10:04,226.65,229.32,232.82,226.16,44957524,-4.21,-1.00,27.11,腾讯财经
2026-07-30 17:20:00,226.65,229.32,232.82,226.16,44957524,-4.21,-1.00,27.11,腾讯财经
2026-07-30 17:30:01,226.65,229.32,232.82,226.16,44957524,-4.21,-1.00,27.11,腾讯财经
2026-07-30 18:08:59,226.65,229.32,232.82,226.16,44957524,-4.21,-1.00,27.11,腾讯财经
2026-07-30 18:10:04,226.65,229.32,232.82,226.16,44957524,-4.21,-1.00,27.11,腾讯财经
2026-07-30 18:20:01,226.65,229.32,232.82,226.16,44957524,-4.21,-1.00,27.11,腾讯财经
2026-07-30 18:30:00,226.65,229.32,232.82,226.16,44957524,-4.21,-1.00,27.11,腾讯财经
2026-07-30 18:40:00,226.65,229.32,232.82,226.16,44957524,-4.21,-1.00,27.11,腾讯财经
2026-07-30 18:50:04,226.65,229.32,232.82,226.16,44957524,-4.21,-1.00,27.11,腾讯财经
2026-07-30 19:00:05,226.65,229.32,232.82,226.16,44957524,-4.21,-1.00,27.11,腾讯财经
2026-07-30 19:10:05,226.65,229.32,232.82,226.16,44957524,-4.21,-1.00,27.11,腾讯财经
2026-07-30 19:20:00,226.65,229.32,232.82,226.16,44957524,-4.21,-1.00,27.11,腾讯财经
2026-07-30 19:30:04,226.65,229.32,232.82,226.16,44957524,-4.21,-1.00,27.11,腾讯财经
2026-07-30 19:40:00,226.65,229.32,232.82,226.16,44957524,-4.21,-1.00,27.11,腾讯财经
2026-07-30 19:50:01,226.65,229.32,232.82,226.16,44957524,-4.21,-1.00,27.11,腾讯财经
2026-07-30 20:00:00,226.65,229.32,232.82,226.16,44957524,-4.21,-1.00,27.11,腾讯财经
2026-07-30 20:10:01,226.65,229.32,232.82,226.16,44957524,-4.21,-1.00,27.11,腾讯财经
2026-07-30 20:20:00,226.65,229.32,232.82,226.16,44957524,-4.21,-1.00,27.11,腾讯财经
2026-07-30 20:30:02,226.65,229.32,232.82,226.16,44957524,-4.21,-1.00,27.11,腾讯财经
2026-07-30 20:40:04,226.65,229.32,232.82,226.16,44957524,-4.21,-1.00,27.11,腾讯财经
2026-07-30 20:50:00,226.65,229.32,232.82,226.16,44957524,-4.21,-1.00,27.11,腾讯财经
2026-07-30 21:00:05,226.65,229.32,232.82,226.16,44957524,-4.21,-1.00,27.11,腾讯财经
2026-07-30 21:10:05,226.65,229.32,232.82,226.16,44957524,-4.21,-1.00,27.11,腾讯财经
2026-07-30 21:20:05,226.65,229.32,232.82,226.16,44957524,-4.21,-1.00,27.11,腾讯财经
2026-07-30 21:30:00,226.65,0.00,0.00,0.00,2641752,0,0,27.11,腾讯财经
2026-07-30 21:40:02,232.99,233.25,234.26,231.06,6848864,6.34,2.00,27.87,腾讯财经
2026-07-30 21:50:03,235.12,233.35,235.44,231.06,10086654,8.47,3.00,28.12,腾讯财经
2026-07-30 22:00:05,236.79,233.35,237.02,231.06,13209918,10.14,4.00,28.32,腾讯财经
2026-07-30 22:10:05,237.07,233.35,237.56,231.06,19867695,10.42,4.00,28.36,腾讯财经
2026-07-30 22:20:00,236.80,233.35,238.38,231.06,22648296,10.15,4.00,28.32,腾讯财经
2026-07-30 22:30:03,237.40,233.35,238.38,231.06,24102612,10.75,4.00,28.40,腾讯财经
2026-07-30 22:40:05,237.45,233.35,238.38,231.06,25464452,10.80,4.00,28.40,腾讯财经
2026-07-30 22:50:03,236.72,233.35,238.38,231.06,26669923,10.07,4.00,28.32,腾讯财经
2026-07-30 23:00:00,237.19,233.35,238.38,231.06,27773796,10.54,4.00,28.37,腾讯财经
2026-07-30 23:10:02,237.17,233.35,238.38,231.06,28716979,10.52,4.00,28.37,腾讯财经
2026-07-30 23:20:02,236.91,233.35,238.38,231.06,29485535,10.26,4.00,28.34,腾讯财经
2026-07-30 23:30:03,236.58,233.35,238.38,231.06,30434151,9.93,4.00,28.30,腾讯财经
2026-07-30 23:40:03,237.38,233.35,238.38,231.06,31364618,10.73,4.00,28.39,腾讯财经
2026-07-30 23:50:00,237.77,233.35,238.38,231.06,32177413,11.12,4.00,28.44,腾讯财经
2026-07-31 00:00:01,238.19,233.35,238.71,231.06,33167800,11.54,5.00,28.49,腾讯财经
2026-07-31 00:10:05,239.13,233.35,239.36,231.06,35044240,12.48,5.00,28.60,腾讯财经
2026-07-31 00:20:00,238.43,233.35,239.49,231.06,36040877,11.78,5.00,28.52,腾讯财经
2026-07-31 00:30:00,238.71,233.35,239.49,231.06,37131820,12.06,5.00,28.55,腾讯财经
2026-07-31 00:40:04,238.76,233.35,239.49,231.06,38048468,12.11,5.00,28.56,腾讯财经
2026-07-31 00:50:00,238.68,233.35,239.49,231.06,38795044,12.03,5.00,28.55,腾讯财经
2026-07-31 01:00:00,238.23,233.35,239.49,231.06,39421688,11.58,5.00,28.50,腾讯财经
2026-07-31 01:10:05,238.37,233.35,239.49,231.06,40269125,11.72,5.00,28.51,腾讯财经
2026-07-31 01:20:03,237.85,233.35,239.49,231.06,41036836,11.20,4.00,28.45,腾讯财经
2026-07-31 01:30:00,237.82,233.35,239.49,231.06,41630003,11.17,4.00,28.45,腾讯财经
2026-07-31 01:40:00,237.69,233.35,239.49,231.06,42404054,11.04,4.00,28.43,腾讯财经
2026-07-31 01:50:01,237.80,233.35,239.49,231.06,42973246,11.15,4.00,28.44,腾讯财经
2026-07-31 02:00:04,237.58,233.35,239.49,231.06,43584710,10.93,4.00,28.42,腾讯财经
2026-07-31 02:10:00,237.36,233.35,239.49,231.06,44585764,10.71,4.00,28.39,腾讯财经
2026-07-31 02:20:02,237.62,233.35,239.49,231.06,45665255,10.97,4.00,28.42,腾讯财经
2026-07-31 02:30:00,237.45,233.35,239.49,231.06,46463144,10.80,4.00,28.40,腾讯财经
2026-07-31 02:40:00,237.39,233.35,239.49,231.06,47334703,10.74,4.00,28.40,腾讯财经
2026-07-31 02:50:04,237.38,233.35,239.49,231.06,48018646,10.73,4.00,28.39,腾讯财经
2026-07-31 03:00:00,237.89,233.35,239.49,231.06,48780694,11.24,4.00,28.46,腾讯财经
2026-07-31 03:10:00,238.06,233.35,239.49,231.06,50671713,11.41,5.00,28.48,腾讯财经
2026-07-31 03:20:03,239.56,233.35,239.59,231.06,52611857,12.91,5.00,28.66,腾讯财经
2026-07-31 03:30:04,239.54,233.35,239.82,231.06,54885337,12.89,5.00,28.65,腾讯财经
2026-07-31 03:40:04,237.81,233.35,239.82,231.06,56990257,11.16,4.00,28.45,腾讯财经
2026-07-31 03:50:03,237.52,233.35,239.82,231.06,58923842,10.87,4.00,28.41,腾讯财经
2026-07-31 04:00:01,235.81,233.35,239.82,231.06,66534179,9.16,4.00,28.21,腾讯财经
2026-07-31 04:10:05,235.50,233.35,239.82,231.06,87914134,8.85,3.00,28.17,腾讯财经
2026-07-31 04:20:00,235.50,233.35,239.82,231.06,91133211,8.85,3.00,28.17,腾讯财经
2026-07-31 04:30:03,235.50,233.35,239.82,231.06,92364328,8.85,3.00,28.17,腾讯财经
2026-07-31 04:40:04,235.50,233.35,239.82,231.06,93690779,8.85,3.00,28.17,腾讯财经
2026-07-31 04:50:05,235.50,233.35,239.82,231.06,94479175,8.85,3.00,28.17,腾讯财经
2026-07-31 05:00:04,235.50,233.35,239.82,231.06,95066355,8.85,3.00,28.17,腾讯财经
2026-07-31 05:10:01,235.50,233.35,239.82,231.06,96867781,8.85,3.00,28.17,腾讯财经
2026-07-31 05:20:01,235.50,233.35,239.82,231.06,98667518,8.85,3.00,28.17,腾讯财经
2026-07-31 05:30:00,235.50,233.35,239.82,231.06,99169560,8.85,3.00,28.17,腾讯财经
2026-07-31 05:40:00,235.50,233.35,239.82,231.06,99689996,8.85,3.00,28.17,腾讯财经
2026-07-31 05:50:02,235.50,233.35,239.82,231.06,100185526,8.85,3.00,28.17,腾讯财经
2026-07-31 06:00:03,235.50,233.35,239.82,231.06,100603577,8.85,3.00,28.17,腾讯财经
2026-07-31 06:10:03,235.50,233.35,239.82,231.06,100814405,8.85,3.00,28.17,腾讯财经
2026-07-31 06:20:00,235.50,233.35,239.82,231.06,100985860,8.85,3.00,28.17,腾讯财经
2026-07-31 06:30:00,235.50,233.35,239.82,231.06,101132449,8.85,3.00,28.17,腾讯财经
2026-07-31 06:40:00,235.50,233.35,239.82,231.06,101235355,8.85,3.00,28.17,腾讯财经
2026-07-31 06:50:03,235.50,233.35,239.82,231.06,101323470,8.85,3.00,28.17,腾讯财经
2026-07-31 07:00:04,235.50,233.35,239.82,231.06,101426447,8.85,3.00,28.17,腾讯财经
2026-07-31 07:10:01,235.50,233.35,239.82,231.06,101483201,8.85,3.00,28.17,腾讯财经
2026-07-31 07:20:00,235.50,233.35,239.82,231.06,101541277,8.85,3.00,28.17,腾讯财经
2026-07-31 07:30:01,235.50,233.35,239.82,231.06,101585648,8.85,3.00,28.17,腾讯财经
2026-07-31 08:34:12,235.50,233.35,239.82,231.06,101839774,8.85,3.00,28.17,腾讯财经
2026-07-31 08:40:03,235.50,233.35,239.82,231.06,101839774,8.85,3.00,28.17,腾讯财经
2026-07-31 08:50:04,235.50,233.35,239.82,231.06,101839774,8.85,3.00,28.17,腾讯财经
2026-07-31 09:00:00,235.50,233.35,239.82,231.06,101839774,8.85,3.00,28.17,腾讯财经
2026-07-31 09:10:04,235.50,233.35,239.82,231.06,101839774,8.85,3.00,28.17,腾讯财经
2026-07-31 09:20:00,235.50,233.35,239.82,231.06,101839774,8.85,3.00,28.17,腾讯财经
2026-07-31 09:30:04,235.50,233.35,239.82,231.06,101839774,8.85,3.00,28.17,腾讯财经
2026-07-31 09:40:00,235.50,233.35,239.82,231.06,101839774,8.85,3.00,28.17,腾讯财经
2026-07-31 09:50:05,235.50,233.35,239.82,231.06,101839774,8.85,3.00,28.17,腾讯财经
2026-07-31 10:00:02,235.50,233.35,239.82,231.06,101839774,8.85,3.00,28.17,腾讯财经
2026-07-31 10:10:03,235.50,233.35,239.82,231.06,101839774,8.85,3.00,28.17,腾讯财经
2026-07-31 10:20:00,235.50,233.35,239.82,231.06,101839774,8.85,3.00,28.17,腾讯财经
2026-07-31 10:30:00,235.50,233.35,239.82,231.06,101839774,8.85,3.00,28.17,腾讯财经
2026-07-31 10:40:01,235.50,233.35,239.82,231.06,101839774,8.85,3.00,28.17,腾讯财经
2026-07-31 10:50:05,235.50,233.35,239.82,231.06,101839774,8.85,3.00,28.17,腾讯财经
2026-07-31 11:00:00,235.50,233.35,239.82,231.06,101839774,8.85,3.00,28.17,腾讯财经
2026-07-31 11:10:05,235.50,233.35,239.82,231.06,101839774,8.85,3.00,28.17,腾讯财经
2026-07-31 11:20:00,235.50,233.35,239.82,231.06,101839774,8.85,3.00,28.17,腾讯财经
2026-07-31 11:30:05,235.50,233.35,239.82,231.06,101839774,8.85,3.00,28.17,腾讯财经
2026-07-31 11:40:00,235.50,233.35,239.82,231.06,101839774,8.85,3.00,28.17,腾讯财经
2026-07-31 11:50:03,235.50,233.35,239.82,231.06,101839774,8.85,3.00,28.17,腾讯财经
2026-07-31 12:00:04,235.50,233.35,239.82,231.06,101839774,8.85,3.00,28.17,腾讯财经
2026-07-31 12:10:00,235.50,233.35,239.82,231.06,101839774,8.85,3.00,28.17,腾讯财经
2026-07-31 12:20:00,235.50,233.35,239.82,231.06,101839774,8.85,3.00,28.17,腾讯财经
2026-07-31 12:30:02,235.50,233.35,239.82,231.06,101839774,8.85,3.00,28.17,腾讯财经
2026-07-31 12:40:00,235.50,233.35,239.82,231.06,101839774,8.85,3.00,28.17,腾讯财经
2026-07-31 12:50:00,235.50,233.35,239.82,231.06,101839774,8.85,3.00,28.17,腾讯财经
2026-07-31 13:00:01,235.50,233.35,239.82,231.06,101839774,8.85,3.00,28.17,腾讯财经
2026-07-31 13:10:00,235.50,233.35,239.82,231.06,101839774,8.85,3.00,28.17,腾讯财经
2026-07-31 13:20:02,235.50,233.35,239.82,231.06,101839774,8.85,3.00,28.17,腾讯财经
2026-07-31 13:30:01,235.50,233.35,239.82,231.06,101839774,8.85,3.00,28.17,腾讯财经
2026-07-31 13:40:02,235.50,233.35,239.82,231.06,101839774,8.85,3.00,28.17,腾讯财经
2026-07-31 13:50:05,235.50,233.35,239.82,231.06,101839774,8.85,3.00,28.17,腾讯财经
2026-07-31 14:00:00,235.50,233.35,239.82,231.06,101839774,8.85,3.00,28.17,腾讯财经
2026-07-31 14:10:05,235.50,233.35,239.82,231.06,101839774,8.85,3.00,28.17,腾讯财经
2026-07-31 14:20:02,235.50,233.35,239.82,231.06,101839774,8.85,3.00,28.17,腾讯财经
2026-07-31 14:30:03,235.50,233.35,239.82,231.06,101839774,8.85,3.00,28.17,腾讯财经
2026-07-31 14:40:01,235.50,233.35,239.82,231.06,101839774,8.85,3.00,28.17,腾讯财经
2026-07-31 14:50:03,235.50,233.35,239.82,231.06,101839774,8.85,3.00,28.17,腾讯财经
2026-07-31 15:00:03,235.50,233.35,239.82,231.06,101839774,8.85,3.00,28.17,腾讯财经
2026-07-31 15:10:00,235.50,233.35,239.82,231.06,101839774,8.85,3.00,28.17,腾讯财经
2026-07-31 15:20:00,235.50,233.35,239.82,231.06,101839774,8.85,3.00,28.17,腾讯财经
2026-07-31 15:30:02,235.50,233.35,239.82,231.06,101839774,8.85,3.00,28.17,腾讯财经
2026-07-31 15:40:00,235.50,233.35,239.82,231.06,101839774,8.85,3.00,28.17,腾讯财经
2026-07-31 15:50:03,235.50,233.35,239.82,231.06,101839774,8.85,3.00,28.17,腾讯财经
2026-07-31 16:00:02,235.50,233.35,239.82,231.06,101839774,8.85,3.00,28.17,腾讯财经
2026-07-31 16:10:04,235.50,233.35,239.82,231.06,101839774,8.85,3.00,28.17,腾讯财经
2026-07-31 16:20:00,235.50,233.35,239.82,231.06,101839774,8.85,3.00,28.17,腾讯财经
2026-07-31 16:30:01,235.50,233.35,239.82,231.06,101839774,8.85,3.00,28.17,腾讯财经
2026-07-31 16:40:00,235.50,233.35,239.82,231.06,101839774,8.85,3.00,28.17,腾讯财经
2026-07-31 16:50:00,235.50,233.35,239.82,231.06,101839774,8.85,3.00,28.17,腾讯财经
2026-07-31 17:00:03,235.50,233.35,239.82,231.06,101839774,8.85,3.00,28.17,腾讯财经
2026-07-31 17:10:05,235.50,233.35,239.82,231.06,101839774,8.85,3.00,28.17,腾讯财经
2026-07-31 17:20:02,235.50,233.35,239.82,231.06,101839774,8.85,3.00,28.17,腾讯财经
2026-07-31 17:30:00,235.50,233.35,239.82,231.06,101839774,8.85,3.00,28.17,腾讯财经
2026-07-31 17:56:03,235.50,233.35,239.82,231.06,101839774,8.85,3.00,28.17,腾讯财经
2026-07-31 18:00:05,235.50,233.35,239.82,231.06,101839774,8.85,3.00,28.17,腾讯财经
2026-07-31 18:10:05,235.50,233.35,239.82,231.06,101839774,8.85,3.00,28.17,腾讯财经
2026-07-31 18:20:04,235.50,233.35,239.82,231.06,101839774,8.85,3.00,28.17,腾讯财经
2026-07-31 18:30:02,235.50,233.35,239.82,231.06,101839774,8.85,3.00,28.17,腾讯财经
2026-07-31 18:40:00,235.50,233.35,239.82,231.06,101839774,8.85,3.00,28.17,腾讯财经
2026-07-31 18:50:01,235.50,233.35,239.82,231.06,101839774,8.85,3.00,28.17,腾讯财经
2026-07-31 19:00:00,235.50,233.35,239.82,231.06,101839774,8.85,3.00,28.17,腾讯财经
2026-07-31 19:10:05,235.50,233.35,239.82,231.06,101839774,8.85,3.00,28.17,腾讯财经
2026-07-31 19:20:00,235.50,233.35,239.82,231.06,101839774,8.85,3.00,28.17,腾讯财经
2026-07-31 19:30:05,235.50,233.35,239.82,231.06,101839774,8.85,3.00,28.17,腾讯财经
2026-07-31 19:40:03,235.50,233.35,239.82,231.06,101839774,8.85,3.00,28.17,腾讯财经
2026-07-31 19:50:05,235.50,233.35,239.82,231.06,101839774,8.85,3.00,28.17,腾讯财经
2026-07-31 20:00:05,235.50,233.35,239.82,231.06,101839774,8.85,3.00,28.17,腾讯财经
2026-07-31 20:10:04,235.50,233.35,239.82,231.06,101839774,8.85,3.00,28.17,腾讯财经
2026-07-31 20:20:02,235.50,233.35,239.82,231.06,101839774,8.85,3.00,28.17,腾讯财经
2026-07-31 20:30:00,235.50,233.35,239.82,231.06,101839774,8.85,3.00,28.17,腾讯财经
2026-07-31 20:40:02,235.50,233.35,239.82,231.06,101839774,8.85,3.00,28.17,腾讯财经
2026-07-31 20:50:01,235.50,233.35,239.82,231.06,101839774,8.85,3.00,28.17,腾讯财经
2026-07-31 21:00:00,235.50,233.35,239.82,231.06,101839774,8.85,3.00,28.17,腾讯财经
2026-07-31 21:10:05,235.50,233.35,239.82,231.06,101839774,8.85,3.00,28.17,腾讯财经
2026-07-31 21:20:04,235.50,233.35,239.82,231.06,101839774,8.85,3.00,28.17,腾讯财经
2026-07-31 21:30:05,235.50,0.00,0.00,0.00,6943357,0,0,18.95,腾讯财经
2026-07-31 21:40:00,268.01,264.99,269.46,262.06,21236560,32.51,13.00,21.56,腾讯财经
2026-07-31 21:50:00,268.27,265.00,269.46,262.06,27744020,32.77,13.00,21.58,腾讯财经
2026-07-31 22:00:00,269.77,265.00,269.99,262.06,33274883,34.27,14.00,21.70,腾讯财经
2026-07-31 22:10:05,268.17,265.00,270.94,262.06,40878738,32.67,13.00,21.57,腾讯财经
2026-07-31 22:20:00,268.59,265.00,270.94,262.06,44979134,33.09,14.00,21.61,腾讯财经
2026-07-31 22:30:00,269.59,265.00,270.94,262.06,49216770,34.09,14.00,21.69,腾讯财经
2026-07-31 22:40:03,270.90,265.00,272.04,262.06,53763171,35.40,15.00,21.79,腾讯财经
2026-07-31 22:50:00,271.06,265.00,272.04,262.06,56598689,35.56,15.00,21.81,腾讯财经
2026-07-31 23:00:04,270.81,265.00,272.04,262.06,59759431,35.31,14.00,21.79,腾讯财经
2026-07-31 23:10:05,270.05,265.00,272.04,262.06,61792501,34.55,14.00,21.73,腾讯财经
2026-07-31 23:20:03,270.61,265.00,272.04,262.06,64127129,35.11,14.00,21.77,腾讯财经
2026-07-31 23:30:00,267.58,265.00,272.04,262.06,66179063,32.08,13.00,21.53,腾讯财经
2026-07-31 23:40:00,266.80,265.00,272.04,262.06,69618666,31.30,13.00,21.46,腾讯财经
2026-07-31 23:50:01,267.09,265.00,272.04,262.06,71329423,31.59,13.00,21.49,腾讯财经
2026-08-01 00:00:00,268.84,265.00,272.04,262.06,73352280,33.34,14.00,21.63,腾讯财经
2026-08-01 00:10:00,269.94,265.00,272.04,262.06,75905690,34.44,14.00,21.72,腾讯财经
2026-08-01 00:20:00,270.36,265.00,272.04,262.06,77949749,34.86,14.00,21.75,腾讯财经
2026-08-01 00:30:03,270.83,265.00,272.04,262.06,79382069,35.33,15.00,21.79,腾讯财经
2026-08-01 00:40:00,270.59,265.00,272.04,262.06,80673650,35.09,14.00,21.77,腾讯财经
2026-08-01 00:50:00,270.68,265.00,272.04,262.06,81664606,35.18,14.00,21.78,腾讯财经
2026-08-01 01:00:00,271.17,265.00,272.04,262.06,83116971,35.67,15.00,21.82,腾讯财经
2026-08-01 01:10:03,270.95,265.00,272.04,262.06,84296179,35.45,15.00,21.80,腾讯财经
2026-08-01 01:20:00,270.04,265.00,272.04,262.06,85659315,34.54,14.00,21.72,腾讯财经
2026-08-01 01:30:05,271.31,265.00,272.04,262.06,86987512,35.81,15.00,21.83,腾讯财经
2026-08-01 01:40:00,270.90,265.00,272.04,262.06,88107655,35.40,15.00,21.79,腾讯财经
2026-08-01 01:50:00,270.62,265.00,272.04,262.06,89116543,35.12,14.00,21.77,腾讯财经
2026-08-01 02:00:00,270.62,265.00,272.04,262.06,89946512,35.12,14.00,21.77,腾讯财经
2026-08-01 02:10:03,271.29,265.00,272.04,262.06,91157273,35.79,15.00,21.83,腾讯财经
2026-08-01 02:20:00,271.54,265.00,272.04,262.06,92167684,36.04,15.00,21.85,腾讯财经
2026-08-01 02:30:00,270.78,265.00,272.04,262.06,93300255,35.28,14.00,21.78,腾讯财经
2026-08-01 02:40:03,270.74,265.00,272.04,262.06,94399892,35.24,14.00,21.78,腾讯财经
2026-08-01 02:50:00,271.46,265.00,272.04,262.06,95325299,35.96,15.00,21.84,腾讯财经
2026-08-01 03:00:00,271.81,265.00,272.04,262.06,97095387,36.31,15.00,21.87,腾讯财经
2026-08-01 03:10:00,271.60,265.00,272.04,262.06,98724365,36.10,15.00,21.85,腾讯财经
2026-08-01 03:20:01,271.38,265.00,272.04,262.06,100644669,35.88,15.00,21.83,腾讯财经
2026-08-01 03:30:00,272.02,265.00,272.36,262.06,103163204,36.52,15.00,21.88,腾讯财经
2026-08-01 03:40:00,271.68,265.00,272.72,262.06,106192305,36.18,15.00,21.86,腾讯财经
2026-08-01 03:50:03,272.28,265.00,272.72,262.06,108479667,36.78,15.00,21.90,腾讯财经
2026-08-01 04:00:01,271.55,265.00,273.23,262.06,114812743,36.05,15.00,21.85,腾讯财经
2026-08-01 04:10:00,271.58,265.00,273.23,262.06,128126820,36.08,15.00,21.85,腾讯财经
2026-08-01 04:20:00,271.58,265.00,273.23,262.01,128384436,36.08,15.00,21.85,腾讯财经
2026-08-01 04:30:01,271.58,265.00,273.23,262.01,128428855,36.08,15.00,21.85,腾讯财经
2026-08-01 04:40:04,271.58,265.00,273.23,262.01,128472877,36.08,15.00,21.85,腾讯财经
2026-08-01 04:50:00,271.58,265.00,273.23,262.01,128521844,36.08,15.00,21.85,腾讯财经
2026-08-01 05:00:00,271.58,265.00,273.23,262.01,128570095,36.08,15.00,21.85,腾讯财经
2026-08-01 05:10:03,271.58,265.00,273.23,262.01,128607516,36.08,15.00,21.85,腾讯财经
2026-08-01 05:20:05,271.58,265.00,273.23,262.01,128626673,36.08,15.00,21.85,腾讯财经
2026-08-01 05:30:00,271.58,265.00,273.23,262.01,128777052,36.08,15.00,21.85,腾讯财经
2026-08-01 05:40:00,271.58,265.00,273.23,262.01,128810127,36.08,15.00,21.85,腾讯财经
2026-08-01 05:50:00,271.58,265.00,273.23,262.01,128833995,36.08,15.00,21.85,腾讯财经
2026-08-01 06:00:03,271.58,265.00,273.23,262.01,128853935,36.08,15.00,21.85,腾讯财经
2026-08-01 06:10:00,271.58,265.00,273.23,262.01,128873830,36.08,15.00,21.85,腾讯财经
2026-08-01 06:20:00,271.58,265.00,273.23,262.01,128913081,36.08,15.00,21.85,腾讯财经
2026-08-01 06:30:00,271.58,265.00,273.23,262.01,128927030,36.08,15.00,21.85,腾讯财经
2026-08-01 06:40:04,271.58,265.00,273.23,262.01,128950710,36.08,15.00,21.85,腾讯财经
2026-08-01 06:50:00,271.58,265.00,273.23,262.01,128960854,36.08,15.00,21.85,腾讯财经
2026-08-01 07:00:02,271.58,265.00,273.23,262.01,128969099,36.08,15.00,21.85,腾讯财经
2026-08-01 07:10:05,271.58,265.00,273.23,262.01,128977107,36.08,15.00,21.85,腾讯财经
2026-08-01 07:20:06,271.58,265.00,273.23,262.01,128983910,36.08,15.00,21.85,腾讯财经
2026-08-01 07:30:00,271.58,265.00,273.23,262.01,128992687,36.08,15.00,21.85,腾讯财经
2026-08-01 07:40:05,271.58,265.00,273.23,262.01,128999968,36.08,15.00,21.85,腾讯财经
2026-08-01 07:50:00,271.58,265.00,273.23,262.01,129033261,36.08,15.00,21.85,腾讯财经
2026-08-01 08:00:00,271.58,265.00,273.23,262.01,129052741,36.08,15.00,21.85,腾讯财经
2026-08-01 08:10:05,271.58,265.00,273.23,262.01,129054771,36.08,15.00,21.85,腾讯财经
2026-08-01 08:20:00,271.58,265.00,273.23,262.01,129054771,36.08,15.00,21.85,腾讯财经
2026-08-01 08:30:00,271.58,265.00,273.23,262.01,129054771,36.08,15.00,21.85,腾讯财经
2026-08-01 08:40:02,271.58,265.00,273.23,262.01,129054771,36.08,15.00,21.85,腾讯财经
2026-08-01 08:50:04,271.58,265.00,273.23,262.01,129054771,36.08,15.00,21.85,腾讯财经
2026-08-01 09:00:02,271.58,265.00,273.23,262.01,129054771,36.08,15.00,21.85,腾讯财经
2026-08-01 09:10:04,271.58,265.00,273.23,262.01,129054771,36.08,15.00,21.85,腾讯财经
2026-08-01 09:20:05,271.58,265.00,273.23,262.01,129054771,36.08,15.00,21.85,腾讯财经
2026-08-01 09:30:02,271.58,265.00,273.23,262.01,129054771,36.08,15.00,21.85,腾讯财经
2026-08-01 09:40:00,271.58,265.00,273.23,262.01,129054771,36.08,15.00,21.85,腾讯财经
2026-08-01 09:50:01,271.58,265.00,273.23,262.01,129054771,36.08,15.00,21.85,腾讯财经
2026-08-01 10:00:02,271.58,265.00,273.23,262.01,129054771,36.08,15.00,21.85,腾讯财经
2026-08-01 10:10:01,271.58,265.00,273.23,262.01,129054771,36.08,15.00,21.85,腾讯财经
2026-08-01 10:20:04,271.58,265.00,273.23,262.01,129054771,36.08,15.00,21.85,腾讯财经
2026-08-01 10:30:02,271.58,265.00,273.23,262.01,129054771,36.08,15.00,21.85,腾讯财经
2026-08-01 10:40:01,271.58,265.00,273.23,262.01,129054771,36.08,15.00,21.85,腾讯财经
2026-08-01 10:50:01,271.58,265.00,273.23,262.01,129054771,36.08,15.00,21.85,腾讯财经
2026-08-01 11:00:05,271.58,265.00,273.23,262.01,129054771,36.08,15.00,21.85,腾讯财经
2026-08-01 11:10:02,271.58,265.00,273.23,262.01,129054771,36.08,15.00,21.85,腾讯财经
2026-08-01 11:20:00,271.58,265.00,273.23,262.01,129054771,36.08,15.00,21.85,腾讯财经
2026-08-01 11:30:01,271.58,265.00,273.23,262.01,129054771,36.08,15.00,21.85,腾讯财经
2026-08-01 11:40:05,271.58,265.00,273.23,262.01,129054771,36.08,15.00,21.85,腾讯财经
2026-08-01 11:50:00,271.58,265.00,273.23,262.01,129054771,36.08,15.00,21.85,腾讯财经
2026-08-01 12:00:00,271.58,265.00,273.23,262.01,129054771,36.08,15.00,21.85,腾讯财经
2026-08-01 12:10:04,271.58,265.00,273.23,262.01,129054771,36.08,15.00,21.85,腾讯财经
2026-08-01 12:20:02,271.58,265.00,273.23,262.01,129054771,36.08,15.00,21.85,腾讯财经
2026-08-01 12:30:00,271.58,265.00,273.23,262.01,129054771,36.08,15.00,21.85,腾讯财经
2026-08-01 12:40:01,271.58,265.00,273.23,262.01,129054771,36.08,15.00,21.85,腾讯财经
2026-08-01 12:50:00,271.58,265.00,273.23,262.01,129054771,36.08,15.00,21.85,腾讯财经
2026-08-01 13:00:00,271.58,265.00,273.23,262.01,129054771,36.08,15.00,21.85,腾讯财经
2026-08-01 13:10:03,271.58,265.00,273.23,262.01,129054771,36.08,15.00,21.85,腾讯财经
2026-08-01 13:20:05,271.58,265.00,273.23,262.01,129054771,36.08,15.00,21.85,腾讯财经
2026-08-01 13:30:01,271.58,265.00,273.23,262.01,129054771,36.08,15.00,21.85,腾讯财经
2026-08-01 13:40:04,271.58,265.00,273.23,262.01,129054771,36.08,15.00,21.85,腾讯财经
2026-08-01 13:50:00,271.58,265.00,273.23,262.01,129054771,36.08,15.00,21.85,腾讯财经
2026-08-01 14:00:00,271.58,265.00,273.23,262.01,129054771,36.08,15.00,21.85,腾讯财经
2026-08-01 14:10:04,271.58,265.00,273.23,262.01,129054771,36.08,15.00,21.85,腾讯财经
2026-08-01 14:20:00,271.58,265.00,273.23,262.01,129054771,36.08,15.00,21.85,腾讯财经
2026-08-01 14:30:00,271.58,265.00,273.23,262.01,129054771,36.08,15.00,21.85,腾讯财经
2026-08-01 14:40:01,271.58,265.00,273.23,262.01,129054771,36.08,15.00,21.85,腾讯财经
2026-08-01 14:50:01,271.58,265.00,273.23,262.01,129054771,36.08,15.00,21.85,腾讯财经
2026-08-01 15:00:05,271.58,265.00,273.23,262.01,129054771,36.08,15.00,21.85,腾讯财经
2026-08-01 15:10:02,271.58,265.00,273.23,262.01,129054771,36.08,15.00,21.85,腾讯财经
2026-08-01 15:20:03,271.58,265.00,273.23,262.01,129054771,36.08,15.00,21.85,腾讯财经
2026-08-01 15:30:00,271.58,265.00,273.23,262.01,129054771,36.08,15.00,21.85,腾讯财经
2026-08-01 15:40:00,271.58,265.00,273.23,262.01,129054771,36.08,15.00,21.85,腾讯财经
2026-08-01 15:50:05,271.58,265.00,273.23,262.01,129054771,36.08,15.00,21.85,腾讯财经
2026-08-01 16:00:01,271.58,265.00,273.23,262.01,129054771,36.08,15.00,21.85,腾讯财经
2026-08-01 16:10:00,271.58,265.00,273.23,262.01,129054771,36.08,15.00,21.85,腾讯财经
2026-08-01 16:20:00,271.58,265.00,273.23,262.01,129054771,36.08,15.00,21.85,腾讯财经
2026-08-01 16:30:00,271.58,265.00,273.23,262.01,129054771,36.08,15.00,21.85,腾讯财经
2026-08-01 16:40:02,271.58,265.00,273.23,262.01,129054771,36.08,15.00,21.85,腾讯财经
2026-08-01 16:50:02,271.58,265.00,273.23,262.01,129054771,36.08,15.00,21.85,腾讯财经
2026-08-01 17:00:00,271.58,265.00,273.23,262.01,129054771,36.08,15.00,21.85,腾讯财经
2026-08-01 17:10:00,271.58,265.00,273.23,262.01,129054771,36.08,15.00,21.85,腾讯财经
2026-08-01 17:20:00,271.58,265.00,273.23,262.01,129054771,36.08,15.00,21.85,腾讯财经
2026-08-01 17:30:03,271.58,265.00,273.23,262.01,129054771,36.08,15.00,21.85,腾讯财经
2026-08-01 17:40:04,271.58,265.00,273.23,262.01,129054771,36.08,15.00,21.85,腾讯财经
2026-08-01 17:50:00,271.58,265.00,273.23,262.01,129054771,36.08,15.00,21.85,腾讯财经
2026-08-01 18:00:00,271.58,265.00,273.23,262.01,129054771,36.08,15.00,21.85,腾讯财经
2026-08-01 18:10:00,271.58,265.00,273.23,262.01,129054771,36.08,15.00,21.85,腾讯财经
2026-08-01 18:20:00,271.58,265.00,273.23,262.01,129054771,36.08,15.00,21.85,腾讯财经
2026-08-01 18:30:05,271.58,265.00,273.23,262.01,129054771,36.08,15.00,21.85,腾讯财经
2026-08-01 18:40:00,271.58,265.00,273.23,262.01,129054771,36.08,15.00,21.85,腾讯财经
2026-08-01 18:50:05,271.58,265.00,273.23,262.01,129054771,36.08,15.00,21.85,腾讯财经
2026-08-01 19:00:01,271.58,265.00,273.23,262.01,129054771,36.08,15.00,21.85,腾讯财经
2026-08-01 19:10:02,271.58,265.00,273.23,262.01,129054771,36.08,15.00,21.85,腾讯财经
2026-08-01 19:20:00,271.58,265.00,273.23,262.01,129054771,36.08,15.00,21.85,腾讯财经
2026-08-01 19:30:00,271.58,265.00,273.23,262.01,129054771,36.08,15.00,21.85,腾讯财经
2026-08-01 19:40:00,271.58,265.00,273.23,262.01,129054771,36.08,15.00,21.85,腾讯财经
2026-08-01 19:50:01,271.58,265.00,273.23,262.01,129054771,36.08,15.00,21.85,腾讯财经
2026-08-01 20:00:02,271.58,265.00,273.23,262.01,129054771,36.08,15.00,21.85,腾讯财经
2026-08-01 20:10:02,271.58,265.00,273.23,262.01,129054771,36.08,15.00,21.85,腾讯财经
2026-08-01 20:20:00,271.58,265.00,273.23,262.01,129054771,36.08,15.00,21.85,腾讯财经
2026-08-01 20:30:00,271.58,265.00,273.23,262.01,129054771,36.08,15.00,21.85,腾讯财经
2026-08-01 21:28:20,271.58,265.00,273.23,262.01,129054771,36.08,15.00,21.85,腾讯财经
2026-08-01 21:30:05,271.58,265.00,273.23,262.01,129054771,36.08,15.00,21.85,腾讯财经
2026-08-01 21:40:05,271.58,265.00,273.23,262.01,129054771,36.08,15.00,21.85,腾讯财经
2026-08-01 21:50:02,271.58,265.00,273.23,262.01,129054771,36.08,15.00,21.85,腾讯财经
2026-08-01 22:00:00,271.58,265.00,273.23,262.01,129054771,36.08,15.00,21.85,腾讯财经
2026-08-01 22:10:01,271.58,265.00,273.23,262.01,129054771,36.08,15.00,21.85,腾讯财经
2026-08-01 22:20:04,271.58,265.00,273.23,262.01,129054771,36.08,15.00,21.85,腾讯财经
2026-08-01 22:30:03,271.58,265.00,273.23,262.01,129054771,36.08,15.00,21.85,腾讯财经
2026-08-01 22:40:00,271.58,265.00,273.23,262.01,129054771,36.08,15.00,21.85,腾讯财经
2026-08-01 22:50:04,271.58,265.00,273.23,262.01,129054771,36.08,15.00,21.85,腾讯财经
2026-08-01 23:00:00,271.58,265.00,273.23,262.01,129054771,36.08,15.00,21.85,腾讯财经
2026-08-01 23:10:00,271.58,265.00,273.23,262.01,129054771,36.08,15.00,21.85,腾讯财经
2026-08-01 23:20:00,271.58,265.00,273.23,262.01,129054771,36.08,15.00,21.85,腾讯财经
2026-08-01 23:30:00,271.58,265.00,273.23,262.01,129054771,36.08,15.00,21.85,腾讯财经
2026-08-01 23:40:01,271.58,265.00,273.23,262.01,129054771,36.08,15.00,21.85,腾讯财经
2026-08-01 23:50:02,271.58,265.00,273.23,262.01,129054771,36.08,15.00,21.85,腾讯财经
2026-08-02 00:00:00,271.58,265.00,273.23,262.01,129054771,36.08,15.00,21.85,腾讯财经
2026-08-02 00:10:05,271.58,265.00,273.23,262.01,129054771,36.08,15.00,21.85,腾讯财经
2026-08-02 00:20:01,271.58,265.00,273.23,262.01,129054771,36.08,15.00,21.85,腾讯财经
2026-08-02 00:30:05,271.58,265.00,273.23,262.01,129054771,36.08,15.00,21.85,腾讯财经
2026-08-02 00:40:04,271.58,265.00,273.23,262.01,129054771,36.08,15.00,21.85,腾讯财经
2026-08-02 00:50:00,271.58,265.00,273.23,262.01,129054771,36.08,15.00,21.85,腾讯财经
2026-08-02 01:00:04,271.58,265.00,273.23,262.01,129054771,36.08,15.00,21.85,腾讯财经
2026-08-02 01:10:01,271.58,265.00,273.23,262.01,129054771,36.08,15.00,21.85,腾讯财经
2026-08-02 01:20:04,271.58,265.00,273.23,262.01,129054771,36.08,15.00,21.85,腾讯财经
2026-08-02 01:30:00,271.58,265.00,273.23,262.01,129054771,36.08,15.00,21.85,腾讯财经
2026-08-02 01:40:01,271.58,265.00,273.23,262.01,129054771,36.08,15.00,21.85,腾讯财经
2026-08-02 01:50:03,271.58,265.00,273.23,262.01,129054771,36.08,15.00,21.85,腾讯财经
2026-08-02 02:00:05,271.58,265.00,273.23,262.01,129054771,36.08,15.00,21.85,腾讯财经
2026-08-02 02:10:05,271.58,265.00,273.23,262.01,129054771,36.08,15.00,21.85,腾讯财经
2026-08-02 02:20:00,271.58,265.00,273.23,262.01,129054771,36.08,15.00,21.85,腾讯财经
2026-08-02 02:30:01,271.58,265.00,273.23,262.01,129054771,36.08,15.00,21.85,腾讯财经
2026-08-02 02:40:00,271.58,265.00,273.23,262.01,129054771,36.08,15.00,21.85,腾讯财经
2026-08-02 02:50:02,271.58,265.00,273.23,262.01,129054771,36.08,15.00,21.85,腾讯财经
2026-08-02 03:00:01,271.58,265.00,273.23,262.01,129054771,36.08,15.00,21.85,腾讯财经
2026-08-02 03:10:00,271.58,265.00,273.23,262.01,129054771,36.08,15.00,21.85,腾讯财经
2026-08-02 03:20:00,271.58,265.00,273.23,262.01,129054771,36.08,15.00,21.85,腾讯财经
2026-08-02 03:30:05,271.58,265.00,273.23,262.01,129054771,36.08,15.00,21.85,腾讯财经
2026-08-02 03:40:00,271.58,265.00,273.23,262.01,129054771,36.08,15.00,21.85,腾讯财经
2026-08-02 03:50:03,271.58,265.00,273.23,262.01,129054771,36.08,15.00,21.85,腾讯财经
2026-08-02 04:00:00,271.58,265.00,273.23,262.01,129054771,36.08,15.00,21.85,腾讯财经
2026-08-02 04:10:01,271.58,265.00,273.23,262.01,129054771,36.08,15.00,21.85,腾讯财经
2026-08-02 04:20:01,271.58,265.00,273.23,262.01,129054771,36.08,15.00,21.85,腾讯财经
2026-08-02 04:30:01,271.58,265.00,273.23,262.01,129054771,36.08,15.00,21.85,腾讯财经
2026-08-02 04:40:02,271.58,265.00,273.23,262.01,129054771,36.08,15.00,21.85,腾讯财经
2026-08-02 04:50:02,271.58,265.00,273.23,262.01,129054771,36.08,15.00,21.85,腾讯财经
2026-08-02 05:00:03,271.58,265.00,273.23,262.01,129054771,36.08,15.00,21.85,腾讯财经
2026-08-02 05:10:02,271.58,265.00,273.23,262.01,129054771,36.08,15.00,21.85,腾讯财经
2026-08-02 05:20:04,271.58,265.00,273.23,262.01,129054771,36.08,15.00,21.85,腾讯财经
2026-08-02 05:30:05,271.58,265.00,273.23,262.01,129054771,36.08,15.00,21.85,腾讯财经
2026-08-02 05:40:02,271.58,265.00,273.23,262.01,129054771,36.08,15.00,21.85,腾讯财经
2026-08-02 05:50:02,271.58,265.00,273.23,262.01,129054771,36.08,15.00,21.85,腾讯财经
2026-08-02 06:00:04,271.58,265.00,273.23,262.01,129054771,36.08,15.00,21.85,腾讯财经
2026-08-02 06:10:05,271.58,265.00,273.23,262.01,129054771,36.08,15.00,21.85,腾讯财经
2026-08-02 06:20:05,271.58,265.00,273.23,262.01,129054771,36.08,15.00,21.85,腾讯财经
2026-08-02 06:30:04,271.58,265.00,273.23,262.01,129054771,36.08,15.00,21.85,腾讯财经
2026-08-02 06:40:00,271.58,265.00,273.23,262.01,129054771,36.08,15.00,21.85,腾讯财经
2026-08-02 06:50:00,271.58,265.00,273.23,262.01,129054771,36.08,15.00,21.85,腾讯财经
2026-08-02 07:00:05,271.58,265.00,273.23,262.01,129054771,36.08,15.00,21.85,腾讯财经
2026-08-02 07:10:00,271.58,265.00,273.23,262.01,129054771,36.08,15.00,21.85,腾讯财经
2026-08-02 07:20:00,271.58,265.00,273.23,262.01,129054771,36.08,15.00,21.85,腾讯财经
2026-08-02 07:30:00,271.58,265.00,273.23,262.01,129054771,36.08,15.00,21.85,腾讯财经
2026-08-02 07:40:00,271.58,265.00,273.23,262.01,129054771,36.08,15.00,21.85,腾讯财经
2026-08-02 07:50:03,271.58,265.00,273.23,262.01,129054771,36.08,15.00,21.85,腾讯财经
2026-08-02 08:00:00,271.58,265.00,273.23,262.01,129054771,36.08,15.00,21.85,腾讯财经
2026-08-02 08:10:03,271.58,265.00,273.23,262.01,129054771,36.08,15.00,21.85,腾讯财经
2026-08-02 08:20:01,271.58,265.00,273.23,262.01,129054771,36.08,15.00,21.85,腾讯财经
2026-08-02 08:30:01,271.58,265.00,273.23,262.01,129054771,36.08,15.00,21.85,腾讯财经
2026-08-02 08:40:03,271.58,265.00,273.23,262.01,129054771,36.08,15.00,21.85,腾讯财经
2026-08-02 08:50:03,271.58,265.00,273.23,262.01,129054771,36.08,15.00,21.85,腾讯财经
2026-08-02 09:00:02,271.58,265.00,273.23,262.01,129054771,36.08,15.00,21.85,腾讯财经
2026-08-02 09:10:04,271.58,265.00,273.23,262.01,129054771,36.08,15.00,21.85,腾讯财经
2026-08-02 09:20:00,271.58,265.00,273.23,262.01,129054771,36.08,15.00,21.85,腾讯财经
2026-08-02 09:30:04,271.58,265.00,273.23,262.01,129054771,36.08,15.00,21.85,腾讯财经
2026-08-02 09:40:00,271.58,265.00,273.23,262.01,129054771,36.08,15.00,21.85,腾讯财经
2026-08-02 09:50:00,271.58,265.00,273.23,262.01,129054771,36.08,15.00,21.85,腾讯财经
2026-08-02 10:00:05,271.58,265.00,273.23,262.01,129054771,36.08,15.00,21.85,腾讯财经
2026-08-02 10:10:03,271.58,265.00,273.23,262.01,129054771,36.08,15.00,21.85,腾讯财经
2026-08-02 10:20:00,271.58,265.00,273.23,262.01,129054771,36.08,15.00,21.85,腾讯财经
2026-08-02 10:30:02,271.58,265.00,273.23,262.01,129054771,36.08,15.00,21.85,腾讯财经
2026-08-02 10:40:00,271.58,265.00,273.23,262.01,129054771,36.08,15.00,21.85,腾讯财经
2026-08-02 10:50:03,271.58,265.00,273.23,262.01,129054771,36.08,15.00,21.85,腾讯财经
2026-08-02 11:00:04,271.58,265.00,273.23,262.01,129054771,36.08,15.00,21.85,腾讯财经
2026-08-02 11:10:00,271.58,265.00,273.23,262.01,129054771,36.08,15.00,21.85,腾讯财经
2026-08-02 11:20:00,271.58,265.00,273.23,262.01,129054771,36.08,15.00,21.85,腾讯财经
2026-08-02 11:30:05,271.58,265.00,273.23,262.01,129054771,36.08,15.00,21.85,腾讯财经
2026-08-02 11:40:00,271.58,265.00,273.23,262.01,129054771,36.08,15.00,21.85,腾讯财经
2026-08-02 11:50:00,271.58,265.00,273.23,262.01,129054771,36.08,15.00,21.85,腾讯财经
2026-08-02 12:00:03,271.58,265.00,273.23,262.01,129054771,36.08,15.00,21.85,腾讯财经
2026-08-02 12:10:03,271.58,265.00,273.23,262.01,129054771,36.08,15.00,21.85,腾讯财经
2026-08-02 12:20:00,271.58,265.00,273.23,262.01,129054771,36.08,15.00,21.85,腾讯财经
2026-08-02 12:30:01,271.58,265.00,273.23,262.01,129054771,36.08,15.00,21.85,腾讯财经
2026-08-02 12:40:03,271.58,265.00,273.23,262.01,129054771,36.08,15.00,21.85,腾讯财经
2026-08-02 12:50:00,271.58,265.00,273.23,262.01,129054771,36.08,15.00,21.85,腾讯财经
2026-08-02 13:00:00,271.58,265.00,273.23,262.01,129054771,36.08,15.00,21.85,腾讯财经
2026-08-02 13:10:00,271.58,265.00,273.23,262.01,129054771,36.08,15.00,21.85,腾讯财经
2026-08-02 13:20:03,271.58,265.00,273.23,262.01,129054771,36.08,15.00,21.85,腾讯财经
2026-08-02 13:30:00,271.58,265.00,273.23,262.01,129054771,36.08,15.00,21.85,腾讯财经
2026-08-02 13:40:02,271.58,265.00,273.23,262.01,129054771,36.08,15.00,21.85,腾讯财经
2026-08-02 13:50:00,271.58,265.00,273.23,262.01,129054771,36.08,15.00,21.85,腾讯财经
2026-08-02 14:00:00,271.58,265.00,273.23,262.01,129054771,36.08,15.00,21.85,腾讯财经
2026-08-02 14:10:00,271.58,265.00,273.23,262.01,129054771,36.08,15.00,21.85,腾讯财经
2026-08-02 14:20:02,271.58,265.00,273.23,262.01,129054771,36.08,15.00,21.85,腾讯财经
2026-08-02 14:30:05,271.58,265.00,273.23,262.01,129054771,36.08,15.00,21.85,腾讯财经
2026-08-02 14:40:02,271.58,265.00,273.23,262.01,129054771,36.08,15.00,21.85,腾讯财经
2026-08-02 14:50:00,271.58,265.00,273.23,262.01,129054771,36.08,15.00,21.85,腾讯财经
2026-08-02 15:00:04,271.58,265.00,273.23,262.01,129054771,36.08,15.00,21.85,腾讯财经
2026-08-02 15:10:00,271.58,265.00,273.23,262.01,129054771,36.08,15.00,21.85,腾讯财经
2026-08-02 15:20:04,271.58,265.00,273.23,262.01,129054771,36.08,15.00,21.85,腾讯财经
2026-08-02 15:30:04,271.58,265.00,273.23,262.01,129054771,36.08,15.00,21.85,腾讯财经
2026-08-02 15:40:03,271.58,265.00,273.23,262.01,129054771,36.08,15.00,21.85,腾讯财经
2026-08-02 15:50:04,271.58,265.00,273.23,262.01,129054771,36.08,15.00,21.85,腾讯财经
2026-08-02 16:00:03,271.58,265.00,273.23,262.01,129054771,36.08,15.00,21.85,腾讯财经
2026-08-02 16:10:05,271.58,265.00,273.23,262.01,129054771,36.08,15.00,21.85,腾讯财经
2026-08-02 16:20:04,271.58,265.00,273.23,262.01,129054771,36.08,15.00,21.85,腾讯财经
2026-08-02 16:30:03,271.58,265.00,273.23,262.01,129054771,36.08,15.00,21.85,腾讯财经
2026-08-02 16:40:05,271.58,265.00,273.23,262.01,129054771,36.08,15.00,21.85,腾讯财经
2026-08-02 16:50:01,271.58,265.00,273.23,262.01,129054771,36.08,15.00,21.85,腾讯财经
2026-08-02 17:00:00,271.58,265.00,273.23,262.01,129054771,36.08,15.00,21.85,腾讯财经
2026-08-02 17:10:00,271.58,265.00,273.23,262.01,129054771,36.08,15.00,21.85,腾讯财经
2026-08-02 17:20:05,271.58,265.00,273.23,262.01,129054771,36.08,15.00,21.85,腾讯财经
2026-08-02 17:30:02,271.58,265.00,273.23,262.01,129054771,36.08,15.00,21.85,腾讯财经
2026-08-02 17:40:04,271.58,265.00,273.23,262.01,129054771,36.08,15.00,21.85,腾讯财经
2026-08-02 17:50:05,271.58,265.00,273.23,262.01,129054771,36.08,15.00,21.85,腾讯财经
2026-08-02 18:00:04,271.58,265.00,273.23,262.01,129054771,36.08,15.00,21.85,腾讯财经
2026-08-02 18:10:05,271.58,265.00,273.23,262.01,129054771,36.08,15.00,21.85,腾讯财经
2026-08-02 18:20:04,271.58,265.00,273.23,262.01,129054771,36.08,15.00,21.85,腾讯财经
2026-08-02 18:30:04,271.58,265.00,273.23,262.01,129054771,36.08,15.00,21.85,腾讯财经
2026-08-02 18:40:03,271.58,265.00,273.23,262.01,129054771,36.08,15.00,21.85,腾讯财经
2026-08-02 18:50:03,271.58,265.00,273.23,262.01,129054771,36.08,15.00,21.85,腾讯财经
2026-08-02 19:00:02,271.58,265.00,273.23,262.01,129054771,36.08,15.00,21.85,腾讯财经
2026-08-02 19:10:04,271.58,265.00,273.23,262.01,129054771,36.08,15.00,21.85,腾讯财经
2026-08-02 19:20:04,271.58,265.00,273.23,262.01,129054771,36.08,15.00,21.85,腾讯财经
2026-08-02 19:30:04,271.58,265.00,273.23,262.01,129054771,36.08,15.00,21.85,腾讯财经
2026-08-02 19:40:04,271.58,265.00,273.23,262.01,129054771,36.08,15.00,21.85,腾讯财经
2026-08-02 19:50:04,271.58,265.00,273.23,262.01,129054771,36.08,15.00,21.85,腾讯财经
2026-08-02 20:00:04,271.58,265.00,273.23,262.01,129054771,36.08,15.00,21.85,腾讯财经
2026-08-02 20:10:04,271.58,265.00,273.23,262.01,129054771,36.08,15.00,21.85,腾讯财经
2026-08-02 20:20:05,271.58,265.00,273.23,262.01,129054771,36.08,15.00,21.85,腾讯财经
2026-08-02 20:30:00,271.58,265.00,273.23,262.01,129054771,36.08,15.00,21.85,腾讯财经
2026-08-02 20:40:01,271.58,265.00,273.23,262.01,129054771,36.08,15.00,21.85,腾讯财经
2026-08-02 20:50:00,271.58,265.00,273.23,262.01,129054771,36.08,15.00,21.85,腾讯财经
2026-08-02 21:00:01,271.58,265.00,273.23,262.01,129054771,36.08,15.00,21.85,腾讯财经
2026-08-02 21:10:05,271.58,265.00,273.23,262.01,129054771,36.08,15.00,21.85,腾讯财经
2026-08-02 21:20:05,271.58,265.00,273.23,262.01,129054771,36.08,15.00,21.85,腾讯财经
2026-08-02 21:30:03,271.58,265.00,273.23,262.01,129054771,36.08,15.00,21.85,腾讯财经
2026-08-02 21:40:05,271.58,265.00,273.23,262.01,129054771,36.08,15.00,21.85,腾讯财经
2026-08-02 21:50:03,271.58,265.00,273.23,262.01,129054771,36.08,15.00,21.85,腾讯财经
2026-08-02 22:00:05,271.58,265.00,273.23,262.01,129054771,36.08,15.00,21.85,腾讯财经
2026-08-02 22:10:00,271.58,265.00,273.23,262.01,129054771,36.08,15.00,21.85,腾讯财经
2026-08-02 22:20:03,271.58,265.00,273.23,262.01,129054771,36.08,15.00,21.85,腾讯财经
2026-08-02 22:30:00,271.58,265.00,273.23,262.01,129054771,36.08,15.00,21.85,腾讯财经
2026-08-02 22:40:00,271.58,265.00,273.23,262.01,129054771,36.08,15.00,21.85,腾讯财经
2026-08-02 22:50:03,271.58,265.00,273.23,262.01,129054771,36.08,15.00,21.85,腾讯财经
2026-08-02 23:00:04,271.58,265.00,273.23,262.01,129054771,36.08,15.00,21.85,腾讯财经
2026-08-02 23:10:05,271.58,265.00,273.23,262.01,129054771,36.08,15.00,21.85,腾讯财经
2026-08-02 23:20:03,271.58,265.00,273.23,262.01,129054771,36.08,15.00,21.85,腾讯财经
2026-08-02 23:30:03,271.58,265.00,273.23,262.01,129054771,36.08,15.00,21.85,腾讯财经
2026-08-02 23:40:03,271.58,265.00,273.23,262.01,129054771,36.08,15.00,21.85,腾讯财经
2026-08-02 23:50:04,271.58,265.00,273.23,262.01,129054771,36.08,15.00,21.85,腾讯财经
2026-08-03 00:00:03,271.58,265.00,273.23,262.01,129054771,36.08,15.00,21.85,腾讯财经
2026-08-03 00:10:01,271.58,265.00,273.23,262.01,129054771,36.08,15.00,21.85,腾讯财经
2026-08-03 00:20:05,271.58,265.00,273.23,262.01,129054771,36.08,15.00,21.85,腾讯财经
2026-08-03 00:30:00,271.58,265.00,273.23,262.01,129054771,36.08,15.00,21.85,腾讯财经
2026-08-03 00:40:00,271.58,265.00,273.23,262.01,129054771,36.08,15.00,21.85,腾讯财经
2026-08-03 00:50:04,271.58,265.00,273.23,262.01,129054771,36.08,15.00,21.85,腾讯财经
2026-08-03 01:00:00,271.58,265.00,273.23,262.01,129054771,36.08,15.00,21.85,腾讯财经
2026-08-03 01:10:04,271.58,265.00,273.23,262.01,129054771,36.08,15.00,21.85,腾讯财经
2026-08-03 01:20:03,271.58,265.00,273.23,262.01,129054771,36.08,15.00,21.85,腾讯财经
2026-08-03 01:30:05,271.58,265.00,273.23,262.01,129054771,36.08,15.00,21.85,腾讯财经
2026-08-03 01:40:01,271.58,265.00,273.23,262.01,129054771,36.08,15.00,21.85,腾讯财经
2026-08-03 01:50:02,271.58,265.00,273.23,262.01,129054771,36.08,15.00,21.85,腾讯财经
2026-08-03 02:00:04,271.58,265.00,273.23,262.01,129054771,36.08,15.00,21.85,腾讯财经
2026-08-03 02:10:03,271.58,265.00,273.23,262.01,129054771,36.08,15.00,21.85,腾讯财经
2026-08-03 02:20:04,271.58,265.00,273.23,262.01,129054771,36.08,15.00,21.85,腾讯财经
2026-08-03 02:30:04,271.58,265.00,273.23,262.01,129054771,36.08,15.00,21.85,腾讯财经
2026-08-03 02:40:04,271.58,265.00,273.23,262.01,129054771,36.08,15.00,21.85,腾讯财经
2026-08-03 02:50:05,271.58,265.00,273.23,262.01,129054771,36.08,15.00,21.85,腾讯财经
2026-08-03 03:00:00,271.58,265.00,273.23,262.01,129054771,36.08,15.00,21.85,腾讯财经
2026-08-03 03:10:04,271.58,265.00,273.23,262.01,129054771,36.08,15.00,21.85,腾讯财经
2026-08-03 03:20:02,271.58,265.00,273.23,262.01,129054771,36.08,15.00,21.85,腾讯财经
2026-08-03 03:30:05,271.58,265.00,273.23,262.01,129054771,36.08,15.00,21.85,腾讯财经
2026-08-03 03:40:00,271.58,265.00,273.23,262.01,129054771,36.08,15.00,21.85,腾讯财经
2026-08-03 03:50:00,271.58,265.00,273.23,262.01,129054771,36.08,15.00,21.85,腾讯财经
2026-08-03 04:00:01,271.58,265.00,273.23,262.01,129054771,36.08,15.00,21.85,腾讯财经
2026-08-03 04:10:00,271.58,265.00,273.23,262.01,129054771,36.08,15.00,21.85,腾讯财经
2026-08-03 04:20:00,271.58,265.00,273.23,262.01,129054771,36.08,15.00,21.85,腾讯财经
2026-08-03 04:30:04,271.58,265.00,273.23,262.01,129054771,36.08,15.00,21.85,腾讯财经
2026-08-03 04:40:03,271.58,265.00,273.23,262.01,129054771,36.08,15.00,21.85,腾讯财经
2026-08-03 04:50:00,271.58,265.00,273.23,262.01,129054771,36.08,15.00,21.85,腾讯财经
2026-08-03 05:00:00,271.58,265.00,273.23,262.01,129054771,36.08,15.00,21.85,腾讯财经
2026-08-03 05:10:05,271.58,265.00,273.23,262.01,129054771,36.08,15.00,21.85,腾讯财经
2026-08-03 05:20:01,271.58,265.00,273.23,262.01,129054771,36.08,15.00,21.85,腾讯财经
2026-08-03 05:30:04,271.58,265.00,273.23,262.01,129054771,36.08,15.00,21.85,腾讯财经
2026-08-03 05:40:03,271.58,265.00,273.23,262.01,129054771,36.08,15.00,21.85,腾讯财经
2026-08-03 05:50:04,271.58,265.00,273.23,262.01,129054771,36.08,15.00,21.85,腾讯财经
2026-08-03 06:00:00,271.58,265.00,273.23,262.01,129054771,36.08,15.00,21.85,腾讯财经
2026-08-03 06:10:00,271.58,265.00,273.23,262.01,129054771,36.08,15.00,21.85,腾讯财经
2026-08-03 06:20:00,271.58,265.00,273.23,262.01,129054771,36.08,15.00,21.85,腾讯财经
2026-08-03 06:30:00,271.58,265.00,273.23,262.01,129054771,36.08,15.00,21.85,腾讯财经
2026-08-03 06:40:00,271.58,265.00,273.23,262.01,129054771,36.08,15.00,21.85,腾讯财经
2026-08-03 06:50:02,271.58,265.00,273.23,262.01,129054771,36.08,15.00,21.85,腾讯财经
2026-08-03 07:00:00,271.58,265.00,273.23,262.01,129054771,36.08,15.00,21.85,腾讯财经
2026-08-03 07:10:00,271.58,265.00,273.23,262.01,129054771,36.08,15.00,21.85,腾讯财经
2026-08-03 07:20:00,271.58,265.00,273.23,262.01,129054771,36.08,15.00,21.85,腾讯财经
2026-08-03 07:30:04,271.58,265.00,273.23,262.01,129054771,36.08,15.00,21.85,腾讯财经
2026-08-03 07:40:03,271.58,265.00,273.23,262.01,129054771,36.08,15.00,21.85,腾讯财经
2026-08-03 07:50:00,271.58,265.00,273.23,262.01,129054771,36.08,15.00,21.85,腾讯财经
2026-08-03 08:40:00,271.58,265.00,273.23,262.01,129054771,36.08,15.00,21.85,腾讯财经
2026-08-03 08:50:01,271.58,265.00,273.23,262.01,129054771,36.08,15.00,21.85,腾讯财经
2026-08-03 09:00:03,271.58,265.00,273.23,262.01,129054771,36.08,15.00,21.85,腾讯财经
2026-08-03 09:10:00,271.58,265.00,273.23,262.01,129054771,36.08,15.00,21.85,腾讯财经
2026-08-03 09:20:01,271.58,265.00,273.23,262.01,129054771,36.08,15.00,21.85,腾讯财经
2026-08-03 09:30:04,271.58,265.00,273.23,262.01,129054771,36.08,15.00,21.85,腾讯财经
2026-08-03 09:40:03,271.58,265.00,273.23,262.01,129054771,36.08,15.00,21.85,腾讯财经
2026-08-03 09:50:00,271.58,265.00,273.23,262.01,129054771,36.08,15.00,21.85,腾讯财经
2026-08-03 10:00:00,271.58,265.00,273.23,262.01,129054771,36.08,15.00,21.85,腾讯财经
2026-08-03 10:20:02,271.58,265.00,273.23,262.01,129054771,36.08,15.00,21.85,腾讯财经
2026-08-03 10:40:01,271.58,265.00,273.23,262.01,129054771,36.08,15.00,21.85,腾讯财经
2026-08-03 10:50:02,271.58,265.00,273.23,262.01,129054771,36.08,15.00,21.85,腾讯财经
2026-08-03 11:00:04,271.58,265.00,273.23,262.01,129054771,36.08,15.00,21.85,腾讯财经
2026-08-03 11:10:02,271.58,265.00,273.23,262.01,129054771,36.08,15.00,21.85,腾讯财经
2026-08-03 11:20:05,271.58,265.00,273.23,262.01,129054771,36.08,15.00,21.85,腾讯财经
2026-08-03 11:30:02,271.58,265.00,273.23,262.01,129054771,36.08,15.00,21.85,腾讯财经
2026-08-03 11:40:04,271.58,265.00,273.23,262.01,129054771,36.08,15.00,21.85,腾讯财经
2026-08-03 11:50:02,271.58,265.00,273.23,262.01,129054771,36.08,15.00,21.85,腾讯财经
2026-08-03 12:00:04,271.58,265.00,273.23,262.01,129054771,36.08,15.00,21.85,腾讯财经
2026-08-03 12:10:02,271.58,265.00,273.23,262.01,129054771,36.08,15.00,21.85,腾讯财经
2026-08-03 12:20:04,271.58,265.00,273.23,262.01,129054771,36.08,15.00,21.85,腾讯财经
2026-08-03 12:30:02,271.58,265.00,273.23,262.01,129054771,36.08,15.00,21.85,腾讯财经
2026-08-03 12:40:05,271.58,265.00,273.23,262.01,129054771,36.08,15.00,21.85,腾讯财经
2026-08-03 12:50:01,271.58,265.00,273.23,262.01,129054771,36.08,15.00,21.85,腾讯财经
2026-08-03 13:00:03,271.58,265.00,273.23,262.01,129054771,36.08,15.00,21.85,腾讯财经
2026-08-03 13:10:03,271.58,265.00,273.23,262.01,129054771,36.08,15.00,21.85,腾讯财经
2026-08-03 13:20:03,271.58,265.00,273.23,262.01,129054771,36.08,15.00,21.85,腾讯财经
2026-08-03 13:30:03,271.58,265.00,273.23,262.01,129054771,36.08,15.00,21.85,腾讯财经
2026-08-03 13:40:04,271.58,265.00,273.23,262.01,129054771,36.08,15.00,21.85,腾讯财经
2026-08-03 13:50:02,271.58,265.00,273.23,262.01,129054771,36.08,15.00,21.85,腾讯财经
2026-08-03 14:00:01,271.58,265.00,273.23,262.01,129054771,36.08,15.00,21.85,腾讯财经
2026-08-03 14:10:03,271.58,265.00,273.23,262.01,129054771,36.08,15.00,21.85,腾讯财经
2026-08-03 14:20:05,271.58,265.00,273.23,262.01,129054771,36.08,15.00,21.85,腾讯财经
2026-08-03 14:30:01,271.58,265.00,273.23,262.01,129054771,36.08,15.00,21.85,腾讯财经
2026-08-03 14:40:01,271.58,265.00,273.23,262.01,129054771,36.08,15.00,21.85,腾讯财经
2026-08-03 14:50:05,271.58,265.00,273.23,262.01,129054771,36.08,15.00,21.85,腾讯财经
2026-08-03 15:00:01,271.58,265.00,273.23,262.01,129054771,36.08,15.00,21.85,腾讯财经
2026-08-03 22:01:17,285.07,278.29,287.16,278.00,26908333,13.49,4.00,22.93,腾讯财经
2026-08-03 22:10:01,284.25,278.29,287.16,278.00,29074938,12.67,4.00,22.87,腾讯财经
2026-08-03 22:20:01,284.19,278.29,287.16,278.00,32023928,12.61,4.00,22.86,腾讯财经
2026-08-03 22:30:03,285.64,278.29,287.16,278.00,34451634,14.06,5.00,22.98,腾讯财经
2026-08-03 22:40:00,285.34,278.29,287.16,278.00,38036662,13.76,5.00,22.96,腾讯财经
2026-08-03 22:50:02,284.68,278.29,287.16,278.00,40096923,13.10,4.00,22.90,腾讯财经
2026-08-03 23:00:00,284.75,278.29,287.16,278.00,42035534,13.17,4.00,22.91,腾讯财经
2026-08-03 23:10:00,284.76,278.29,287.16,278.00,43431454,13.18,4.00,22.91,腾讯财经
2026-08-03 23:20:00,284.55,278.29,287.16,278.00,44859639,12.97,4.00,22.89,腾讯财经
2026-08-03 23:30:00,285.73,278.29,287.16,278.00,46869391,14.15,5.00,22.99,腾讯财经
2026-08-03 23:40:05,285.88,278.29,287.16,278.00,49230066,14.30,5.00,23.00,腾讯财经
2026-08-03 23:50:00,285.48,278.29,287.16,278.00,50303535,13.90,5.00,22.97,腾讯财经
2026-08-04 00:00:00,285.37,278.29,287.16,278.00,51379576,13.79,5.00,22.96,腾讯财经
2026-08-04 00:10:02,284.89,278.29,287.16,278.00,52669942,13.31,4.00,22.92,腾讯财经
2026-08-04 00:20:02,284.49,278.29,287.16,278.00,53562190,12.91,4.00,22.89,腾讯财经
2026-08-04 00:30:00,284.33,278.29,287.16,278.00,54961023,12.75,4.00,22.87,腾讯财经
2026-08-04 00:40:00,284.74,278.29,287.16,278.00,55760943,13.16,4.00,22.91,腾讯财经
2026-08-04 00:50:02,285.40,278.29,287.16,278.00,56611220,13.82,5.00,22.96,腾讯财经
2026-08-04 01:00:00,284.43,278.29,287.16,278.00,57352976,12.85,4.00,22.88,腾讯财经
2026-08-04 01:10:00,284.77,278.29,287.16,278.00,58015208,13.19,4.00,22.91,腾讯财经
2026-08-04 01:20:03,284.02,278.29,287.16,278.00,59078621,12.44,4.00,22.85,腾讯财经
2026-08-04 01:30:00,284.63,278.29,287.16,278.00,59761601,13.05,4.00,22.90,腾讯财经
2026-08-04 01:40:00,284.08,278.29,287.16,278.00,60406251,12.50,4.00,22.85,腾讯财经
2026-08-04 01:50:02,283.64,278.29,287.16,278.00,61137190,12.06,4.00,22.82,腾讯财经
2026-08-04 02:00:00,283.72,278.29,287.16,278.00,62118815,12.14,4.00,22.83,腾讯财经
2026-08-04 02:10:04,283.58,278.29,287.16,278.00,62920958,12.00,4.00,22.81,腾讯财经
2026-08-04 02:20:00,282.75,278.29,287.16,278.00,64044833,11.17,4.00,22.75,腾讯财经
2026-08-04 02:30:00,282.96,278.29,287.16,278.00,64827325,11.38,4.00,22.76,腾讯财经
2026-08-04 02:40:00,282.56,278.29,287.16,278.00,65592847,10.98,4.00,22.73,腾讯财经
2026-08-04 02:50:04,284.14,278.29,287.16,278.00,66766483,12.56,4.00,22.86,腾讯财经
2026-08-04 03:00:00,284.42,278.29,287.16,278.00,67686295,12.84,4.00,22.88,腾讯财经
2026-08-04 03:10:02,283.05,278.29,287.16,278.00,68871131,11.47,4.00,22.77,腾讯财经
2026-08-04 03:20:00,283.55,278.29,287.16,278.00,69813173,11.97,4.00,22.81,腾讯财经
2026-08-04 03:30:01,284.64,278.29,287.16,278.00,71286430,13.06,4.00,22.90,腾讯财经
2026-08-04 03:40:00,284.87,278.29,287.16,278.00,72541491,13.29,4.00,22.92,腾讯财经
2026-08-04 03:50:02,285.50,278.29,287.16,278.00,74224340,13.92,5.00,22.97,腾讯财经
2026-08-04 04:00:00,284.00,278.29,287.16,278.00,78942677,12.42,4.00,22.85,腾讯财经
2026-08-04 04:10:00,284.02,278.29,287.16,278.00,88976200,12.44,4.00,22.85,腾讯财经
2026-08-04 04:20:05,284.02,278.29,287.20,278.00,89008920,12.44,4.00,22.85,腾讯财经
2026-08-04 04:30:01,284.02,278.29,287.20,278.00,89735244,12.44,4.00,22.85,腾讯财经
2026-08-04 04:40:00,284.02,278.29,287.20,278.00,89761288,12.44,4.00,22.85,腾讯财经
2026-08-04 04:50:00,284.02,278.29,287.20,278.00,89795112,12.44,4.00,22.85,腾讯财经
2026-08-04 05:00:03,284.02,278.29,287.20,278.00,89811031,12.44,4.00,22.85,腾讯财经
2026-08-04 05:10:00,284.02,278.29,287.20,278.00,89825778,12.44,4.00,22.85,腾讯财经
2026-08-04 05:20:00,284.02,278.29,287.20,278.00,90191751,12.44,4.00,22.85,腾讯财经
2026-08-04 05:30:00,284.02,278.29,287.20,278.00,90215186,12.44,4.00,22.85,腾讯财经
2026-08-04 05:40:02,284.02,278.29,287.20,278.00,90248953,12.44,4.00,22.85,腾讯财经
2026-08-04 05:50:04,284.02,278.29,287.20,278.00,90270122,12.44,4.00,22.85,腾讯财经
2026-08-04 06:00:00,284.02,278.29,287.20,278.00,90286718,12.44,4.00,22.85,腾讯财经
2026-08-04 06:10:00,284.02,278.29,287.20,278.00,90314595,12.44,4.00,22.85,腾讯财经
2026-08-04 06:20:01,284.02,278.29,287.20,278.00,90364719,12.44,4.00,22.85,腾讯财经
2026-08-04 06:30:00,284.02,278.29,287.20,278.00,90460327,12.44,4.00,22.85,腾讯财经
2026-08-04 06:40:00,284.02,278.29,287.20,278.00,90551523,12.44,4.00,22.85,腾讯财经
2026-08-04 06:50:00,284.02,278.29,287.20,278.00,90587526,12.44,4.00,22.85,腾讯财经
2026-08-04 07:00:04,284.02,278.29,287.20,278.00,90642547,12.44,4.00,22.85,腾讯财经
2026-08-04 07:10:05,284.02,278.29,287.20,278.00,90680467,12.44,4.00,22.85,腾讯财经
2026-08-04 07:20:00,284.02,278.29,287.20,278.00,90709780,12.44,4.00,22.85,腾讯财经
2026-08-04 07:30:02,284.02,278.29,287.20,278.00,90725951,12.44,4.00,22.85,腾讯财经
2026-08-04 07:40:00,284.02,278.29,287.20,278.00,90751251,12.44,4.00,22.85,腾讯财经
2026-08-04 07:50:00,284.02,278.29,287.20,278.00,90782744,12.44,4.00,22.85,腾讯财经
2026-08-04 08:30:05,284.02,278.29,287.20,278.00,90830221,12.44,4.00,22.85,腾讯财经
2026-08-04 08:40:00,284.02,278.29,287.20,278.00,90830221,12.44,4.00,22.85,腾讯财经
2026-08-04 08:50:01,284.02,278.29,287.20,278.00,90830221,12.44,4.00,22.85,腾讯财经
2026-08-04 09:00:05,284.02,278.29,287.20,278.00,90830221,12.44,4.00,22.85,腾讯财经
2026-08-04 09:10:00,284.02,278.29,287.20,278.00,90830221,12.44,4.00,22.85,腾讯财经
2026-08-04 09:20:03,284.02,278.29,287.20,278.00,90830221,12.44,4.00,22.85,腾讯财经
2026-08-04 09:30:03,284.02,278.29,287.20,278.00,90830221,12.44,4.00,22.85,腾讯财经
2026-08-04 09:40:03,284.02,278.29,287.20,278.00,90830221,12.44,4.00,22.85,腾讯财经
2026-08-04 09:50:05,284.02,278.29,287.20,278.00,90830221,12.44,4.00,22.85,腾讯财经
2026-08-04 10:00:00,284.02,278.29,287.20,278.00,90830221,12.44,4.00,22.85,腾讯财经
2026-08-04 10:10:03,284.02,278.29,287.20,278.00,90830221,12.44,4.00,22.85,腾讯财经
2026-08-04 10:20:00,284.02,278.29,287.20,278.00,90830221,12.44,4.00,22.85,腾讯财经
2026-08-04 10:30:05,284.02,278.29,287.20,278.00,90830221,12.44,4.00,22.85,腾讯财经
2026-08-04 10:40:05,284.02,278.29,287.20,278.00,90830221,12.44,4.00,22.85,腾讯财经
2026-08-04 10:50:01,284.02,278.29,287.20,278.00,90830221,12.44,4.00,22.85,腾讯财经
2026-08-04 11:00:05,284.02,278.29,287.20,278.00,90830221,12.44,4.00,22.85,腾讯财经
2026-08-04 11:10:00,284.02,278.29,287.20,278.00,90830221,12.44,4.00,22.85,腾讯财经
2026-08-04 11:20:00,284.02,278.29,287.20,278.00,90830221,12.44,4.00,22.85,腾讯财经
2026-08-04 11:30:04,284.02,278.29,287.20,278.00,90830221,12.44,4.00,22.85,腾讯财经
2026-08-04 11:40:00,284.02,278.29,287.20,278.00,90830221,12.44,4.00,22.85,腾讯财经
2026-08-04 11:50:00,284.02,278.29,287.20,278.00,90830221,12.44,4.00,22.85,腾讯财经
2026-08-04 12:00:00,284.02,278.29,287.20,278.00,90830221,12.44,4.00,22.85,腾讯财经
2026-08-04 12:10:05,284.02,278.29,287.20,278.00,90830221,12.44,4.00,22.85,腾讯财经
2026-08-04 12:20:00,284.02,278.29,287.20,278.00,90830221,12.44,4.00,22.85,腾讯财经
2026-08-04 12:30:00,284.02,278.29,287.20,278.00,90830221,12.44,4.00,22.85,腾讯财经
2026-08-04 12:40:04,284.02,278.29,287.20,278.00,90830221,12.44,4.00,22.85,腾讯财经
2026-08-04 12:50:00,284.02,278.29,287.20,278.00,90830221,12.44,4.00,22.85,腾讯财经
2026-08-04 13:00:00,284.02,278.29,287.20,278.00,90830221,12.44,4.00,22.85,腾讯财经
2026-08-04 13:10:03,284.02,278.29,287.20,278.00,90830221,12.44,4.00,22.85,腾讯财经
2026-08-04 13:20:01,284.02,278.29,287.20,278.00,90830221,12.44,4.00,22.85,腾讯财经
2026-08-04 13:30:03,284.02,278.29,287.20,278.00,90830221,12.44,4.00,22.85,腾讯财经
2026-08-04 13:40:02,284.02,278.29,287.20,278.00,90830221,12.44,4.00,22.85,腾讯财经
2026-08-04 13:50:04,284.02,278.29,287.20,278.00,90830221,12.44,4.00,22.85,腾讯财经
2026-08-04 14:00:01,284.02,278.29,287.20,278.00,90830221,12.44,4.00,22.85,腾讯财经
2026-08-04 14:10:00,284.02,278.29,287.20,278.00,90830221,12.44,4.00,22.85,腾讯财经
2026-08-04 14:20:04,284.02,278.29,287.20,278.00,90830221,12.44,4.00,22.85,腾讯财经
2026-08-04 14:30:00,284.02,278.29,287.20,278.00,90830221,12.44,4.00,22.85,腾讯财经
2026-08-04 14:40:01,284.02,278.29,287.20,278.00,90830221,12.44,4.00,22.85,腾讯财经
2026-08-04 14:50:00,284.02,278.29,287.20,278.00,90830221,12.44,4.00,22.85,腾讯财经
2026-08-04 15:00:00,284.02,278.29,287.20,278.00,90830221,12.44,4.00,22.85,腾讯财经
2026-08-04 15:10:03,284.02,278.29,287.20,278.00,90830221,12.44,4.00,22.85,腾讯财经
2026-08-04 15:20:00,284.02,278.29,287.20,278.00,90830221,12.44,4.00,22.85,腾讯财经
2026-08-04 15:30:00,284.02,278.29,287.20,278.00,90830221,12.44,4.00,22.85,腾讯财经
2026-08-04 15:40:03,284.02,278.29,287.20,278.00,90830221,12.44,4.00,22.85,腾讯财经
2026-08-04 15:50:00,284.02,278.29,287.20,278.00,90830221,12.44,4.00,22.85,腾讯财经
2026-08-04 16:00:04,284.02,278.29,287.20,278.00,90830221,12.44,4.00,22.85,腾讯财经
2026-08-04 16:10:00,284.02,278.29,287.20,278.00,90830221,12.44,4.00,22.85,腾讯财经
2026-08-04 16:20:02,284.02,278.29,287.20,278.00,90830221,12.44,4.00,22.85,腾讯财经
2026-08-04 16:30:00,284.02,278.29,287.20,278.00,90830221,12.44,4.00,22.85,腾讯财经
2026-08-04 16:40:04,284.02,278.29,287.20,278.00,90830221,12.44,4.00,22.85,腾讯财经
2026-08-04 16:50:00,284.02,278.29,287.20,278.00,90830221,12.44,4.00,22.85,腾讯财经
2026-08-04 17:00:01,284.02,278.29,287.20,278.00,90830221,12.44,4.00,22.85,腾讯财经
2026-08-04 17:10:00,284.02,278.29,287.20,278.00,90830221,12.44,4.00,22.85,腾讯财经
2026-08-04 17:20:04,284.02,278.29,287.20,278.00,90830221,12.44,4.00,22.85,腾讯财经
2026-08-04 17:30:03,284.02,278.29,287.20,278.00,90830221,12.44,4.00,22.85,腾讯财经
2026-08-04 17:40:00,284.02,278.29,287.20,278.00,90830221,12.44,4.00,22.85,腾讯财经
2026-08-04 17:50:04,284.02,278.29,287.20,278.00,90830221,12.44,4.00,22.85,腾讯财经
2026-08-04 18:20:03,284.02,278.29,287.20,278.00,90830221,12.44,4.00,22.85,腾讯财经
2026-08-04 18:30:00,284.02,278.29,287.20,278.00,90830221,12.44,4.00,22.85,腾讯财经
2026-08-04 18:40:05,284.02,278.29,287.20,278.00,90830221,12.44,4.00,22.85,腾讯财经
2026-08-04 18:50:04,284.02,278.29,287.20,278.00,90830221,12.44,4.00,22.85,腾讯财经
2026-08-04 19:00:04,284.02,278.29,287.20,278.00,90830221,12.44,4.00,22.85,腾讯财经
2026-08-04 19:10:02,284.02,278.29,287.20,278.00,90830221,12.44,4.00,22.85,腾讯财经
2026-08-04 19:20:05,284.02,278.29,287.20,278.00,90830221,12.44,4.00,22.85,腾讯财经
2026-08-04 19:30:01,284.02,278.29,287.20,278.00,90830221,12.44,4.00,22.85,腾讯财经
2026-08-04 19:40:03,284.02,278.29,287.20,278.00,90830221,12.44,4.00,22.85,腾讯财经
2026-08-04 19:50:03,284.02,278.29,287.20,278.00,90830221,12.44,4.00,22.85,腾讯财经
2026-08-04 20:00:05,284.02,278.29,287.20,278.00,90830221,12.44,4.00,22.85,腾讯财经
2026-08-04 20:10:03,284.02,278.29,287.20,278.00,90830221,12.44,4.00,22.85,腾讯财经
2026-08-04 20:20:00,284.02,278.29,287.20,278.00,90830221,12.44,4.00,22.85,腾讯财经
2026-08-04 20:30:01,284.02,278.29,287.20,278.00,90830221,12.44,4.00,22.85,腾讯财经
2026-08-04 20:40:00,284.02,278.29,287.20,278.00,90830221,12.44,4.00,22.85,腾讯财经
2026-08-04 20:50:01,284.02,278.29,287.20,278.00,90830221,12.44,4.00,22.85,腾讯财经
2026-08-04 21:00:00,284.02,278.29,287.20,278.00,90830221,12.44,4.00,22.85,腾讯财经
2026-08-04 21:10:01,284.02,278.29,287.20,278.00,90830221,12.44,4.00,22.85,腾讯财经
2026-08-04 21:20:05,284.02,278.29,287.20,278.00,90830221,12.44,4.00,22.85,腾讯财经
2026-08-04 21:30:04,276.39,276.06,276.39,276.05,2514187,-7.63,-2.00,22.24,腾讯财经
2026-08-04 21:40:05,277.97,276.06,279.99,275.90,8696705,-6.05,-2.00,22.36,腾讯财经
2026-08-04 21:50:02,277.16,276.06,279.99,275.82,10997381,-6.86,-2.00,22.30,腾讯财经
2026-08-04 22:00:05,277.10,276.06,279.99,275.82,12866179,-6.92,-2.00,22.29,腾讯财经
2026-08-04 22:10:03,278.43,276.06,279.99,275.82,14653242,-5.59,-1.00,22.40,腾讯财经
2026-08-04 22:20:03,280.72,276.06,280.85,275.82,17021461,-3.30,-1.00,22.58,腾讯财经
2026-08-04 22:30:05,277.60,276.06,281.07,275.82,20242490,-6.42,-2.00,22.33,腾讯财经
2026-08-04 22:40:00,278.71,276.06,281.07,275.82,21903250,-5.31,-1.00,22.42,腾讯财经
2026-08-04 22:50:00,277.11,276.06,281.07,275.82,23272323,-6.91,-2.00,22.29,腾讯财经
2026-08-04 23:00:04,277.60,276.06,281.07,275.82,25602945,-6.42,-2.00,22.33,腾讯财经
2026-08-04 23:10:00,277.03,276.06,281.07,275.82,26667258,-6.99,-2.00,22.29,腾讯财经
2026-08-04 23:20:00,277.00,276.06,281.07,275.82,28235345,-7.02,-2.00,22.28,腾讯财经
2026-08-04 23:30:00,277.91,276.06,281.07,275.82,29397493,-6.11,-2.00,22.36,腾讯财经
2026-08-04 23:40:04,277.57,276.06,281.07,275.82,30505649,-6.45,-2.00,22.33,腾讯财经
2026-08-04 23:50:00,277.29,276.06,281.07,275.82,31849166,-6.73,-2.00,22.31,腾讯财经
2026-08-05 00:00:00,277.64,276.06,281.07,275.82,32719847,-6.38,-2.00,22.34,腾讯财经
2026-08-05 00:10:03,277.63,276.06,281.07,275.82,33394005,-6.39,-2.00,22.34,腾讯财经
2026-08-05 00:20:00,277.75,276.06,281.07,275.82,34196968,-6.27,-2.00,22.35,腾讯财经
2026-08-05 00:30:05,278.47,276.06,281.07,275.82,34977602,-5.55,-1.00,22.40,腾讯财经
2026-08-05 00:40:00,278.47,276.06,281.07,275.82,35897434,-5.55,-1.00,22.40,腾讯财经
2026-08-05 00:50:03,278.73,276.06,281.07,275.82,37008639,-5.29,-1.00,22.42,腾讯财经
2026-08-05 01:00:00,278.12,276.06,281.07,275.82,38050935,-5.90,-2.00,22.37,腾讯财经
2026-08-05 01:10:02,278.70,276.06,281.07,275.82,38808192,-5.32,-1.00,22.42,腾讯财经
2026-08-05 01:20:00,278.88,276.06,281.07,275.82,39384459,-5.14,-1.00,22.44,腾讯财经
2026-08-05 01:30:00,278.76,276.06,281.07,275.82,40123229,-5.26,-1.00,22.43,腾讯财经
2026-08-05 01:40:00,278.62,276.06,281.07,275.82,40675076,-5.40,-1.00,22.42,腾讯财经
2026-08-05 01:50:04,278.81,276.06,281.07,275.82,41374705,-5.21,-1.00,22.43,腾讯财经
2026-08-05 02:00:00,278.35,276.06,281.07,275.82,42005973,-5.67,-1.00,22.39,腾讯财经
2026-08-05 02:10:01,278.24,276.06,281.07,275.82,43306519,-5.78,-2.00,22.38,腾讯财经
2026-08-05 02:20:04,278.28,276.06,281.07,275.82,45123732,-5.74,-2.00,22.39,腾讯财经
2026-08-05 02:30:00,278.03,276.06,281.07,275.82,46002718,-5.99,-2.00,22.37,腾讯财经
2026-08-05 02:40:00,277.37,276.06,281.07,275.82,46820354,-6.65,-2.00,22.31,腾讯财经
2026-08-05 02:50:00,277.21,276.06,281.07,275.82,48056986,-6.81,-2.00,22.30,腾讯财经
2026-08-05 03:00:00,277.01,276.06,281.07,275.82,48659787,-7.01,-2.00,22.29,腾讯财经
2026-08-05 03:10:03,277.06,276.06,281.07,275.82,49467485,-6.96,-2.00,22.29,腾讯财经
2026-08-05 03:20:00,277.55,276.06,281.07,275.82,50455666,-6.47,-2.00,22.33,腾讯财经
2026-08-05 03:30:00,277.08,276.06,281.07,275.82,51512449,-6.94,-2.00,22.29,腾讯财经
2026-08-05 03:40:04,277.82,276.06,281.07,275.82,52788558,-6.20,-2.00,22.35,腾讯财经
2026-08-05 03:50:00,278.65,276.06,281.07,275.82,54152707,-5.37,-1.00,22.42,腾讯财经
2026-08-05 04:00:04,277.38,276.06,281.07,275.82,56843955,-6.64,-2.00,22.32,腾讯财经
2026-08-05 04:10:00,277.42,276.06,281.07,275.82,67510392,-6.60,-2.00,22.32,腾讯财经
2026-08-05 04:20:02,277.42,276.06,281.07,275.82,67650227,-6.60,-2.00,22.32,腾讯财经
2026-08-05 04:30:05,277.42,276.06,281.07,275.82,67689002,-6.60,-2.00,22.32,腾讯财经
2026-08-05 04:40:00,277.42,276.06,281.07,275.82,67731179,-6.60,-2.00,22.32,腾讯财经
2026-08-05 04:50:04,277.42,276.06,281.07,275.82,67763229,-6.60,-2.00,22.32,腾讯财经
2026-08-05 05:00:05,277.42,276.06,281.07,275.82,69522809,-6.60,-2.00,22.32,腾讯财经
2026-08-05 05:10:02,277.42,276.06,281.07,275.82,69578199,-6.60,-2.00,22.32,腾讯财经
2026-08-05 05:20:01,277.42,276.06,281.07,275.82,69588099,-6.60,-2.00,22.32,腾讯财经
2026-08-05 05:30:03,277.42,276.06,281.07,275.82,69597583,-6.60,-2.00,22.32,腾讯财经
2026-08-05 05:40:01,277.42,276.06,281.07,275.82,69604317,-6.60,-2.00,22.32,腾讯财经
2026-08-05 05:50:01,277.42,276.06,281.07,275.82,69612471,-6.60,-2.00,22.32,腾讯财经
2026-08-05 06:00:01,277.42,276.06,281.07,275.82,69623177,-6.60,-2.00,22.32,腾讯财经
2026-08-05 06:10:00,277.42,276.06,281.07,275.82,69640887,-6.60,-2.00,22.32,腾讯财经
2026-08-05 06:20:00,277.42,276.06,281.07,275.82,69654225,-6.60,-2.00,22.32,腾讯财经
2026-08-05 06:30:00,277.42,276.06,281.07,275.82,69671441,-6.60,-2.00,22.32,腾讯财经
2026-08-05 06:40:00,277.42,276.06,281.07,275.82,69677579,-6.60,-2.00,22.32,腾讯财经
2026-08-05 06:50:00,277.42,276.06,281.07,275.82,69689213,-6.60,-2.00,22.32,腾讯财经
2026-08-05 07:00:02,277.42,276.06,281.07,275.82,69693891,-6.60,-2.00,22.32,腾讯财经
2026-08-05 07:10:04,277.42,276.06,281.07,275.82,69700094,-6.60,-2.00,22.32,腾讯财经
2026-08-05 07:20:00,277.42,276.06,281.07,275.82,69706025,-6.60,-2.00,22.32,腾讯财经
2026-08-05 07:30:00,277.42,276.06,281.07,275.82,69714463,-6.60,-2.00,22.32,腾讯财经
2026-08-05 07:40:01,277.42,276.06,281.07,275.82,69724517,-6.60,-2.00,22.32,腾讯财经
2026-08-05 07:50:00,277.42,276.06,281.07,275.82,69732311,-6.60,-2.00,22.32,腾讯财经
2026-08-05 08:50:00,277.42,276.06,281.07,275.82,69748055,-6.60,-2.00,22.32,腾讯财经
2026-08-05 09:00:00,277.42,276.06,281.07,275.82,69748055,-6.60,-2.00,22.32,腾讯财经
2026-08-05 09:10:05,277.42,276.06,281.07,275.82,69748055,-6.60,-2.00,22.32,腾讯财经
2026-08-05 09:20:01,277.42,276.06,281.07,275.82,69748055,-6.60,-2.00,22.32,腾讯财经
2026-08-05 09:30:01,277.42,276.06,281.07,275.82,69748055,-6.60,-2.00,22.32,腾讯财经
2026-08-05 09:40:04,277.42,276.06,281.07,275.82,69748055,-6.60,-2.00,22.32,腾讯财经
2026-08-05 09:50:00,277.42,276.06,281.07,275.82,69748055,-6.60,-2.00,22.32,腾讯财经
2026-08-05 10:00:00,277.42,276.06,281.07,275.82,69748055,-6.60,-2.00,22.32,腾讯财经
2026-08-05 10:10:05,277.42,276.06,281.07,275.82,69748055,-6.60,-2.00,22.32,腾讯财经
2026-08-05 10:20:00,277.42,276.06,281.07,275.82,69748055,-6.60,-2.00,22.32,腾讯财经
2026-08-05 10:30:04,277.42,276.06,281.07,275.82,69748055,-6.60,-2.00,22.32,腾讯财经
2026-08-05 10:40:05,277.42,276.06,281.07,275.82,69748055,-6.60,-2.00,22.32,腾讯财经
2026-08-05 10:50:05,277.42,276.06,281.07,275.82,69748055,-6.60,-2.00,22.32,腾讯财经
2026-08-05 11:00:00,277.42,276.06,281.07,275.82,69748055,-6.60,-2.00,22.32,腾讯财经
2026-08-05 11:10:04,277.42,276.06,281.07,275.82,69748055,-6.60,-2.00,22.32,腾讯财经
2026-08-05 11:20:05,277.42,276.06,281.07,275.82,69748055,-6.60,-2.00,22.32,腾讯财经
2026-08-05 11:30:00,277.42,276.06,281.07,275.82,69748055,-6.60,-2.00,22.32,腾讯财经
2026-08-05 11:50:05,277.42,276.06,281.07,275.82,69748055,-6.60,-2.00,22.32,腾讯财经
2026-08-05 12:00:00,277.42,276.06,281.07,275.82,69748055,-6.60,-2.00,22.32,腾讯财经
2026-08-05 12:10:04,277.42,276.06,281.07,275.82,69748055,-6.60,-2.00,22.32,腾讯财经
2026-08-05 12:20:00,277.42,276.06,281.07,275.82,69748055,-6.60,-2.00,22.32,腾讯财经
2026-08-05 12:30:01,277.42,276.06,281.07,275.82,69748055,-6.60,-2.00,22.32,腾讯财经
2026-08-05 12:40:04,277.42,276.06,281.07,275.82,69748055,-6.60,-2.00,22.32,腾讯财经
2026-08-05 12:50:00,277.42,276.06,281.07,275.82,69748055,-6.60,-2.00,22.32,腾讯财经
2026-08-05 13:00:00,277.42,276.06,281.07,275.82,69748055,-6.60,-2.00,22.32,腾讯财经
2026-08-05 13:10:02,277.42,276.06,281.07,275.82,69748055,-6.60,-2.00,22.32,腾讯财经
2026-08-05 13:20:05,277.42,276.06,281.07,275.82,69748055,-6.60,-2.00,22.32,腾讯财经
2026-08-05 13:30:00,277.42,276.06,281.07,275.82,69748055,-6.60,-2.00,22.32,腾讯财经
2026-08-05 13:40:04,277.42,276.06,281.07,275.82,69748055,-6.60,-2.00,22.32,腾讯财经
2026-08-05 13:50:04,277.42,276.06,281.07,275.82,69748055,-6.60,-2.00,22.32,腾讯财经
2026-08-05 14:00:00,277.42,276.06,281.07,275.82,69748055,-6.60,-2.00,22.32,腾讯财经
2026-08-05 14:20:00,277.42,276.06,281.07,275.82,69748055,-6.60,-2.00,22.32,腾讯财经
2026-08-05 14:30:03,277.42,276.06,281.07,275.82,69748055,-6.60,-2.00,22.32,腾讯财经
2026-08-05 14:40:05,277.42,276.06,281.07,275.82,69748055,-6.60,-2.00,22.32,腾讯财经
2026-08-05 14:50:00,277.42,276.06,281.07,275.82,69748055,-6.60,-2.00,22.32,腾讯财经
2026-08-05 15:00:01,277.42,276.06,281.07,275.82,69748055,-6.60,-2.00,22.32,腾讯财经
2026-08-05 15:10:00,277.42,276.06,281.07,275.82,69748055,-6.60,-2.00,22.32,腾讯财经
2026-08-05 15:20:00,277.42,276.06,281.07,275.82,69748055,-6.60,-2.00,22.32,腾讯财经
2026-08-05 15:30:00,277.42,276.06,281.07,275.82,69748055,-6.60,-2.00,22.32,腾讯财经
2026-08-05 15:40:04,277.42,276.06,281.07,275.82,69748055,-6.60,-2.00,22.32,腾讯财经
2026-08-05 15:50:00,277.42,276.06,281.07,275.82,69748055,-6.60,-2.00,22.32,腾讯财经
2026-08-05 16:00:01,277.42,276.06,281.07,275.82,69748055,-6.60,-2.00,22.32,腾讯财经
2026-08-05 16:10:00,277.42,276.06,281.07,275.82,69748055,-6.60,-2.00,22.32,腾讯财经
2026-08-05 16:20:05,277.42,276.06,281.07,275.82,69748055,-6.60,-2.00,22.32,腾讯财经
2026-08-05 16:30:02,277.42,276.06,281.07,275.82,69748055,-6.60,-2.00,22.32,腾讯财经
2026-08-05 16:40:04,277.42,276.06,281.07,275.82,69748055,-6.60,-2.00,22.32,腾讯财经
2026-08-05 16:50:00,277.42,276.06,281.07,275.82,69748055,-6.60,-2.00,22.32,腾讯财经
2026-08-05 17:00:00,277.42,276.06,281.07,275.82,69748055,-6.60,-2.00,22.32,腾讯财经
2026-08-05 17:10:01,277.42,276.06,281.07,275.82,69748055,-6.60,-2.00,22.32,腾讯财经
2026-08-05 17:20:00,277.42,276.06,281.07,275.82,69748055,-6.60,-2.00,22.32,腾讯财经
2026-08-05 17:30:00,277.42,276.06,281.07,275.82,69748055,-6.60,-2.00,22.32,腾讯财经
2026-08-05 17:40:04,277.42,276.06,281.07,275.82,69748055,-6.60,-2.00,22.32,腾讯财经
2026-08-05 17:50:03,277.42,276.06,281.07,275.82,69748055,-6.60,-2.00,22.32,腾讯财经
2026-08-05 18:00:01,277.42,276.06,281.07,275.82,69748055,-6.60,-2.00,22.32,腾讯财经
2026-08-05 18:10:04,277.42,276.06,281.07,275.82,69748055,-6.60,-2.00,22.32,腾讯财经
2026-08-05 18:20:01,277.42,276.06,281.07,275.82,69748055,-6.60,-2.00,22.32,腾讯财经
2026-08-05 18:30:01,277.42,276.06,281.07,275.82,69748055,-6.60,-2.00,22.32,腾讯财经
2026-08-05 18:40:04,277.42,276.06,281.07,275.82,69748055,-6.60,-2.00,22.32,腾讯财经
2026-08-05 18:50:03,277.42,276.06,281.07,275.82,69748055,-6.60,-2.00,22.32,腾讯财经
2026-08-05 19:00:00,277.42,276.06,281.07,275.82,69748055,-6.60,-2.00,22.32,腾讯财经
2026-08-05 19:10:01,277.42,276.06,281.07,275.82,69748055,-6.60,-2.00,22.32,腾讯财经
2026-08-05 19:20:00,277.42,276.06,281.07,275.82,69748055,-6.60,-2.00,22.32,腾讯财经
2026-08-05 19:30:04,277.42,276.06,281.07,275.82,69748055,-6.60,-2.00,22.32,腾讯财经
2026-08-05 19:40:04,277.42,276.06,281.07,275.82,69748055,-6.60,-2.00,22.32,腾讯财经
2026-08-05 19:50:02,277.42,276.06,281.07,275.82,69748055,-6.60,-2.00,22.32,腾讯财经
2026-08-05 20:00:02,277.42,276.06,281.07,275.82,69748055,-6.60,-2.00,22.32,腾讯财经
2026-08-05 20:10:00,277.42,276.06,281.07,275.82,69748055,-6.60,-2.00,22.32,腾讯财经
2026-08-05 20:20:00,277.42,276.06,281.07,275.82,69748055,-6.60,-2.00,22.32,腾讯财经
2026-08-05 20:30:05,277.42,276.06,281.07,275.82,69748055,-6.60,-2.00,22.32,腾讯财经
2026-08-05 20:40:05,277.42,276.06,281.07,275.82,69748055,-6.60,-2.00,22.32,腾讯财经
2026-08-05 20:50:00,277.42,276.06,281.07,275.82,69748055,-6.60,-2.00,22.32,腾讯财经
2026-08-05 21:00:01,277.42,276.06,281.07,275.82,69748055,-6.60,-2.00,22.32,腾讯财经
2026-08-05 21:10:02,277.42,276.06,281.07,275.82,69748055,-6.60,-2.00,22.32,腾讯财经
2026-08-05 21:20:00,277.42,276.06,281.07,275.82,69748055,-6.60,-2.00,22.32,腾讯财经
2026-08-05 21:30:00,277.42,0.00,0.00,0.00,937773,0,0,22.32,腾讯财经
2026-08-05 21:40:04,278.90,281.59,282.79,278.27,4643660,1.48,0,22.44,腾讯财经
2026-08-05 21:50:00,276.84,281.59,282.79,276.65,6051780,-.58,0,22.27,腾讯财经
2026-08-05 22:00:00,275.78,281.59,282.79,275.31,7501824,-1.64,0,22.19,腾讯财经
2026-08-05 22:10:04,276.62,281.59,282.79,275.31,8695136,-.80,0,22.25,腾讯财经
2026-08-05 22:20:00,276.76,281.59,282.79,275.31,9608733,-.66,0,22.27,腾讯财经
2026-08-05 22:30:00,276.45,281.59,282.79,275.31,10275510,-.97,0,22.24,腾讯财经
2026-08-05 22:40:04,277.55,281.59,282.79,275.31,11245429,.13,0,22.33,腾讯财经
2026-08-05 22:50:01,277.68,281.59,282.79,275.31,11774546,.26,0,22.34,腾讯财经
2026-08-05 23:00:00,277.31,281.59,282.79,275.31,12439002,-.11,0,22.31,腾讯财经
2026-08-05 23:10:00,276.80,281.59,282.79,275.31,13285179,-.62,0,22.27,腾讯财经
2026-08-05 23:20:04,276.09,281.59,282.79,275.31,14151150,-1.33,0,22.21,腾讯财经
2026-08-05 23:30:00,275.67,281.59,282.79,275.31,14679224,-1.75,0,22.18,腾讯财经
2026-08-05 23:40:04,274.61,281.59,282.79,274.58,15550189,-2.81,-1.00,22.09,腾讯财经
2026-08-05 23:50:05,273.64,281.59,282.79,273.60,16486945,-3.78,-1.00,22.01,腾讯财经
2026-08-06 00:00:04,272.89,281.59,282.79,272.86,17509591,-4.53,-1.00,21.95,腾讯财经
2026-08-06 00:10:02,272.62,281.59,282.79,272.16,18472677,-4.80,-1.00,21.93,腾讯财经
2026-08-06 00:20:00,272.27,281.59,282.79,272.01,19405450,-5.15,-1.00,21.90,腾讯财经
2026-08-06 00:30:03,273.08,281.59,282.79,272.01,20391561,-4.34,-1.00,21.97,腾讯财经
2026-08-06 00:40:04,272.55,281.59,282.79,272.01,21088282,-4.87,-1.00,21.93,腾讯财经
2026-08-06 00:50:04,272.52,281.59,282.79,272.01,21675855,-4.90,-1.00,21.92,腾讯财经
2026-08-06 01:00:00,272.29,281.59,282.79,272.01,22207713,-5.13,-1.00,21.91,腾讯财经
2026-08-06 01:10:05,272.06,281.59,282.79,271.95,23033425,-5.36,-1.00,21.89,腾讯财经
2026-08-06 01:20:00,271.70,281.59,282.79,271.56,23665333,-5.72,-2.00,21.86,腾讯财经
2026-08-06 01:30:00,271.78,281.59,282.79,271.18,24509376,-5.64,-2.00,21.86,腾讯财经
2026-08-06 01:40:04,271.54,281.59,282.79,271.18,25164154,-5.88,-2.00,21.85,腾讯财经
2026-08-06 01:50:00,271.72,281.59,282.79,271.18,25787622,-5.70,-2.00,21.86,腾讯财经
2026-08-06 02:00:04,271.47,281.59,282.79,271.18,26434723,-5.95,-2.00,21.84,腾讯财经
2026-08-06 02:10:00,271.64,281.59,282.79,271.18,27055143,-5.78,-2.00,21.85,腾讯财经
2026-08-06 02:20:00,271.95,281.59,282.79,271.18,27486516,-5.47,-1.00,21.88,腾讯财经
2026-08-06 02:30:03,271.32,281.59,282.79,271.18,27901932,-6.10,-2.00,21.83,腾讯财经
2026-08-06 02:40:05,271.42,281.59,282.79,271.06,28492217,-6.00,-2.00,21.84,腾讯财经
2026-08-06 02:50:05,271.50,281.59,282.79,270.74,29399487,-5.92,-2.00,21.84,腾讯财经
2026-08-06 03:00:00,271.35,281.59,282.79,270.74,29861513,-6.07,-2.00,21.83,腾讯财经
2026-08-06 03:10:04,271.56,281.59,282.79,270.74,30400722,-5.86,-2.00,21.85,腾讯财经
2026-08-06 03:20:01,271.55,281.59,282.79,270.74,30970037,-5.87,-2.00,21.85,腾讯财经
2026-08-06 03:30:02,271.24,281.59,282.79,270.74,31624831,-6.18,-2.00,21.82,腾讯财经
2026-08-06 03:40:04,271.37,281.59,282.79,270.74,32279603,-6.05,-2.00,21.83,腾讯财经
2026-08-06 03:50:00,271.89,281.59,282.79,270.74,33286538,-5.53,-1.00,21.87,腾讯财经
2026-08-06 04:00:00,272.71,281.59,282.79,270.74,36048046,-4.71,-1.00,21.94,腾讯财经
2026-08-06 04:10:03,272.65,281.59,282.79,270.74,44287331,-4.77,-1.00,21.93,腾讯财经
2026-08-06 04:20:04,272.65,281.59,282.79,270.73,44371065,-4.77,-1.00,21.93,腾讯财经
2026-08-06 04:30:00,272.65,281.59,282.79,270.73,44397036,-4.77,-1.00,21.93,腾讯财经
2026-08-06 04:40:05,272.65,281.59,282.79,270.73,44743240,-4.77,-1.00,21.93,腾讯财经
2026-08-06 04:50:00,272.65,281.59,282.79,270.73,44764861,-4.77,-1.00,21.93,腾讯财经
2026-08-06 05:00:00,272.65,281.59,282.79,270.73,44850649,-4.77,-1.00,21.93,腾讯财经
2026-08-06 05:10:00,272.65,281.59,282.79,270.73,44889765,-4.77,-1.00,21.93,腾讯财经
2026-08-06 05:20:00,272.65,281.59,282.79,270.73,44903627,-4.77,-1.00,21.93,腾讯财经
2026-08-06 05:30:01,272.65,281.59,282.79,270.73,44909868,-4.77,-1.00,21.93,腾讯财经
2026-08-06 05:40:05,272.65,281.59,282.79,270.73,44926871,-4.77,-1.00,21.93,腾讯财经
2026-08-06 05:50:00,272.65,281.59,282.79,270.73,44934273,-4.77,-1.00,21.93,腾讯财经
2026-08-06 06:00:00,272.65,281.59,282.79,270.73,44949674,-4.77,-1.00,21.93,腾讯财经
2026-08-06 06:10:00,272.65,281.59,282.79,270.73,44965943,-4.77,-1.00,21.93,腾讯财经
2026-08-06 06:20:00,272.65,281.59,282.79,270.73,44975138,-4.77,-1.00,21.93,腾讯财经
2026-08-06 06:30:04,272.65,281.59,282.79,270.73,45053577,-4.77,-1.00,21.93,腾讯财经
2026-08-06 06:40:05,272.65,281.59,282.79,270.73,45065378,-4.77,-1.00,21.93,腾讯财经
2026-08-06 06:50:04,272.65,281.59,282.79,270.73,45073663,-4.77,-1.00,21.93,腾讯财经
2026-08-06 07:00:00,272.65,281.59,282.79,270.73,45084507,-4.77,-1.00,21.93,腾讯财经
2026-08-06 07:10:00,272.65,281.59,282.79,270.73,45087911,-4.77,-1.00,21.93,腾讯财经
2026-08-06 07:20:02,272.65,281.59,282.79,270.73,45092394,-4.77,-1.00,21.93,腾讯财经
2026-08-06 07:30:00,272.65,281.59,282.79,270.73,45104559,-4.77,-1.00,21.93,腾讯财经
2026-08-06 07:40:04,272.65,281.59,282.79,270.73,45111892,-4.77,-1.00,21.93,腾讯财经
2026-08-06 07:50:02,272.65,281.59,282.79,270.73,45115087,-4.77,-1.00,21.93,腾讯财经
2026-08-06 08:00:02,272.65,281.59,282.79,270.73,45119804,-4.77,-1.00,21.93,腾讯财经
2026-08-06 08:10:00,272.65,281.59,282.79,270.73,45119804,-4.77,-1.00,21.93,腾讯财经
2026-08-06 08:20:00,272.65,281.59,282.79,270.73,45119804,-4.77,-1.00,21.93,腾讯财经
2026-08-06 08:30:04,272.65,281.59,282.79,270.73,45119804,-4.77,-1.00,21.93,腾讯财经
2026-08-06 08:40:04,272.65,281.59,282.79,270.73,45119804,-4.77,-1.00,21.93,腾讯财经
2026-08-06 08:50:03,272.65,281.59,282.79,270.73,45119804,-4.77,-1.00,21.93,腾讯财经
2026-08-06 09:00:00,272.65,281.59,282.79,270.73,45119804,-4.77,-1.00,21.93,腾讯财经
2026-08-06 09:10:04,272.65,281.59,282.79,270.73,45119804,-4.77,-1.00,21.93,腾讯财经
2026-08-06 09:20:01,272.65,281.59,282.79,270.73,45119804,-4.77,-1.00,21.93,腾讯财经
2026-08-06 09:30:04,272.65,281.59,282.79,270.73,45119804,-4.77,-1.00,21.93,腾讯财经
2026-08-06 09:40:04,272.65,281.59,282.79,270.73,45119804,-4.77,-1.00,21.93,腾讯财经
2026-08-06 09:50:00,272.65,281.59,282.79,270.73,45119804,-4.77,-1.00,21.93,腾讯财经
2026-08-06 10:00:00,272.65,281.59,282.79,270.73,45119804,-4.77,-1.00,21.93,腾讯财经
2026-08-06 10:10:00,272.65,281.59,282.79,270.73,45119804,-4.77,-1.00,21.93,腾讯财经
2026-08-06 10:20:00,272.65,281.59,282.79,270.73,45119804,-4.77,-1.00,21.93,腾讯财经
2026-08-06 10:30:00,272.65,281.59,282.79,270.73,45119804,-4.77,-1.00,21.93,腾讯财经
2026-08-06 10:40:04,272.65,281.59,282.79,270.73,45119804,-4.77,-1.00,21.93,腾讯财经
2026-08-06 10:50:00,272.65,281.59,282.79,270.73,45119804,-4.77,-1.00,21.93,腾讯财经
2026-08-06 11:00:00,272.65,281.59,282.79,270.73,45119804,-4.77,-1.00,21.93,腾讯财经
2026-08-06 11:10:00,272.65,281.59,282.79,270.73,45119804,-4.77,-1.00,21.93,腾讯财经
2026-08-06 11:20:00,272.65,281.59,282.79,270.73,45119804,-4.77,-1.00,21.93,腾讯财经
2026-08-06 11:30:00,272.65,281.59,282.79,270.73,45119804,-4.77,-1.00,21.93,腾讯财经
2026-08-06 11:40:04,272.65,281.59,282.79,270.73,45119804,-4.77,-1.00,21.93,腾讯财经
2026-08-06 11:50:01,272.65,281.59,282.79,270.73,45119804,-4.77,-1.00,21.93,腾讯财经
2026-08-06 12:00:00,272.65,281.59,282.79,270.73,45119804,-4.77,-1.00,21.93,腾讯财经
2026-08-06 12:10:01,272.65,281.59,282.79,270.73,45119804,-4.77,-1.00,21.93,腾讯财经
2026-08-06 12:20:02,272.65,281.59,282.79,270.73,45119804,-4.77,-1.00,21.93,腾讯财经
2026-08-06 12:30:00,272.65,281.59,282.79,270.73,45119804,-4.77,-1.00,21.93,腾讯财经
2026-08-06 12:40:04,272.65,281.59,282.79,270.73,45119804,-4.77,-1.00,21.93,腾讯财经
2026-08-06 13:00:00,272.65,281.59,282.79,270.73,45119804,-4.77,-1.00,21.93,腾讯财经
2026-08-06 13:10:02,272.65,281.59,282.79,270.73,45119804,-4.77,-1.00,21.93,腾讯财经
2026-08-06 13:20:00,272.65,281.59,282.79,270.73,45119804,-4.77,-1.00,21.93,腾讯财经
2026-08-06 13:30:00,272.65,281.59,282.79,270.73,45119804,-4.77,-1.00,21.93,腾讯财经
2026-08-06 13:40:04,272.65,281.59,282.79,270.73,45119804,-4.77,-1.00,21.93,腾讯财经
2026-08-06 13:50:05,272.65,281.59,282.79,270.73,45119804,-4.77,-1.00,21.93,腾讯财经
2026-08-06 14:00:01,272.65,281.59,282.79,270.73,45119804,-4.77,-1.00,21.93,腾讯财经
2026-08-06 14:10:05,272.65,281.59,282.79,270.73,45119804,-4.77,-1.00,21.93,腾讯财经
2026-08-06 14:20:02,272.65,281.59,282.79,270.73,45119804,-4.77,-1.00,21.93,腾讯财经
2026-08-06 14:30:00,272.65,281.59,282.79,270.73,45119804,-4.77,-1.00,21.93,腾讯财经
2026-08-06 14:40:05,272.65,281.59,282.79,270.73,45119804,-4.77,-1.00,21.93,腾讯财经
2026-08-06 15:00:01,272.65,281.59,282.79,270.73,45119804,-4.77,-1.00,21.93,腾讯财经
2026-08-06 15:10:00,272.65,281.59,282.79,270.73,45119804,-4.77,-1.00,21.93,腾讯财经
2026-08-06 15:20:03,272.65,281.59,282.79,270.73,45119804,-4.77,-1.00,21.93,腾讯财经
2026-08-06 15:30:00,272.65,281.59,282.79,270.73,45119804,-4.77,-1.00,21.93,腾讯财经
2026-08-06 15:40:04,272.65,281.59,282.79,270.73,45119804,-4.77,-1.00,21.93,腾讯财经
2026-08-06 15:50:03,272.65,281.59,282.79,270.73,45119804,-4.77,-1.00,21.93,腾讯财经
2026-08-06 16:00:00,272.65,281.59,282.79,270.73,45119804,-4.77,-1.00,21.93,腾讯财经
2026-08-06 16:10:03,272.65,281.59,282.79,270.73,45119804,-4.77,-1.00,21.93,腾讯财经
2026-08-06 16:20:05,272.65,281.59,282.79,270.73,45119804,-4.77,-1.00,21.93,腾讯财经
2026-08-06 16:30:04,272.65,281.59,282.79,270.73,45119804,-4.77,-1.00,21.93,腾讯财经
2026-08-06 16:40:05,272.65,281.59,282.79,270.73,45119804,-4.77,-1.00,21.93,腾讯财经
2026-08-06 16:50:01,272.65,281.59,282.79,270.73,45119804,-4.77,-1.00,21.93,腾讯财经
2026-08-06 17:00:01,272.65,281.59,282.79,270.73,45119804,-4.77,-1.00,21.93,腾讯财经
2026-08-06 17:10:05,272.65,281.59,282.79,270.73,45119804,-4.77,-1.00,21.93,腾讯财经
2026-08-06 17:20:02,272.65,281.59,282.79,270.73,45119804,-4.77,-1.00,21.93,腾讯财经
2026-08-06 17:30:00,272.65,281.59,282.79,270.73,45119804,-4.77,-1.00,21.93,腾讯财经
2026-08-06 17:40:04,272.65,281.59,282.79,270.73,45119804,-4.77,-1.00,21.93,腾讯财经
2026-08-06 17:50:01,272.65,281.59,282.79,270.73,45119804,-4.77,-1.00,21.93,腾讯财经
2026-08-06 18:00:03,272.65,281.59,282.79,270.73,45119804,-4.77,-1.00,21.93,腾讯财经
2026-08-06 18:10:05,272.65,281.59,282.79,270.73,45119804,-4.77,-1.00,21.93,腾讯财经
2026-08-06 18:20:01,272.65,281.59,282.79,270.73,45119804,-4.77,-1.00,21.93,腾讯财经
2026-08-06 18:30:01,272.65,281.59,282.79,270.73,45119804,-4.77,-1.00,21.93,腾讯财经
2026-08-06 18:40:04,272.65,281.59,282.79,270.73,45119804,-4.77,-1.00,21.93,腾讯财经
2026-08-06 18:50:03,272.65,281.59,282.79,270.73,45119804,-4.77,-1.00,21.93,腾讯财经
2026-08-06 19:00:00,272.65,281.59,282.79,270.73,45119804,-4.77,-1.00,21.93,腾讯财经
2026-08-06 19:10:03,272.65,281.59,282.79,270.73,45119804,-4.77,-1.00,21.93,腾讯财经
2026-08-06 19:20:00,272.65,281.59,282.79,270.73,45119804,-4.77,-1.00,21.93,腾讯财经
2026-08-06 19:30:00,272.65,281.59,282.79,270.73,45119804,-4.77,-1.00,21.93,腾讯财经
2026-08-06 19:40:04,272.65,281.59,282.79,270.73,45119804,-4.77,-1.00,21.93,腾讯财经
2026-08-06 19:50:03,272.65,281.59,282.79,270.73,45119804,-4.77,-1.00,21.93,腾讯财经
2026-08-06 20:00:02,272.65,281.59,282.79,270.73,45119804,-4.77,-1.00,21.93,腾讯财经
2026-08-06 20:10:04,272.65,281.59,282.79,270.73,45119804,-4.77,-1.00,21.93,腾讯财经
2026-08-06 20:20:00,272.65,281.59,282.79,270.73,45119804,-4.77,-1.00,21.93,腾讯财经
2026-08-06 20:30:03,272.65,281.59,282.79,270.73,45119804,-4.77,-1.00,21.93,腾讯财经
2026-08-06 20:40:04,272.65,281.59,282.79,270.73,45119804,-4.77,-1.00,21.93,腾讯财经
2026-08-06 20:50:02,272.65,281.59,282.79,270.73,45119804,-4.77,-1.00,21.93,腾讯财经
2026-08-06 21:00:00,272.65,281.59,282.79,270.73,45119804,-4.77,-1.00,21.93,腾讯财经
2026-08-06 21:10:04,272.65,281.59,282.79,270.73,45119804,-4.77,-1.00,21.93,腾讯财经
2026-08-06 21:20:03,272.65,281.59,282.79,270.73,45119804,-4.77,-1.00,21.93,腾讯财经
2026-08-06 21:30:00,272.65,0.00,0.00,0.00,695581,0,0,21.93,腾讯财经
2026-08-06 21:40:04,274.64,272.77,275.48,272.77,2770340,1.99,0,22.09,腾讯财经
2026-08-06 21:50:00,273.59,272.77,275.48,272.52,3823412,.94,0,22.01,腾讯财经
2026-08-06 22:00:00,273.54,272.77,275.48,272.52,4646676,.89,0,22.01,腾讯财经
2026-08-06 22:10:00,273.91,272.77,275.48,272.52,5357858,1.26,0,22.04,腾讯财经
2026-08-06 22:20:00,274.21,272.77,275.48,272.52,6191768,1.56,0,22.06,腾讯财经
2026-08-06 22:30:00,272.46,272.77,275.48,272.26,7015298,-.19,0,21.92,腾讯财经
2026-08-06 22:40:04,273.53,272.77,275.48,272.26,7803879,.88,0,22.01,腾讯财经
2026-08-06 22:50:00,272.66,272.77,275.48,272.26,8407838,.01,0,21.94,腾讯财经
2026-08-06 23:00:03,274.22,272.77,275.48,272.26,8997302,1.57,0,22.06,腾讯财经
2026-08-06 23:10:00,273.40,272.77,275.48,272.26,9358537,.75,0,22.00,腾讯财经
2026-08-06 23:20:00,273.62,272.77,275.48,272.26,9913257,.97,0,22.01,腾讯财经
2026-08-06 23:30:00,274.24,272.77,275.48,272.26,10365571,1.59,0,22.06,腾讯财经
2026-08-06 23:40:04,273.81,272.77,275.48,272.26,10779918,1.16,0,22.03,腾讯财经
2026-08-06 23:50:04,273.29,272.77,275.48,272.26,11116217,.64,0,21.99,腾讯财经
2026-08-07 00:00:00,273.18,272.77,275.48,272.26,11439634,.53,0,21.98,腾讯财经
2026-08-07 00:10:00,273.27,272.77,275.48,272.26,11720974,.62,0,21.98,腾讯财经
2026-08-07 00:20:01,273.29,272.77,275.48,272.26,12067912,.64,0,21.99,腾讯财经
2026-08-07 00:30:04,273.26,272.77,275.48,272.26,12340754,.61,0,21.98,腾讯财经
2026-08-07 00:40:04,273.03,272.77,275.48,272.26,13573198,.38,0,21.97,腾讯财经
2026-08-07 00:50:00,272.05,272.77,275.48,271.91,14071680,-.60,0,21.89,腾讯财经
2026-08-07 01:00:02,272.20,272.77,275.48,271.91,14395470,-.45,0,21.90,腾讯财经
2026-08-07 01:10:04,272.30,272.77,275.48,271.91,14715906,-.35,0,21.91,腾讯财经
2026-08-07 01:20:00,272.32,272.77,275.48,271.91,14969647,-.33,0,21.91,腾讯财经
2026-08-07 01:30:00,271.99,272.77,275.48,271.71,15319045,-.66,0,21.88,腾讯财经
2026-08-07 01:40:04,271.82,272.77,275.48,271.71,15661561,-.83,0,21.87,腾讯财经
2026-08-07 01:50:00,271.78,272.77,275.48,271.71,15994982,-.87,0,21.86,腾讯财经
2026-08-07 02:00:00,271.83,272.77,275.48,271.71,16218833,-.82,0,21.87,腾讯财经
2026-08-07 02:10:03,271.88,272.77,275.48,271.68,16491473,-.77,0,21.87,腾讯财经
2026-08-07 02:20:00,271.72,272.77,275.48,271.59,16850083,-.93,0,21.86,腾讯财经
2026-08-07 02:30:00,271.68,272.77,275.48,271.53,17181252,-.97,0,21.86,腾讯财经
2026-08-07 02:40:05,271.24,272.77,275.48,271.18,17539533,-1.41,0,21.82,腾讯财经
2026-08-07 02:50:05,271.50,272.77,275.48,271.10,17869234,-1.15,0,21.84,腾讯财经
2026-08-07 03:00:03,271.81,272.77,275.48,271.10,18441935,-.84,0,21.87,腾讯财经
2026-08-07 03:10:00,271.81,272.77,275.48,271.10,18788961,-.84,0,21.87,腾讯财经
2026-08-07 03:20:00,271.34,272.77,275.48,271.10,19249924,-1.31,0,21.83,腾讯财经
2026-08-07 03:30:01,271.24,272.77,275.48,271.10,19656863,-1.41,0,21.82,腾讯财经
2026-08-07 03:40:04,271.24,272.77,275.48,271.08,20212827,-1.41,0,21.82,腾讯财经
2026-08-07 03:50:00,271.82,272.77,275.48,271.08,20848719,-.83,0,21.87,腾讯财经
2026-08-07 04:00:02,272.10,272.77,275.48,271.08,22480161,-.55,0,21.89,腾讯财经
2026-08-07 04:10:04,272.26,272.77,275.48,271.08,28696374,-.39,0,21.90,腾讯财经
2026-08-07 04:20:04,272.26,272.77,275.48,271.06,28759215,-.39,0,21.90,腾讯财经
2026-08-07 04:30:05,272.26,272.77,275.48,271.06,28771760,-.39,0,21.90,腾讯财经
2026-08-07 04:40:04,272.26,272.77,275.48,271.06,28778872,-.39,0,21.90,腾讯财经
2026-08-07 04:50:02,272.26,272.77,275.48,271.06,28788463,-.39,0,21.90,腾讯财经
2026-08-07 05:00:00,272.26,272.77,275.48,271.06,29019346,-.39,0,21.90,腾讯财经
2026-08-07 05:10:01,272.26,272.77,275.48,271.06,29028839,-.39,0,21.90,腾讯财经
2026-08-07 05:20:04,272.26,272.77,275.48,271.06,29032141,-.39,0,21.90,腾讯财经
2026-08-07 05:30:01,272.26,272.77,275.48,271.06,30135693,-.39,0,21.90,腾讯财经
2026-08-07 05:40:04,272.26,272.77,275.48,271.06,30137256,-.39,0,21.90,腾讯财经
2026-08-07 05:50:02,272.26,272.77,275.48,271.06,30148292,-.39,0,21.90,腾讯财经
2026-08-07 06:00:00,272.26,272.77,275.48,271.06,30152433,-.39,0,21.90,腾讯财经
2026-08-07 06:10:00,272.26,272.77,275.48,271.06,30626100,-.39,0,21.90,腾讯财经
2026-08-07 06:20:03,272.26,272.77,275.48,271.06,30638384,-.39,0,21.90,腾讯财经
2026-08-07 06:30:05,272.26,272.77,275.48,271.06,30643156,-.39,0,21.90,腾讯财经
2026-08-07 06:40:04,272.26,272.77,275.48,271.06,30646104,-.39,0,21.90,腾讯财经
2026-08-07 06:50:03,272.26,272.77,275.48,271.06,30648204,-.39,0,21.90,腾讯财经
2026-08-07 07:00:00,272.26,272.77,275.48,271.06,30651182,-.39,0,21.90,腾讯财经
2026-08-07 07:10:00,272.26,272.77,275.48,271.06,30655917,-.39,0,21.90,腾讯财经
2026-08-07 07:20:00,272.26,272.77,275.48,271.06,30658023,-.39,0,21.90,腾讯财经
2026-08-07 07:30:00,272.26,272.77,275.48,271.06,30661420,-.39,0,21.90,腾讯财经
2026-08-07 07:40:05,272.26,272.77,275.48,271.06,30663938,-.39,0,21.90,腾讯财经
2026-08-07 07:50:00,272.26,272.77,275.48,271.06,30667140,-.39,0,21.90,腾讯财经
2026-08-07 08:00:02,272.26,272.77,275.48,271.06,30672847,-.39,0,21.90,腾讯财经
2026-08-07 08:10:00,272.26,272.77,275.48,271.06,30672901,-.39,0,21.90,腾讯财经
2026-08-07 08:20:00,272.26,272.77,275.48,271.06,30672901,-.39,0,21.90,腾讯财经
2026-08-07 08:30:02,272.26,272.77,275.48,271.06,30672901,-.39,0,21.90,腾讯财经
2026-08-07 08:40:05,272.26,272.77,275.48,271.06,30672901,-.39,0,21.90,腾讯财经
2026-08-07 08:50:00,272.26,272.77,275.48,271.06,30672901,-.39,0,21.90,腾讯财经
2026-08-07 09:00:00,272.26,272.77,275.48,271.06,30672901,-.39,0,21.90,腾讯财经
2026-08-07 09:10:00,272.26,272.77,275.48,271.06,30672901,-.39,0,21.90,腾讯财经
2026-08-07 09:20:05,272.26,272.77,275.48,271.06,30672901,-.39,0,21.90,腾讯财经
2026-08-07 09:30:04,272.26,272.77,275.48,271.06,30672901,-.39,0,21.90,腾讯财经
2026-08-07 09:40:05,272.26,272.77,275.48,271.06,30672901,-.39,0,21.90,腾讯财经
2026-08-07 09:50:03,272.26,272.77,275.48,271.06,30672901,-.39,0,21.90,腾讯财经
2026-08-07 10:00:00,272.26,272.77,275.48,271.06,30672901,-.39,0,21.90,腾讯财经
2026-08-07 10:10:00,272.26,272.77,275.48,271.06,30672901,-.39,0,21.90,腾讯财经
2026-08-07 10:20:00,272.26,272.77,275.48,271.06,30672901,-.39,0,21.90,腾讯财经
2026-08-07 10:30:02,272.26,272.77,275.48,271.06,30672901,-.39,0,21.90,腾讯财经
2026-08-07 10:40:04,272.26,272.77,275.48,271.06,30672901,-.39,0,21.90,腾讯财经
2026-08-07 10:50:00,272.26,272.77,275.48,271.06,30672901,-.39,0,21.90,腾讯财经
2026-08-07 11:00:01,272.26,272.77,275.48,271.06,30672901,-.39,0,21.90,腾讯财经
2026-08-07 11:10:02,272.26,272.77,275.48,271.06,30672901,-.39,0,21.90,腾讯财经
2026-08-07 11:20:01,272.26,272.77,275.48,271.06,30672901,-.39,0,21.90,腾讯财经
2026-08-07 11:30:02,272.26,272.77,275.48,271.06,30672901,-.39,0,21.90,腾讯财经
2026-08-07 11:40:04,272.26,272.77,275.48,271.06,30672901,-.39,0,21.90,腾讯财经
2026-08-07 11:50:02,272.26,272.77,275.48,271.06,30672901,-.39,0,21.90,腾讯财经
2026-08-07 12:00:01,272.26,272.77,275.48,271.06,30672901,-.39,0,21.90,腾讯财经
2026-08-07 12:10:00,272.26,272.77,275.48,271.06,30672901,-.39,0,21.90,腾讯财经
2026-08-07 12:20:00,272.26,272.77,275.48,271.06,30672901,-.39,0,21.90,腾讯财经
2026-08-07 12:30:04,272.26,272.77,275.48,271.06,30672901,-.39,0,21.90,腾讯财经
2026-08-07 12:40:04,272.26,272.77,275.48,271.06,30672901,-.39,0,21.90,腾讯财经
2026-08-07 12:50:00,272.26,272.77,275.48,271.06,30672901,-.39,0,21.90,腾讯财经
2026-08-07 13:00:01,272.26,272.77,275.48,271.06,30672901,-.39,0,21.90,腾讯财经
2026-08-07 13:10:03,272.26,272.77,275.48,271.06,30672901,-.39,0,21.90,腾讯财经
2026-08-07 13:20:01,272.26,272.77,275.48,271.06,30672901,-.39,0,21.90,腾讯财经
2026-08-07 13:30:00,272.26,272.77,275.48,271.06,30672901,-.39,0,21.90,腾讯财经
2026-08-07 13:40:04,272.26,272.77,275.48,271.06,30672901,-.39,0,21.90,腾讯财经
2026-08-07 13:50:04,272.26,272.77,275.48,271.06,30672901,-.39,0,21.90,腾讯财经
2026-08-07 14:00:00,272.26,272.77,275.48,271.06,30672901,-.39,0,21.90,腾讯财经
2026-08-07 14:10:03,272.26,272.77,275.48,271.06,30672901,-.39,0,21.90,腾讯财经
2026-08-07 14:20:04,272.26,272.77,275.48,271.06,30672901,-.39,0,21.90,腾讯财经
2026-08-07 14:30:00,272.26,272.77,275.48,271.06,30672901,-.39,0,21.90,腾讯财经
2026-08-07 14:40:03,272.26,272.77,275.48,271.06,30672901,-.39,0,21.90,腾讯财经
2026-08-07 14:50:01,272.26,272.77,275.48,271.06,30672901,-.39,0,21.90,腾讯财经
2026-08-07 15:00:04,272.26,272.77,275.48,271.06,30672901,-.39,0,21.90,腾讯财经
2026-08-07 15:10:03,272.26,272.77,275.48,271.06,30672901,-.39,0,21.90,腾讯财经
2026-08-07 15:20:00,272.26,272.77,275.48,271.06,30672901,-.39,0,21.90,腾讯财经
2026-08-07 15:30:04,272.26,272.77,275.48,271.06,30672901,-.39,0,21.90,腾讯财经
2026-08-07 15:40:04,272.26,272.77,275.48,271.06,30672901,-.39,0,21.90,腾讯财经
2026-08-07 15:50:02,272.26,272.77,275.48,271.06,30672901,-.39,0,21.90,腾讯财经
2026-08-07 16:00:04,272.26,272.77,275.48,271.06,30672901,-.39,0,21.90,腾讯财经
2026-08-07 16:10:01,272.26,272.77,275.48,271.06,30672901,-.39,0,21.90,腾讯财经
2026-08-07 16:20:00,272.26,272.77,275.48,271.06,30672901,-.39,0,21.90,腾讯财经
2026-08-07 16:30:01,272.26,272.77,275.48,271.06,30672901,-.39,0,21.90,腾讯财经
2026-08-07 16:40:04,272.26,272.77,275.48,271.06,30672901,-.39,0,21.90,腾讯财经
2026-08-07 16:50:02,272.26,272.77,275.48,271.06,30672901,-.39,0,21.90,腾讯财经
2026-08-07 17:00:00,272.26,272.77,275.48,271.06,30672901,-.39,0,21.90,腾讯财经
2026-08-07 17:10:00,272.26,272.77,275.48,271.06,30672901,-.39,0,21.90,腾讯财经
2026-08-07 17:20:03,272.26,272.77,275.48,271.06,30672901,-.39,0,21.90,腾讯财经
2026-08-07 17:30:00,272.26,272.77,275.48,271.06,30672901,-.39,0,21.90,腾讯财经
2026-08-07 17:40:05,272.26,272.77,275.48,271.06,30672901,-.39,0,21.90,腾讯财经
2026-08-07 17:50:04,272.26,272.77,275.48,271.06,30672901,-.39,0,21.90,腾讯财经
2026-08-07 18:00:00,272.26,272.77,275.48,271.06,30672901,-.39,0,21.90,腾讯财经
2026-08-07 18:10:01,272.26,272.77,275.48,271.06,30672901,-.39,0,21.90,腾讯财经
2026-08-07 18:20:02,272.26,272.77,275.48,271.06,30672901,-.39,0,21.90,腾讯财经
2026-08-07 18:30:00,272.26,272.77,275.48,271.06,30672901,-.39,0,21.90,腾讯财经
2026-08-07 18:40:04,272.26,272.77,275.48,271.06,30672901,-.39,0,21.90,腾讯财经
2026-08-07 18:50:00,272.26,272.77,275.48,271.06,30672901,-.39,0,21.90,腾讯财经
2026-08-07 19:00:01,272.26,272.77,275.48,271.06,30672901,-.39,0,21.90,腾讯财经
2026-08-07 19:10:01,272.26,272.77,275.48,271.06,30672901,-.39,0,21.90,腾讯财经
2026-08-07 19:20:00,272.26,272.77,275.48,271.06,30672901,-.39,0,21.90,腾讯财经
2026-08-07 19:30:01,272.26,272.77,275.48,271.06,30672901,-.39,0,21.90,腾讯财经
2026-08-07 19:40:04,272.26,272.77,275.48,271.06,30672901,-.39,0,21.90,腾讯财经
2026-08-07 19:50:00,272.26,272.77,275.48,271.06,30672901,-.39,0,21.90,腾讯财经
2026-08-07 20:00:00,272.26,272.77,275.48,271.06,30672901,-.39,0,21.90,腾讯财经
2026-08-07 20:10:02,272.26,272.77,275.48,271.06,30672901,-.39,0,21.90,腾讯财经
2026-08-07 20:20:01,272.26,272.77,275.48,271.06,30672901,-.39,0,21.90,腾讯财经
2026-08-07 20:30:05,272.26,272.77,275.48,271.06,30672901,-.39,0,21.90,腾讯财经
2026-08-07 20:40:04,272.26,272.77,275.48,271.06,30672901,-.39,0,21.90,腾讯财经
2026-08-07 20:50:01,272.26,272.77,275.48,271.06,30672901,-.39,0,21.90,腾讯财经
2026-08-07 21:00:00,272.26,272.77,275.48,271.06,30672901,-.39,0,21.90,腾讯财经
2026-08-07 21:10:00,272.26,272.77,275.48,271.06,30672901,-.39,0,21.90,腾讯财经
2026-08-07 21:20:00,272.26,272.77,275.48,271.06,30672901,-.39,0,21.90,腾讯财经
2026-08-07 21:30:02,272.26,0.00,0.00,0.00,635121,0,0,21.90,腾讯财经
2026-08-07 21:40:05,276.66,272.89,277.43,272.75,3797792,4.40,1.00,22.26,腾讯财经
2026-08-07 21:50:04,277.30,272.87,277.43,272.75,5287046,5.04,1.00,22.31,腾讯财经
2026-08-07 22:00:00,276.77,272.87,277.85,272.75,6211476,4.51,1.00,22.27,腾讯财经
2026-08-07 22:10:03,275.03,272.87,277.85,272.75,7206040,2.77,1.00,22.13,腾讯财经
2026-08-07 22:20:00,275.42,272.87,277.85,272.75,7966791,3.16,1.00,22.16,腾讯财经
2026-08-07 22:30:00,275.87,272.87,277.85,272.75,8709859,3.61,1.00,22.19,腾讯财经
2026-08-07 22:40:04,276.16,272.87,277.85,272.75,9399883,3.90,1.00,22.22,腾讯财经
2026-08-07 22:50:00,276.47,272.87,277.85,272.75,10028378,4.21,1.00,22.24,腾讯财经
2026-08-07 23:00:01,276.85,272.87,277.85,272.75,10425621,4.59,1.00,22.27,腾讯财经
2026-08-07 23:10:02,276.59,272.87,277.85,272.75,10924348,4.33,1.00,22.25,腾讯财经
2026-08-07 23:20:04,277.14,272.87,277.85,272.75,11294085,4.88,1.00,22.30,腾讯财经
2026-08-07 23:30:00,278.26,272.87,278.31,272.75,12014654,6.00,2.00,22.39,腾讯财经
2026-08-07 23:40:04,278.02,272.87,278.31,272.75,12535177,5.76,2.00,22.37,腾讯财经
2026-08-07 23:50:00,277.52,272.87,278.31,272.75,12937269,5.26,1.00,22.33,腾讯财经
2026-08-08 00:00:01,277.39,272.87,278.31,272.75,13265313,5.13,1.00,22.32,腾讯财经
2026-08-08 00:10:00,277.20,272.87,278.31,272.75,13511479,4.94,1.00,22.30,腾讯财经
2026-08-08 00:20:00,276.70,272.87,278.31,272.75,13792066,4.44,1.00,22.26,腾讯财经
2026-08-08 00:30:03,276.13,272.87,278.31,272.75,14118900,3.87,1.00,22.21,腾讯财经
2026-08-08 00:40:04,276.05,272.87,278.31,272.75,14466381,3.79,1.00,22.21,腾讯财经
2026-08-08 00:50:00,275.63,272.87,278.31,272.75,15523505,3.37,1.00,22.17,腾讯财经
2026-08-08 01:00:00,275.18,272.87,278.31,272.75,15981380,2.92,1.00,22.14,腾讯财经
2026-08-08 01:10:00,274.88,272.87,278.31,272.75,16405331,2.62,0,22.11,腾讯财经
2026-08-08 01:20:00,274.84,272.87,278.31,272.75,16805914,2.58,0,22.11,腾讯财经
2026-08-08 01:30:04,274.35,272.87,278.31,272.75,17453145,2.09,0,22.07,腾讯财经
2026-08-08 01:40:04,274.36,272.87,278.31,272.75,17779895,2.10,0,22.07,腾讯财经
2026-08-08 01:50:01,274.14,272.87,278.31,272.75,18055749,1.88,0,22.05,腾讯财经
2026-08-08 02:00:00,274.33,272.87,278.31,272.75,18622876,2.07,0,22.07,腾讯财经
2026-08-08 02:10:04,274.84,272.87,278.31,272.75,19571475,2.58,0,22.11,腾讯财经
2026-08-08 02:20:02,275.02,272.87,278.31,272.75,19929095,2.76,1.00,22.13,腾讯财经
2026-08-08 02:30:00,275.16,272.87,278.31,272.75,20170712,2.90,1.00,22.14,腾讯财经
2026-08-08 02:40:05,274.23,272.87,278.31,272.75,20636693,1.97,0,22.06,腾讯财经
2026-08-08 02:50:04,274.19,272.87,278.31,272.75,21014586,1.93,0,22.06,腾讯财经
2026-08-08 03:00:01,274.33,272.87,278.31,272.75,21279814,2.07,0,22.07,腾讯财经
2026-08-08 03:10:00,274.83,272.87,278.31,272.75,21693540,2.57,0,22.11,腾讯财经
2026-08-08 03:20:03,274.59,272.87,278.31,272.75,22110708,2.33,0,22.09,腾讯财经
2026-08-08 03:30:00,274.76,272.87,278.31,272.75,22493975,2.50,0,22.10,腾讯财经
2026-08-08 03:40:04,274.38,272.87,278.31,272.75,23106734,2.12,0,22.07,腾讯财经
2026-08-08 03:50:00,274.86,272.87,278.31,272.75,24089124,2.60,0,22.11,腾讯财经
2026-08-08 04:00:04,274.41,272.87,278.31,272.75,26779312,2.15,0,22.08,腾讯财经
2026-08-08 04:10:00,274.48,272.87,278.31,272.75,32721096,2.22,0,22.08,腾讯财经
2026-08-08 04:20:00,274.48,272.87,278.31,272.75,32751527,2.22,0,22.08,腾讯财经
2026-08-08 04:30:04,274.48,272.87,278.31,272.75,32771543,2.22,0,22.08,腾讯财经
2026-08-08 04:40:04,274.48,272.87,278.31,272.75,32775047,2.22,0,22.08,腾讯财经
2026-08-08 04:50:00,274.48,272.87,278.31,272.75,32780192,2.22,0,22.08,腾讯财经
2026-08-08 05:00:01,274.48,272.87,278.31,272.75,32793097,2.22,0,22.08,腾讯财经
2026-08-08 05:10:01,274.48,272.87,278.31,272.75,32873024,2.22,0,22.08,腾讯财经
2026-08-08 05:20:00,274.48,272.87,278.31,272.75,32879727,2.22,0,22.08,腾讯财经
2026-08-08 05:30:03,274.48,272.87,278.31,272.75,32893017,2.22,0,22.08,腾讯财经
2026-08-08 05:40:04,274.48,272.87,278.31,272.75,32900181,2.22,0,22.08,腾讯财经
2026-08-08 05:50:00,274.48,272.87,278.31,272.75,33825584,2.22,0,22.08,腾讯财经
2026-08-08 06:00:01,274.48,272.87,278.31,272.75,33830472,2.22,0,22.08,腾讯财经
2026-08-08 06:10:00,274.48,272.87,278.31,272.75,33833127,2.22,0,22.08,腾讯财经
2026-08-08 06:20:00,274.48,272.87,278.31,272.75,33834173,2.22,0,22.08,腾讯财经
2026-08-08 06:30:00,274.48,272.87,278.31,272.75,33835601,2.22,0,22.08,腾讯财经
2026-08-08 06:40:04,274.48,272.87,278.31,272.75,33836865,2.22,0,22.08,腾讯财经
2026-08-08 06:50:00,274.48,272.87,278.31,272.75,33841662,2.22,0,22.08,腾讯财经
2026-08-08 07:00:00,274.48,272.87,278.31,272.75,33850359,2.22,0,22.08,腾讯财经
2026-08-08 07:10:04,274.48,272.87,278.31,272.75,33851142,2.22,0,22.08,腾讯财经
2026-08-08 07:20:04,274.48,272.87,278.31,272.75,33852391,2.22,0,22.08,腾讯财经
2026-08-08 07:30:01,274.48,272.87,278.31,272.75,33853413,2.22,0,22.08,腾讯财经
2026-08-08 07:40:04,274.48,272.87,278.31,272.75,33855223,2.22,0,22.08,腾讯财经
2026-08-08 07:50:00,274.48,272.87,278.31,272.75,33856779,2.22,0,22.08,腾讯财经
2026-08-08 08:00:01,274.48,272.87,278.31,272.75,33861382,2.22,0,22.08,腾讯财经
2026-08-08 08:10:00,274.48,272.87,278.31,272.75,33861436,2.22,0,22.08,腾讯财经
2026-08-08 08:20:00,274.48,272.87,278.31,272.75,33861436,2.22,0,22.08,腾讯财经
2026-08-08 08:30:00,274.48,272.87,278.31,272.75,33861436,2.22,0,22.08,腾讯财经
2026-08-08 08:40:04,274.48,272.87,278.31,272.75,33861436,2.22,0,22.08,腾讯财经
2026-08-08 08:50:02,274.48,272.87,278.31,272.75,33861436,2.22,0,22.08,腾讯财经
2026-08-08 09:00:00,274.48,272.87,278.31,272.75,33861436,2.22,0,22.08,腾讯财经
2026-08-08 09:10:00,274.48,272.87,278.31,272.75,33861436,2.22,0,22.08,腾讯财经
2026-08-08 09:20:03,274.48,272.87,278.31,272.75,33861436,2.22,0,22.08,腾讯财经
2026-08-08 09:30:00,274.48,272.87,278.31,272.75,33861436,2.22,0,22.08,腾讯财经
2026-08-08 09:40:04,274.48,272.87,278.31,272.75,33861436,2.22,0,22.08,腾讯财经
2026-08-08 09:50:00,274.48,272.87,278.31,272.75,33861436,2.22,0,22.08,腾讯财经
2026-08-08 10:00:02,274.48,272.87,278.31,272.75,33861436,2.22,0,22.08,腾讯财经
2026-08-08 10:10:00,274.48,272.87,278.31,272.75,33861436,2.22,0,22.08,腾讯财经
2026-08-08 10:20:01,274.48,272.87,278.31,272.75,33861436,2.22,0,22.08,腾讯财经
2026-08-08 10:30:00,274.48,272.87,278.31,272.75,33861436,2.22,0,22.08,腾讯财经
2026-08-08 10:40:04,274.48,272.87,278.31,272.75,33861436,2.22,0,22.08,腾讯财经
2026-08-08 10:50:00,274.48,272.87,278.31,272.75,33861436,2.22,0,22.08,腾讯财经
2026-08-08 11:00:00,274.48,272.87,278.31,272.75,33861436,2.22,0,22.08,腾讯财经
2026-08-08 11:10:01,274.48,272.87,278.31,272.75,33861436,2.22,0,22.08,腾讯财经
2026-08-08 11:20:01,274.48,272.87,278.31,272.75,33861436,2.22,0,22.08,腾讯财经
2026-08-08 11:30:03,274.48,272.87,278.31,272.75,33861436,2.22,0,22.08,腾讯财经
2026-08-08 11:40:05,274.48,272.87,278.31,272.75,33861436,2.22,0,22.08,腾讯财经
2026-08-08 11:50:01,274.48,272.87,278.31,272.75,33861436,2.22,0,22.08,腾讯财经
2026-08-08 12:00:02,274.48,272.87,278.31,272.75,33861436,2.22,0,22.08,腾讯财经
2026-08-08 12:10:00,274.48,272.87,278.31,272.75,33861436,2.22,0,22.08,腾讯财经
2026-08-08 12:20:00,274.48,272.87,278.31,272.75,33861436,2.22,0,22.08,腾讯财经
2026-08-08 12:30:00,274.48,272.87,278.31,272.75,33861436,2.22,0,22.08,腾讯财经
2026-08-08 12:40:04,274.48,272.87,278.31,272.75,33861436,2.22,0,22.08,腾讯财经
2026-08-08 12:50:01,274.48,272.87,278.31,272.75,33861436,2.22,0,22.08,腾讯财经
2026-08-08 13:00:04,274.48,272.87,278.31,272.75,33861436,2.22,0,22.08,腾讯财经
2026-08-08 13:10:00,274.48,272.87,278.31,272.75,33861436,2.22,0,22.08,腾讯财经
2026-08-08 13:20:01,274.48,272.87,278.31,272.75,33861436,2.22,0,22.08,腾讯财经
2026-08-08 13:30:04,274.48,272.87,278.31,272.75,33861436,2.22,0,22.08,腾讯财经
2026-08-08 13:40:04,274.48,272.87,278.31,272.75,33861436,2.22,0,22.08,腾讯财经
2026-08-08 13:50:01,274.48,272.87,278.31,272.75,33861436,2.22,0,22.08,腾讯财经
2026-08-08 14:00:00,274.48,272.87,278.31,272.75,33861436,2.22,0,22.08,腾讯财经
2026-08-08 14:10:00,274.48,272.87,278.31,272.75,33861436,2.22,0,22.08,腾讯财经
2026-08-08 14:20:00,274.48,272.87,278.31,272.75,33861436,2.22,0,22.08,腾讯财经
2026-08-08 14:30:05,274.48,272.87,278.31,272.75,33861436,2.22,0,22.08,腾讯财经
2026-08-08 14:40:05,274.48,272.87,278.31,272.75,33861436,2.22,0,22.08,腾讯财经
2026-08-08 14:50:00,274.48,272.87,278.31,272.75,33861436,2.22,0,22.08,腾讯财经
2026-08-08 15:00:01,274.48,272.87,278.31,272.75,33861436,2.22,0,22.08,腾讯财经
2026-08-08 15:10:00,274.48,272.87,278.31,272.75,33861436,2.22,0,22.08,腾讯财经
2026-08-08 15:20:00,274.48,272.87,278.31,272.75,33861436,2.22,0,22.08,腾讯财经
2026-08-08 15:30:05,274.48,272.87,278.31,272.75,33861436,2.22,0,22.08,腾讯财经
2026-08-08 15:40:04,274.48,272.87,278.31,272.75,33861436,2.22,0,22.08,腾讯财经
2026-08-08 15:50:01,274.48,272.87,278.31,272.75,33861436,2.22,0,22.08,腾讯财经
2026-08-08 16:00:00,274.48,272.87,278.31,272.75,33861436,2.22,0,22.08,腾讯财经
2026-08-08 16:10:02,274.48,272.87,278.31,272.75,33861436,2.22,0,22.08,腾讯财经
2026-08-08 16:20:01,274.48,272.87,278.31,272.75,33861436,2.22,0,22.08,腾讯财经
2026-08-08 16:30:00,274.48,272.87,278.31,272.75,33861436,2.22,0,22.08,腾讯财经
2026-08-08 16:40:04,274.48,272.87,278.31,272.75,33861436,2.22,0,22.08,腾讯财经
2026-08-08 16:50:01,274.48,272.87,278.31,272.75,33861436,2.22,0,22.08,腾讯财经
2026-08-08 17:00:00,274.48,272.87,278.31,272.75,33861436,2.22,0,22.08,腾讯财经
2026-08-08 17:10:04,274.48,272.87,278.31,272.75,33861436,2.22,0,22.08,腾讯财经
2026-08-08 17:20:00,274.48,272.87,278.31,272.75,33861436,2.22,0,22.08,腾讯财经
2026-08-08 17:30:04,274.48,272.87,278.31,272.75,33861436,2.22,0,22.08,腾讯财经
2026-08-08 17:40:04,274.48,272.87,278.31,272.75,33861436,2.22,0,22.08,腾讯财经
2026-08-08 17:50:04,274.48,272.87,278.31,272.75,33861436,2.22,0,22.08,腾讯财经
2026-08-08 18:00:00,274.48,272.87,278.31,272.75,33861436,2.22,0,22.08,腾讯财经
2026-08-08 18:10:00,274.48,272.87,278.31,272.75,33861436,2.22,0,22.08,腾讯财经
2026-08-08 18:20:04,274.48,272.87,278.31,272.75,33861436,2.22,0,22.08,腾讯财经
2026-08-08 18:30:00,274.48,272.87,278.31,272.75,33861436,2.22,0,22.08,腾讯财经
2026-08-08 18:40:04,274.48,272.87,278.31,272.75,33861436,2.22,0,22.08,腾讯财经
2026-08-08 18:50:03,274.48,272.87,278.31,272.75,33861436,2.22,0,22.08,腾讯财经
2026-08-08 19:00:02,274.48,272.87,278.31,272.75,33861436,2.22,0,22.08,腾讯财经
2026-08-08 19:10:00,274.48,272.87,278.31,272.75,33861436,2.22,0,22.08,腾讯财经
2026-08-08 19:20:04,274.48,272.87,278.31,272.75,33861436,2.22,0,22.08,腾讯财经
2026-08-08 19:30:00,274.48,272.87,278.31,272.75,33861436,2.22,0,22.08,腾讯财经
2026-08-08 19:40:01,274.48,272.87,278.31,272.75,33861436,2.22,0,22.08,腾讯财经
2026-08-08 19:50:00,274.48,272.87,278.31,272.75,33861436,2.22,0,22.08,腾讯财经
2026-08-08 20:00:02,274.48,272.87,278.31,272.75,33861436,2.22,0,22.08,腾讯财经
2026-08-08 20:10:01,274.48,272.87,278.31,272.75,33861436,2.22,0,22.08,腾讯财经
2026-08-08 20:20:01,274.48,272.87,278.31,272.75,33861436,2.22,0,22.08,腾讯财经
2026-08-08 20:30:05,274.48,272.87,278.31,272.75,33861436,2.22,0,22.08,腾讯财经
2026-08-08 20:40:01,274.48,272.87,278.31,272.75,33861436,2.22,0,22.08,腾讯财经
2026-08-08 20:50:04,274.48,272.87,278.31,272.75,33861436,2.22,0,22.08,腾讯财经
2026-08-08 21:00:01,274.48,272.87,278.31,272.75,33861436,2.22,0,22.08,腾讯财经
2026-08-08 21:10:00,274.48,272.87,278.31,272.75,33861436,2.22,0,22.08,腾讯财经
2026-08-08 21:20:00,274.48,272.87,278.31,272.75,33861436,2.22,0,22.08,腾讯财经
2026-08-08 21:30:00,274.48,272.87,278.31,272.75,33861436,2.22,0,22.08,腾讯财经
2026-08-08 21:40:05,274.48,272.87,278.31,272.75,33861436,2.22,0,22.08,腾讯财经
2026-08-08 21:50:02,274.48,272.87,278.31,272.75,33861436,2.22,0,22.08,腾讯财经
2026-08-08 22:00:00,274.48,272.87,278.31,272.75,33861436,2.22,0,22.08,腾讯财经
2026-08-08 22:10:00,274.48,272.87,278.31,272.75,33861436,2.22,0,22.08,腾讯财经
2026-08-08 22:20:01,274.48,272.87,278.31,272.75,33861436,2.22,0,22.08,腾讯财经
2026-08-08 22:30:00,274.48,272.87,278.31,272.75,33861436,2.22,0,22.08,腾讯财经
2026-08-08 22:40:04,274.48,272.87,278.31,272.75,33861436,2.22,0,22.08,腾讯财经
2026-08-08 22:50:00,274.48,272.87,278.31,272.75,33861436,2.22,0,22.08,腾讯财经
2026-08-08 23:00:00,274.48,272.87,278.31,272.75,33861436,2.22,0,22.08,腾讯财经
2026-08-08 23:10:02,274.48,272.87,278.31,272.75,33861436,2.22,0,22.08,腾讯财经
2026-08-08 23:20:04,274.48,272.87,278.31,272.75,33861436,2.22,0,22.08,腾讯财经
2026-08-08 23:30:05,274.48,272.87,278.31,272.75,33861436,2.22,0,22.08,腾讯财经
2026-08-08 23:40:04,274.48,272.87,278.31,272.75,33861436,2.22,0,22.08,腾讯财经
2026-08-08 23:50:05,274.48,272.87,278.31,272.75,33861436,2.22,0,22.08,腾讯财经
2026-08-09 00:00:00,274.48,272.87,278.31,272.75,33861436,2.22,0,22.08,腾讯财经
2026-08-09 00:10:01,274.48,272.87,278.31,272.75,33861436,2.22,0,22.08,腾讯财经
2026-08-09 00:20:04,274.48,272.87,278.31,272.75,33861436,2.22,0,22.08,腾讯财经
2026-08-09 00:30:04,274.48,272.87,278.31,272.75,33861436,2.22,0,22.08,腾讯财经
2026-08-09 00:40:05,274.48,272.87,278.31,272.75,33861436,2.22,0,22.08,腾讯财经
2026-08-09 00:50:00,274.48,272.87,278.31,272.75,33861436,2.22,0,22.08,腾讯财经
2026-08-09 01:00:04,274.48,272.87,278.31,272.75,33861436,2.22,0,22.08,腾讯财经
2026-08-09 01:10:00,274.48,272.87,278.31,272.75,33861436,2.22,0,22.08,腾讯财经
2026-08-09 01:20:00,274.48,272.87,278.31,272.75,33861436,2.22,0,22.08,腾讯财经
2026-08-09 01:30:00,274.48,272.87,278.31,272.75,33861436,2.22,0,22.08,腾讯财经
2026-08-09 01:40:05,274.48,272.87,278.31,272.75,33861436,2.22,0,22.08,腾讯财经
2026-08-09 01:50:00,274.48,272.87,278.31,272.75,33861436,2.22,0,22.08,腾讯财经
2026-08-09 02:00:00,274.48,272.87,278.31,272.75,33861436,2.22,0,22.08,腾讯财经
2026-08-09 02:10:04,274.48,272.87,278.31,272.75,33861436,2.22,0,22.08,腾讯财经
2026-08-09 02:20:02,274.48,272.87,278.31,272.75,33861436,2.22,0,22.08,腾讯财经
2026-08-09 02:30:04,274.48,272.87,278.31,272.75,33861436,2.22,0,22.08,腾讯财经
2026-08-09 02:40:05,274.48,272.87,278.31,272.75,33861436,2.22,0,22.08,腾讯财经
2026-08-09 02:50:03,274.48,272.87,278.31,272.75,33861436,2.22,0,22.08,腾讯财经
2026-08-09 03:00:02,274.48,272.87,278.31,272.75,33861436,2.22,0,22.08,腾讯财经
2026-08-09 03:10:00,274.48,272.87,278.31,272.75,33861436,2.22,0,22.08,腾讯财经
2026-08-09 03:20:02,274.48,272.87,278.31,272.75,33861436,2.22,0,22.08,腾讯财经
2026-08-09 03:30:04,274.48,272.87,278.31,272.75,33861436,2.22,0,22.08,腾讯财经
2026-08-09 03:40:05,274.48,272.87,278.31,272.75,33861436,2.22,0,22.08,腾讯财经
2026-08-09 03:50:02,274.48,272.87,278.31,272.75,33861436,2.22,0,22.08,腾讯财经
2026-08-09 04:00:03,274.48,272.87,278.31,272.75,33861436,2.22,0,22.08,腾讯财经
2026-08-09 04:10:00,274.48,272.87,278.31,272.75,33861436,2.22,0,22.08,腾讯财经
2026-08-09 04:20:04,274.48,272.87,278.31,272.75,33861436,2.22,0,22.08,腾讯财经
2026-08-09 04:30:04,274.48,272.87,278.31,272.75,33861436,2.22,0,22.08,腾讯财经
2026-08-09 04:40:04,274.48,272.87,278.31,272.75,33861436,2.22,0,22.08,腾讯财经
2026-08-09 04:50:05,274.48,272.87,278.31,272.75,33861436,2.22,0,22.08,腾讯财经
2026-08-09 05:00:00,274.48,272.87,278.31,272.75,33861436,2.22,0,22.08,腾讯财经
2026-08-09 05:10:01,274.48,272.87,278.31,272.75,33861436,2.22,0,22.08,腾讯财经
2026-08-09 05:20:03,274.48,272.87,278.31,272.75,33861436,2.22,0,22.08,腾讯财经
2026-08-09 05:30:04,274.48,272.87,278.31,272.75,33861436,2.22,0,22.08,腾讯财经
2026-08-09 05:40:05,274.48,272.87,278.31,272.75,33861436,2.22,0,22.08,腾讯财经
2026-08-09 05:50:04,274.48,272.87,278.31,272.75,33861436,2.22,0,22.08,腾讯财经
2026-08-09 06:00:04,274.48,272.87,278.31,272.75,33861436,2.22,0,22.08,腾讯财经
2026-08-09 06:10:01,274.48,272.87,278.31,272.75,33861436,2.22,0,22.08,腾讯财经
2026-08-09 06:20:01,274.48,272.87,278.31,272.75,33861436,2.22,0,22.08,腾讯财经
2026-08-09 06:30:04,274.48,272.87,278.31,272.75,33861436,2.22,0,22.08,腾讯财经
2026-08-09 06:40:05,274.48,272.87,278.31,272.75,33861436,2.22,0,22.08,腾讯财经
2026-08-09 06:50:00,274.48,272.87,278.31,272.75,33861436,2.22,0,22.08,腾讯财经
2026-08-09 07:00:02,274.48,272.87,278.31,272.75,33861436,2.22,0,22.08,腾讯财经
2026-08-09 07:10:00,274.48,272.87,278.31,272.75,33861436,2.22,0,22.08,腾讯财经
2026-08-09 07:20:00,274.48,272.87,278.31,272.75,33861436,2.22,0,22.08,腾讯财经
2026-08-09 07:30:03,274.48,272.87,278.31,272.75,33861436,2.22,0,22.08,腾讯财经
2026-08-09 07:40:04,274.48,272.87,278.31,272.75,33861436,2.22,0,22.08,腾讯财经
2026-08-09 07:50:01,274.48,272.87,278.31,272.75,33861436,2.22,0,22.08,腾讯财经
2026-08-09 08:00:02,274.48,272.87,278.31,272.75,33861436,2.22,0,22.08,腾讯财经
2026-08-09 08:10:04,274.48,272.87,278.31,272.75,33861436,2.22,0,22.08,腾讯财经
2026-08-09 08:20:04,274.48,272.87,278.31,272.75,33861436,2.22,0,22.08,腾讯财经
2026-08-09 08:30:04,274.48,272.87,278.31,272.75,33861436,2.22,0,22.08,腾讯财经
2026-08-09 08:40:04,274.48,272.87,278.31,272.75,33861436,2.22,0,22.08,腾讯财经
2026-08-09 08:50:05,274.48,272.87,278.31,272.75,33861436,2.22,0,22.08,腾讯财经
2026-08-09 09:00:05,274.48,272.87,278.31,272.75,33861436,2.22,0,22.08,腾讯财经
2026-08-09 09:10:00,274.48,272.87,278.31,272.75,33861436,2.22,0,22.08,腾讯财经
2026-08-09 09:20:00,274.48,272.87,278.31,272.75,33861436,2.22,0,22.08,腾讯财经
2026-08-09 09:30:02,274.48,272.87,278.31,272.75,33861436,2.22,0,22.08,腾讯财经
2026-08-09 09:40:04,274.48,272.87,278.31,272.75,33861436,2.22,0,22.08,腾讯财经
2026-08-09 09:50:03,274.48,272.87,278.31,272.75,33861436,2.22,0,22.08,腾讯财经
2026-08-09 10:00:02,274.48,272.87,278.31,272.75,33861436,2.22,0,22.08,腾讯财经
2026-08-09 10:10:05,274.48,272.87,278.31,272.75,33861436,2.22,0,22.08,腾讯财经
2026-08-09 10:20:00,274.48,272.87,278.31,272.75,33861436,2.22,0,22.08,腾讯财经
2026-08-09 10:30:05,274.48,272.87,278.31,272.75,33861436,2.22,0,22.08,腾讯财经
2026-08-09 10:40:04,274.48,272.87,278.31,272.75,33861436,2.22,0,22.08,腾讯财经
2026-08-09 10:50:00,274.48,272.87,278.31,272.75,33861436,2.22,0,22.08,腾讯财经
2026-08-09 11:00:02,274.48,272.87,278.31,272.75,33861436,2.22,0,22.08,腾讯财经
2026-08-09 11:10:04,274.48,272.87,278.31,272.75,33861436,2.22,0,22.08,腾讯财经
2026-08-09 11:20:00,274.48,272.87,278.31,272.75,33861436,2.22,0,22.08,腾讯财经
2026-08-09 11:30:00,274.48,272.87,278.31,272.75,33861436,2.22,0,22.08,腾讯财经
2026-08-09 11:40:04,274.48,272.87,278.31,272.75,33861436,2.22,0,22.08,腾讯财经
2026-08-09 11:50:00,274.48,272.87,278.31,272.75,33861436,2.22,0,22.08,腾讯财经
2026-08-09 12:00:00,274.48,272.87,278.31,272.75,33861436,2.22,0,22.08,腾讯财经
2026-08-09 12:10:04,274.48,272.87,278.31,272.75,33861436,2.22,0,22.08,腾讯财经
2026-08-09 12:20:05,274.48,272.87,278.31,272.75,33861436,2.22,0,22.08,腾讯财经
2026-08-09 12:30:01,274.48,272.87,278.31,272.75,33861436,2.22,0,22.08,腾讯财经
2026-08-09 12:40:04,274.48,272.87,278.31,272.75,33861436,2.22,0,22.08,腾讯财经
2026-08-09 12:50:00,274.48,272.87,278.31,272.75,33861436,2.22,0,22.08,腾讯财经
2026-08-09 13:00:01,274.48,272.87,278.31,272.75,33861436,2.22,0,22.08,腾讯财经
2026-08-09 13:10:01,274.48,272.87,278.31,272.75,33861436,2.22,0,22.08,腾讯财经
2026-08-09 13:20:04,274.48,272.87,278.31,272.75,33861436,2.22,0,22.08,腾讯财经
2026-08-09 13:30:00,274.48,272.87,278.31,272.75,33861436,2.22,0,22.08,腾讯财经
2026-08-09 13:40:05,274.48,272.87,278.31,272.75,33861436,2.22,0,22.08,腾讯财经
2026-08-09 13:50:03,274.48,272.87,278.31,272.75,33861436,2.22,0,22.08,腾讯财经
2026-08-09 14:00:01,274.48,272.87,278.31,272.75,33861436,2.22,0,22.08,腾讯财经
2026-08-09 14:10:02,274.48,272.87,278.31,272.75,33861436,2.22,0,22.08,腾讯财经
2026-08-09 14:20:00,274.48,272.87,278.31,272.75,33861436,2.22,0,22.08,腾讯财经
2026-08-09 14:30:04,274.48,272.87,278.31,272.75,33861436,2.22,0,22.08,腾讯财经
2026-08-09 14:40:05,274.48,272.87,278.31,272.75,33861436,2.22,0,22.08,腾讯财经
2026-08-09 14:50:01,274.48,272.87,278.31,272.75,33861436,2.22,0,22.08,腾讯财经
2026-08-09 15:00:00,274.48,272.87,278.31,272.75,33861436,2.22,0,22.08,腾讯财经
2026-08-09 15:10:00,274.48,272.87,278.31,272.75,33861436,2.22,0,22.08,腾讯财经
2026-08-09 15:20:05,274.48,272.87,278.31,272.75,33861436,2.22,0,22.08,腾讯财经
2026-08-09 15:30:00,274.48,272.87,278.31,272.75,33861436,2.22,0,22.08,腾讯财经
2026-08-09 15:40:04,274.48,272.87,278.31,272.75,33861436,2.22,0,22.08,腾讯财经
2026-08-09 15:50:02,274.48,272.87,278.31,272.75,33861436,2.22,0,22.08,腾讯财经
2026-08-09 16:00:00,274.48,272.87,278.31,272.75,33861436,2.22,0,22.08,腾讯财经
2026-08-09 16:10:00,274.48,272.87,278.31,272.75,33861436,2.22,0,22.08,腾讯财经
2026-08-09 16:20:03,274.48,272.87,278.31,272.75,33861436,2.22,0,22.08,腾讯财经
2026-08-09 16:30:03,274.48,272.87,278.31,272.75,33861436,2.22,0,22.08,腾讯财经
2026-08-09 16:40:04,274.48,272.87,278.31,272.75,33861436,2.22,0,22.08,腾讯财经
2026-08-09 16:50:00,274.48,272.87,278.31,272.75,33861436,2.22,0,22.08,腾讯财经
2026-08-09 17:00:03,274.48,272.87,278.31,272.75,33861436,2.22,0,22.08,腾讯财经
2026-08-09 17:10:01,274.48,272.87,278.31,272.75,33861436,2.22,0,22.08,腾讯财经
2026-08-09 17:20:01,274.48,272.87,278.31,272.75,33861436,2.22,0,22.08,腾讯财经
2026-08-09 17:30:03,274.48,272.87,278.31,272.75,33861436,2.22,0,22.08,腾讯财经
2026-08-09 17:40:04,274.48,272.87,278.31,272.75,33861436,2.22,0,22.08,腾讯财经
2026-08-09 17:50:04,274.48,272.87,278.31,272.75,33861436,2.22,0,22.08,腾讯财经
2026-08-09 18:00:04,274.48,272.87,278.31,272.75,33861436,2.22,0,22.08,腾讯财经
2026-08-09 18:10:04,274.48,272.87,278.31,272.75,33861436,2.22,0,22.08,腾讯财经
2026-08-09 18:20:05,274.48,272.87,278.31,272.75,33861436,2.22,0,22.08,腾讯财经
2026-08-09 18:30:05,274.48,272.87,278.31,272.75,33861436,2.22,0,22.08,腾讯财经
2026-08-09 18:40:05,274.48,272.87,278.31,272.75,33861436,2.22,0,22.08,腾讯财经
2026-08-09 18:50:00,274.48,272.87,278.31,272.75,33861436,2.22,0,22.08,腾讯财经
2026-08-09 19:00:03,274.48,272.87,278.31,272.75,33861436,2.22,0,22.08,腾讯财经
2026-08-09 19:10:00,274.48,272.87,278.31,272.75,33861436,2.22,0,22.08,腾讯财经
2026-08-09 19:20:00,274.48,272.87,278.31,272.75,33861436,2.22,0,22.08,腾讯财经
2026-08-09 19:30:00,274.48,272.87,278.31,272.75,33861436,2.22,0,22.08,腾讯财经
2026-08-09 19:40:04,274.48,272.87,278.31,272.75,33861436,2.22,0,22.08,腾讯财经
2026-08-09 19:50:00,274.48,272.87,278.31,272.75,33861436,2.22,0,22.08,腾讯财经
2026-08-09 20:00:03,274.48,272.87,278.31,272.75,33861436,2.22,0,22.08,腾讯财经
2026-08-09 20:10:01,274.48,272.87,278.31,272.75,33861436,2.22,0,22.08,腾讯财经
2026-08-09 20:20:00,274.48,272.87,278.31,272.75,33861436,2.22,0,22.08,腾讯财经
2026-08-09 20:30:02,274.48,272.87,278.31,272.75,33861436,2.22,0,22.08,腾讯财经
2026-08-09 20:40:05,274.48,272.87,278.31,272.75,33861436,2.22,0,22.08,腾讯财经
2026-08-09 20:50:00,274.48,272.87,278.31,272.75,33861436,2.22,0,22.08,腾讯财经
2026-08-09 21:00:01,274.48,272.87,278.31,272.75,33861436,2.22,0,22.08,腾讯财经
2026-08-09 21:10:04,274.48,272.87,278.31,272.75,33861436,2.22,0,22.08,腾讯财经
2026-08-09 21:20:05,274.48,272.87,278.31,272.75,33861436,2.22,0,22.08,腾讯财经
2026-08-09 21:30:03,274.48,272.87,278.31,272.75,33861436,2.22,0,22.08,腾讯财经
2026-08-09 21:40:04,274.48,272.87,278.31,272.75,33861436,2.22,0,22.08,腾讯财经
2026-08-09 21:50:00,274.48,272.87,278.31,272.75,33861436,2.22,0,22.08,腾讯财经
2026-08-09 22:00:00,274.48,272.87,278.31,272.75,33861436,2.22,0,22.08,腾讯财经
2026-08-09 22:10:04,274.48,272.87,278.31,272.75,33861436,2.22,0,22.08,腾讯财经
2026-08-09 22:20:00,274.48,272.87,278.31,272.75,33861436,2.22,0,22.08,腾讯财经
2026-08-09 22:30:03,274.48,272.87,278.31,272.75,33861436,2.22,0,22.08,腾讯财经
2026-08-09 22:40:04,274.48,272.87,278.31,272.75,33861436,2.22,0,22.08,腾讯财经
2026-08-09 22:50:00,274.48,272.87,278.31,272.75,33861436,2.22,0,22.08,腾讯财经
2026-08-09 23:00:00,274.48,272.87,278.31,272.75,33861436,2.22,0,22.08,腾讯财经
2026-08-09 23:10:05,274.48,272.87,278.31,272.75,33861436,2.22,0,22.08,腾讯财经
2026-08-09 23:20:01,274.48,272.87,278.31,272.75,33861436,2.22,0,22.08,腾讯财经
2026-08-09 23:30:00,274.48,272.87,278.31,272.75,33861436,2.22,0,22.08,腾讯财经
2026-08-09 23:40:04,274.48,272.87,278.31,272.75,33861436,2.22,0,22.08,腾讯财经
2026-08-09 23:50:02,274.48,272.87,278.31,272.75,33861436,2.22,0,22.08,腾讯财经
2026-08-10 00:00:00,274.48,272.87,278.31,272.75,33861436,2.22,0,22.08,腾讯财经
2026-08-10 00:10:00,274.48,272.87,278.31,272.75,33861436,2.22,0,22.08,腾讯财经
2026-08-10 00:20:01,274.48,272.87,278.31,272.75,33861436,2.22,0,22.08,腾讯财经
2026-08-10 00:30:00,274.48,272.87,278.31,272.75,33861436,2.22,0,22.08,腾讯财经
2026-08-10 00:40:04,274.48,272.87,278.31,272.75,33861436,2.22,0,22.08,腾讯财经
2026-08-10 00:50:00,274.48,272.87,278.31,272.75,33861436,2.22,0,22.08,腾讯财经
2026-08-10 01:00:01,274.48,272.87,278.31,272.75,33861436,2.22,0,22.08,腾讯财经
2026-08-10 01:10:00,274.48,272.87,278.31,272.75,33861436,2.22,0,22.08,腾讯财经
2026-08-10 01:20:00,274.48,272.87,278.31,272.75,33861436,2.22,0,22.08,腾讯财经
2026-08-10 01:30:04,274.48,272.87,278.31,272.75,33861436,2.22,0,22.08,腾讯财经
2026-08-10 01:40:04,274.48,272.87,278.31,272.75,33861436,2.22,0,22.08,腾讯财经
2026-08-10 01:50:01,274.48,272.87,278.31,272.75,33861436,2.22,0,22.08,腾讯财经
2026-08-10 02:00:05,274.48,272.87,278.31,272.75,33861436,2.22,0,22.08,腾讯财经
2026-08-10 02:10:00,274.48,272.87,278.31,272.75,33861436,2.22,0,22.08,腾讯财经
2026-08-10 02:20:01,274.48,272.87,278.31,272.75,33861436,2.22,0,22.08,腾讯财经
2026-08-10 02:30:02,274.48,272.87,278.31,272.75,33861436,2.22,0,22.08,腾讯财经
2026-08-10 02:40:05,274.48,272.87,278.31,272.75,33861436,2.22,0,22.08,腾讯财经
2026-08-10 02:50:04,274.48,272.87,278.31,272.75,33861436,2.22,0,22.08,腾讯财经
2026-08-10 03:00:00,274.48,272.87,278.31,272.75,33861436,2.22,0,22.08,腾讯财经
2026-08-10 03:10:00,274.48,272.87,278.31,272.75,33861436,2.22,0,22.08,腾讯财经
2026-08-10 03:20:00,274.48,272.87,278.31,272.75,33861436,2.22,0,22.08,腾讯财经
2026-08-10 03:30:01,274.48,272.87,278.31,272.75,33861436,2.22,0,22.08,腾讯财经
2026-08-10 03:40:04,274.48,272.87,278.31,272.75,33861436,2.22,0,22.08,腾讯财经
2026-08-10 03:50:04,274.48,272.87,278.31,272.75,33861436,2.22,0,22.08,腾讯财经
2026-08-10 04:00:00,274.48,272.87,278.31,272.75,33861436,2.22,0,22.08,腾讯财经
2026-08-10 04:10:01,274.48,272.87,278.31,272.75,33861436,2.22,0,22.08,腾讯财经
2026-08-10 04:20:02,274.48,272.87,278.31,272.75,33861436,2.22,0,22.08,腾讯财经
2026-08-10 04:30:01,274.48,272.87,278.31,272.75,33861436,2.22,0,22.08,腾讯财经
2026-08-10 04:40:04,274.48,272.87,278.31,272.75,33861436,2.22,0,22.08,腾讯财经
2026-08-10 04:50:01,274.48,272.87,278.31,272.75,33861436,2.22,0,22.08,腾讯财经
2026-08-10 05:00:04,274.48,272.87,278.31,272.75,33861436,2.22,0,22.08,腾讯财经
2026-08-10 05:10:00,274.48,272.87,278.31,272.75,33861436,2.22,0,22.08,腾讯财经
2026-08-10 05:20:00,274.48,272.87,278.31,272.75,33861436,2.22,0,22.08,腾讯财经
2026-08-10 05:30:00,274.48,272.87,278.31,272.75,33861436,2.22,0,22.08,腾讯财经
2026-08-10 05:40:04,274.48,272.87,278.31,272.75,33861436,2.22,0,22.08,腾讯财经
2026-08-10 05:50:00,274.48,272.87,278.31,272.75,33861436,2.22,0,22.08,腾讯财经
2026-08-10 06:00:00,274.48,272.87,278.31,272.75,33861436,2.22,0,22.08,腾讯财经
2026-08-10 06:10:02,274.48,272.87,278.31,272.75,33861436,2.22,0,22.08,腾讯财经
2026-08-10 06:20:00,274.48,272.87,278.31,272.75,33861436,2.22,0,22.08,腾讯财经
2026-08-10 06:30:03,274.48,272.87,278.31,272.75,33861436,2.22,0,22.08,腾讯财经
2026-08-10 06:40:05,274.48,272.87,278.31,272.75,33861436,2.22,0,22.08,腾讯财经
2026-08-10 06:50:00,274.48,272.87,278.31,272.75,33861436,2.22,0,22.08,腾讯财经
2026-08-10 07:00:00,274.48,272.87,278.31,272.75,33861436,2.22,0,22.08,腾讯财经
2026-08-10 07:10:04,274.48,272.87,278.31,272.75,33861436,2.22,0,22.08,腾讯财经
2026-08-10 07:20:00,274.48,272.87,278.31,272.75,33861436,2.22,0,22.08,腾讯财经
2026-08-10 07:30:00,274.48,272.87,278.31,272.75,33861436,2.22,0,22.08,腾讯财经
2026-08-10 07:40:04,274.48,272.87,278.31,272.75,33861436,2.22,0,22.08,腾讯财经
2026-08-10 07:50:00,274.48,272.87,278.31,272.75,33861436,2.22,0,22.08,腾讯财经
2026-08-10 08:00:00,274.48,272.87,278.31,272.75,33861436,2.22,0,22.08,腾讯财经
2026-08-10 08:10:00,274.48,272.87,278.31,272.75,33861436,2.22,0,22.08,腾讯财经
2026-08-10 08:20:00,274.48,272.87,278.31,272.75,33861436,2.22,0,22.08,腾讯财经
2026-08-10 08:30:01,274.48,272.87,278.31,272.75,33861436,2.22,0,22.08,腾讯财经
2026-08-10 08:40:04,274.48,272.87,278.31,272.75,33861436,2.22,0,22.08,腾讯财经
2026-08-10 08:50:02,274.48,272.87,278.31,272.75,33861436,2.22,0,22.08,腾讯财经
2026-08-10 09:00:04,274.48,272.87,278.31,272.75,33861436,2.22,0,22.08,腾讯财经
2026-08-10 09:10:00,274.48,272.87,278.31,272.75,33861436,2.22,0,22.08,腾讯财经
2026-08-10 09:20:01,274.48,272.87,278.31,272.75,33861436,2.22,0,22.08,腾讯财经
2026-08-10 09:30:00,274.48,272.87,278.31,272.75,33861436,2.22,0,22.08,腾讯财经
2026-08-10 09:40:05,274.48,272.87,278.31,272.75,33861436,2.22,0,22.08,腾讯财经
2026-08-10 09:50:00,274.48,272.87,278.31,272.75,33861436,2.22,0,22.08,腾讯财经
2026-08-10 10:00:05,274.48,272.87,278.31,272.75,33861436,2.22,0,22.08,腾讯财经
2026-08-10 10:10:00,274.48,272.87,278.31,272.75,33861436,2.22,0,22.08,腾讯财经
2026-08-10 10:20:01,274.48,272.87,278.31,272.75,33861436,2.22,0,22.08,腾讯财经
2026-08-10 10:30:02,274.48,272.87,278.31,272.75,33861436,2.22,0,22.08,腾讯财经
2026-08-10 10:40:04,274.48,272.87,278.31,272.75,33861436,2.22,0,22.08,腾讯财经
2026-08-10 10:50:00,274.48,272.87,278.31,272.75,33861436,2.22,0,22.08,腾讯财经
2026-08-10 11:00:00,274.48,272.87,278.31,272.75,33861436,2.22,0,22.08,腾讯财经
2026-08-10 11:10:01,274.48,272.87,278.31,272.75,33861436,2.22,0,22.08,腾讯财经
2026-08-10 11:20:04,274.48,272.87,278.31,272.75,33861436,2.22,0,22.08,腾讯财经
2026-08-10 11:30:04,274.48,272.87,278.31,272.75,33861436,2.22,0,22.08,腾讯财经
2026-08-10 11:40:05,274.48,272.87,278.31,272.75,33861436,2.22,0,22.08,腾讯财经
2026-08-10 11:50:00,274.48,272.87,278.31,272.75,33861436,2.22,0,22.08,腾讯财经
2026-08-10 12:00:00,274.48,272.87,278.31,272.75,33861436,2.22,0,22.08,腾讯财经
2026-08-10 12:10:02,274.48,272.87,278.31,272.75,33861436,2.22,0,22.08,腾讯财经
2026-08-10 12:20:03,274.48,272.87,278.31,272.75,33861436,2.22,0,22.08,腾讯财经
2026-08-10 12:30:02,274.48,272.87,278.31,272.75,33861436,2.22,0,22.08,腾讯财经
2026-08-10 12:40:04,274.48,272.87,278.31,272.75,33861436,2.22,0,22.08,腾讯财经
2026-08-10 12:50:00,274.48,272.87,278.31,272.75,33861436,2.22,0,22.08,腾讯财经
2026-08-10 13:00:05,274.48,272.87,278.31,272.75,33861436,2.22,0,22.08,腾讯财经
2026-08-10 13:10:03,274.48,272.87,278.31,272.75,33861436,2.22,0,22.08,腾讯财经
2026-08-10 13:20:00,274.48,272.87,278.31,272.75,33861436,2.22,0,22.08,腾讯财经
2026-08-10 13:30:01,274.48,272.87,278.31,272.75,33861436,2.22,0,22.08,腾讯财经
2026-08-10 13:40:05,274.48,272.87,278.31,272.75,33861436,2.22,0,22.08,腾讯财经
2026-08-10 13:50:04,274.48,272.87,278.31,272.75,33861436,2.22,0,22.08,腾讯财经
2026-08-10 14:00:05,274.48,272.87,278.31,272.75,33861436,2.22,0,22.08,腾讯财经
2026-08-10 14:10:03,274.48,272.87,278.31,272.75,33861436,2.22,0,22.08,腾讯财经
2026-08-10 14:20:02,274.48,272.87,278.31,272.75,33861436,2.22,0,22.08,腾讯财经
2026-08-10 14:30:05,274.48,272.87,278.31,272.75,33861436,2.22,0,22.08,腾讯财经
2026-08-10 14:40:05,274.48,272.87,278.31,272.75,33861436,2.22,0,22.08,腾讯财经
2026-08-10 14:50:00,274.48,272.87,278.31,272.75,33861436,2.22,0,22.08,腾讯财经
2026-08-10 15:00:01,274.48,272.87,278.31,272.75,33861436,2.22,0,22.08,腾讯财经
2026-08-10 15:10:05,274.48,272.87,278.31,272.75,33861436,2.22,0,22.08,腾讯财经
2026-08-10 15:20:00,274.48,272.87,278.31,272.75,33861436,2.22,0,22.08,腾讯财经
2026-08-10 15:30:00,274.48,272.87,278.31,272.75,33861436,2.22,0,22.08,腾讯财经
2026-08-10 15:40:04,274.48,272.87,278.31,272.75,33861436,2.22,0,22.08,腾讯财经
2026-08-10 15:50:05,274.48,272.87,278.31,272.75,33861436,2.22,0,22.08,腾讯财经
2026-08-10 16:00:00,274.48,272.87,278.31,272.75,33861436,2.22,0,22.08,腾讯财经
2026-08-10 16:10:01,274.48,272.87,278.31,272.75,33861436,2.22,0,22.08,腾讯财经
2026-08-10 16:20:05,274.48,272.87,278.31,272.75,33861436,2.22,0,22.08,腾讯财经
2026-08-10 16:30:00,274.48,272.87,278.31,272.75,33861436,2.22,0,22.08,腾讯财经
2026-08-10 16:40:04,274.48,272.87,278.31,272.75,33861436,2.22,0,22.08,腾讯财经
2026-08-10 16:50:01,274.48,272.87,278.31,272.75,33861436,2.22,0,22.08,腾讯财经
2026-08-10 17:00:00,274.48,272.87,278.31,272.75,33861436,2.22,0,22.08,腾讯财经
2026-08-10 17:10:00,274.48,272.87,278.31,272.75,33861436,2.22,0,22.08,腾讯财经
2026-08-10 17:20:03,274.48,272.87,278.31,272.75,33861436,2.22,0,22.08,腾讯财经
2026-08-10 17:30:01,274.48,272.87,278.31,272.75,33861436,2.22,0,22.08,腾讯财经
2026-08-10 18:00:44,274.48,272.87,278.31,272.75,33861436,2.22,0,22.08,腾讯财经
2026-08-10 18:10:01,274.48,272.87,278.31,272.75,33861436,2.22,0,22.08,腾讯财经
2026-08-10 18:20:02,274.48,272.87,278.31,272.75,33861436,2.22,0,22.08,腾讯财经
2026-08-10 18:30:00,274.48,272.87,278.31,272.75,33861436,2.22,0,22.08,腾讯财经
2026-08-10 18:40:00,274.48,272.87,278.31,272.75,33861436,2.22,0,22.08,腾讯财经
2026-08-10 18:50:00,274.48,272.87,278.31,272.75,33861436,2.22,0,22.08,腾讯财经
2026-08-10 19:00:04,274.48,272.87,278.31,272.75,33861436,2.22,0,22.08,腾讯财经
2026-08-10 19:10:05,274.48,272.87,278.31,272.75,33861436,2.22,0,22.08,腾讯财经
2026-08-10 19:20:02,274.48,272.87,278.31,272.75,33861436,2.22,0,22.08,腾讯财经
2026-08-10 19:30:00,274.48,272.87,278.31,272.75,33861436,2.22,0,22.08,腾讯财经
2026-08-10 19:40:01,274.48,272.87,278.31,272.75,33861436,2.22,0,22.08,腾讯财经
2026-08-10 19:50:00,274.48,272.87,278.31,272.75,33861436,2.22,0,22.08,腾讯财经
2026-08-10 20:00:01,274.48,272.87,278.31,272.75,33861436,2.22,0,22.08,腾讯财经
2026-08-10 20:10:00,274.48,272.87,278.31,272.75,33861436,2.22,0,22.08,腾讯财经
2026-08-10 20:20:00,274.48,272.87,278.31,272.75,33861436,2.22,0,22.08,腾讯财经
2026-08-10 20:30:00,274.48,272.87,278.31,272.75,33861436,2.22,0,22.08,腾讯财经
2026-08-11 08:50:00,278.09,274.01,280.14,273.60,35731907,3.61,1.00,22.37,腾讯财经
2026-08-11 09:00:04,278.09,274.01,280.14,273.60,35731907,3.61,1.00,22.37,腾讯财经
2026-08-11 09:10:01,278.09,274.01,280.14,273.60,35731907,3.61,1.00,22.37,腾讯财经
2026-08-11 09:20:03,278.09,274.01,280.14,273.60,35731907,3.61,1.00,22.37,腾讯财经
2026-08-11 09:30:03,278.09,274.01,280.14,273.60,35731907,3.61,1.00,22.37,腾讯财经
2026-08-11 09:40:00,278.09,274.01,280.14,273.60,35731907,3.61,1.00,22.37,腾讯财经
2026-08-11 09:50:00,278.09,274.01,280.14,273.60,35731907,3.61,1.00,22.37,腾讯财经
2026-08-11 10:00:00,278.09,274.01,280.14,273.60,35731907,3.61,1.00,22.37,腾讯财经
2026-08-11 10:10:00,278.09,274.01,280.14,273.60,35731907,3.61,1.00,22.37,腾讯财经
2026-08-11 10:20:03,278.09,274.01,280.14,273.60,35731907,3.61,1.00,22.37,腾讯财经
2026-08-11 10:30:02,278.09,274.01,280.14,273.60,35731907,3.61,1.00,22.37,腾讯财经
2026-08-11 10:40:00,278.09,274.01,280.14,273.60,35731907,3.61,1.00,22.37,腾讯财经
2026-08-11 10:50:00,278.09,274.01,280.14,273.60,35731907,3.61,1.00,22.37,腾讯财经
2026-08-11 11:00:04,278.09,274.01,280.14,273.60,35731907,3.61,1.00,22.37,腾讯财经
2026-08-11 11:10:03,278.09,274.01,280.14,273.60,35731907,3.61,1.00,22.37,腾讯财经
2026-08-11 11:20:04,278.09,274.01,280.14,273.60,35731907,3.61,1.00,22.37,腾讯财经
2026-08-11 11:30:00,278.09,274.01,280.14,273.60,35731907,3.61,1.00,22.37,腾讯财经
2026-08-11 11:40:00,278.09,274.01,280.14,273.60,35731907,3.61,1.00,22.37,腾讯财经
2026-08-11 11:50:02,278.09,274.01,280.14,273.60,35731907,3.61,1.00,22.37,腾讯财经
2026-08-11 12:00:03,278.09,274.01,280.14,273.60,35731907,3.61,1.00,22.37,腾讯财经
2026-08-11 12:10:00,278.09,274.01,280.14,273.60,35731907,3.61,1.00,22.37,腾讯财经
2026-08-11 12:20:00,278.09,274.01,280.14,273.60,35731907,3.61,1.00,22.37,腾讯财经
2026-08-11 12:30:04,278.09,274.01,280.14,273.60,35731907,3.61,1.00,22.37,腾讯财经
2026-08-11 12:40:04,278.09,274.01,280.14,273.60,35731907,3.61,1.00,22.37,腾讯财经
2026-08-11 12:50:03,278.09,274.01,280.14,273.60,35731907,3.61,1.00,22.37,腾讯财经
2026-08-11 13:00:04,278.09,274.01,280.14,273.60,35731907,3.61,1.00,22.37,腾讯财经
2026-08-11 13:10:00,278.09,274.01,280.14,273.60,35731907,3.61,1.00,22.37,腾讯财经
2026-08-11 13:20:05,278.09,274.01,280.14,273.60,35731907,3.61,1.00,22.37,腾讯财经
2026-08-11 13:30:02,278.09,274.01,280.14,273.60,35731907,3.61,1.00,22.37,腾讯财经
2026-08-11 13:40:00,278.09,274.01,280.14,273.60,35731907,3.61,1.00,22.37,腾讯财经
2026-08-11 13:50:02,278.09,274.01,280.14,273.60,35731907,3.61,1.00,22.37,腾讯财经
2026-08-11 14:30:01,278.09,274.01,280.14,273.60,35731907,3.61,1.00,22.37,腾讯财经
2026-08-11 14:40:05,278.09,274.01,280.14,273.60,35731907,3.61,1.00,22.37,腾讯财经
2026-08-11 14:50:04,278.09,274.01,280.14,273.60,35731907,3.61,1.00,22.37,腾讯财经
2026-08-11 15:00:00,278.09,274.01,280.14,273.60,35731907,3.61,1.00,22.37,腾讯财经
2026-08-11 15:10:00,278.09,274.01,280.14,273.60,35731907,3.61,1.00,22.37,腾讯财经
2026-08-11 15:20:05,278.09,274.01,280.14,273.60,35731907,3.61,1.00,22.37,腾讯财经
2026-08-11 15:30:00,278.09,274.01,280.14,273.60,35731907,3.61,1.00,22.37,腾讯财经
2026-08-11 15:40:02,278.09,274.01,280.14,273.60,35731907,3.61,1.00,22.37,腾讯财经
2026-08-11 15:50:02,278.09,274.01,280.14,273.60,35731907,3.61,1.00,22.37,腾讯财经
2026-08-11 16:00:00,278.09,274.01,280.14,273.60,35731907,3.61,1.00,22.37,腾讯财经
2026-08-11 16:10:02,278.09,274.01,280.14,273.60,35731907,3.61,1.00,22.37,腾讯财经
2026-08-11 16:20:05,278.09,274.01,280.14,273.60,35731907,3.61,1.00,22.37,腾讯财经
2026-08-11 16:30:01,278.09,274.01,280.14,273.60,35731907,3.61,1.00,22.37,腾讯财经
2026-08-11 16:40:05,278.09,274.01,280.14,273.60,35731907,3.61,1.00,22.37,腾讯财经
2026-08-11 16:50:01,278.09,274.01,280.14,273.60,35731907,3.61,1.00,22.37,腾讯财经
2026-08-11 17:00:00,278.09,274.01,280.14,273.60,35731907,3.61,1.00,22.37,腾讯财经
2026-08-11 17:10:00,278.09,274.01,280.14,273.60,35731907,3.61,1.00,22.37,腾讯财经
2026-08-11 17:20:01,278.09,274.01,280.14,273.60,35731907,3.61,1.00,22.37,腾讯财经
2026-08-11 17:30:04,278.09,274.01,280.14,273.60,35731907,3.61,1.00,22.37,腾讯财经
2026-08-11 17:40:00,278.09,274.01,280.14,273.60,35731907,3.61,1.00,22.37,腾讯财经
2026-08-11 17:50:03,278.09,274.01,280.14,273.60,35731907,3.61,1.00,22.37,腾讯财经
2026-08-11 18:00:05,278.09,274.01,280.14,273.60,35731907,3.61,1.00,22.37,腾讯财经
2026-08-11 18:10:00,278.09,274.01,280.14,273.60,35731907,3.61,1.00,22.37,腾讯财经
2026-08-11 18:20:00,278.09,274.01,280.14,273.60,35731907,3.61,1.00,22.37,腾讯财经
2026-08-11 18:30:02,278.09,274.01,280.14,273.60,35731907,3.61,1.00,22.37,腾讯财经
2026-08-11 18:40:02,278.09,274.01,280.14,273.60,35731907,3.61,1.00,22.37,腾讯财经
2026-08-11 18:50:00,278.09,274.01,280.14,273.60,35731907,3.61,1.00,22.37,腾讯财经
2026-08-11 19:00:02,278.09,274.01,280.14,273.60,35731907,3.61,1.00,22.37,腾讯财经
2026-08-11 19:10:00,278.09,274.01,280.14,273.60,35731907,3.61,1.00,22.37,腾讯财经
2026-08-11 19:20:01,278.09,274.01,280.14,273.60,35731907,3.61,1.00,22.37,腾讯财经
2026-08-11 19:30:04,278.09,274.01,280.14,273.60,35731907,3.61,1.00,22.37,腾讯财经
2026-08-11 19:40:05,278.09,274.01,280.14,273.60,35731907,3.61,1.00,22.37,腾讯财经
2026-08-11 19:50:00,278.09,274.01,280.14,273.60,35731907,3.61,1.00,22.37,腾讯财经
2026-08-11 20:00:00,278.09,274.01,280.14,273.60,35731907,3.61,1.00,22.37,腾讯财经
2026-08-11 20:10:05,278.09,274.01,280.14,273.60,35731907,3.61,1.00,22.37,腾讯财经
2026-08-11 20:20:02,278.09,274.01,280.14,273.60,35731907,3.61,1.00,22.37,腾讯财经
2026-08-11 20:30:05,278.09,274.01,280.14,273.60,35731907,3.61,1.00,22.37,腾讯财经
2026-08-11 20:40:00,278.09,274.01,280.14,273.60,35731907,3.61,1.00,22.37,腾讯财经
2026-08-11 20:50:00,278.09,274.01,280.14,273.60,35731907,3.61,1.00,22.37,腾讯财经
2026-08-11 21:00:00,278.09,274.01,280.14,273.60,35731907,3.61,1.00,22.37,腾讯财经
2026-08-11 21:10:00,278.09,274.01,280.14,273.60,35731907,3.61,1.00,22.37,腾讯财经
2026-08-11 21:20:00,278.09,274.01,280.14,273.60,35731907,3.61,1.00,22.37,腾讯财经
2026-08-11 21:30:00,278.09,0.00,0.00,0.00,262175,0,0,22.37,腾讯财经
2026-08-11 21:40:00,274.88,278.40,278.84,273.87,1988585,-3.21,-1.00,22.11,腾讯财经
2026-08-11 21:50:04,273.82,278.69,278.84,273.26,2931008,-4.27,-1.00,22.03,腾讯财经
2026-08-11 22:00:00,274.54,278.69,278.84,273.26,3550825,-3.55,-1.00,22.09,腾讯财经
2026-08-11 22:10:00,275.26,278.69,278.84,273.26,4155925,-2.83,-1.00,22.14,腾讯财经
2026-08-11 22:20:04,274.73,278.69,278.84,273.26,4813501,-3.36,-1.00,22.10,腾讯财经
2026-08-11 22:30:02,274.73,278.69,278.84,273.26,5546222,-3.36,-1.00,22.10,腾讯财经
2026-08-11 22:40:00,274.19,278.69,278.84,273.26,5982295,-3.90,-1.00,22.06,腾讯财经
2026-08-11 22:50:01,274.67,278.69,278.84,273.26,6469002,-3.42,-1.00,22.10,腾讯财经
2026-08-11 23:00:00,274.54,278.69,278.84,273.26,6816985,-3.55,-1.00,22.09,腾讯财经
2026-08-11 23:10:00,273.32,278.69,278.84,273.13,7386710,-4.77,-1.00,21.99,腾讯财经
2026-08-11 23:20:00,273.04,278.69,278.84,272.32,8264864,-5.05,-1.00,21.97,腾讯财经
2026-08-11 23:30:00,273.28,278.69,278.84,272.32,8666245,-4.81,-1.00,21.99,腾讯财经
2026-08-11 23:40:00,272.70,278.69,278.84,272.32,9188707,-5.39,-1.00,21.94,腾讯财经
2026-08-11 23:50:01,272.20,278.69,278.84,272.08,9607654,-5.89,-2.00,21.90,腾讯财经
2026-08-12 00:00:00,272.26,278.69,278.84,271.95,10040921,-5.83,-2.00,21.90,腾讯财经
2026-08-12 00:10:01,272.39,278.69,278.84,271.95,10436089,-5.70,-2.00,21.91,腾讯财经
2026-08-12 00:20:00,271.85,278.69,278.84,271.82,10892670,-6.24,-2.00,21.87,腾讯财经
2026-08-12 00:30:00,271.81,278.69,278.84,271.42,11320138,-6.28,-2.00,21.87,腾讯财经
2026-08-12 00:40:02,271.73,278.69,278.84,271.42,11631835,-6.36,-2.00,21.86,腾讯财经
2026-08-12 00:50:00,271.90,278.69,278.84,271.42,12017889,-6.19,-2.00,21.87,腾讯财经
2026-08-12 01:00:02,271.98,278.69,278.84,271.42,12411162,-6.11,-2.00,21.88,腾讯财经
2026-08-12 01:10:01,271.93,278.69,278.84,271.42,12716941,-6.16,-2.00,21.88,腾讯财经
2026-08-12 01:20:02,271.65,278.69,278.84,271.42,13238695,-6.44,-2.00,21.85,腾讯财经
2026-08-12 01:30:01,272.06,278.69,278.84,271.42,13634304,-6.03,-2.00,21.89,腾讯财经
2026-08-12 01:40:02,272.28,278.69,278.84,271.42,13958832,-5.81,-2.00,21.91,腾讯财经
2026-08-12 01:50:01,272.67,278.69,278.84,271.42,14767519,-5.42,-1.00,21.94,腾讯财经
2026-08-12 02:00:01,272.59,278.69,278.84,271.42,15016743,-5.50,-1.00,21.93,腾讯财经
2026-08-12 02:10:04,272.35,278.69,278.84,271.42,15348279,-5.74,-2.00,21.91,腾讯财经
2026-08-12 02:20:02,272.28,278.69,278.84,271.42,15630085,-5.81,-2.00,21.91,腾讯财经
2026-08-12 02:30:04,272.03,278.69,278.84,271.42,15999898,-6.06,-2.00,21.88,腾讯财经
2026-08-12 02:40:00,271.47,278.69,278.84,271.36,16451020,-6.62,-2.00,21.84,腾讯财经
2026-08-12 02:50:00,272.64,278.69,278.84,271.36,16992686,-5.45,-1.00,21.93,腾讯财经
2026-08-12 03:00:02,272.59,278.69,278.84,271.36,17414215,-5.50,-1.00,21.93,腾讯财经
2026-08-12 03:10:03,272.89,278.69,278.84,271.36,17979278,-5.20,-1.00,21.95,腾讯财经
2026-08-12 03:20:00,272.31,278.69,278.84,271.36,18393726,-5.78,-2.00,21.91,腾讯财经
2026-08-12 03:30:00,272.62,278.69,278.84,271.36,18992283,-5.47,-1.00,21.93,腾讯财经
2026-08-12 03:40:05,273.28,278.69,278.84,271.36,19607716,-4.81,-1.00,21.99,腾讯财经
2026-08-12 03:50:01,273.20,278.69,278.84,271.36,20342903,-4.89,-1.00,21.98,腾讯财经
2026-08-12 04:00:05,272.28,278.69,278.84,271.36,24013992,-5.81,-2.00,21.91,腾讯财经
2026-08-12 04:10:05,272.27,278.69,278.84,271.36,31413673,-5.82,-2.00,21.90,腾讯财经
2026-08-12 04:20:03,272.27,278.69,278.84,271.36,31430009,-5.82,-2.00,21.90,腾讯财经
2026-08-12 04:30:00,272.27,278.69,278.84,271.36,31487660,-5.82,-2.00,21.90,腾讯财经
2026-08-12 04:40:00,272.27,278.69,278.84,271.36,31495483,-5.82,-2.00,21.90,腾讯财经
2026-08-12 04:50:03,272.27,278.69,278.84,271.36,31499928,-5.82,-2.00,21.90,腾讯财经
2026-08-12 05:00:00,272.27,278.69,278.84,271.36,31504748,-5.82,-2.00,21.90,腾讯财经
2026-08-12 05:10:00,272.27,278.69,278.84,271.36,31782817,-5.82,-2.00,21.90,腾讯财经
2026-08-12 05:20:02,272.27,278.69,278.84,271.36,31816847,-5.82,-2.00,21.90,腾讯财经
2026-08-12 05:30:00,272.27,278.69,278.84,271.36,31826085,-5.82,-2.00,21.90,腾讯财经
2026-08-12 05:40:01,272.27,278.69,278.84,271.36,31830031,-5.82,-2.00,21.90,腾讯财经
2026-08-12 05:50:00,272.27,278.69,278.84,271.36,31832218,-5.82,-2.00,21.90,腾讯财经
2026-08-12 06:00:01,272.27,278.69,278.84,271.36,31837866,-5.82,-2.00,21.90,腾讯财经
2026-08-12 06:10:00,272.27,278.69,278.84,271.36,31843279,-5.82,-2.00,21.90,腾讯财经
2026-08-12 06:20:05,272.27,278.69,278.84,271.36,31849635,-5.82,-2.00,21.90,腾讯财经
2026-08-12 06:30:00,272.27,278.69,278.84,271.36,31852793,-5.82,-2.00,21.90,腾讯财经
2026-08-12 06:40:00,272.27,278.69,278.84,271.36,31858131,-5.82,-2.00,21.90,腾讯财经
2026-08-12 06:50:01,272.27,278.69,278.84,271.36,31864105,-5.82,-2.00,21.90,腾讯财经
2026-08-12 07:00:03,272.27,278.69,278.84,271.36,31868572,-5.82,-2.00,21.90,腾讯财经
2026-08-12 07:10:00,272.27,278.69,278.84,271.36,31869741,-5.82,-2.00,21.90,腾讯财经
2026-08-12 07:20:01,272.27,278.69,278.84,271.36,31871408,-5.82,-2.00,21.90,腾讯财经
2026-08-12 07:30:00,272.27,278.69,278.84,271.36,31882099,-5.82,-2.00,21.90,腾讯财经
2026-08-12 07:40:00,272.27,278.69,278.84,271.36,31885582,-5.82,-2.00,21.90,腾讯财经
2026-08-12 07:50:00,272.27,278.69,278.84,271.36,31891086,-5.82,-2.00,21.90,腾讯财经
2026-08-12 08:00:02,272.27,278.69,278.84,271.36,31895659,-5.82,-2.00,21.90,腾讯财经
2026-08-12 08:10:00,272.27,278.69,278.84,271.36,31895707,-5.82,-2.00,21.90,腾讯财经
2026-08-12 08:20:01,272.27,278.69,278.84,271.36,31895708,-5.82,-2.00,21.90,腾讯财经
2026-08-12 08:30:01,272.27,278.69,278.84,271.36,31895708,-5.82,-2.00,21.90,腾讯财经
2026-08-12 08:40:00,272.27,278.69,278.84,271.36,31895708,-5.82,-2.00,21.90,腾讯财经
2026-08-12 08:50:02,272.27,278.69,278.84,271.36,31895708,-5.82,-2.00,21.90,腾讯财经
2026-08-12 09:00:04,272.27,278.69,278.84,271.36,31895708,-5.82,-2.00,21.90,腾讯财经
2026-08-12 09:10:00,272.27,278.69,278.84,271.36,31895708,-5.82,-2.00,21.90,腾讯财经
2026-08-12 09:20:00,272.27,278.69,278.84,271.36,31895708,-5.82,-2.00,21.90,腾讯财经
2026-08-12 09:30:00,272.27,278.69,278.84,271.36,31895708,-5.82,-2.00,21.90,腾讯财经
2026-08-12 09:40:05,272.27,278.69,278.84,271.36,31895708,-5.82,-2.00,21.90,腾讯财经
2026-08-12 09:50:00,272.27,278.69,278.84,271.36,31895708,-5.82,-2.00,21.90,腾讯财经
2026-08-12 10:00:05,272.27,278.69,278.84,271.36,31895708,-5.82,-2.00,21.90,腾讯财经
2026-08-12 10:10:01,272.27,278.69,278.84,271.36,31895708,-5.82,-2.00,21.90,腾讯财经
2026-08-12 10:20:00,272.27,278.69,278.84,271.36,31895708,-5.82,-2.00,21.90,腾讯财经
2026-08-12 10:30:03,272.27,278.69,278.84,271.36,31895708,-5.82,-2.00,21.90,腾讯财经
2026-08-12 10:40:00,272.27,278.69,278.84,271.36,31895708,-5.82,-2.00,21.90,腾讯财经
2026-08-12 10:50:05,272.27,278.69,278.84,271.36,31895708,-5.82,-2.00,21.90,腾讯财经
2026-08-12 11:00:00,272.27,278.69,278.84,271.36,31895708,-5.82,-2.00,21.90,腾讯财经
2026-08-12 11:10:00,272.27,278.69,278.84,271.36,31895708,-5.82,-2.00,21.90,腾讯财经
2026-08-12 11:20:03,272.27,278.69,278.84,271.36,31895708,-5.82,-2.00,21.90,腾讯财经
2026-08-12 11:30:03,272.27,278.69,278.84,271.36,31895708,-5.82,-2.00,21.90,腾讯财经
2026-08-12 11:40:00,272.27,278.69,278.84,271.36,31895708,-5.82,-2.00,21.90,腾讯财经
2026-08-12 11:50:00,272.27,278.69,278.84,271.36,31895708,-5.82,-2.00,21.90,腾讯财经
2026-08-12 12:00:04,272.27,278.69,278.84,271.36,31895708,-5.82,-2.00,21.90,腾讯财经
2026-08-12 12:10:00,272.27,278.69,278.84,271.36,31895708,-5.82,-2.00,21.90,腾讯财经
2026-08-12 12:20:01,272.27,278.69,278.84,271.36,31895708,-5.82,-2.00,21.90,腾讯财经
2026-08-12 12:30:02,272.27,278.69,278.84,271.36,31895708,-5.82,-2.00,21.90,腾讯财经
2026-08-12 12:40:04,272.27,278.69,278.84,271.36,31895708,-5.82,-2.00,21.90,腾讯财经
2026-08-12 12:50:00,272.27,278.69,278.84,271.36,31895708,-5.82,-2.00,21.90,腾讯财经
2026-08-12 13:00:00,272.27,278.69,278.84,271.36,31895708,-5.82,-2.00,21.90,腾讯财经
2026-08-12 13:10:01,272.27,278.69,278.84,271.36,31895708,-5.82,-2.00,21.90,腾讯财经
2026-08-12 13:20:02,272.27,278.69,278.84,271.36,31895708,-5.82,-2.00,21.90,腾讯财经
2026-08-12 13:30:05,272.27,278.69,278.84,271.36,31895708,-5.82,-2.00,21.90,腾讯财经
2026-08-12 13:40:00,272.27,278.69,278.84,271.36,31895708,-5.82,-2.00,21.90,腾讯财经
2026-08-12 13:50:01,272.27,278.69,278.84,271.36,31895708,-5.82,-2.00,21.90,腾讯财经
2026-08-12 14:00:03,272.27,278.69,278.84,271.36,31895708,-5.82,-2.00,21.90,腾讯财经
2026-08-12 14:10:03,272.27,278.69,278.84,271.36,31895708,-5.82,-2.00,21.90,腾讯财经
2026-08-12 14:20:00,272.27,278.69,278.84,271.36,31895708,-5.82,-2.00,21.90,腾讯财经
2026-08-12 14:30:03,272.27,278.69,278.84,271.36,31895708,-5.82,-2.00,21.90,腾讯财经
2026-08-12 14:40:02,272.27,278.69,278.84,271.36,31895708,-5.82,-2.00,21.90,腾讯财经
2026-08-12 14:50:02,272.27,278.69,278.84,271.36,31895708,-5.82,-2.00,21.90,腾讯财经
2026-08-12 15:00:00,272.27,278.69,278.84,271.36,31895708,-5.82,-2.00,21.90,腾讯财经
2026-08-12 15:10:02,272.27,278.69,278.84,271.36,31895708,-5.82,-2.00,21.90,腾讯财经
2026-08-12 15:20:02,272.27,278.69,278.84,271.36,31895708,-5.82,-2.00,21.90,腾讯财经
2026-08-12 15:30:00,272.27,278.69,278.84,271.36,31895708,-5.82,-2.00,21.90,腾讯财经
2026-08-12 15:40:01,272.27,278.69,278.84,271.36,31895708,-5.82,-2.00,21.90,腾讯财经
2026-08-12 15:50:04,272.27,278.69,278.84,271.36,31895708,-5.82,-2.00,21.90,腾讯财经
2026-08-12 16:00:00,272.27,278.69,278.84,271.36,31895708,-5.82,-2.00,21.90,腾讯财经
2026-08-12 16:10:05,272.27,278.69,278.84,271.36,31895708,-5.82,-2.00,21.90,腾讯财经
2026-08-12 16:20:01,272.27,278.69,278.84,271.36,31895708,-5.82,-2.00,21.90,腾讯财经
2026-08-12 16:30:03,272.27,278.69,278.84,271.36,31895708,-5.82,-2.00,21.90,腾讯财经
2026-08-12 16:40:05,272.27,278.69,278.84,271.36,31895708,-5.82,-2.00,21.90,腾讯财经
2026-08-12 16:50:00,272.27,278.69,278.84,271.36,31895708,-5.82,-2.00,21.90,腾讯财经
2026-08-12 17:00:03,272.27,278.69,278.84,271.36,31895708,-5.82,-2.00,21.90,腾讯财经
2026-08-12 17:10:00,272.27,278.69,278.84,271.36,31895708,-5.82,-2.00,21.90,腾讯财经
2026-08-12 17:20:00,272.27,278.69,278.84,271.36,31895708,-5.82,-2.00,21.90,腾讯财经
2026-08-12 17:30:03,272.27,278.69,278.84,271.36,31895708,-5.82,-2.00,21.90,腾讯财经
2026-08-12 17:40:05,272.27,278.69,278.84,271.36,31895708,-5.82,-2.00,21.90,腾讯财经
2026-08-12 17:50:00,272.27,278.69,278.84,271.36,31895708,-5.82,-2.00,21.90,腾讯财经
2026-08-12 18:00:02,272.27,278.69,278.84,271.36,31895708,-5.82,-2.00,21.90,腾讯财经
2026-08-12 18:10:04,272.27,278.69,278.84,271.36,31895708,-5.82,-2.00,21.90,腾讯财经
2026-08-12 18:20:00,272.27,278.69,278.84,271.36,31895708,-5.82,-2.00,21.90,腾讯财经
2026-08-12 18:30:00,272.27,278.69,278.84,271.36,31895708,-5.82,-2.00,21.90,腾讯财经
2026-08-12 18:40:03,272.27,278.69,278.84,271.36,31895708,-5.82,-2.00,21.90,腾讯财经
2026-08-12 18:50:05,272.27,278.69,278.84,271.36,31895708,-5.82,-2.00,21.90,腾讯财经
2026-08-12 19:00:00,272.27,278.69,278.84,271.36,31895708,-5.82,-2.00,21.90,腾讯财经
2026-08-12 19:10:00,272.27,278.69,278.84,271.36,31895708,-5.82,-2.00,21.90,腾讯财经
2026-08-12 19:20:00,272.27,278.69,278.84,271.36,31895708,-5.82,-2.00,21.90,腾讯财经
2026-08-12 19:30:02,272.27,278.69,278.84,271.36,31895708,-5.82,-2.00,21.90,腾讯财经
2026-08-12 19:40:00,272.27,278.69,278.84,271.36,31895708,-5.82,-2.00,21.90,腾讯财经
2026-08-12 19:50:00,272.27,278.69,278.84,271.36,31895708,-5.82,-2.00,21.90,腾讯财经
2026-08-12 20:00:00,272.27,278.69,278.84,271.36,31895708,-5.82,-2.00,21.90,腾讯财经
2026-08-12 20:10:02,272.27,278.69,278.84,271.36,31895708,-5.82,-2.00,21.90,腾讯财经
2026-08-12 20:20:00,272.27,278.69,278.84,271.36,31895708,-5.82,-2.00,21.90,腾讯财经
2026-08-12 20:30:04,272.27,278.69,278.84,271.36,31895708,-5.82,-2.00,21.90,腾讯财经
2026-08-12 20:40:04,272.27,278.69,278.84,271.36,31895708,-5.82,-2.00,21.90,腾讯财经
2026-08-12 20:50:00,272.27,278.69,278.84,271.36,31895708,-5.82,-2.00,21.90,腾讯财经
2026-08-12 21:00:00,272.27,278.69,278.84,271.36,31895708,-5.82,-2.00,21.90,腾讯财经
2026-08-12 21:10:00,272.27,278.69,278.84,271.36,31895708,-5.82,-2.00,21.90,腾讯财经
2026-08-12 21:20:04,272.27,278.69,278.84,271.36,31895708,-5.82,-2.00,21.90,腾讯财经
2026-08-12 21:30:00,272.27,0.00,0.00,0.00,637125,0,0,21.90,腾讯财经
2026-08-12 21:40:00,272.56,273.21,273.46,270.12,2461308,.29,0,21.93,腾讯财经
2026-08-12 21:50:01,271.33,273.18,273.46,270.12,3186273,-.94,0,21.83,腾讯财经
2026-08-12 22:00:04,270.79,273.18,273.46,270.12,4040556,-1.48,0,21.78,腾讯财经
2026-08-12 22:10:00,270.31,273.18,273.46,268.92,5398939,-1.96,0,21.75,腾讯财经
2026-08-12 22:20:05,270.07,273.18,273.46,268.92,6158164,-2.20,0,21.73,腾讯财经
2026-08-12 22:30:01,269.76,273.18,273.46,268.92,6792812,-2.51,0,21.70,腾讯财经
2026-08-12 22:40:01,269.35,273.18,273.46,268.92,7603116,-2.92,-1.00,21.67,腾讯财经
2026-08-12 22:50:01,269.16,273.18,273.46,268.92,8260996,-3.11,-1.00,21.65,腾讯财经
2026-08-12 23:00:04,269.21,273.18,273.46,268.35,9454000,-3.06,-1.00,21.66,腾讯财经
2026-08-12 23:10:00,269.15,273.18,273.46,268.35,9969014,-3.12,-1.00,21.65,腾讯财经
2026-08-12 23:20:02,268.95,273.18,273.46,268.35,10359901,-3.32,-1.00,21.64,腾讯财经
2026-08-12 23:30:00,268.87,273.18,273.46,268.35,10712320,-3.40,-1.00,21.63,腾讯财经
2026-08-12 23:40:03,268.79,273.18,273.46,268.29,11176180,-3.48,-1.00,21.62,腾讯财经
2026-08-12 23:50:00,268.47,273.18,273.46,268.29,12164699,-3.80,-1.00,21.60,腾讯财经
2026-08-13 00:00:01,267.94,273.18,273.46,267.89,12838600,-4.33,-1.00,21.56,腾讯财经
2026-08-13 00:10:03,267.71,273.18,273.46,267.56,13523766,-4.56,-1.00,21.54,腾讯财经
2026-08-13 00:20:00,267.92,273.18,273.46,267.56,14025153,-4.35,-1.00,21.55,腾讯财经
2026-08-13 00:30:00,268.66,273.18,273.46,267.56,14546333,-3.61,-1.00,21.61,腾讯财经
2026-08-13 00:40:05,268.95,273.18,273.46,267.56,14993188,-3.32,-1.00,21.64,腾讯财经
2026-08-13 00:50:00,269.08,273.18,273.46,267.56,15431216,-3.19,-1.00,21.65,腾讯财经
2026-08-13 01:00:00,269.22,273.18,273.46,267.56,15708119,-3.05,-1.00,21.66,腾讯财经
2026-08-13 01:10:01,269.30,273.18,273.46,267.56,15972528,-2.97,-1.00,21.67,腾讯财经
2026-08-13 01:20:00,269.01,273.18,273.46,267.56,16261318,-3.26,-1.00,21.64,腾讯财经
2026-08-13 01:30:00,268.76,273.18,273.46,267.56,16516273,-3.51,-1.00,21.62,腾讯财经
2026-08-13 01:40:00,268.57,273.18,273.46,267.56,16836537,-3.70,-1.00,21.61,腾讯财经
2026-08-13 01:50:04,268.33,273.18,273.46,267.56,17174356,-3.94,-1.00,21.59,腾讯财经
2026-08-13 02:00:00,268.04,273.18,273.46,267.56,17517563,-4.23,-1.00,21.56,腾讯财经
2026-08-13 02:10:01,268.24,273.18,273.46,267.56,18014564,-4.03,-1.00,21.58,腾讯财经
2026-08-13 02:20:00,268.35,273.18,273.46,267.56,18366595,-3.92,-1.00,21.59,腾讯财经
2026-08-13 02:30:01,268.32,273.18,273.46,267.56,18733401,-3.95,-1.00,21.59,腾讯财经
2026-08-13 02:40:05,268.65,273.18,273.46,267.56,19187454,-3.62,-1.00,21.61,腾讯财经
2026-08-13 02:50:00,269.18,273.18,273.46,267.56,19612959,-3.09,-1.00,21.66,腾讯财经
2026-08-13 03:00:00,268.95,273.18,273.46,267.56,19994911,-3.32,-1.00,21.64,腾讯财经
2026-08-13 03:10:00,268.98,273.18,273.46,267.56,20387398,-3.29,-1.00,21.64,腾讯财经
2026-08-13 03:20:01,268.83,273.18,273.46,267.56,20824501,-3.44,-1.00,21.63,腾讯财经
2026-08-13 03:30:01,268.78,273.18,273.46,267.56,21218632,-3.49,-1.00,21.62,腾讯财经
2026-08-13 03:40:00,268.56,273.18,273.46,267.56,21859033,-3.71,-1.00,21.61,腾讯财经
2026-08-13 03:50:02,268.57,273.18,273.46,267.56,22475645,-3.70,-1.00,21.61,腾讯财经
2026-08-13 04:00:00,267.30,273.18,273.46,267.10,24763522,-4.97,-1.00,21.50,腾讯财经
2026-08-13 04:10:01,267.28,273.18,273.46,267.10,29335412,-4.99,-1.00,21.50,腾讯财经
2026-08-13 04:20:00,267.28,273.18,273.46,267.10,29350084,-4.99,-1.00,21.50,腾讯财经
2026-08-13 04:30:00,267.28,273.18,273.46,267.10,29369058,-4.99,-1.00,21.50,腾讯财经
2026-08-13 04:40:05,267.28,273.18,273.46,267.10,29383719,-4.99,-1.00,21.50,腾讯财经
2026-08-13 04:50:02,267.28,273.18,273.46,267.10,29432910,-4.99,-1.00,21.50,腾讯财经
2026-08-13 05:00:00,267.28,273.18,273.46,267.10,29447611,-4.99,-1.00,21.50,腾讯财经
2026-08-13 05:10:00,267.28,273.18,273.46,267.10,29814237,-4.99,-1.00,21.50,腾讯财经
2026-08-13 05:20:04,267.28,273.18,273.46,267.10,29820996,-4.99,-1.00,21.50,腾讯财经
2026-08-13 05:30:05,267.28,273.18,273.46,267.10,29847965,-4.99,-1.00,21.50,腾讯财经
2026-08-13 05:40:00,267.28,273.18,273.46,267.10,29853760,-4.99,-1.00,21.50,腾讯财经
2026-08-13 05:50:00,267.28,273.18,273.46,267.10,29868481,-4.99,-1.00,21.50,腾讯财经
2026-08-13 06:00:00,267.28,273.18,273.46,267.10,29875396,-4.99,-1.00,21.50,腾讯财经
2026-08-13 06:10:05,267.28,273.18,273.46,267.10,29881944,-4.99,-1.00,21.50,腾讯财经
2026-08-13 06:20:04,267.28,273.18,273.46,267.10,29889490,-4.99,-1.00,21.50,腾讯财经
2026-08-13 06:30:01,267.28,273.18,273.46,267.10,29893839,-4.99,-1.00,21.50,腾讯财经
2026-08-13 06:40:00,267.28,273.18,273.46,267.10,29902933,-4.99,-1.00,21.50,腾讯财经
2026-08-13 06:50:03,267.28,273.18,273.46,267.10,29907119,-4.99,-1.00,21.50,腾讯财经
2026-08-13 07:00:00,267.28,273.18,273.46,267.10,29909804,-4.99,-1.00,21.50,腾讯财经
2026-08-13 07:10:00,267.28,273.18,273.46,267.10,29913572,-4.99,-1.00,21.50,腾讯财经
2026-08-13 07:20:01,267.28,273.18,273.46,267.10,29919798,-4.99,-1.00,21.50,腾讯财经
2026-08-13 07:30:00,267.28,273.18,273.46,267.10,29926309,-4.99,-1.00,21.50,腾讯财经
2026-08-13 07:40:00,267.28,273.18,273.46,267.10,29930162,-4.99,-1.00,21.50,腾讯财经
2026-08-13 07:50:01,267.28,273.18,273.46,267.10,29932543,-4.99,-1.00,21.50,腾讯财经
2026-08-13 08:00:00,267.28,273.18,273.46,267.10,29940871,-4.99,-1.00,21.50,腾讯财经
2026-08-13 08:10:00,267.28,273.18,273.46,267.10,29941093,-4.99,-1.00,21.50,腾讯财经
2026-08-13 08:20:01,267.28,273.18,273.46,267.10,29941093,-4.99,-1.00,21.50,腾讯财经
2026-08-13 08:30:00,267.28,273.18,273.46,267.10,29941093,-4.99,-1.00,21.50,腾讯财经
2026-08-13 08:40:00,267.28,273.18,273.46,267.10,29941093,-4.99,-1.00,21.50,腾讯财经
2026-08-13 08:49:56,267.28,273.18,273.46,267.10,29941093,-4.99,-1.00,21.50,腾讯财经
2026-08-13 08:50:06,267.28,273.18,273.46,267.10,29941093,-4.99,-1.00,21.50,腾讯财经
2026-08-13 09:00:05,267.28,273.18,273.46,267.10,29941093,-4.99,-1.00,21.50,腾讯财经
2026-08-13 09:10:03,267.28,273.18,273.46,267.10,29941093,-4.99,-1.00,21.50,腾讯财经
2026-08-13 09:20:05,267.28,273.18,273.46,267.10,29941093,-4.99,-1.00,21.50,腾讯财经
2026-08-13 09:30:05,267.28,273.18,273.46,267.10,29941093,-4.99,-1.00,21.50,腾讯财经
2026-08-13 09:40:04,267.28,273.18,273.46,267.10,29941093,-4.99,-1.00,21.50,腾讯财经
2026-08-13 09:50:03,267.28,273.18,273.46,267.10,29941093,-4.99,-1.00,21.50,腾讯财经
2026-08-13 10:00:02,267.28,273.18,273.46,267.10,29941093,-4.99,-1.00,21.50,腾讯财经
2026-08-13 10:10:00,267.28,273.18,273.46,267.10,29941093,-4.99,-1.00,21.50,腾讯财经
2026-08-13 10:20:02,267.28,273.18,273.46,267.10,29941093,-4.99,-1.00,21.50,腾讯财经
2026-08-13 10:30:05,267.28,273.18,273.46,267.10,29941093,-4.99,-1.00,21.50,腾讯财经
2026-08-13 10:40:01,267.28,273.18,273.46,267.10,29941093,-4.99,-1.00,21.50,腾讯财经
2026-08-13 10:50:02,267.28,273.18,273.46,267.10,29941093,-4.99,-1.00,21.50,腾讯财经
2026-08-13 11:00:01,267.28,273.18,273.46,267.10,29941093,-4.99,-1.00,21.50,腾讯财经
2026-08-13 11:10:00,267.28,273.18,273.46,267.10,29941093,-4.99,-1.00,21.50,腾讯财经
2026-08-13 11:20:01,267.28,273.18,273.46,267.10,29941093,-4.99,-1.00,21.50,腾讯财经
2026-08-13 11:30:05,267.28,273.18,273.46,267.10,29941093,-4.99,-1.00,21.50,腾讯财经
2026-08-13 11:40:01,267.28,273.18,273.46,267.10,29941093,-4.99,-1.00,21.50,腾讯财经
2026-08-13 11:50:01,267.28,273.18,273.46,267.10,29941093,-4.99,-1.00,21.50,腾讯财经
2026-08-13 12:00:02,267.28,273.18,273.46,267.10,29941093,-4.99,-1.00,21.50,腾讯财经
2026-08-13 12:10:04,267.28,273.18,273.46,267.10,29941093,-4.99,-1.00,21.50,腾讯财经
2026-08-13 12:20:00,267.28,273.18,273.46,267.10,29941093,-4.99,-1.00,21.50,腾讯财经
2026-08-13 12:30:03,267.28,273.18,273.46,267.10,29941093,-4.99,-1.00,21.50,腾讯财经
2026-08-13 12:40:03,267.28,273.18,273.46,267.10,29941093,-4.99,-1.00,21.50,腾讯财经
2026-08-13 12:50:01,267.28,273.18,273.46,267.10,29941093,-4.99,-1.00,21.50,腾讯财经
2026-08-13 13:00:00,267.28,273.18,273.46,267.10,29941093,-4.99,-1.00,21.50,腾讯财经
2026-08-13 13:10:04,267.28,273.18,273.46,267.10,29941093,-4.99,-1.00,21.50,腾讯财经
2026-08-13 13:20:00,267.28,273.18,273.46,267.10,29941093,-4.99,-1.00,21.50,腾讯财经
2026-08-13 13:30:00,267.28,273.18,273.46,267.10,29941093,-4.99,-1.00,21.50,腾讯财经
2026-08-13 13:40:02,267.28,273.18,273.46,267.10,29941093,-4.99,-1.00,21.50,腾讯财经
2026-08-13 13:50:04,267.28,273.18,273.46,267.10,29941093,-4.99,-1.00,21.50,腾讯财经
2026-08-13 14:00:00,267.28,273.18,273.46,267.10,29941093,-4.99,-1.00,21.50,腾讯财经
2026-08-13 14:10:00,267.28,273.18,273.46,267.10,29941093,-4.99,-1.00,21.50,腾讯财经
2026-08-13 14:20:00,267.28,273.18,273.46,267.10,29941093,-4.99,-1.00,21.50,腾讯财经
2026-08-13 14:30:00,267.28,273.18,273.46,267.10,29941093,-4.99,-1.00,21.50,腾讯财经
2026-08-13 14:40:05,267.28,273.18,273.46,267.10,29941093,-4.99,-1.00,21.50,腾讯财经
2026-08-13 14:50:01,267.28,273.18,273.46,267.10,29941093,-4.99,-1.00,21.50,腾讯财经
2026-08-13 15:00:03,267.28,273.18,273.46,267.10,29941093,-4.99,-1.00,21.50,腾讯财经
2026-08-13 15:10:04,267.28,273.18,273.46,267.10,29941093,-4.99,-1.00,21.50,腾讯财经
2026-08-13 15:20:04,267.28,273.18,273.46,267.10,29941093,-4.99,-1.00,21.50,腾讯财经
2026-08-13 15:30:02,267.28,273.18,273.46,267.10,29941093,-4.99,-1.00,21.50,腾讯财经
2026-08-13 15:40:05,267.28,273.18,273.46,267.10,29941093,-4.99,-1.00,21.50,腾讯财经
2026-08-13 15:50:02,267.28,273.18,273.46,267.10,29941093,-4.99,-1.00,21.50,腾讯财经
2026-08-13 16:00:00,267.28,273.18,273.46,267.10,29941093,-4.99,-1.00,21.50,腾讯财经
2026-08-13 16:10:00,267.28,273.18,273.46,267.10,29941093,-4.99,-1.00,21.50,腾讯财经
2026-08-13 16:20:00,267.28,273.18,273.46,267.10,29941093,-4.99,-1.00,21.50,腾讯财经
2026-08-13 16:30:00,267.28,273.18,273.46,267.10,29941093,-4.99,-1.00,21.50,腾讯财经
2026-08-13 16:40:04,267.28,273.18,273.46,267.10,29941093,-4.99,-1.00,21.50,腾讯财经
2026-08-13 16:50:02,267.28,273.18,273.46,267.10,29941093,-4.99,-1.00,21.50,腾讯财经
2026-08-13 17:00:00,267.28,273.18,273.46,267.10,29941093,-4.99,-1.00,21.50,腾讯财经
2026-08-13 17:10:00,267.28,273.18,273.46,267.10,29941093,-4.99,-1.00,21.50,腾讯财经
2026-08-13 17:20:01,267.28,273.18,273.46,267.10,29941093,-4.99,-1.00,21.50,腾讯财经
2026-08-13 17:30:00,267.28,273.18,273.46,267.10,29941093,-4.99,-1.00,21.50,腾讯财经
2026-08-13 17:40:00,267.28,273.18,273.46,267.10,29941093,-4.99,-1.00,21.50,腾讯财经
2026-08-13 17:50:02,267.28,273.18,273.46,267.10,29941093,-4.99,-1.00,21.50,腾讯财经
2026-08-13 18:00:00,267.28,273.18,273.46,267.10,29941093,-4.99,-1.00,21.50,腾讯财经
2026-08-13 18:10:00,267.28,273.18,273.46,267.10,29941093,-4.99,-1.00,21.50,腾讯财经
2026-08-13 18:20:02,267.28,273.18,273.46,267.10,29941093,-4.99,-1.00,21.50,腾讯财经
2026-08-13 18:30:00,267.28,273.18,273.46,267.10,29941093,-4.99,-1.00,21.50,腾讯财经
2026-08-13 18:40:00,267.28,273.18,273.46,267.10,29941093,-4.99,-1.00,21.50,腾讯财经
2026-08-13 18:50:00,267.28,273.18,273.46,267.10,29941093,-4.99,-1.00,21.50,腾讯财经
2026-08-13 19:00:01,267.28,273.18,273.46,267.10,29941093,-4.99,-1.00,21.50,腾讯财经
2026-08-13 19:10:01,267.28,273.18,273.46,267.10,29941093,-4.99,-1.00,21.50,腾讯财经
2026-08-13 19:20:00,267.28,273.18,273.46,267.10,29941093,-4.99,-1.00,21.50,腾讯财经
2026-08-13 19:30:02,267.28,273.18,273.46,267.10,29941093,-4.99,-1.00,21.50,腾讯财经
2026-08-13 19:40:05,267.28,273.18,273.46,267.10,29941093,-4.99,-1.00,21.50,腾讯财经
2026-08-13 19:50:04,267.28,273.18,273.46,267.10,29941093,-4.99,-1.00,21.50,腾讯财经
2026-08-13 20:00:00,267.28,273.18,273.46,267.10,29941093,-4.99,-1.00,21.50,腾讯财经
2026-08-13 20:10:00,267.28,273.18,273.46,267.10,29941093,-4.99,-1.00,21.50,腾讯财经
2026-08-13 20:20:01,267.28,273.18,273.46,267.10,29941093,-4.99,-1.00,21.50,腾讯财经
2026-08-13 20:30:04,267.28,273.18,273.46,267.10,29941093,-4.99,-1.00,21.50,腾讯财经
2026-08-13 20:40:04,267.28,273.18,273.46,267.10,29941093,-4.99,-1.00,21.50,腾讯财经
2026-08-13 20:50:02,267.28,273.18,273.46,267.10,29941093,-4.99,-1.00,21.50,腾讯财经
2026-08-13 21:00:01,267.28,273.18,273.46,267.10,29941093,-4.99,-1.00,21.50,腾讯财经
2026-08-13 21:10:04,267.28,273.18,273.46,267.10,29941093,-4.99,-1.00,21.50,腾讯财经
2026-08-13 21:20:04,267.28,273.18,273.46,267.10,29941093,-4.99,-1.00,21.50,腾讯财经
2026-08-13 21:30:04,267.28,0.00,0.00,0.00,382369,0,0,21.50,腾讯财经
2026-08-13 21:40:00,267.62,267.24,268.23,265.58,2715601,.34,0,21.53,腾讯财经
2026-08-13 21:50:02,268.59,267.24,268.94,265.58,4020894,1.31,0,21.61,腾讯财经
2026-08-13 22:00:01,269.02,267.24,269.18,265.58,4771436,1.74,0,21.64,腾讯财经
2026-08-13 22:10:03,268.80,267.24,269.58,265.58,5743432,1.52,0,21.63,腾讯财经
2026-08-13 22:20:04,268.73,267.24,269.58,265.58,6386249,1.45,0,21.62,腾讯财经
2026-08-13 22:30:03,267.97,267.24,269.58,265.58,7040015,.69,0,21.56,腾讯财经
2026-08-13 22:40:05,268.36,267.24,269.58,265.58,8039151,1.08,0,21.59,腾讯财经
2026-08-13 22:50:00,268.19,267.24,269.58,265.58,8604809,.91,0,21.58,腾讯财经
2026-08-13 23:00:00,267.99,267.24,269.58,265.58,9109498,.71,0,21.56,腾讯财经
2026-08-13 23:10:01,267.30,267.24,269.58,265.58,9729048,.02,0,21.50,腾讯财经
2026-08-13 23:20:01,266.68,267.24,269.58,265.58,10468833,-.60,0,21.45,腾讯财经
2026-08-13 23:30:00,266.53,267.24,269.58,265.58,11528995,-.75,0,21.44,腾讯财经
2026-08-13 23:40:05,266.75,267.24,269.58,265.58,12071239,-.53,0,21.46,腾讯财经
2026-08-13 23:50:00,266.62,267.24,269.58,265.58,12484187,-.66,0,21.45,腾讯财经
2026-08-14 00:00:00,266.13,267.24,269.58,265.58,12930955,-1.15,0,21.41,腾讯财经
2026-08-14 00:10:00,265.81,267.24,269.58,265.58,13700874,-1.47,0,21.38,腾讯财经
2026-08-14 00:20:03,265.10,267.24,269.58,264.82,14535785,-2.18,0,21.33,腾讯财经
2026-08-14 00:30:00,265.26,267.24,269.58,264.82,14997119,-2.02,0,21.34,腾讯财经
2026-08-14 00:40:00,265.19,267.24,269.58,264.82,15368219,-2.09,0,21.33,腾讯财经
2026-08-14 00:50:00,265.75,267.24,269.58,264.82,15840026,-1.53,0,21.38,腾讯财经
2026-08-14 01:00:05,265.41,267.24,269.58,264.82,16418073,-1.87,0,21.35,腾讯财经
2026-08-14 01:10:02,265.34,267.24,269.58,264.82,16830326,-1.94,0,21.35,腾讯财经
2026-08-14 01:20:00,265.40,267.24,269.58,264.82,17239111,-1.88,0,21.35,腾讯财经
2026-08-14 01:30:03,265.60,267.24,269.58,264.82,17542729,-1.68,0,21.37,腾讯财经
2026-08-14 01:40:04,265.34,267.24,269.58,264.82,17857071,-1.94,0,21.35,腾讯财经
2026-08-14 01:50:01,265.20,267.24,269.58,264.82,18160637,-2.08,0,21.34,腾讯财经
2026-08-14 02:00:02,265.38,267.24,269.58,264.82,18477957,-1.90,0,21.35,腾讯财经
2026-08-14 02:10:00,265.54,267.24,269.58,264.82,18779909,-1.74,0,21.36,腾讯财经
2026-08-14 02:20:03,265.72,267.24,269.58,264.82,19118141,-1.56,0,21.38,腾讯财经
2026-08-14 02:30:01,265.60,267.24,269.58,264.82,19424789,-1.68,0,21.37,腾讯财经
2026-08-14 02:40:00,266.00,267.24,269.58,264.82,19894544,-1.28,0,21.40,腾讯财经
2026-08-14 02:50:00,266.21,267.24,269.58,264.82,20291771,-1.07,0,21.42,腾讯财经
2026-08-14 03:00:00,266.24,267.24,269.58,264.82,20694181,-1.04,0,21.42,腾讯财经
2026-08-14 03:10:04,266.06,267.24,269.58,264.82,21224608,-1.22,0,21.40,腾讯财经
2026-08-14 03:20:00,265.79,267.24,269.58,264.82,21637384,-1.49,0,21.38,腾讯财经
2026-08-14 03:30:01,265.61,267.24,269.58,264.82,22095154,-1.67,0,21.37,腾讯财经
2026-08-14 03:40:05,265.34,267.24,269.58,264.82,22769528,-1.94,0,21.35,腾讯财经
2026-08-14 03:50:05,265.42,267.24,269.58,264.82,23434455,-1.86,0,21.35,腾讯财经
2026-08-14 04:00:05,265.16,267.24,269.58,264.71,25862708,-2.12,0,21.33,腾讯财经
2026-08-14 04:10:05,265.13,267.24,269.58,264.71,31284080,-2.15,0,21.33,腾讯财经
2026-08-14 04:20:02,265.13,267.24,269.58,264.71,31313133,-2.15,0,21.33,腾讯财经
2026-08-14 04:30:04,265.13,267.24,269.58,264.71,31324149,-2.15,0,21.33,腾讯财经
2026-08-14 04:40:00,265.13,267.24,269.58,264.71,31340588,-2.15,0,21.33,腾讯财经
2026-08-14 04:50:05,265.13,267.24,269.58,264.71,31347965,-2.15,0,21.33,腾讯财经
2026-08-14 05:00:04,265.13,267.24,269.58,264.71,31455480,-2.15,0,21.33,腾讯财经
2026-08-14 05:10:00,265.13,267.24,269.58,264.71,31532245,-2.15,0,21.33,腾讯财经
2026-08-14 05:20:00,265.13,267.24,269.58,264.71,32066872,-2.15,0,21.33,腾讯财经
2026-08-14 05:30:00,265.13,267.24,269.58,264.71,32073277,-2.15,0,21.33,腾讯财经
2026-08-14 05:40:02,265.13,267.24,269.58,264.71,32077832,-2.15,0,21.33,腾讯财经
2026-08-14 05:50:00,265.13,267.24,269.58,264.71,32080277,-2.15,0,21.33,腾讯财经
2026-08-14 06:00:00,265.13,267.24,269.58,264.71,32089984,-2.15,0,21.33,腾讯财经
2026-08-14 06:10:00,265.13,267.24,269.58,264.71,32098322,-2.15,0,21.33,腾讯财经
2026-08-14 06:20:03,265.13,267.24,269.58,264.71,32110468,-2.15,0,21.33,腾讯财经
2026-08-14 06:30:00,265.13,267.24,269.58,264.71,32117102,-2.15,0,21.33,腾讯财经
2026-08-14 06:40:04,265.13,267.24,269.58,264.71,32127988,-2.15,0,21.33,腾讯财经
2026-08-14 06:50:00,265.13,267.24,269.58,264.71,32130428,-2.15,0,21.33,腾讯财经
2026-08-14 07:00:00,265.13,267.24,269.58,264.71,32137327,-2.15,0,21.33,腾讯财经
2026-08-14 07:10:00,265.13,267.24,269.58,264.71,32147458,-2.15,0,21.33,腾讯财经
2026-08-14 07:20:00,265.13,267.24,269.58,264.71,32153142,-2.15,0,21.33,腾讯财经
2026-08-14 07:30:01,265.13,267.24,269.58,264.71,32156904,-2.15,0,21.33,腾讯财经
2026-08-14 07:40:04,265.13,267.24,269.58,264.71,32161329,-2.15,0,21.33,腾讯财经
2026-08-14 07:50:02,265.13,267.24,269.58,264.71,32165044,-2.15,0,21.33,腾讯财经
2026-08-14 08:00:00,265.13,267.24,269.58,264.71,32169563,-2.15,0,21.33,腾讯财经
2026-08-14 08:10:01,265.13,267.24,269.58,264.71,32170151,-2.15,0,21.33,腾讯财经
2026-08-14 08:20:04,265.13,267.24,269.58,264.71,32170151,-2.15,0,21.33,腾讯财经
2026-08-14 08:30:02,265.13,267.24,269.58,264.71,32170151,-2.15,0,21.33,腾讯财经
2026-08-14 08:40:05,265.13,267.24,269.58,264.71,32170151,-2.15,0,21.33,腾讯财经
2026-08-14 08:50:05,265.13,267.24,269.58,264.71,32170151,-2.15,0,21.33,腾讯财经
2026-08-14 09:00:04,265.13,267.24,269.58,264.71,32170151,-2.15,0,21.33,腾讯财经
2026-08-14 09:10:02,265.13,267.24,269.58,264.71,32170151,-2.15,0,21.33,腾讯财经
2026-08-14 09:20:00,265.13,267.24,269.58,264.71,32170151,-2.15,0,21.33,腾讯财经
2026-08-14 09:30:04,265.13,267.24,269.58,264.71,32170151,-2.15,0,21.33,腾讯财经
2026-08-14 09:40:01,265.13,267.24,269.58,264.71,32170151,-2.15,0,21.33,腾讯财经
2026-08-14 09:50:03,265.13,267.24,269.58,264.71,32170151,-2.15,0,21.33,腾讯财经
2026-08-14 10:00:00,265.13,267.24,269.58,264.71,32170151,-2.15,0,21.33,腾讯财经
2026-08-14 10:10:00,265.13,267.24,269.58,264.71,32170151,-2.15,0,21.33,腾讯财经
2026-08-14 10:20:05,265.13,267.24,269.58,264.71,32170151,-2.15,0,21.33,腾讯财经
2026-08-14 10:30:00,265.13,267.24,269.58,264.71,32170151,-2.15,0,21.33,腾讯财经
2026-08-14 10:40:00,265.13,267.24,269.58,264.71,32170151,-2.15,0,21.33,腾讯财经
2026-08-14 10:50:04,265.13,267.24,269.58,264.71,32170151,-2.15,0,21.33,腾讯财经
2026-08-14 11:00:00,265.13,267.24,269.58,264.71,32170151,-2.15,0,21.33,腾讯财经
2026-08-14 11:10:00,265.13,267.24,269.58,264.71,32170151,-2.15,0,21.33,腾讯财经
2026-08-14 11:20:03,265.13,267.24,269.58,264.71,32170151,-2.15,0,21.33,腾讯财经
2026-08-14 11:30:02,265.13,267.24,269.58,264.71,32170151,-2.15,0,21.33,腾讯财经
2026-08-14 11:40:00,265.13,267.24,269.58,264.71,32170151,-2.15,0,21.33,腾讯财经
2026-08-14 11:50:02,265.13,267.24,269.58,264.71,32170151,-2.15,0,21.33,腾讯财经
2026-08-14 12:00:02,265.13,267.24,269.58,264.71,32170151,-2.15,0,21.33,腾讯财经
2026-08-14 12:10:00,265.13,267.24,269.58,264.71,32170151,-2.15,0,21.33,腾讯财经
2026-08-14 12:20:03,265.13,267.24,269.58,264.71,32170151,-2.15,0,21.33,腾讯财经
2026-08-14 12:30:00,265.13,267.24,269.58,264.71,32170151,-2.15,0,21.33,腾讯财经
2026-08-14 12:40:04,265.13,267.24,269.58,264.71,32170151,-2.15,0,21.33,腾讯财经
2026-08-14 12:50:00,265.13,267.24,269.58,264.71,32170151,-2.15,0,21.33,腾讯财经
2026-08-14 13:00:00,265.13,267.24,269.58,264.71,32170151,-2.15,0,21.33,腾讯财经
2026-08-14 13:10:00,265.13,267.24,269.58,264.71,32170151,-2.15,0,21.33,腾讯财经
2026-08-14 13:20:00,265.13,267.24,269.58,264.71,32170151,-2.15,0,21.33,腾讯财经
2026-08-14 13:30:04,265.13,267.24,269.58,264.71,32170151,-2.15,0,21.33,腾讯财经
2026-08-14 13:40:00,265.13,267.24,269.58,264.71,32170151,-2.15,0,21.33,腾讯财经
2026-08-14 13:50:02,265.13,267.24,269.58,264.71,32170151,-2.15,0,21.33,腾讯财经
2026-08-14 14:00:01,265.13,267.24,269.58,264.71,32170151,-2.15,0,21.33,腾讯财经
2026-08-14 14:10:03,265.13,267.24,269.58,264.71,32170151,-2.15,0,21.33,腾讯财经
2026-08-14 14:20:01,265.13,267.24,269.58,264.71,32170151,-2.15,0,21.33,腾讯财经
2026-08-14 14:30:00,265.13,267.24,269.58,264.71,32170151,-2.15,0,21.33,腾讯财经
2026-08-14 14:40:00,265.13,267.24,269.58,264.71,32170151,-2.15,0,21.33,腾讯财经
2026-08-14 14:50:05,265.13,267.24,269.58,264.71,32170151,-2.15,0,21.33,腾讯财经
2026-08-14 15:00:03,265.13,267.24,269.58,264.71,32170151,-2.15,0,21.33,腾讯财经
2026-08-14 15:10:02,265.13,267.24,269.58,264.71,32170151,-2.15,0,21.33,腾讯财经
2026-08-14 15:20:00,265.13,267.24,269.58,264.71,32170151,-2.15,0,21.33,腾讯财经
2026-08-14 15:30:04,265.13,267.24,269.58,264.71,32170151,-2.15,0,21.33,腾讯财经
2026-08-14 15:40:01,265.13,267.24,269.58,264.71,32170151,-2.15,0,21.33,腾讯财经
2026-08-14 15:50:04,265.13,267.24,269.58,264.71,32170151,-2.15,0,21.33,腾讯财经
2026-08-14 16:00:03,265.13,267.24,269.58,264.71,32170151,-2.15,0,21.33,腾讯财经
2026-08-14 16:10:00,265.13,267.24,269.58,264.71,32170151,-2.15,0,21.33,腾讯财经
2026-08-14 16:20:00,265.13,267.24,269.58,264.71,32170151,-2.15,0,21.33,腾讯财经
2026-08-14 16:30:05,265.13,267.24,269.58,264.71,32170151,-2.15,0,21.33,腾讯财经
2026-08-14 16:40:00,265.13,267.24,269.58,264.71,32170151,-2.15,0,21.33,腾讯财经
2026-08-14 16:50:05,265.13,267.24,269.58,264.71,32170151,-2.15,0,21.33,腾讯财经
2026-08-14 17:00:00,265.13,267.24,269.58,264.71,32170151,-2.15,0,21.33,腾讯财经
2026-08-14 17:10:00,265.13,267.24,269.58,264.71,32170151,-2.15,0,21.33,腾讯财经
2026-08-14 17:20:01,265.13,267.24,269.58,264.71,32170151,-2.15,0,21.33,腾讯财经
2026-08-14 17:30:02,265.13,267.24,269.58,264.71,32170151,-2.15,0,21.33,腾讯财经
2026-08-16 20:20:42,262.65,264.88,265.81,262.42,27251660,-2.48,0,21.13,腾讯财经
2026-08-16 20:30:05,262.65,264.88,265.81,262.42,27251660,-2.48,0,21.13,腾讯财经
2026-08-16 20:40:00,262.65,264.88,265.81,262.42,27251660,-2.48,0,21.13,腾讯财经
2026-08-16 20:50:04,262.65,264.88,265.81,262.42,27251660,-2.48,0,21.13,腾讯财经
2026-08-16 21:00:03,262.65,264.88,265.81,262.42,27251660,-2.48,0,21.13,腾讯财经
2026-08-16 21:10:05,262.65,264.88,265.81,262.42,27251660,-2.48,0,21.13,腾讯财经
2026-08-16 21:20:00,262.65,264.88,265.81,262.42,27251660,-2.48,0,21.13,腾讯财经
2026-08-16 21:30:02,262.65,264.88,265.81,262.42,27251660,-2.48,0,21.13,腾讯财经
2026-08-16 21:40:04,262.65,264.88,265.81,262.42,27251660,-2.48,0,21.13,腾讯财经
2026-08-16 21:50:00,262.65,264.88,265.81,262.42,27251660,-2.48,0,21.13,腾讯财经
2026-08-16 22:00:05,262.65,264.88,265.81,262.42,27251660,-2.48,0,21.13,腾讯财经
2026-08-16 22:10:02,262.65,264.88,265.81,262.42,27251660,-2.48,0,21.13,腾讯财经
2026-08-16 22:20:04,262.65,264.88,265.81,262.42,27251660,-2.48,0,21.13,腾讯财经
2026-08-16 22:30:04,262.65,264.88,265.81,262.42,27251660,-2.48,0,21.13,腾讯财经
2026-08-16 22:40:01,262.65,264.88,265.81,262.42,27251660,-2.48,0,21.13,腾讯财经
2026-08-16 22:50:00,262.65,264.88,265.81,262.42,27251660,-2.48,0,21.13,腾讯财经
2026-08-16 23:00:00,262.65,264.88,265.81,262.42,27251660,-2.48,0,21.13,腾讯财经
2026-08-16 23:10:04,262.65,264.88,265.81,262.42,27251660,-2.48,0,21.13,腾讯财经
2026-08-16 23:20:00,262.65,264.88,265.81,262.42,27251660,-2.48,0,21.13,腾讯财经
2026-08-16 23:30:01,262.65,264.88,265.81,262.42,27251660,-2.48,0,21.13,腾讯财经
2026-08-16 23:40:04,262.65,264.88,265.81,262.42,27251660,-2.48,0,21.13,腾讯财经
2026-08-16 23:50:00,262.65,264.88,265.81,262.42,27251660,-2.48,0,21.13,腾讯财经
2026-08-17 00:00:00,262.65,264.88,265.81,262.42,27251660,-2.48,0,21.13,腾讯财经
2026-08-17 00:10:02,262.65,264.88,265.81,262.42,27251660,-2.48,0,21.13,腾讯财经
2026-08-17 00:20:00,262.65,264.88,265.81,262.42,27251660,-2.48,0,21.13,腾讯财经
2026-08-17 00:30:00,262.65,264.88,265.81,262.42,27251660,-2.48,0,21.13,腾讯财经
2026-08-17 00:40:01,262.65,264.88,265.81,262.42,27251660,-2.48,0,21.13,腾讯财经
2026-08-17 00:50:00,262.65,264.88,265.81,262.42,27251660,-2.48,0,21.13,腾讯财经
2026-08-17 01:00:00,262.65,264.88,265.81,262.42,27251660,-2.48,0,21.13,腾讯财经
2026-08-17 01:10:05,262.65,264.88,265.81,262.42,27251660,-2.48,0,21.13,腾讯财经
2026-08-17 01:20:03,262.65,264.88,265.81,262.42,27251660,-2.48,0,21.13,腾讯财经
2026-08-17 01:30:00,262.65,264.88,265.81,262.42,27251660,-2.48,0,21.13,腾讯财经
2026-08-17 01:40:00,262.65,264.88,265.81,262.42,27251660,-2.48,0,21.13,腾讯财经
2026-08-17 01:50:00,262.65,264.88,265.81,262.42,27251660,-2.48,0,21.13,腾讯财经
2026-08-17 02:00:00,262.65,264.88,265.81,262.42,27251660,-2.48,0,21.13,腾讯财经
2026-08-17 02:10:00,262.65,264.88,265.81,262.42,27251660,-2.48,0,21.13,腾讯财经
2026-08-17 02:20:03,262.65,264.88,265.81,262.42,27251660,-2.48,0,21.13,腾讯财经
2026-08-17 02:30:00,262.65,264.88,265.81,262.42,27251660,-2.48,0,21.13,腾讯财经
2026-08-17 02:40:00,262.65,264.88,265.81,262.42,27251660,-2.48,0,21.13,腾讯财经
2026-08-17 02:50:03,262.65,264.88,265.81,262.42,27251660,-2.48,0,21.13,腾讯财经
2026-08-17 03:00:01,262.65,264.88,265.81,262.42,27251660,-2.48,0,21.13,腾讯财经
2026-08-17 03:10:00,262.65,264.88,265.81,262.42,27251660,-2.48,0,21.13,腾讯财经
2026-08-17 03:20:05,262.65,264.88,265.81,262.42,27251660,-2.48,0,21.13,腾讯财经
2026-08-17 03:30:00,262.65,264.88,265.81,262.42,27251660,-2.48,0,21.13,腾讯财经
2026-08-17 03:40:00,262.65,264.88,265.81,262.42,27251660,-2.48,0,21.13,腾讯财经
2026-08-17 03:50:00,262.65,264.88,265.81,262.42,27251660,-2.48,0,21.13,腾讯财经
2026-08-17 04:00:00,262.65,264.88,265.81,262.42,27251660,-2.48,0,21.13,腾讯财经
2026-08-17 04:10:00,262.65,264.88,265.81,262.42,27251660,-2.48,0,21.13,腾讯财经
2026-08-17 04:20:00,262.65,264.88,265.81,262.42,27251660,-2.48,0,21.13,腾讯财经
2026-08-17 04:30:02,262.65,264.88,265.81,262.42,27251660,-2.48,0,21.13,腾讯财经
2026-08-17 04:40:00,262.65,264.88,265.81,262.42,27251660,-2.48,0,21.13,腾讯财经
2026-08-17 04:50:02,262.65,264.88,265.81,262.42,27251660,-2.48,0,21.13,腾讯财经
2026-08-17 05:00:03,262.65,264.88,265.81,262.42,27251660,-2.48,0,21.13,腾讯财经
2026-08-17 05:10:00,262.65,264.88,265.81,262.42,27251660,-2.48,0,21.13,腾讯财经
2026-08-17 05:20:03,262.65,264.88,265.81,262.42,27251660,-2.48,0,21.13,腾讯财经
2026-08-17 05:30:04,262.65,264.88,265.81,262.42,27251660,-2.48,0,21.13,腾讯财经
2026-08-17 05:40:00,262.65,264.88,265.81,262.42,27251660,-2.48,0,21.13,腾讯财经
2026-08-17 05:50:05,262.65,264.88,265.81,262.42,27251660,-2.48,0,21.13,腾讯财经
2026-08-17 06:00:00,262.65,264.88,265.81,262.42,27251660,-2.48,0,21.13,腾讯财经
2026-08-17 06:10:00,262.65,264.88,265.81,262.42,27251660,-2.48,0,21.13,腾讯财经
2026-08-17 06:20:01,262.65,264.88,265.81,262.42,27251660,-2.48,0,21.13,腾讯财经
2026-08-17 06:30:00,262.65,264.88,265.81,262.42,27251660,-2.48,0,21.13,腾讯财经
2026-08-17 06:40:00,262.65,264.88,265.81,262.42,27251660,-2.48,0,21.13,腾讯财经
2026-08-17 06:50:00,262.65,264.88,265.81,262.42,27251660,-2.48,0,21.13,腾讯财经
2026-08-17 07:00:03,262.65,264.88,265.81,262.42,27251660,-2.48,0,21.13,腾讯财经
2026-08-17 07:10:04,262.65,264.88,265.81,262.42,27251660,-2.48,0,21.13,腾讯财经
2026-08-17 07:20:00,262.65,264.88,265.81,262.42,27251660,-2.48,0,21.13,腾讯财经
2026-08-17 07:30:00,262.65,264.88,265.81,262.42,27251660,-2.48,0,21.13,腾讯财经
2026-08-17 07:40:02,262.65,264.88,265.81,262.42,27251660,-2.48,0,21.13,腾讯财经
2026-08-17 07:50:01,262.65,264.88,265.81,262.42,27251660,-2.48,0,21.13,腾讯财经
2026-08-17 08:37:35,262.65,264.88,265.81,262.42,27251660,-2.48,0,21.13,腾讯财经
2026-08-17 08:40:05,262.65,264.88,265.81,262.42,27251660,-2.48,0,21.13,腾讯财经
2026-08-17 08:50:04,262.65,264.88,265.81,262.42,27251660,-2.48,0,21.13,腾讯财经
2026-08-17 09:10:04,262.65,264.88,265.81,262.42,27251660,-2.48,0,21.13,腾讯财经
2026-08-17 09:20:00,262.65,264.88,265.81,262.42,27251660,-2.48,0,21.13,腾讯财经
2026-08-17 09:30:00,262.65,264.88,265.81,262.42,27251660,-2.48,0,21.13,腾讯财经
2026-08-17 09:40:05,262.65,264.88,265.81,262.42,27251660,-2.48,0,21.13,腾讯财经
2026-08-17 09:50:04,262.65,264.88,265.81,262.42,27251660,-2.48,0,21.13,腾讯财经
2026-08-17 10:00:02,262.65,264.88,265.81,262.42,27251660,-2.48,0,21.13,腾讯财经
2026-08-17 10:10:05,262.65,264.88,265.81,262.42,27251660,-2.48,0,21.13,腾讯财经
2026-08-17 10:20:03,262.65,264.88,265.81,262.42,27251660,-2.48,0,21.13,腾讯财经
2026-08-17 10:30:00,262.65,264.88,265.81,262.42,27251660,-2.48,0,21.13,腾讯财经
2026-08-17 10:40:00,262.65,264.88,265.81,262.42,27251660,-2.48,0,21.13,腾讯财经
2026-08-17 10:50:03,262.65,264.88,265.81,262.42,27251660,-2.48,0,21.13,腾讯财经
2026-08-17 11:00:00,262.65,264.88,265.81,262.42,27251660,-2.48,0,21.13,腾讯财经
2026-08-17 11:10:03,262.65,264.88,265.81,262.42,27251660,-2.48,0,21.13,腾讯财经
2026-08-17 11:20:00,262.65,264.88,265.81,262.42,27251660,-2.48,0,21.13,腾讯财经
2026-08-17 11:30:00,262.65,264.88,265.81,262.42,27251660,-2.48,0,21.13,腾讯财经
2026-08-17 11:40:00,262.65,264.88,265.81,262.42,27251660,-2.48,0,21.13,腾讯财经
2026-08-17 11:50:04,262.65,264.88,265.81,262.42,27251660,-2.48,0,21.13,腾讯财经
2026-08-17 12:00:00,262.65,264.88,265.81,262.42,27251660,-2.48,0,21.13,腾讯财经
2026-08-17 12:10:00,262.65,264.88,265.81,262.42,27251660,-2.48,0,21.13,腾讯财经
2026-08-17 12:20:00,262.65,264.88,265.81,262.42,27251660,-2.48,0,21.13,腾讯财经
2026-08-17 12:30:03,262.65,264.88,265.81,262.42,27251660,-2.48,0,21.13,腾讯财经
2026-08-17 12:40:00,262.65,264.88,265.81,262.42,27251660,-2.48,0,21.13,腾讯财经
2026-08-17 12:50:00,262.65,264.88,265.81,262.42,27251660,-2.48,0,21.13,腾讯财经
2026-08-17 13:00:04,262.65,264.88,265.81,262.42,27251660,-2.48,0,21.13,腾讯财经
2026-08-17 13:10:00,262.65,264.88,265.81,262.42,27251660,-2.48,0,21.13,腾讯财经
2026-08-17 13:20:01,262.65,264.88,265.81,262.42,27251660,-2.48,0,21.13,腾讯财经
2026-08-17 13:30:00,262.65,264.88,265.81,262.42,27251660,-2.48,0,21.13,腾讯财经
2026-08-17 13:40:03,262.65,264.88,265.81,262.42,27251660,-2.48,0,21.13,腾讯财经
2026-08-17 13:50:03,262.65,264.88,265.81,262.42,27251660,-2.48,0,21.13,腾讯财经
2026-08-17 14:00:00,262.65,264.88,265.81,262.42,27251660,-2.48,0,21.13,腾讯财经
2026-08-17 14:10:00,262.65,264.88,265.81,262.42,27251660,-2.48,0,21.13,腾讯财经
2026-08-17 14:20:01,262.65,264.88,265.81,262.42,27251660,-2.48,0,21.13,腾讯财经
2026-08-17 14:30:02,262.65,264.88,265.81,262.42,27251660,-2.48,0,21.13,腾讯财经
2026-08-17 14:40:00,262.65,264.88,265.81,262.42,27251660,-2.48,0,21.13,腾讯财经
2026-08-17 14:50:00,262.65,264.88,265.81,262.42,27251660,-2.48,0,21.13,腾讯财经
2026-08-17 15:00:04,262.65,264.88,265.81,262.42,27251660,-2.48,0,21.13,腾讯财经
2026-08-17 15:10:01,262.65,264.88,265.81,262.42,27251660,-2.48,0,21.13,腾讯财经
2026-08-17 15:20:02,262.65,264.88,265.81,262.42,27251660,-2.48,0,21.13,腾讯财经
2026-08-17 15:30:01,262.65,264.88,265.81,262.42,27251660,-2.48,0,21.13,腾讯财经
2026-08-17 15:40:03,262.65,264.88,265.81,262.42,27251660,-2.48,0,21.13,腾讯财经
2026-08-17 15:50:01,262.65,264.88,265.81,262.42,27251660,-2.48,0,21.13,腾讯财经
2026-08-17 16:00:00,262.65,264.88,265.81,262.42,27251660,-2.48,0,21.13,腾讯财经
2026-08-17 16:10:01,262.65,264.88,265.81,262.42,27251660,-2.48,0,21.13,腾讯财经
2026-08-17 16:20:02,262.65,264.88,265.81,262.42,27251660,-2.48,0,21.13,腾讯财经
2026-08-17 16:30:00,262.65,264.88,265.81,262.42,27251660,-2.48,0,21.13,腾讯财经
2026-08-17 16:40:05,262.65,264.88,265.81,262.42,27251660,-2.48,0,21.13,腾讯财经
2026-08-17 16:50:03,262.65,264.88,265.81,262.42,27251660,-2.48,0,21.13,腾讯财经
2026-08-17 17:00:05,262.65,264.88,265.81,262.42,27251660,-2.48,0,21.13,腾讯财经
2026-08-17 17:10:03,262.65,264.88,265.81,262.42,27251660,-2.48,0,21.13,腾讯财经
2026-08-17 17:20:00,262.65,264.88,265.81,262.42,27251660,-2.48,0,21.13,腾讯财经
2026-08-17 17:30:02,262.65,264.88,265.81,262.42,27251660,-2.48,0,21.13,腾讯财经
2026-08-17 19:20:03,262.65,264.88,265.81,262.42,27251660,-2.48,0,21.13,腾讯财经
2026-08-17 19:30:05,262.65,264.88,265.81,262.42,27251660,-2.48,0,21.13,腾讯财经
2026-08-17 19:40:05,262.65,264.88,265.81,262.42,27251660,-2.48,0,21.13,腾讯财经
2026-08-17 19:50:00,262.65,264.88,265.81,262.42,27251660,-2.48,0,21.13,腾讯财经
2026-08-17 20:00:00,262.65,264.88,265.81,262.42,27251660,-2.48,0,21.13,腾讯财经
2026-08-17 20:10:00,262.65,264.88,265.81,262.42,27251660,-2.48,0,21.13,腾讯财经
2026-08-17 20:20:00,262.65,264.88,265.81,262.42,27251660,-2.48,0,21.13,腾讯财经
2026-08-17 20:30:04,262.65,264.88,265.81,262.42,27251660,-2.48,0,21.13,腾讯财经
2026-08-17 20:40:04,262.65,264.88,265.81,262.42,27251660,-2.48,0,21.13,腾讯财经
2026-08-17 20:50:03,262.65,264.88,265.81,262.42,27251660,-2.48,0,21.13,腾讯财经
2026-08-17 21:00:00,262.65,264.88,265.81,262.42,27251660,-2.48,0,21.13,腾讯财经
2026-08-17 21:10:00,262.65,264.88,265.81,262.42,27251660,-2.48,0,21.13,腾讯财经
2026-08-17 21:20:02,262.65,264.88,265.81,262.42,27251660,-2.48,0,21.13,腾讯财经
2026-08-17 21:30:04,265.44,265.44,265.44,265.44,1278237,2.79,1.00,21.35,腾讯财经
2026-08-17 21:40:01,263.10,265.44,265.75,261.09,6078281,.45,0,21.17,腾讯财经
2026-08-17 21:50:05,263.01,265.44,265.75,261.09,7954318,.36,0,21.16,腾讯财经
2026-08-17 22:00:01,261.49,265.44,265.75,261.09,9144227,-1.16,0,21.04,腾讯财经
2026-08-17 22:10:04,261.64,265.44,265.75,261.03,10289673,-1.01,0,21.05,腾讯财经
2026-08-17 22:20:00,261.32,265.44,265.75,261.03,11068825,-1.33,0,21.02,腾讯财经
2026-08-17 22:30:04,260.80,265.44,265.75,260.70,12188218,-1.85,0,20.98,腾讯财经
2026-08-17 22:40:00,260.53,265.44,265.75,260.50,13534737,-2.12,0,20.96,腾讯财经
2026-08-17 22:50:00,260.41,265.44,265.75,260.08,14443987,-2.24,0,20.95,腾讯财经
2026-08-17 23:00:01,261.05,265.44,265.75,260.08,15654107,-1.60,0,21.00,腾讯财经
2026-08-17 23:10:00,260.92,265.44,265.75,260.08,16224286,-1.73,0,20.99,腾讯财经
2026-08-17 23:20:00,261.46,265.44,265.75,260.08,17095241,-1.19,0,21.03,腾讯财经
2026-08-17 23:30:03,261.71,265.44,265.75,260.08,17796288,-.94,0,21.05,腾讯财经
2026-08-17 23:40:04,261.13,265.44,265.75,260.08,18474411,-1.52,0,21.01,腾讯财经
2026-08-17 23:50:00,260.81,265.44,265.75,260.08,18975178,-1.84,0,20.98,腾讯财经
2026-08-18 00:00:00,261.02,265.44,265.75,260.08,19556828,-1.63,0,21.00,腾讯财经
2026-08-18 00:10:00,260.58,265.44,265.75,260.08,20059530,-2.07,0,20.96,腾讯财经
2026-08-18 00:20:00,260.69,265.44,265.75,260.08,20522600,-1.96,0,20.97,腾讯财经
2026-08-18 00:30:00,260.52,265.44,265.75,260.08,21064805,-2.13,0,20.96,腾讯财经
2026-08-18 00:40:02,260.18,265.44,265.75,260.08,21553967,-2.47,0,20.93,腾讯财经
2026-08-18 00:50:04,259.62,265.44,265.75,259.57,22634897,-3.03,-1.00,20.89,腾讯财经
2026-08-18 01:00:00,259.49,265.44,265.75,259.20,23401202,-3.16,-1.00,20.88,腾讯财经
2026-08-18 01:10:05,259.72,265.44,265.75,259.00,24255422,-2.93,-1.00,20.89,腾讯财经
2026-08-18 01:20:04,258.75,265.44,265.75,258.60,25160317,-3.90,-1.00,20.82,腾讯财经
2026-08-18 01:30:00,258.66,265.44,265.75,258.59,25855124,-3.99,-1.00,20.81,腾讯财经
2026-08-18 01:40:00,258.58,265.44,265.75,258.34,26558430,-4.07,-1.00,20.80,腾讯财经
2026-08-18 01:50:04,258.60,265.44,265.75,258.34,27166182,-4.05,-1.00,20.80,腾讯财经
2026-08-18 02:00:00,258.78,265.44,265.75,258.34,27785949,-3.87,-1.00,20.82,腾讯财经
2026-08-18 02:10:00,259.39,265.44,265.75,258.34,28458323,-3.26,-1.00,20.87,腾讯财经
2026-08-18 02:20:00,260.17,265.44,265.75,258.34,29187599,-2.48,0,20.93,腾讯财经
2026-08-18 02:30:02,259.51,265.44,265.75,258.34,29643470,-3.14,-1.00,20.88,腾讯财经
2026-08-18 02:40:00,259.70,265.44,265.75,258.34,30607741,-2.95,-1.00,20.89,腾讯财经
2026-08-18 02:50:00,259.83,265.44,265.75,258.34,31005637,-2.82,-1.00,20.90,腾讯财经
2026-08-18 03:00:00,259.95,265.44,265.75,258.34,31603076,-2.70,-1.00,20.91,腾讯财经
2026-08-18 03:10:01,260.38,265.44,265.75,258.34,32075336,-2.27,0,20.95,腾讯财经
2026-08-18 03:20:00,260.51,265.44,265.75,258.34,32608427,-2.14,0,20.96,腾讯财经
2026-08-18 03:30:01,260.27,265.44,265.75,258.34,33290883,-2.38,0,20.94,腾讯财经
2026-08-18 03:40:05,259.83,265.44,265.75,258.34,33925347,-2.82,-1.00,20.90,腾讯财经
2026-08-18 03:50:00,260.47,265.44,265.75,258.34,35161472,-2.18,0,20.95,腾讯财经
2026-08-18 04:00:02,261.29,265.44,265.75,258.34,37479478,-1.36,0,21.02,腾讯财经
2026-08-18 04:10:02,261.31,265.44,265.75,258.34,43111195,-1.34,0,21.02,腾讯财经
2026-08-18 04:20:00,261.31,265.44,265.75,258.34,43170870,-1.34,0,21.02,腾讯财经
2026-08-18 04:30:01,261.31,265.44,265.75,258.34,43197568,-1.34,0,21.02,腾讯财经
2026-08-18 04:40:04,261.31,265.44,265.75,258.34,43206892,-1.34,0,21.02,腾讯财经
2026-08-18 04:50:00,261.31,265.44,265.75,258.34,43223656,-1.34,0,21.02,腾讯财经
2026-08-18 05:00:04,261.31,265.44,265.75,258.34,43738856,-1.34,0,21.02,腾讯财经
2026-08-18 05:10:05,261.31,265.44,265.75,258.34,43745125,-1.34,0,21.02,腾讯财经
2026-08-18 05:20:00,261.31,265.44,265.75,258.34,43749944,-1.34,0,21.02,腾讯财经
2026-08-18 05:30:00,261.31,265.44,265.75,258.34,43753047,-1.34,0,21.02,腾讯财经
2026-08-18 05:40:01,261.31,265.44,265.75,258.34,43798201,-1.34,0,21.02,腾讯财经
2026-08-18 05:50:01,261.31,265.44,265.75,258.34,43804330,-1.34,0,21.02,腾讯财经
2026-08-18 06:00:00,261.31,265.44,265.75,258.34,43807686,-1.34,0,21.02,腾讯财经
2026-08-18 06:10:00,261.31,265.44,265.75,258.34,43817089,-1.34,0,21.02,腾讯财经
2026-08-18 06:20:02,261.31,265.44,265.75,258.34,43831122,-1.34,0,21.02,腾讯财经
2026-08-18 06:30:00,261.31,265.44,265.75,258.34,43837963,-1.34,0,21.02,腾讯财经
2026-08-18 06:40:00,261.31,265.44,265.75,258.34,43847098,-1.34,0,21.02,腾讯财经
2026-08-18 06:50:00,261.31,265.44,265.75,258.34,43856123,-1.34,0,21.02,腾讯财经
2026-08-18 07:00:00,261.31,265.44,265.75,258.34,43861769,-1.34,0,21.02,腾讯财经
2026-08-18 07:10:00,261.31,265.44,265.75,258.34,43868732,-1.34,0,21.02,腾讯财经
2026-08-18 07:20:00,261.31,265.44,265.75,258.34,43874788,-1.34,0,21.02,腾讯财经
2026-08-18 07:30:03,261.31,265.44,265.75,258.34,43879381,-1.34,0,21.02,腾讯财经
2026-08-18 07:40:02,261.31,265.44,265.75,258.34,43884945,-1.34,0,21.02,腾讯财经
2026-08-18 07:50:00,261.31,265.44,265.75,258.34,43888849,-1.34,0,21.02,腾讯财经
2026-08-18 08:00:00,261.31,265.44,265.75,258.34,43896497,-1.34,0,21.02,腾讯财经
2026-08-18 08:10:01,261.31,265.44,265.75,258.34,43896516,-1.34,0,21.02,腾讯财经
2026-08-18 08:43:06,261.31,265.44,265.75,258.34,43896516,-1.34,0,21.02,腾讯财经
2026-08-18 08:50:05,261.31,265.44,265.75,258.34,43896516,-1.34,0,21.02,腾讯财经
2026-08-18 09:00:02,261.31,265.44,265.75,258.34,43896516,-1.34,0,21.02,腾讯财经
2026-08-18 09:10:00,261.31,265.44,265.75,258.34,43896516,-1.34,0,21.02,腾讯财经
2026-08-18 09:20:00,261.31,265.44,265.75,258.34,43896516,-1.34,0,21.02,腾讯财经
2026-08-18 09:30:01,261.31,265.44,265.75,258.34,43896516,-1.34,0,21.02,腾讯财经
2026-08-18 09:40:00,261.31,265.44,265.75,258.34,43896516,-1.34,0,21.02,腾讯财经
2026-08-18 09:50:00,261.31,265.44,265.75,258.34,43896516,-1.34,0,21.02,腾讯财经
2026-08-18 10:00:01,261.31,265.44,265.75,258.34,43896516,-1.34,0,21.02,腾讯财经
2026-08-18 10:10:06,261.31,265.44,265.75,258.34,43896516,-1.34,0,21.02,腾讯财经
2026-08-18 10:20:02,261.31,265.44,265.75,258.34,43896516,-1.34,0,21.02,腾讯财经
2026-08-18 10:30:03,261.31,265.44,265.75,258.34,43896516,-1.34,0,21.02,腾讯财经
2026-08-18 10:40:04,261.31,265.44,265.75,258.34,43896516,-1.34,0,21.02,腾讯财经
2026-08-18 10:50:00,261.31,265.44,265.75,258.34,43896516,-1.34,0,21.02,腾讯财经
2026-08-18 11:00:00,261.31,265.44,265.75,258.34,43896516,-1.34,0,21.02,腾讯财经
2026-08-18 11:10:03,261.31,265.44,265.75,258.34,43896516,-1.34,0,21.02,腾讯财经
2026-08-18 11:20:00,261.31,265.44,265.75,258.34,43896516,-1.34,0,21.02,腾讯财经
2026-08-18 11:30:02,261.31,265.44,265.75,258.34,43896516,-1.34,0,21.02,腾讯财经
2026-08-18 11:40:00,261.31,265.44,265.75,258.34,43896516,-1.34,0,21.02,腾讯财经
2026-08-18 11:50:02,261.31,265.44,265.75,258.34,43896516,-1.34,0,21.02,腾讯财经
2026-08-18 12:00:01,261.31,265.44,265.75,258.34,43896516,-1.34,0,21.02,腾讯财经
2026-08-18 12:10:00,261.31,265.44,265.75,258.34,43896516,-1.34,0,21.02,腾讯财经
2026-08-18 12:20:02,261.31,265.44,265.75,258.34,43896516,-1.34,0,21.02,腾讯财经
2026-08-18 12:30:02,261.31,265.44,265.75,258.34,43896516,-1.34,0,21.02,腾讯财经
2026-08-18 12:40:01,261.31,265.44,265.75,258.34,43896516,-1.34,0,21.02,腾讯财经
2026-08-18 12:50:05,261.31,265.44,265.75,258.34,43896516,-1.34,0,21.02,腾讯财经
2026-08-18 13:00:01,261.31,265.44,265.75,258.34,43896516,-1.34,0,21.02,腾讯财经
2026-08-18 13:10:04,261.31,265.44,265.75,258.34,43896516,-1.34,0,21.02,腾讯财经
2026-08-18 13:20:00,261.31,265.44,265.75,258.34,43896516,-1.34,0,21.02,腾讯财经
2026-08-18 13:30:01,261.31,265.44,265.75,258.34,43896516,-1.34,0,21.02,腾讯财经
2026-08-18 13:40:03,261.31,265.44,265.75,258.34,43896516,-1.34,0,21.02,腾讯财经
2026-08-18 13:50:05,261.31,265.44,265.75,258.34,43896516,-1.34,0,21.02,腾讯财经
2026-08-18 14:00:00,261.31,265.44,265.75,258.34,43896516,-1.34,0,21.02,腾讯财经
2026-08-18 14:10:04,261.31,265.44,265.75,258.34,43896516,-1.34,0,21.02,腾讯财经
2026-08-18 14:20:00,261.31,265.44,265.75,258.34,43896516,-1.34,0,21.02,腾讯财经
2026-08-18 14:30:01,261.31,265.44,265.75,258.34,43896516,-1.34,0,21.02,腾讯财经
2026-08-18 14:40:04,261.31,265.44,265.75,258.34,43896516,-1.34,0,21.02,腾讯财经
2026-08-18 14:50:02,261.31,265.44,265.75,258.34,43896516,-1.34,0,21.02,腾讯财经
2026-08-18 15:00:00,261.31,265.44,265.75,258.34,43896516,-1.34,0,21.02,腾讯财经
2026-08-18 15:10:04,261.31,265.44,265.75,258.34,43896516,-1.34,0,21.02,腾讯财经
2026-08-18 15:20:05,261.31,265.44,265.75,258.34,43896516,-1.34,0,21.02,腾讯财经
2026-08-18 15:30:00,261.31,265.44,265.75,258.34,43896516,-1.34,0,21.02,腾讯财经
2026-08-18 15:40:00,261.31,265.44,265.75,258.34,43896516,-1.34,0,21.02,腾讯财经
2026-08-18 15:50:01,261.31,265.44,265.75,258.34,43896516,-1.34,0,21.02,腾讯财经
2026-08-18 16:00:03,261.31,265.44,265.75,258.34,43896516,-1.34,0,21.02,腾讯财经
2026-08-18 16:10:00,261.31,265.44,265.75,258.34,43896516,-1.34,0,21.02,腾讯财经
2026-08-18 16:20:03,261.31,265.44,265.75,258.34,43896516,-1.34,0,21.02,腾讯财经
2026-08-18 16:30:04,261.31,265.44,265.75,258.34,43896516,-1.34,0,21.02,腾讯财经
2026-08-18 16:40:05,261.31,265.44,265.75,258.34,43896516,-1.34,0,21.02,腾讯财经
2026-08-18 16:50:00,261.31,265.44,265.75,258.34,43896516,-1.34,0,21.02,腾讯财经
2026-08-18 17:00:01,261.31,265.44,265.75,258.34,43896516,-1.34,0,21.02,腾讯财经
2026-08-18 17:10:00,261.31,265.44,265.75,258.34,43896516,-1.34,0,21.02,腾讯财经
2026-08-18 17:20:01,261.31,265.44,265.75,258.34,43896516,-1.34,0,21.02,腾讯财经
2026-08-18 17:30:03,261.31,265.44,265.75,258.34,43896516,-1.34,0,21.02,腾讯财经
2026-08-18 17:40:00,261.31,265.44,265.75,258.34,43896516,-1.34,0,21.02,腾讯财经
2026-08-18 18:11:24,261.31,265.44,265.75,258.34,43896516,-1.34,0,21.02,腾讯财经
2026-08-18 18:20:00,261.31,265.44,265.75,258.34,43896516,-1.34,0,21.02,腾讯财经
2026-08-18 18:30:00,261.31,265.44,265.75,258.34,43896516,-1.34,0,21.02,腾讯财经
2026-08-18 18:40:03,261.31,265.44,265.75,258.34,43896516,-1.34,0,21.02,腾讯财经
2026-08-18 18:50:04,261.31,265.44,265.75,258.34,43896516,-1.34,0,21.02,腾讯财经
2026-08-18 19:00:00,261.31,265.44,265.75,258.34,43896516,-1.34,0,21.02,腾讯财经
2026-08-18 19:10:05,261.31,265.44,265.75,258.34,43896516,-1.34,0,21.02,腾讯财经
2026-08-18 19:20:05,261.31,265.44,265.75,258.34,43896516,-1.34,0,21.02,腾讯财经
2026-08-18 19:30:05,261.31,265.44,265.75,258.34,43896516,-1.34,0,21.02,腾讯财经
2026-08-18 19:40:01,261.31,265.44,265.75,258.34,43896516,-1.34,0,21.02,腾讯财经
2026-08-18 19:50:01,261.31,265.44,265.75,258.34,43896516,-1.34,0,21.02,腾讯财经
2026-08-18 20:00:01,261.31,265.44,265.75,258.34,43896516,-1.34,0,21.02,腾讯财经
2026-08-18 20:10:02,261.31,265.44,265.75,258.34,43896516,-1.34,0,21.02,腾讯财经
2026-08-18 20:20:00,261.31,265.44,265.75,258.34,43896516,-1.34,0,21.02,腾讯财经
2026-08-18 20:30:05,261.31,265.44,265.75,258.34,43896516,-1.34,0,21.02,腾讯财经
2026-08-18 20:40:00,261.31,265.44,265.75,258.34,43896516,-1.34,0,21.02,腾讯财经
2026-08-18 20:50:04,261.31,265.44,265.75,258.34,43896516,-1.34,0,21.02,腾讯财经
2026-08-18 21:00:00,261.31,265.44,265.75,258.34,43896516,-1.34,0,21.02,腾讯财经
2026-08-18 21:10:01,261.31,265.44,265.75,258.34,43896516,-1.34,0,21.02,腾讯财经
2026-08-18 21:20:04,261.31,265.44,265.75,258.34,43896516,-1.34,0,21.02,腾讯财经
2026-08-18 21:30:03,261.31,0.00,0.00,0.00,553885,0,0,21.02,腾讯财经
2026-08-18 21:40:03,259.85,260.63,261.18,257.77,2820943,-1.46,0,20.90,腾讯财经
2026-08-18 21:50:04,259.08,260.63,261.18,257.77,3700498,-2.23,0,20.84,腾讯财经
2026-08-18 22:00:01,258.17,260.63,261.18,257.73,4759531,-3.14,-1.00,20.77,腾讯财经
2026-08-18 22:10:03,259.04,260.63,261.18,257.73,5536498,-2.27,0,20.84,腾讯财经
2026-08-18 22:20:04,259.96,260.63,261.18,257.73,6438155,-1.35,0,20.91,腾讯财经
2026-08-18 22:30:00,261.05,260.63,261.18,257.73,7295890,-.26,0,21.00,腾讯财经
2026-08-18 22:40:00,261.77,260.63,262.03,257.73,8224814,.46,0,21.06,腾讯财经
2026-08-18 22:50:04,261.51,260.63,262.03,257.73,9128063,.20,0,21.04,腾讯财经
2026-08-18 23:00:00,261.84,260.63,262.03,257.73,9672044,.53,0,21.07,腾讯财经
2026-08-18 23:10:03,261.28,260.63,262.18,257.73,10474959,-.03,0,21.02,腾讯财经
2026-08-18 23:20:01,260.48,260.63,262.18,257.73,11148767,-.83,0,20.96,腾讯财经
2026-08-18 23:30:00,260.46,260.63,262.18,257.73,11627343,-.85,0,20.95,腾讯财经
2026-08-18 23:40:00,260.33,260.63,262.18,257.73,12221437,-.98,0,20.94,腾讯财经
2026-08-18 23:50:00,260.43,260.63,262.18,257.73,12645229,-.88,0,20.95,腾讯财经
2026-08-19 00:00:01,260.40,260.63,262.18,257.73,12977341,-.91,0,20.95,腾讯财经
2026-08-19 00:10:01,260.58,260.63,262.18,257.73,13400032,-.73,0,20.96,腾讯财经
2026-08-19 00:20:05,261.01,260.63,262.18,257.73,13753757,-.30,0,21.00,腾讯财经
2026-08-19 00:30:04,261.05,260.63,262.18,257.73,14219668,-.26,0,21.00,腾讯财经
2026-08-19 00:40:00,261.34,260.63,262.18,257.73,14686643,.03,0,21.02,腾讯财经
2026-08-19 00:50:04,261.66,260.63,262.18,257.73,15085294,.35,0,21.05,腾讯财经
2026-08-19 01:00:00,261.95,260.63,262.18,257.73,15450234,.64,0,21.07,腾讯财经
2026-08-19 01:10:01,261.96,260.63,262.18,257.73,15923436,.65,0,21.07,腾讯财经
2026-08-19 01:20:00,261.79,260.63,262.18,257.73,16433898,.48,0,21.06,腾讯财经
2026-08-19 01:30:00,260.98,260.63,262.18,257.73,16899009,-.33,0,21.00,腾讯财经
2026-08-19 01:40:00,260.79,260.63,262.18,257.73,17458851,-.52,0,20.98,腾讯财经
2026-08-19 01:50:05,260.54,260.63,262.18,257.73,17761396,-.77,0,20.96,腾讯财经
2026-08-19 02:00:00,260.49,260.63,262.18,257.73,18093886,-.82,0,20.96,腾讯财经
2026-08-19 02:10:04,260.49,260.63,262.18,257.73,18656200,-.82,0,20.96,腾讯财经
2026-08-19 02:20:00,260.77,260.63,262.18,257.73,19038841,-.54,0,20.98,腾讯财经
2026-08-19 02:30:01,260.52,260.63,262.18,257.73,19326129,-.79,0,20.96,腾讯财经
2026-08-19 02:40:00,260.55,260.63,262.18,257.73,19585359,-.76,0,20.96,腾讯财经
2026-08-19 02:50:01,260.33,260.63,262.18,257.73,19923888,-.98,0,20.94,腾讯财经
2026-08-19 03:00:03,260.23,260.63,262.18,257.73,20221553,-1.08,0,20.94,腾讯财经
2026-08-19 03:10:00,260.48,260.63,262.18,257.73,20576501,-.83,0,20.96,腾讯财经
2026-08-19 03:20:00,260.27,260.63,262.18,257.73,20995107,-1.04,0,20.94,腾讯财经
2026-08-19 03:30:01,260.01,260.63,262.18,257.73,21618810,-1.30,0,20.92,腾讯财经
2026-08-19 03:40:00,260.21,260.63,262.18,257.73,22091305,-1.10,0,20.93,腾讯财经
2026-08-19 03:50:00,259.63,260.63,262.18,257.73,22677255,-1.68,0,20.89,腾讯财经
2026-08-19 04:00:00,259.50,260.63,262.18,257.73,25503948,-1.81,0,20.88,腾讯财经
2026-08-19 04:10:02,259.45,260.63,262.18,257.73,32826270,-1.86,0,20.87,腾讯财经
2026-08-19 04:20:00,259.45,260.63,262.18,257.73,32834485,-1.86,0,20.87,腾讯财经
2026-08-19 04:30:01,259.45,260.63,262.18,257.73,32892910,-1.86,0,20.87,腾讯财经
2026-08-19 04:40:03,259.45,260.63,262.18,257.73,32900545,-1.86,0,20.87,腾讯财经
2026-08-19 04:50:04,259.45,260.63,262.18,257.73,32905748,-1.86,0,20.87,腾讯财经
2026-08-19 05:00:00,259.45,260.63,262.18,257.73,32993080,-1.86,0,20.87,腾讯财经
2026-08-19 05:10:00,259.45,260.63,262.18,257.73,33034476,-1.86,0,20.87,腾讯财经
2026-08-19 05:20:00,259.45,260.63,262.18,257.73,33060172,-1.86,0,20.87,腾讯财经
2026-08-19 05:30:00,259.45,260.63,262.18,257.73,33062974,-1.86,0,20.87,腾讯财经
2026-08-19 05:40:00,259.45,260.63,262.18,257.73,33066360,-1.86,0,20.87,腾讯财经
2026-08-19 05:50:05,259.45,260.63,262.18,257.73,33079122,-1.86,0,20.87,腾讯财经
2026-08-19 06:00:00,259.45,260.63,262.18,257.73,33080693,-1.86,0,20.87,腾讯财经
2026-08-19 06:10:02,259.45,260.63,262.18,257.73,33095607,-1.86,0,20.87,腾讯财经
2026-08-19 06:20:00,259.45,260.63,262.18,257.73,33099843,-1.86,0,20.87,腾讯财经
2026-08-19 06:30:01,259.45,260.63,262.18,257.73,33117254,-1.86,0,20.87,腾讯财经
2026-08-19 06:40:03,259.45,260.63,262.18,257.73,33128104,-1.86,0,20.87,腾讯财经
2026-08-19 06:50:01,259.45,260.63,262.18,257.73,33133523,-1.86,0,20.87,腾讯财经
2026-08-19 07:00:00,259.45,260.63,262.18,257.73,33136661,-1.86,0,20.87,腾讯财经
2026-08-19 07:10:01,259.45,260.63,262.18,257.73,33146356,-1.86,0,20.87,腾讯财经
2026-08-19 07:20:05,259.45,260.63,262.18,257.73,33150621,-1.86,0,20.87,腾讯财经
2026-08-19 07:30:01,259.45,260.63,262.18,257.73,33157439,-1.86,0,20.87,腾讯财经
2026-08-19 07:40:00,259.45,260.63,262.18,257.73,33159824,-1.86,0,20.87,腾讯财经
2026-08-19 07:50:00,259.45,260.63,262.18,257.73,33165985,-1.86,0,20.87,腾讯财经
2026-08-19 08:50:05,259.45,260.63,262.18,257.73,33171263,-1.86,0,20.87,腾讯财经
2026-08-19 09:00:03,259.45,260.63,262.18,257.73,33171263,-1.86,0,20.87,腾讯财经
2026-08-19 09:10:01,259.45,260.63,262.18,257.73,33171263,-1.86,0,20.87,腾讯财经
2026-08-19 09:20:04,259.45,260.63,262.18,257.73,33171263,-1.86,0,20.87,腾讯财经
2026-08-19 09:30:00,259.45,260.63,262.18,257.73,33171263,-1.86,0,20.87,腾讯财经
2026-08-19 09:40:00,259.45,260.63,262.18,257.73,33171263,-1.86,0,20.87,腾讯财经
2026-08-19 09:50:04,259.45,260.63,262.18,257.73,33171263,-1.86,0,20.87,腾讯财经
2026-08-19 10:00:00,259.45,260.63,262.18,257.73,33171263,-1.86,0,20.87,腾讯财经
2026-08-19 10:10:02,259.45,260.63,262.18,257.73,33171263,-1.86,0,20.87,腾讯财经
2026-08-19 10:20:00,259.45,260.63,262.18,257.73,33171263,-1.86,0,20.87,腾讯财经
2026-08-19 10:30:01,259.45,260.63,262.18,257.73,33171263,-1.86,0,20.87,腾讯财经
2026-08-19 10:40:05,259.45,260.63,262.18,257.73,33171263,-1.86,0,20.87,腾讯财经
2026-08-19 10:50:03,259.45,260.63,262.18,257.73,33171263,-1.86,0,20.87,腾讯财经
2026-08-19 11:00:01,259.45,260.63,262.18,257.73,33171263,-1.86,0,20.87,腾讯财经
2026-08-19 11:10:01,259.45,260.63,262.18,257.73,33171263,-1.86,0,20.87,腾讯财经
2026-08-19 11:20:02,259.45,260.63,262.18,257.73,33171263,-1.86,0,20.87,腾讯财经
2026-08-19 11:30:05,259.45,260.63,262.18,257.73,33171263,-1.86,0,20.87,腾讯财经
2026-08-19 11:40:02,259.45,260.63,262.18,257.73,33171263,-1.86,0,20.87,腾讯财经
2026-08-19 11:50:02,259.45,260.63,262.18,257.73,33171263,-1.86,0,20.87,腾讯财经
2026-08-19 12:00:05,259.45,260.63,262.18,257.73,33171263,-1.86,0,20.87,腾讯财经
2026-08-19 12:10:00,259.45,260.63,262.18,257.73,33171263,-1.86,0,20.87,腾讯财经
2026-08-19 12:20:05,259.45,260.63,262.18,257.73,33171263,-1.86,0,20.87,腾讯财经
2026-08-19 12:30:00,259.45,260.63,262.18,257.73,33171263,-1.86,0,20.87,腾讯财经
2026-08-19 12:40:05,259.45,260.63,262.18,257.73,33171263,-1.86,0,20.87,腾讯财经
2026-08-19 12:50:05,259.45,260.63,262.18,257.73,33171263,-1.86,0,20.87,腾讯财经
2026-08-19 13:00:00,259.45,260.63,262.18,257.73,33171263,-1.86,0,20.87,腾讯财经
2026-08-19 13:10:01,259.45,260.63,262.18,257.73,33171263,-1.86,0,20.87,腾讯财经
2026-08-19 13:20:02,259.45,260.63,262.18,257.73,33171263,-1.86,0,20.87,腾讯财经
2026-08-19 13:30:00,259.45,260.63,262.18,257.73,33171263,-1.86,0,20.87,腾讯财经
2026-08-19 13:40:00,259.45,260.63,262.18,257.73,33171263,-1.86,0,20.87,腾讯财经
2026-08-19 13:50:01,259.45,260.63,262.18,257.73,33171263,-1.86,0,20.87,腾讯财经
2026-08-19 13:56:31,259.45,260.63,262.18,257.73,33171263,-1.86,0,20.87,腾讯财经
2026-08-19 14:04:47,259.45,260.63,262.18,257.73,33171263,-1.86,0,20.87,腾讯财经
2026-08-19 14:10:00,259.45,260.63,262.18,257.73,33171263,-1.86,0,20.87,腾讯财经
2026-08-19 14:20:04,259.45,260.63,262.18,257.73,33171263,-1.86,0,20.87,腾讯财经
2026-08-19 14:30:02,259.45,260.63,262.18,257.73,33171263,-1.86,0,20.87,腾讯财经
2026-08-19 14:40:00,259.45,260.63,262.18,257.73,33171263,-1.86,0,20.87,腾讯财经
2026-08-19 14:50:00,259.45,260.63,262.18,257.73,33171263,-1.86,0,20.87,腾讯财经
2026-08-19 15:00:05,259.45,260.63,262.18,257.73,33171263,-1.86,0,20.87,腾讯财经
2026-08-19 15:10:00,259.45,260.63,262.18,257.73,33171263,-1.86,0,20.87,腾讯财经
2026-08-19 15:20:01,259.45,260.63,262.18,257.73,33171263,-1.86,0,20.87,腾讯财经
2026-08-19 15:30:00,259.45,260.63,262.18,257.73,33171263,-1.86,0,20.87,腾讯财经
2026-08-19 15:40:03,259.45,260.63,262.18,257.73,33171263,-1.86,0,20.87,腾讯财经
2026-08-19 15:50:00,259.45,260.63,262.18,257.73,33171263,-1.86,0,20.87,腾讯财经
2026-08-19 16:00:04,259.45,260.63,262.18,257.73,33171263,-1.86,0,20.87,腾讯财经
2026-08-19 16:10:00,259.45,260.63,262.18,257.73,33171263,-1.86,0,20.87,腾讯财经
2026-08-19 16:20:00,259.45,260.63,262.18,257.73,33171263,-1.86,0,20.87,腾讯财经
2026-08-19 16:30:00,259.45,260.63,262.18,257.73,33171263,-1.86,0,20.87,腾讯财经
2026-08-19 16:40:01,259.45,260.63,262.18,257.73,33171263,-1.86,0,20.87,腾讯财经
2026-08-19 16:50:04,259.45,260.63,262.18,257.73,33171263,-1.86,0,20.87,腾讯财经
2026-08-19 17:00:02,259.45,260.63,262.18,257.73,33171263,-1.86,0,20.87,腾讯财经
2026-08-19 17:10:01,259.45,260.63,262.18,257.73,33171263,-1.86,0,20.87,腾讯财经
2026-08-19 17:20:05,259.45,260.63,262.18,257.73,33171263,-1.86,0,20.87,腾讯财经
2026-08-19 17:30:04,259.45,260.63,262.18,257.73,33171263,-1.86,0,20.87,腾讯财经
2026-08-19 19:25:37,259.45,260.63,262.18,257.73,33171263,-1.86,0,20.87,腾讯财经
2026-08-19 19:30:05,259.45,260.63,262.18,257.73,33171263,-1.86,0,20.87,腾讯财经
2026-08-19 19:40:01,259.45,260.63,262.18,257.73,33171263,-1.86,0,20.87,腾讯财经
2026-08-19 19:50:00,259.45,260.63,262.18,257.73,33171263,-1.86,0,20.87,腾讯财经
2026-08-19 20:00:03,259.45,260.63,262.18,257.73,33171263,-1.86,0,20.87,腾讯财经
2026-08-19 20:10:03,259.45,260.63,262.18,257.73,33171263,-1.86,0,20.87,腾讯财经
2026-08-19 20:20:01,259.45,260.63,262.18,257.73,33171263,-1.86,0,20.87,腾讯财经
2026-08-19 20:30:05,259.45,260.63,262.18,257.73,33171263,-1.86,0,20.87,腾讯财经
2026-08-19 20:40:00,259.45,260.63,262.18,257.73,33171263,-1.86,0,20.87,腾讯财经
2026-08-19 20:50:00,259.45,260.63,262.18,257.73,33171263,-1.86,0,20.87,腾讯财经
2026-08-19 21:00:00,259.45,260.63,262.18,257.73,33171263,-1.86,0,20.87,腾讯财经
2026-08-19 21:10:05,259.45,260.63,262.18,257.73,33171263,-1.86,0,20.87,腾讯财经
2026-08-19 21:20:04,259.45,260.63,262.18,257.73,33171263,-1.86,0,20.87,腾讯财经
2026-08-19 21:30:00,259.45,0.00,0.00,0.00,537425,0,0,20.87,腾讯财经
2026-08-19 21:40:05,260.50,260.85,262.68,259.30,2556039,1.05,0,20.96,腾讯财经
2026-08-19 21:50:01,258.68,260.85,262.68,258.61,3384560,-.77,0,20.81,腾讯财经
2026-08-19 22:00:00,260.18,260.85,262.68,258.58,4526999,.73,0,20.93,腾讯财经
2026-08-19 22:10:00,260.66,260.85,262.68,258.58,5362420,1.21,0,20.97,腾讯财经
2026-08-19 22:20:03,261.18,260.85,262.68,258.58,6394002,1.73,0,21.01,腾讯财经
2026-08-19 22:30:01,261.09,260.85,262.68,258.58,7120163,1.64,0,21.00,腾讯财经
2026-08-19 22:40:03,261.66,260.85,262.68,258.58,7826185,2.21,0,21.05,腾讯财经
2026-08-19 22:50:04,263.50,260.85,263.67,258.58,9282204,4.05,1.00,21.20,腾讯财经
2026-08-19 23:00:05,263.77,260.85,264.97,258.58,11005004,4.32,1.00,21.22,腾讯财经
2026-08-19 23:10:03,263.70,260.85,264.97,258.58,11919561,4.25,1.00,21.21,腾讯财经
2026-08-19 23:20:03,263.29,260.85,264.97,258.58,12727755,3.84,1.00,21.18,腾讯财经
2026-08-19 23:30:05,263.98,260.85,264.97,258.58,13419201,4.53,1.00,21.24,腾讯财经
2026-08-19 23:40:04,264.12,260.85,264.97,258.58,13839217,4.67,1.00,21.25,腾讯财经
2026-08-19 23:50:04,264.56,260.85,264.97,258.58,14235901,5.11,1.00,21.28,腾讯财经
2026-08-20 00:00:05,264.49,260.85,264.97,258.58,14572215,5.04,1.00,21.28,腾讯财经
2026-08-20 00:10:03,265.02,260.85,265.07,258.58,15146067,5.57,2.00,21.32,腾讯财经
2026-08-20 00:20:05,264.76,260.85,265.15,258.58,15657499,5.31,2.00,21.30,腾讯财经
2026-08-20 00:30:03,264.55,260.85,265.15,258.58,16017747,5.10,1.00,21.28,腾讯财经
2026-08-20 00:40:03,264.46,260.85,265.15,258.58,16476315,5.01,1.00,21.28,腾讯财经
2026-08-20 00:50:04,264.12,260.85,265.15,258.58,16917613,4.67,1.00,21.25,腾讯财经
2026-08-20 01:00:04,264.26,260.85,265.15,258.58,17235713,4.81,1.00,21.26,腾讯财经
2026-08-20 01:10:04,264.22,260.85,265.15,258.58,17591901,4.77,1.00,21.26,腾讯财经
2026-08-20 01:20:05,264.05,260.85,265.15,258.58,17922355,4.60,1.00,21.24,腾讯财经
2026-08-20 01:30:03,264.72,260.85,265.15,258.58,18414703,5.27,2.00,21.30,腾讯财经
2026-08-20 01:40:04,264.22,260.85,265.15,258.58,18867049,4.77,1.00,21.26,腾讯财经
2026-08-20 01:50:04,264.26,260.85,265.15,258.58,19150864,4.81,1.00,21.26,腾讯财经
2026-08-20 02:00:03,264.40,260.85,265.15,258.58,19459157,4.95,1.00,21.27,腾讯财经
2026-08-20 02:10:05,264.27,260.85,265.15,258.58,19995469,4.82,1.00,21.26,腾讯财经
2026-08-20 02:20:04,264.47,260.85,265.15,258.58,20313803,5.02,1.00,21.28,腾讯财经
2026-08-20 02:30:00,264.36,260.85,265.15,258.58,20581968,4.91,1.00,21.27,腾讯财经
2026-08-20 02:40:04,264.23,260.85,265.15,258.58,21047869,4.78,1.00,21.26,腾讯财经
2026-08-20 02:50:04,264.03,260.85,265.15,258.58,21388291,4.58,1.00,21.24,腾讯财经
2026-08-20 03:00:00,264.17,260.85,265.15,258.58,21797671,4.72,1.00,21.25,腾讯财经
2026-08-20 03:10:04,264.57,260.85,265.15,258.58,22163574,5.12,1.00,21.28,腾讯财经
2026-08-20 03:20:04,264.72,260.85,265.15,258.58,22548741,5.27,2.00,21.30,腾讯财经
2026-08-20 03:30:00,265.29,260.85,265.36,258.58,23062248,5.84,2.00,21.34,腾讯财经
2026-08-20 03:40:00,265.95,260.85,266.33,258.58,24261342,6.50,2.00,21.40,腾讯财经
2026-08-20 03:50:04,265.56,260.85,266.33,258.58,25182649,6.11,2.00,21.36,腾讯财经
2026-08-20 04:00:00,265.78,260.85,266.40,258.58,27995332,6.33,2.00,21.38,腾讯财经
2026-08-20 04:10:00,265.84,260.85,266.40,258.58,35201308,6.39,2.00,21.39,腾讯财经
2026-08-20 04:20:02,265.84,260.85,266.40,258.58,35235054,6.39,2.00,21.39,腾讯财经
2026-08-20 04:30:01,265.84,260.85,266.40,258.58,35252298,6.39,2.00,21.39,腾讯财经
2026-08-20 04:40:01,265.84,260.85,266.40,258.58,35263673,6.39,2.00,21.39,腾讯财经
2026-08-20 04:50:05,265.84,260.85,266.40,258.58,35280099,6.39,2.00,21.39,腾讯财经
2026-08-20 05:00:00,265.84,260.85,266.40,258.58,35494011,6.39,2.00,21.39,腾讯财经
2026-08-20 05:10:02,265.84,260.85,266.40,258.58,35530597,6.39,2.00,21.39,腾讯财经
2026-08-20 05:20:05,265.84,260.85,266.40,258.58,35562265,6.39,2.00,21.39,腾讯财经
2026-08-20 05:30:00,265.84,260.85,266.40,258.58,35574095,6.39,2.00,21.39,腾讯财经
2026-08-20 05:40:00,265.84,260.85,266.40,258.58,35584298,6.39,2.00,21.39,腾讯财经
2026-08-20 05:50:00,265.84,260.85,266.40,258.58,35587406,6.39,2.00,21.39,腾讯财经
2026-08-20 06:00:00,265.84,260.85,266.40,258.58,35593473,6.39,2.00,21.39,腾讯财经
2026-08-20 06:10:00,265.84,260.85,266.40,258.58,35607636,6.39,2.00,21.39,腾讯财经
2026-08-20 06:20:01,265.84,260.85,266.40,258.58,35632365,6.39,2.00,21.39,腾讯财经
2026-08-20 06:30:00,265.84,260.85,266.40,258.58,35667004,6.39,2.00,21.39,腾讯财经
2026-08-20 06:40:01,265.84,260.85,266.40,258.58,35674943,6.39,2.00,21.39,腾讯财经
2026-08-20 06:50:04,265.84,260.85,266.40,258.58,35684025,6.39,2.00,21.39,腾讯财经
2026-08-20 07:00:00,265.84,260.85,266.40,258.58,35693275,6.39,2.00,21.39,腾讯财经
2026-08-20 07:10:00,265.84,260.85,266.40,258.58,35719171,6.39,2.00,21.39,腾讯财经
2026-08-20 07:20:04,265.84,260.85,266.40,258.58,35733729,6.39,2.00,21.39,腾讯财经
2026-08-20 07:30:00,265.84,260.85,266.40,258.58,35738635,6.39,2.00,21.39,腾讯财经
2026-08-20 07:40:00,265.84,260.85,266.40,258.58,35743357,6.39,2.00,21.39,腾讯财经
2026-08-20 08:28:01,265.84,260.85,266.40,258.58,35762439,6.39,2.00,21.39,腾讯财经
2026-08-20 08:30:05,265.84,260.85,266.40,258.58,35762439,6.39,2.00,21.39,腾讯财经
2026-08-20 08:40:05,265.84,260.85,266.40,258.58,35762439,6.39,2.00,21.39,腾讯财经
2026-08-20 08:50:03,265.84,260.85,266.40,258.58,35762439,6.39,2.00,21.39,腾讯财经
2026-08-20 09:00:01,265.84,260.85,266.40,258.58,35762439,6.39,2.00,21.39,腾讯财经
2026-08-20 09:10:04,265.84,260.85,266.40,258.58,35762439,6.39,2.00,21.39,腾讯财经
2026-08-20 09:20:01,265.84,260.85,266.40,258.58,35762439,6.39,2.00,21.39,腾讯财经
2026-08-20 09:30:00,265.84,260.85,266.40,258.58,35762439,6.39,2.00,21.39,腾讯财经
2026-08-20 09:40:00,265.84,260.85,266.40,258.58,35762439,6.39,2.00,21.39,腾讯财经
2026-08-20 09:50:01,265.84,260.85,266.40,258.58,35762439,6.39,2.00,21.39,腾讯财经
2026-08-20 10:00:04,265.84,260.85,266.40,258.58,35762439,6.39,2.00,21.39,腾讯财经
2026-08-20 10:10:02,265.84,260.85,266.40,258.58,35762439,6.39,2.00,21.39,腾讯财经
2026-08-20 10:20:02,265.84,260.85,266.40,258.58,35762439,6.39,2.00,21.39,腾讯财经
2026-08-20 10:30:05,265.84,260.85,266.40,258.58,35762439,6.39,2.00,21.39,腾讯财经
2026-08-20 10:40:00,265.84,260.85,266.40,258.58,35762439,6.39,2.00,21.39,腾讯财经
2026-08-20 10:50:04,265.84,260.85,266.40,258.58,35762439,6.39,2.00,21.39,腾讯财经
2026-08-20 11:00:00,265.84,260.85,266.40,258.58,35762439,6.39,2.00,21.39,腾讯财经
2026-08-20 11:10:00,265.84,260.85,266.40,258.58,35762439,6.39,2.00,21.39,腾讯财经
2026-08-20 11:20:01,265.84,260.85,266.40,258.58,35762439,6.39,2.00,21.39,腾讯财经
2026-08-20 11:30:03,265.84,260.85,266.40,258.58,35762439,6.39,2.00,21.39,腾讯财经
2026-08-20 11:40:01,265.84,260.85,266.40,258.58,35762439,6.39,2.00,21.39,腾讯财经
2026-08-20 11:50:01,265.84,260.85,266.40,258.58,35762439,6.39,2.00,21.39,腾讯财经
2026-08-20 12:00:00,265.84,260.85,266.40,258.58,35762439,6.39,2.00,21.39,腾讯财经
2026-08-20 12:10:01,265.84,260.85,266.40,258.58,35762439,6.39,2.00,21.39,腾讯财经
2026-08-20 12:20:01,265.84,260.85,266.40,258.58,35762439,6.39,2.00,21.39,腾讯财经
2026-08-20 12:30:05,265.84,260.85,266.40,258.58,35762439,6.39,2.00,21.39,腾讯财经
2026-08-20 12:40:01,265.84,260.85,266.40,258.58,35762439,6.39,2.00,21.39,腾讯财经
2026-08-20 12:50:01,265.84,260.85,266.40,258.58,35762439,6.39,2.00,21.39,腾讯财经
2026-08-20 13:00:02,265.84,260.85,266.40,258.58,35762439,6.39,2.00,21.39,腾讯财经
2026-08-20 13:10:04,265.84,260.85,266.40,258.58,35762439,6.39,2.00,21.39,腾讯财经
2026-08-20 13:20:00,265.84,260.85,266.40,258.58,35762439,6.39,2.00,21.39,腾讯财经
2026-08-20 13:30:05,265.84,260.85,266.40,258.58,35762439,6.39,2.00,21.39,腾讯财经
2026-08-20 13:40:01,265.84,260.85,266.40,258.58,35762439,6.39,2.00,21.39,腾讯财经
2026-08-20 13:50:00,265.84,260.85,266.40,258.58,35762439,6.39,2.00,21.39,腾讯财经
2026-08-20 14:00:00,265.84,260.85,266.40,258.58,35762439,6.39,2.00,21.39,腾讯财经
2026-08-20 14:10:02,265.84,260.85,266.40,258.58,35762439,6.39,2.00,21.39,腾讯财经
2026-08-20 14:20:02,265.84,260.85,266.40,258.58,35762439,6.39,2.00,21.39,腾讯财经
2026-08-20 14:30:05,265.84,260.85,266.40,258.58,35762439,6.39,2.00,21.39,腾讯财经
2026-08-20 14:40:01,265.84,260.85,266.40,258.58,35762439,6.39,2.00,21.39,腾讯财经
2026-08-20 14:50:01,265.84,260.85,266.40,258.58,35762439,6.39,2.00,21.39,腾讯财经
2026-08-20 15:00:03,265.84,260.85,266.40,258.58,35762439,6.39,2.00,21.39,腾讯财经
2026-08-20 15:10:00,265.84,260.85,266.40,258.58,35762439,6.39,2.00,21.39,腾讯财经
2026-08-20 15:20:01,265.84,260.85,266.40,258.58,35762439,6.39,2.00,21.39,腾讯财经
2026-08-20 15:30:02,265.84,260.85,266.40,258.58,35762439,6.39,2.00,21.39,腾讯财经
2026-08-20 15:40:04,265.84,260.85,266.40,258.58,35762439,6.39,2.00,21.39,腾讯财经
2026-08-20 15:50:01,265.84,260.85,266.40,258.58,35762439,6.39,2.00,21.39,腾讯财经
2026-08-20 16:00:00,265.84,260.85,266.40,258.58,35762439,6.39,2.00,21.39,腾讯财经
2026-08-20 16:10:03,265.84,260.85,266.40,258.58,35762439,6.39,2.00,21.39,腾讯财经
2026-08-20 16:20:05,265.84,260.85,266.40,258.58,35762439,6.39,2.00,21.39,腾讯财经
2026-08-20 16:30:04,265.84,260.85,266.40,258.58,35762439,6.39,2.00,21.39,腾讯财经
2026-08-20 16:40:04,265.84,260.85,266.40,258.58,35762439,6.39,2.00,21.39,腾讯财经
2026-08-20 16:50:00,265.84,260.85,266.40,258.58,35762439,6.39,2.00,21.39,腾讯财经
2026-08-20 17:00:02,265.84,260.85,266.40,258.58,35762439,6.39,2.00,21.39,腾讯财经
2026-08-20 17:10:00,265.84,260.85,266.40,258.58,35762439,6.39,2.00,21.39,腾讯财经
2026-08-20 17:20:02,265.84,260.85,266.40,258.58,35762439,6.39,2.00,21.39,腾讯财经
2026-08-20 17:30:00,265.84,260.85,266.40,258.58,35762439,6.39,2.00,21.39,腾讯财经
2026-08-20 17:40:01,265.84,260.85,266.40,258.58,35762439,6.39,2.00,21.39,腾讯财经
2026-08-20 17:50:02,265.84,260.85,266.40,258.58,35762439,6.39,2.00,21.39,腾讯财经
2026-08-20 18:00:05,265.84,260.85,266.40,258.58,35762439,6.39,2.00,21.39,腾讯财经
2026-08-20 18:10:01,265.84,260.85,266.40,258.58,35762439,6.39,2.00,21.39,腾讯财经
2026-08-20 18:20:01,265.84,260.85,266.40,258.58,35762439,6.39,2.00,21.39,腾讯财经
2026-08-20 18:30:05,265.84,260.85,266.40,258.58,35762439,6.39,2.00,21.39,腾讯财经
2026-08-20 18:40:01,265.84,260.85,266.40,258.58,35762439,6.39,2.00,21.39,腾讯财经
2026-08-20 18:50:04,265.84,260.85,266.40,258.58,35762439,6.39,2.00,21.39,腾讯财经
2026-08-20 19:00:01,265.84,260.85,266.40,258.58,35762439,6.39,2.00,21.39,腾讯财经
2026-08-20 19:10:03,265.84,260.85,266.40,258.58,35762439,6.39,2.00,21.39,腾讯财经
2026-08-20 19:20:02,265.84,260.85,266.40,258.58,35762439,6.39,2.00,21.39,腾讯财经
2026-08-20 19:30:02,265.84,260.85,266.40,258.58,35762439,6.39,2.00,21.39,腾讯财经
2026-08-20 19:40:01,265.84,260.85,266.40,258.58,35762439,6.39,2.00,21.39,腾讯财经
2026-08-20 19:50:01,265.84,260.85,266.40,258.58,35762439,6.39,2.00,21.39,腾讯财经
2026-08-20 20:00:02,265.84,260.85,266.40,258.58,35762439,6.39,2.00,21.39,腾讯财经
2026-08-20 20:10:00,265.84,260.85,266.40,258.58,35762439,6.39,2.00,21.39,腾讯财经
2026-08-20 20:20:01,265.84,260.85,266.40,258.58,35762439,6.39,2.00,21.39,腾讯财经
2026-08-20 20:30:05,265.84,260.85,266.40,258.58,35762439,6.39,2.00,21.39,腾讯财经
2026-08-20 20:40:02,265.84,260.85,266.40,258.58,35762439,6.39,2.00,21.39,腾讯财经
2026-08-20 20:50:02,265.84,260.85,266.40,258.58,35762439,6.39,2.00,21.39,腾讯财经
2026-08-20 21:00:03,265.84,260.85,266.40,258.58,35762439,6.39,2.00,21.39,腾讯财经
2026-08-20 21:10:01,265.84,260.85,266.40,258.58,35762439,6.39,2.00,21.39,腾讯财经
2026-08-20 21:20:03,265.84,260.85,266.40,258.58,35762439,6.39,2.00,21.39,腾讯财经
2026-08-20 21:30:02,265.84,0.00,0.00,0.00,720471,0,0,21.39,腾讯财经
2026-08-20 21:40:04,262.60,262.91,263.54,261.64,2412932,-3.24,-1.00,21.13,腾讯财经
2026-08-20 21:50:01,263.43,263.16,263.84,261.64,3277238,-2.41,0,21.19,腾讯财经
2026-08-20 22:00:01,262.86,263.16,263.84,261.64,3948282,-2.98,-1.00,21.15,腾讯财经
2026-08-20 22:10:05,262.14,263.16,263.84,261.34,5061806,-3.70,-1.00,21.09,腾讯财经
2026-08-20 22:20:01,261.10,263.16,263.84,260.40,6040927,-4.74,-1.00,21.01,腾讯财经
2026-08-20 22:30:05,261.58,263.16,263.84,260.40,6646301,-4.26,-1.00,21.04,腾讯财经
2026-08-20 22:40:01,261.79,263.16,263.84,260.40,7036093,-4.05,-1.00,21.06,腾讯财经
2026-08-20 22:50:01,261.38,263.16,263.84,260.40,7652174,-4.46,-1.00,21.03,腾讯财经
2026-08-20 23:00:02,261.47,263.16,263.84,260.40,8013504,-4.37,-1.00,21.04,腾讯财经
2026-08-20 23:10:02,260.52,263.16,263.84,260.40,8678293,-5.32,-2.00,20.96,腾讯财经
2026-08-20 23:20:04,260.93,263.16,263.84,259.92,9413158,-4.91,-1.00,20.99,腾讯财经
2026-08-20 23:30:01,260.79,263.16,263.84,259.92,9802988,-5.05,-1.00,20.98,腾讯财经
2026-08-20 23:40:00,260.86,263.16,263.84,259.92,10262384,-4.98,-1.00,20.99,腾讯财经
2026-08-20 23:50:02,261.03,263.16,263.84,259.92,10681751,-4.81,-1.00,21.00,腾讯财经
2026-08-21 00:00:00,261.00,263.16,263.84,259.92,11075550,-4.84,-1.00,21.00,腾讯财经
2026-08-21 00:10:01,261.34,263.16,263.84,259.92,11358149,-4.50,-1.00,21.02,腾讯财经
2026-08-21 00:20:04,261.54,263.16,263.84,259.92,11615881,-4.30,-1.00,21.04,腾讯财经
2026-08-21 00:30:05,262.22,263.16,263.84,259.92,11972321,-3.62,-1.00,21.10,腾讯财经
2026-08-21 00:40:02,263.39,263.16,263.84,259.92,12459935,-2.45,0,21.19,腾讯财经
2026-08-21 00:50:03,263.29,263.16,263.84,259.92,12806540,-2.55,0,21.18,腾讯财经
2026-08-21 01:00:01,262.55,263.16,263.84,259.92,13142672,-3.29,-1.00,21.12,腾讯财经
2026-08-21 01:10:01,262.08,263.16,263.84,259.92,13458489,-3.76,-1.00,21.08,腾讯财经
2026-08-21 01:20:00,261.57,263.16,263.84,259.92,13696264,-4.27,-1.00,21.04,腾讯财经
2026-08-21 01:30:01,261.41,263.16,263.84,259.92,14025858,-4.43,-1.00,21.03,腾讯财经
2026-08-21 01:40:01,261.45,263.16,263.84,259.92,14239322,-4.39,-1.00,21.03,腾讯财经
2026-08-21 01:50:01,261.58,263.16,263.84,259.92,14556178,-4.26,-1.00,21.04,腾讯财经
2026-08-21 02:00:01,261.28,263.16,263.84,259.92,14792014,-4.56,-1.00,21.02,腾讯财经
2026-08-21 02:10:04,260.59,263.16,263.84,259.92,15202491,-5.25,-1.00,20.96,腾讯财经
2026-08-21 02:20:02,260.64,263.16,263.84,259.92,15764692,-5.20,-1.00,20.97,腾讯财经
2026-08-21 02:30:04,260.95,263.16,263.84,259.92,16104079,-4.89,-1.00,20.99,腾讯财经
2026-08-21 02:40:01,261.32,263.16,263.84,259.92,16417848,-4.52,-1.00,21.02,腾讯财经
2026-08-21 02:50:03,261.18,263.16,263.84,259.92,16663399,-4.66,-1.00,21.01,腾讯财经
2026-08-21 03:00:04,260.89,263.16,263.84,259.92,17027660,-4.95,-1.00,20.99,腾讯财经
2026-08-21 03:10:00,260.96,263.16,263.84,259.92,17305705,-4.88,-1.00,20.99,腾讯财经
2026-08-21 03:20:02,261.16,263.16,263.84,259.92,17674948,-4.68,-1.00,21.01,腾讯财经
2026-08-21 03:30:02,261.31,263.16,263.84,259.92,18100401,-4.53,-1.00,21.02,腾讯财经
2026-08-21 03:40:01,261.33,263.16,263.84,259.92,18589698,-4.51,-1.00,21.02,腾讯财经
2026-08-21 03:50:01,261.45,263.16,263.84,259.92,19138125,-4.39,-1.00,21.03,腾讯财经
2026-08-21 04:00:02,260.19,263.16,263.84,259.52,22335505,-5.65,-2.00,20.93,腾讯财经
2026-08-21 04:10:01,260.11,263.16,263.84,259.52,27961957,-5.73,-2.00,20.93,腾讯财经
2026-08-21 04:20:02,260.11,263.16,263.84,259.52,28006718,-5.73,-2.00,20.93,腾讯财经
2026-08-21 04:30:04,260.11,263.16,263.84,259.52,28022896,-5.73,-2.00,20.93,腾讯财经
2026-08-21 04:40:01,260.11,263.16,263.84,259.52,28029559,-5.73,-2.00,20.93,腾讯财经
2026-08-21 04:50:01,260.11,263.16,263.84,259.52,28033096,-5.73,-2.00,20.93,腾讯财经
2026-08-21 05:00:03,260.11,263.16,263.84,259.52,28039218,-5.73,-2.00,20.93,腾讯财经
2026-08-21 05:10:01,260.11,263.16,263.84,259.52,28045649,-5.73,-2.00,20.93,腾讯财经
2026-08-21 05:20:02,260.11,263.16,263.84,259.52,28265954,-5.73,-2.00,20.93,腾讯财经
2026-08-21 05:30:02,260.11,263.16,263.84,259.52,28271462,-5.73,-2.00,20.93,腾讯财经
2026-08-21 05:40:01,260.11,263.16,263.84,259.52,28277251,-5.73,-2.00,20.93,腾讯财经
2026-08-21 05:50:02,260.11,263.16,263.84,259.52,28288012,-5.73,-2.00,20.93,腾讯财经
2026-08-21 06:00:04,260.11,263.16,263.84,259.52,28292578,-5.73,-2.00,20.93,腾讯财经
2026-08-21 06:10:01,260.11,263.16,263.84,259.52,28299762,-5.73,-2.00,20.93,腾讯财经
2026-08-21 06:20:02,260.11,263.16,263.84,259.52,28312278,-5.73,-2.00,20.93,腾讯财经
2026-08-21 06:30:05,260.11,263.16,263.84,259.52,28314951,-5.73,-2.00,20.93,腾讯财经
2026-08-21 06:40:04,260.11,263.16,263.84,259.52,28319558,-5.73,-2.00,20.93,腾讯财经
2026-08-21 06:50:02,260.11,263.16,263.84,259.52,28323935,-5.73,-2.00,20.93,腾讯财经
2026-08-21 07:00:06,260.11,263.16,263.84,259.52,28328792,-5.73,-2.00,20.93,腾讯财经
2026-08-21 07:10:04,260.11,263.16,263.84,259.52,28333732,-5.73,-2.00,20.93,腾讯财经
2026-08-21 07:20:00,260.11,263.16,263.84,259.52,28336944,-5.73,-2.00,20.93,腾讯财经
2026-08-21 07:30:00,260.11,263.16,263.84,259.52,28341964,-5.73,-2.00,20.93,腾讯财经
2026-08-21 07:40:01,260.11,263.16,263.84,259.52,28348695,-5.73,-2.00,20.93,腾讯财经
2026-08-21 07:50:05,260.11,263.16,263.84,259.52,28369203,-5.73,-2.00,20.93,腾讯财经
2026-08-21 08:00:02,260.11,263.16,263.84,259.52,28374098,-5.73,-2.00,20.93,腾讯财经
2026-08-21 08:10:03,260.11,263.16,263.84,259.52,28374098,-5.73,-2.00,20.93,腾讯财经
2026-08-21 08:20:02,260.11,263.16,263.84,259.52,28374098,-5.73,-2.00,20.93,腾讯财经
2026-08-21 08:30:04,260.11,263.16,263.84,259.52,28374098,-5.73,-2.00,20.93,腾讯财经
2026-08-21 08:40:01,260.11,263.16,263.84,259.52,28374098,-5.73,-2.00,20.93,腾讯财经
2026-08-21 08:50:03,260.11,263.16,263.84,259.52,28374098,-5.73,-2.00,20.93,腾讯财经
2026-08-21 09:00:02,260.11,263.16,263.84,259.52,28374098,-5.73,-2.00,20.93,腾讯财经
2026-08-21 09:10:04,260.11,263.16,263.84,259.52,28374098,-5.73,-2.00,20.93,腾讯财经
2026-08-21 09:20:01,260.11,263.16,263.84,259.52,28374098,-5.73,-2.00,20.93,腾讯财经
2026-08-21 09:40:02,260.11,263.16,263.84,259.52,28374098,-5.73,-2.00,20.93,腾讯财经
2026-08-21 09:50:04,260.11,263.16,263.84,259.52,28374098,-5.73,-2.00,20.93,腾讯财经
2026-08-21 10:00:04,260.11,263.16,263.84,259.52,28374098,-5.73,-2.00,20.93,腾讯财经
2026-08-21 10:10:00,260.11,263.16,263.84,259.52,28374098,-5.73,-2.00,20.93,腾讯财经
2026-08-21 10:20:04,260.11,263.16,263.84,259.52,28374098,-5.73,-2.00,20.93,腾讯财经
2026-08-21 10:30:00,260.11,263.16,263.84,259.52,28374098,-5.73,-2.00,20.93,腾讯财经
2026-08-21 10:40:04,260.11,263.16,263.84,259.52,28374098,-5.73,-2.00,20.93,腾讯财经
2026-08-21 10:50:05,260.11,263.16,263.84,259.52,28374098,-5.73,-2.00,20.93,腾讯财经
2026-08-21 11:00:00,260.11,263.16,263.84,259.52,28374098,-5.73,-2.00,20.93,腾讯财经
2026-08-21 11:10:02,260.11,263.16,263.84,259.52,28374098,-5.73,-2.00,20.93,腾讯财经
2026-08-21 11:20:00,260.11,263.16,263.84,259.52,28374098,-5.73,-2.00,20.93,腾讯财经
2026-08-21 11:30:03,260.11,263.16,263.84,259.52,28374098,-5.73,-2.00,20.93,腾讯财经
2026-08-21 11:40:00,260.11,263.16,263.84,259.52,28374098,-5.73,-2.00,20.93,腾讯财经
2026-08-21 11:50:02,260.11,263.16,263.84,259.52,28374098,-5.73,-2.00,20.93,腾讯财经
2026-08-21 12:00:04,260.11,263.16,263.84,259.52,28374098,-5.73,-2.00,20.93,腾讯财经
2026-08-21 12:10:04,260.11,263.16,263.84,259.52,28374098,-5.73,-2.00,20.93,腾讯财经
2026-08-21 12:20:03,260.11,263.16,263.84,259.52,28374098,-5.73,-2.00,20.93,腾讯财经
2026-08-21 12:30:04,260.11,263.16,263.84,259.52,28374098,-5.73,-2.00,20.93,腾讯财经
2026-08-21 12:40:03,260.11,263.16,263.84,259.52,28374098,-5.73,-2.00,20.93,腾讯财经
2026-08-21 12:50:00,260.11,263.16,263.84,259.52,28374098,-5.73,-2.00,20.93,腾讯财经
2026-08-21 13:00:00,260.11,263.16,263.84,259.52,28374098,-5.73,-2.00,20.93,腾讯财经
2026-08-21 13:10:03,260.11,263.16,263.84,259.52,28374098,-5.73,-2.00,20.93,腾讯财经
2026-08-21 13:20:00,260.11,263.16,263.84,259.52,28374098,-5.73,-2.00,20.93,腾讯财经
2026-08-21 13:30:01,260.11,263.16,263.84,259.52,28374098,-5.73,-2.00,20.93,腾讯财经
2026-08-21 13:40:05,260.11,263.16,263.84,259.52,28374098,-5.73,-2.00,20.93,腾讯财经
2026-08-21 13:50:04,260.11,263.16,263.84,259.52,28374098,-5.73,-2.00,20.93,腾讯财经
2026-08-21 14:00:02,260.11,263.16,263.84,259.52,28374098,-5.73,-2.00,20.93,腾讯财经
2026-08-21 14:10:00,260.11,263.16,263.84,259.52,28374098,-5.73,-2.00,20.93,腾讯财经
2026-08-21 14:20:05,260.11,263.16,263.84,259.52,28374098,-5.73,-2.00,20.93,腾讯财经
2026-08-21 14:30:00,260.11,263.16,263.84,259.52,28374098,-5.73,-2.00,20.93,腾讯财经
2026-08-21 14:40:01,260.11,263.16,263.84,259.52,28374098,-5.73,-2.00,20.93,腾讯财经
2026-08-21 14:50:05,260.11,263.16,263.84,259.52,28374098,-5.73,-2.00,20.93,腾讯财经
2026-08-21 15:00:00,260.11,263.16,263.84,259.52,28374098,-5.73,-2.00,20.93,腾讯财经
2026-08-21 15:10:03,260.11,263.16,263.84,259.52,28374098,-5.73,-2.00,20.93,腾讯财经
2026-08-21 15:20:03,260.11,263.16,263.84,259.52,28374098,-5.73,-2.00,20.93,腾讯财经
2026-08-21 15:30:00,260.11,263.16,263.84,259.52,28374098,-5.73,-2.00,20.93,腾讯财经
2026-08-21 15:40:05,260.11,263.16,263.84,259.52,28374098,-5.73,-2.00,20.93,腾讯财经
2026-08-21 15:50:00,260.11,263.16,263.84,259.52,28374098,-5.73,-2.00,20.93,腾讯财经
2026-08-21 16:00:05,260.11,263.16,263.84,259.52,28374098,-5.73,-2.00,20.93,腾讯财经
2026-08-21 16:10:03,260.11,263.16,263.84,259.52,28374098,-5.73,-2.00,20.93,腾讯财经
2026-08-21 16:20:00,260.11,263.16,263.84,259.52,28374098,-5.73,-2.00,20.93,腾讯财经
2026-08-21 16:30:02,260.11,263.16,263.84,259.52,28374098,-5.73,-2.00,20.93,腾讯财经
2026-08-21 16:40:04,260.11,263.16,263.84,259.52,28374098,-5.73,-2.00,20.93,腾讯财经
2026-08-21 16:50:05,260.11,263.16,263.84,259.52,28374098,-5.73,-2.00,20.93,腾讯财经
2026-08-21 17:00:04,260.11,263.16,263.84,259.52,28374098,-5.73,-2.00,20.93,腾讯财经
2026-08-21 17:10:04,260.11,263.16,263.84,259.52,28374098,-5.73,-2.00,20.93,腾讯财经
2026-08-21 17:20:04,260.11,263.16,263.84,259.52,28374098,-5.73,-2.00,20.93,腾讯财经
2026-08-21 17:30:04,260.11,263.16,263.84,259.52,28374098,-5.73,-2.00,20.93,腾讯财经
2026-08-21 17:40:04,260.11,263.16,263.84,259.52,28374098,-5.73,-2.00,20.93,腾讯财经
2026-08-21 17:50:05,260.11,263.16,263.84,259.52,28374098,-5.73,-2.00,20.93,腾讯财经
2026-08-21 18:00:04,260.11,263.16,263.84,259.52,28374098,-5.73,-2.00,20.93,腾讯财经
2026-08-21 18:10:04,260.11,263.16,263.84,259.52,28374098,-5.73,-2.00,20.93,腾讯财经
2026-08-21 18:20:04,260.11,263.16,263.84,259.52,28374098,-5.73,-2.00,20.93,腾讯财经
2026-08-21 18:30:04,260.11,263.16,263.84,259.52,28374098,-5.73,-2.00,20.93,腾讯财经
2026-08-21 18:40:04,260.11,263.16,263.84,259.52,28374098,-5.73,-2.00,20.93,腾讯财经
2026-08-21 18:50:04,260.11,263.16,263.84,259.52,28374098,-5.73,-2.00,20.93,腾讯财经
2026-08-21 19:00:04,260.11,263.16,263.84,259.52,28374098,-5.73,-2.00,20.93,腾讯财经
2026-08-21 19:10:04,260.11,263.16,263.84,259.52,28374098,-5.73,-2.00,20.93,腾讯财经
2026-08-21 19:20:04,260.11,263.16,263.84,259.52,28374098,-5.73,-2.00,20.93,腾讯财经
2026-08-21 19:30:04,260.11,263.16,263.84,259.52,28374098,-5.73,-2.00,20.93,腾讯财经
2026-08-21 19:40:04,260.11,263.16,263.84,259.52,28374098,-5.73,-2.00,20.93,腾讯财经
2026-08-21 19:50:00,260.11,263.16,263.84,259.52,28374098,-5.73,-2.00,20.93,腾讯财经
2026-08-21 20:00:00,260.11,263.16,263.84,259.52,28374098,-5.73,-2.00,20.93,腾讯财经
2026-08-21 20:10:04,260.11,263.16,263.84,259.52,28374098,-5.73,-2.00,20.93,腾讯财经
2026-08-21 20:20:04,260.11,263.16,263.84,259.52,28374098,-5.73,-2.00,20.93,腾讯财经
2026-08-21 20:30:01,260.11,263.16,263.84,259.52,28374098,-5.73,-2.00,20.93,腾讯财经
2026-08-21 20:40:05,260.11,263.16,263.84,259.52,28374098,-5.73,-2.00,20.93,腾讯财经
2026-08-21 20:50:04,260.11,263.16,263.84,259.52,28374098,-5.73,-2.00,20.93,腾讯财经
2026-08-21 21:00:05,260.11,263.16,263.84,259.52,28374098,-5.73,-2.00,20.93,腾讯财经
2026-08-21 21:10:04,260.11,263.16,263.84,259.52,28374098,-5.73,-2.00,20.93,腾讯财经
2026-08-21 21:20:04,260.11,263.16,263.84,259.52,28374098,-5.73,-2.00,20.93,腾讯财经
2026-08-21 21:30:04,260.31,260.75,260.75,260.31,460009,.20,0,20.94,腾讯财经
2026-08-21 21:40:04,257.42,260.75,261.08,257.04,6737989,-2.69,-1.00,20.71,腾讯财经
2026-08-21 21:50:04,258.43,260.74,261.08,257.04,8328631,-1.68,0,20.79,腾讯财经
2026-08-21 22:00:04,258.94,260.74,261.08,257.04,9383723,-1.17,0,20.83,腾讯财经
2026-08-21 22:10:05,259.28,260.74,261.08,257.04,10536852,-.83,0,20.86,腾讯财经
2026-08-21 22:20:04,259.54,260.74,261.08,257.04,11279830,-.57,0,20.88,腾讯财经
2026-08-21 22:30:05,259.69,260.74,261.08,257.04,12030602,-.42,0,20.89,腾讯财经
2026-08-21 22:40:04,259.57,260.74,261.08,257.04,12818056,-.54,0,20.88,腾讯财经
2026-08-21 22:50:04,259.49,260.74,261.08,257.04,13356220,-.62,0,20.88,腾讯财经
2026-08-21 23:00:00,260.15,260.74,261.08,257.04,13864088,.04,0,20.93,腾讯财经
2026-08-21 23:10:04,260.16,260.74,261.08,257.04,14703102,.05,0,20.93,腾讯财经
2026-08-21 23:20:05,258.95,260.74,261.08,257.04,15338207,-1.16,0,20.83,腾讯财经
2026-08-21 23:30:04,258.85,260.74,261.08,257.04,15949388,-1.26,0,20.82,腾讯财经
2026-08-21 23:40:04,259.58,260.74,261.08,257.04,16771147,-.53,0,20.88,腾讯财经
2026-08-21 23:50:04,260.08,260.74,261.08,257.04,17656579,-.03,0,20.92,腾讯财经
2026-08-22 00:00:00,259.68,260.74,261.08,257.04,18301067,-.43,0,20.89,腾讯财经
2026-08-22 00:10:04,259.16,260.74,261.08,257.04,18712425,-.95,0,20.85,腾讯财经
2026-08-22 00:20:04,258.97,260.74,261.08,257.04,19096430,-1.14,0,20.83,腾讯财经
2026-08-22 00:30:05,258.90,260.74,261.08,257.04,19562814,-1.21,0,20.83,腾讯财经
2026-08-22 00:40:04,259.07,260.74,261.08,257.04,20078858,-1.04,0,20.84,腾讯财经
2026-08-22 00:50:04,258.76,260.74,261.08,257.04,20436339,-1.35,0,20.82,腾讯财经
2026-08-22 01:00:05,259.11,260.74,261.08,257.04,20916441,-1.00,0,20.85,腾讯财经
2026-08-22 01:10:04,259.23,260.74,261.08,257.04,21445301,-.88,0,20.86,腾讯财经
2026-08-22 01:20:01,259.12,260.74,261.08,257.04,21870556,-.99,0,20.85,腾讯财经
2026-08-22 01:30:04,259.22,260.74,261.08,257.04,22161611,-.89,0,20.85,腾讯财经
2026-08-22 01:40:05,258.33,260.74,261.08,257.04,22669962,-1.78,0,20.78,腾讯财经
2026-08-22 01:50:04,258.42,260.74,261.08,257.04,23126569,-1.69,0,20.79,腾讯财经
2026-08-22 02:00:04,258.45,260.74,261.08,257.04,23657680,-1.66,0,20.79,腾讯财经
2026-08-22 02:10:04,258.55,260.74,261.08,257.04,24041788,-1.56,0,20.80,腾讯财经
2026-08-22 02:20:04,258.30,260.74,261.08,257.04,24289027,-1.81,0,20.78,腾讯财经
2026-08-22 02:30:04,258.18,260.74,261.08,257.04,24541912,-1.93,0,20.77,腾讯财经
2026-08-22 02:40:04,258.38,260.74,261.08,257.04,24935571,-1.73,0,20.79,腾讯财经
2026-08-22 02:50:04,258.89,260.74,261.08,257.04,25223727,-1.22,0,20.83,腾讯财经
2026-08-22 03:00:04,259.21,260.74,261.08,257.04,25547986,-.90,0,20.85,腾讯财经
2026-08-22 03:10:04,259.35,260.74,261.08,257.04,25911737,-.76,0,20.86,腾讯财经
2026-08-22 03:20:05,259.22,260.74,261.08,257.04,26198227,-.89,0,20.85,腾讯财经
2026-08-22 03:30:04,259.47,260.74,261.08,257.04,26544651,-.64,0,20.87,腾讯财经
2026-08-22 03:40:04,259.51,260.74,261.08,257.04,27063670,-.60,0,20.88,腾讯财经
2026-08-22 03:50:04,259.61,260.74,261.08,257.04,27844012,-.50,0,20.89,腾讯财经
2026-08-22 04:00:04,258.65,260.74,261.08,257.04,30206448,-1.46,0,20.81,腾讯财经
2026-08-22 04:10:03,258.63,260.74,261.08,257.04,35407937,-1.48,0,20.81,腾讯财经
2026-08-22 04:20:04,258.63,260.74,261.09,257.04,35456760,-1.48,0,20.81,腾讯财经
2026-08-22 04:30:04,258.63,260.74,261.09,257.04,35484590,-1.48,0,20.81,腾讯财经
2026-08-22 04:40:04,258.63,260.74,261.09,257.04,35496133,-1.48,0,20.81,腾讯财经
2026-08-22 04:50:04,258.63,260.74,261.09,257.04,35516385,-1.48,0,20.81,腾讯财经
2026-08-22 05:00:04,258.63,260.74,261.09,257.04,35577003,-1.48,0,20.81,腾讯财经
2026-08-22 05:10:04,258.63,260.74,261.09,257.04,35588299,-1.48,0,20.81,腾讯财经
2026-08-22 05:20:04,258.63,260.74,261.09,257.04,35600281,-1.48,0,20.81,腾讯财经
2026-08-22 05:30:04,258.63,260.74,261.09,257.04,35615519,-1.48,0,20.81,腾讯财经
2026-08-22 05:40:04,258.63,260.74,261.09,257.04,35618869,-1.48,0,20.81,腾讯财经
2026-08-22 05:50:04,258.63,260.74,261.09,257.04,35635711,-1.48,0,20.81,腾讯财经
2026-08-22 06:00:04,258.63,260.74,261.09,257.04,35636917,-1.48,0,20.81,腾讯财经
2026-08-22 06:10:04,258.63,260.74,261.09,257.04,35648523,-1.48,0,20.81,腾讯财经
2026-08-22 06:20:04,258.63,260.74,261.09,257.04,35655914,-1.48,0,20.81,腾讯财经
2026-08-22 06:30:05,258.63,260.74,261.09,257.04,35660399,-1.48,0,20.81,腾讯财经
2026-08-22 06:40:03,258.63,260.74,261.09,257.04,35686747,-1.48,0,20.81,腾讯财经
2026-08-22 06:50:03,258.63,260.74,261.09,257.04,35689194,-1.48,0,20.81,腾讯财经
2026-08-22 07:00:04,258.63,260.74,261.09,257.04,35694069,-1.48,0,20.81,腾讯财经
2026-08-22 07:10:03,258.63,260.74,261.09,257.04,35695509,-1.48,0,20.81,腾讯财经
2026-08-22 07:20:03,258.63,260.74,261.09,257.04,35699390,-1.48,0,20.81,腾讯财经
2026-08-22 07:30:03,258.63,260.74,261.09,257.04,35702718,-1.48,0,20.81,腾讯财经
2026-08-22 07:40:03,258.63,260.74,261.09,257.04,35713218,-1.48,0,20.81,腾讯财经
2026-08-22 07:50:04,258.63,260.74,261.09,257.04,35716570,-1.48,0,20.81,腾讯财经
2026-08-22 08:00:04,258.63,260.74,261.09,257.04,35722956,-1.48,0,20.81,腾讯财经
2026-08-22 08:10:04,258.63,260.74,261.09,257.04,35722956,-1.48,0,20.81,腾讯财经
2026-08-22 08:20:04,258.63,260.74,261.09,257.04,35722956,-1.48,0,20.81,腾讯财经
2026-08-22 08:30:04,258.63,260.74,261.09,257.04,35722956,-1.48,0,20.81,腾讯财经
2026-08-22 08:40:04,258.63,260.74,261.09,257.04,35722956,-1.48,0,20.81,腾讯财经
2026-08-22 08:50:03,258.63,260.74,261.09,257.04,35722956,-1.48,0,20.81,腾讯财经
2026-08-22 09:00:03,258.63,260.74,261.09,257.04,35722956,-1.48,0,20.81,腾讯财经
2026-08-22 09:10:04,258.63,260.74,261.09,257.04,35722956,-1.48,0,20.81,腾讯财经
2026-08-22 09:20:03,258.63,260.74,261.09,257.04,35722956,-1.48,0,20.81,腾讯财经
2026-08-22 09:30:04,258.63,260.74,261.09,257.04,35722956,-1.48,0,20.81,腾讯财经
2026-08-22 09:40:03,258.63,260.74,261.09,257.04,35722956,-1.48,0,20.81,腾讯财经
2026-08-22 09:50:05,258.63,260.74,261.09,257.04,35722956,-1.48,0,20.81,腾讯财经
2026-08-22 10:00:04,258.63,260.74,261.09,257.04,35722956,-1.48,0,20.81,腾讯财经
2026-08-22 10:10:04,258.63,260.74,261.09,257.04,35722956,-1.48,0,20.81,腾讯财经
2026-08-22 10:20:04,258.63,260.74,261.09,257.04,35722956,-1.48,0,20.81,腾讯财经
2026-08-22 10:30:03,258.63,260.74,261.09,257.04,35722956,-1.48,0,20.81,腾讯财经
2026-08-22 10:40:05,258.63,260.74,261.09,257.04,35722956,-1.48,0,20.81,腾讯财经
2026-08-22 10:50:04,258.63,260.74,261.09,257.04,35722956,-1.48,0,20.81,腾讯财经
2026-08-22 11:00:05,258.63,260.74,261.09,257.04,35722956,-1.48,0,20.81,腾讯财经
2026-08-22 11:10:04,258.63,260.74,261.09,257.04,35722956,-1.48,0,20.81,腾讯财经
2026-08-22 11:20:05,258.63,260.74,261.09,257.04,35722956,-1.48,0,20.81,腾讯财经
2026-08-22 11:30:04,258.63,260.74,261.09,257.04,35722956,-1.48,0,20.81,腾讯财经
2026-08-22 11:40:05,258.63,260.74,261.09,257.04,35722956,-1.48,0,20.81,腾讯财经
2026-08-22 11:50:05,258.63,260.74,261.09,257.04,35722956,-1.48,0,20.81,腾讯财经
2026-08-22 12:00:04,258.63,260.74,261.09,257.04,35722956,-1.48,0,20.81,腾讯财经
2026-08-22 12:10:03,258.63,260.74,261.09,257.04,35722956,-1.48,0,20.81,腾讯财经
2026-08-22 12:20:03,258.63,260.74,261.09,257.04,35722956,-1.48,0,20.81,腾讯财经
2026-08-22 12:30:03,258.63,260.74,261.09,257.04,35722956,-1.48,0,20.81,腾讯财经
2026-08-22 12:40:04,258.63,260.74,261.09,257.04,35722956,-1.48,0,20.81,腾讯财经
2026-08-22 12:50:04,258.63,260.74,261.09,257.04,35722956,-1.48,0,20.81,腾讯财经
2026-08-22 13:00:05,258.63,260.74,261.09,257.04,35722956,-1.48,0,20.81,腾讯财经
2026-08-22 13:10:04,258.63,260.74,261.09,257.04,35722956,-1.48,0,20.81,腾讯财经
2026-08-22 13:20:04,258.63,260.74,261.09,257.04,35722956,-1.48,0,20.81,腾讯财经
2026-08-22 13:30:04,258.63,260.74,261.09,257.04,35722956,-1.48,0,20.81,腾讯财经
2026-08-22 13:40:04,258.63,260.74,261.09,257.04,35722956,-1.48,0,20.81,腾讯财经
2026-08-22 13:50:04,258.63,260.74,261.09,257.04,35722956,-1.48,0,20.81,腾讯财经
2026-08-22 14:00:04,258.63,260.74,261.09,257.04,35722956,-1.48,0,20.81,腾讯财经
2026-08-22 14:10:03,258.63,260.74,261.09,257.04,35722956,-1.48,0,20.81,腾讯财经
2026-08-22 14:20:04,258.63,260.74,261.09,257.04,35722956,-1.48,0,20.81,腾讯财经
2026-08-22 14:30:04,258.63,260.74,261.09,257.04,35722956,-1.48,0,20.81,腾讯财经
2026-08-22 14:40:04,258.63,260.74,261.09,257.04,35722956,-1.48,0,20.81,腾讯财经
2026-08-22 14:50:04,258.63,260.74,261.09,257.04,35722956,-1.48,0,20.81,腾讯财经
2026-08-22 15:00:04,258.63,260.74,261.09,257.04,35722956,-1.48,0,20.81,腾讯财经
2026-08-22 15:10:04,258.63,260.74,261.09,257.04,35722956,-1.48,0,20.81,腾讯财经
2026-08-22 15:20:04,258.63,260.74,261.09,257.04,35722956,-1.48,0,20.81,腾讯财经
2026-08-22 15:30:04,258.63,260.74,261.09,257.04,35722956,-1.48,0,20.81,腾讯财经
2026-08-22 15:40:04,258.63,260.74,261.09,257.04,35722956,-1.48,0,20.81,腾讯财经
2026-08-22 15:50:04,258.63,260.74,261.09,257.04,35722956,-1.48,0,20.81,腾讯财经
2026-08-22 16:00:05,258.63,260.74,261.09,257.04,35722956,-1.48,0,20.81,腾讯财经
2026-08-22 16:10:04,258.63,260.74,261.09,257.04,35722956,-1.48,0,20.81,腾讯财经
2026-08-22 16:20:04,258.63,260.74,261.09,257.04,35722956,-1.48,0,20.81,腾讯财经
2026-08-22 16:30:00,258.63,260.74,261.09,257.04,35722956,-1.48,0,20.81,腾讯财经
2026-08-22 16:40:04,258.63,260.74,261.09,257.04,35722956,-1.48,0,20.81,腾讯财经
2026-08-22 16:50:04,258.63,260.74,261.09,257.04,35722956,-1.48,0,20.81,腾讯财经
2026-08-22 17:00:04,258.63,260.74,261.09,257.04,35722956,-1.48,0,20.81,腾讯财经
2026-08-22 17:10:04,258.63,260.74,261.09,257.04,35722956,-1.48,0,20.81,腾讯财经
2026-08-22 17:20:04,258.63,260.74,261.09,257.04,35722956,-1.48,0,20.81,腾讯财经
2026-08-22 17:30:04,258.63,260.74,261.09,257.04,35722956,-1.48,0,20.81,腾讯财经
2026-08-22 17:40:04,258.63,260.74,261.09,257.04,35722956,-1.48,0,20.81,腾讯财经
2026-08-22 17:50:04,258.63,260.74,261.09,257.04,35722956,-1.48,0,20.81,腾讯财经
2026-08-22 18:00:04,258.63,260.74,261.09,257.04,35722956,-1.48,0,20.81,腾讯财经
2026-08-22 18:10:04,258.63,260.74,261.09,257.04,35722956,-1.48,0,20.81,腾讯财经
2026-08-22 18:20:04,258.63,260.74,261.09,257.04,35722956,-1.48,0,20.81,腾讯财经
2026-08-22 18:30:04,258.63,260.74,261.09,257.04,35722956,-1.48,0,20.81,腾讯财经
2026-08-22 18:40:04,258.63,260.74,261.09,257.04,35722956,-1.48,0,20.81,腾讯财经
2026-08-22 18:50:05,258.63,260.74,261.09,257.04,35722956,-1.48,0,20.81,腾讯财经
2026-08-22 19:00:04,258.63,260.74,261.09,257.04,35722956,-1.48,0,20.81,腾讯财经
2026-08-22 19:10:05,258.63,260.74,261.09,257.04,35722956,-1.48,0,20.81,腾讯财经
2026-08-22 19:20:04,258.63,260.74,261.09,257.04,35722956,-1.48,0,20.81,腾讯财经
2026-08-22 19:30:04,258.63,260.74,261.09,257.04,35722956,-1.48,0,20.81,腾讯财经
2026-08-22 19:40:04,258.63,260.74,261.09,257.04,35722956,-1.48,0,20.81,腾讯财经
2026-08-22 19:50:04,258.63,260.74,261.09,257.04,35722956,-1.48,0,20.81,腾讯财经
2026-08-22 20:00:05,258.63,260.74,261.09,257.04,35722956,-1.48,0,20.81,腾讯财经
2026-08-22 20:10:04,258.63,260.74,261.09,257.04,35722956,-1.48,0,20.81,腾讯财经
2026-08-22 20:20:04,258.63,260.74,261.09,257.04,35722956,-1.48,0,20.81,腾讯财经
2026-08-22 20:30:05,258.63,260.74,261.09,257.04,35722956,-1.48,0,20.81,腾讯财经
2026-08-22 20:40:04,258.63,260.74,261.09,257.04,35722956,-1.48,0,20.81,腾讯财经
2026-08-22 20:50:04,258.63,260.74,261.09,257.04,35722956,-1.48,0,20.81,腾讯财经
2026-08-22 21:00:04,258.63,260.74,261.09,257.04,35722956,-1.48,0,20.81,腾讯财经
2026-08-22 21:10:04,258.63,260.74,261.09,257.04,35722956,-1.48,0,20.81,腾讯财经
2026-08-22 21:20:04,258.63,260.74,261.09,257.04,35722956,-1.48,0,20.81,腾讯财经
2026-08-22 21:30:04,258.63,260.74,261.09,257.04,35722956,-1.48,0,20.81,腾讯财经
2026-08-22 21:40:04,258.63,260.74,261.09,257.04,35722956,-1.48,0,20.81,腾讯财经
2026-08-22 21:50:04,258.63,260.74,261.09,257.04,35722956,-1.48,0,20.81,腾讯财经
2026-08-22 22:00:04,258.63,260.74,261.09,257.04,35722956,-1.48,0,20.81,腾讯财经
2026-08-22 22:10:04,258.63,260.74,261.09,257.04,35722956,-1.48,0,20.81,腾讯财经
2026-08-22 22:20:04,258.63,260.74,261.09,257.04,35722956,-1.48,0,20.81,腾讯财经
2026-08-22 22:30:04,258.63,260.74,261.09,257.04,35722956,-1.48,0,20.81,腾讯财经
2026-08-22 22:40:04,258.63,260.74,261.09,257.04,35722956,-1.48,0,20.81,腾讯财经
2026-08-22 22:50:04,258.63,260.74,261.09,257.04,35722956,-1.48,0,20.81,腾讯财经
2026-08-22 23:00:04,258.63,260.74,261.09,257.04,35722956,-1.48,0,20.81,腾讯财经
2026-08-22 23:10:04,258.63,260.74,261.09,257.04,35722956,-1.48,0,20.81,腾讯财经
2026-08-22 23:20:04,258.63,260.74,261.09,257.04,35722956,-1.48,0,20.81,腾讯财经
2026-08-22 23:30:02,258.63,260.74,261.09,257.04,35722956,-1.48,0,20.81,腾讯财经
2026-08-22 23:40:05,258.63,260.74,261.09,257.04,35722956,-1.48,0,20.81,腾讯财经
2026-08-22 23:50:04,258.63,260.74,261.09,257.04,35722956,-1.48,0,20.81,腾讯财经
2026-08-23 00:00:00,258.63,260.74,261.09,257.04,35722956,-1.48,0,20.81,腾讯财经
2026-08-23 00:10:04,258.63,260.74,261.09,257.04,35722956,-1.48,0,20.81,腾讯财经
2026-08-23 00:20:04,258.63,260.74,261.09,257.04,35722956,-1.48,0,20.81,腾讯财经
2026-08-23 00:30:04,258.63,260.74,261.09,257.04,35722956,-1.48,0,20.81,腾讯财经
2026-08-23 00:40:04,258.63,260.74,261.09,257.04,35722956,-1.48,0,20.81,腾讯财经
2026-08-23 00:50:02,258.63,260.74,261.09,257.04,35722956,-1.48,0,20.81,腾讯财经
2026-08-23 01:00:05,258.63,260.74,261.09,257.04,35722956,-1.48,0,20.81,腾讯财经
2026-08-23 01:10:04,258.63,260.74,261.09,257.04,35722956,-1.48,0,20.81,腾讯财经
2026-08-23 01:20:04,258.63,260.74,261.09,257.04,35722956,-1.48,0,20.81,腾讯财经
2026-08-23 01:30:04,258.63,260.74,261.09,257.04,35722956,-1.48,0,20.81,腾讯财经
2026-08-23 01:40:04,258.63,260.74,261.09,257.04,35722956,-1.48,0,20.81,腾讯财经
2026-08-23 01:50:04,258.63,260.74,261.09,257.04,35722956,-1.48,0,20.81,腾讯财经
2026-08-23 02:00:04,258.63,260.74,261.09,257.04,35722956,-1.48,0,20.81,腾讯财经
2026-08-23 02:10:04,258.63,260.74,261.09,257.04,35722956,-1.48,0,20.81,腾讯财经
2026-08-23 02:20:05,258.63,260.74,261.09,257.04,35722956,-1.48,0,20.81,腾讯财经
2026-08-23 02:30:01,258.63,260.74,261.09,257.04,35722956,-1.48,0,20.81,腾讯财经
2026-08-23 02:40:04,258.63,260.74,261.09,257.04,35722956,-1.48,0,20.81,腾讯财经
2026-08-23 02:50:04,258.63,260.74,261.09,257.04,35722956,-1.48,0,20.81,腾讯财经
2026-08-23 03:00:04,258.63,260.74,261.09,257.04,35722956,-1.48,0,20.81,腾讯财经
2026-08-23 03:10:04,258.63,260.74,261.09,257.04,35722956,-1.48,0,20.81,腾讯财经
2026-08-23 03:20:05,258.63,260.74,261.09,257.04,35722956,-1.48,0,20.81,腾讯财经
2026-08-23 03:30:04,258.63,260.74,261.09,257.04,35722956,-1.48,0,20.81,腾讯财经
2026-08-23 03:40:04,258.63,260.74,261.09,257.04,35722956,-1.48,0,20.81,腾讯财经
2026-08-23 03:50:01,258.63,260.74,261.09,257.04,35722956,-1.48,0,20.81,腾讯财经
2026-08-23 04:00:04,258.63,260.74,261.09,257.04,35722956,-1.48,0,20.81,腾讯财经
2026-08-23 04:10:04,258.63,260.74,261.09,257.04,35722956,-1.48,0,20.81,腾讯财经
2026-08-23 04:20:04,258.63,260.74,261.09,257.04,35722956,-1.48,0,20.81,腾讯财经
2026-08-23 04:30:04,258.63,260.74,261.09,257.04,35722956,-1.48,0,20.81,腾讯财经
2026-08-23 04:40:02,258.63,260.74,261.09,257.04,35722956,-1.48,0,20.81,腾讯财经
2026-08-23 04:50:04,258.63,260.74,261.09,257.04,35722956,-1.48,0,20.81,腾讯财经
2026-08-23 05:00:04,258.63,260.74,261.09,257.04,35722956,-1.48,0,20.81,腾讯财经
2026-08-23 05:10:04,258.63,260.74,261.09,257.04,35722956,-1.48,0,20.81,腾讯财经
2026-08-23 05:20:04,258.63,260.74,261.09,257.04,35722956,-1.48,0,20.81,腾讯财经
2026-08-23 05:30:04,258.63,260.74,261.09,257.04,35722956,-1.48,0,20.81,腾讯财经
2026-08-23 05:40:04,258.63,260.74,261.09,257.04,35722956,-1.48,0,20.81,腾讯财经
2026-08-23 05:50:04,258.63,260.74,261.09,257.04,35722956,-1.48,0,20.81,腾讯财经
2026-08-23 06:00:04,258.63,260.74,261.09,257.04,35722956,-1.48,0,20.81,腾讯财经
2026-08-23 06:10:04,258.63,260.74,261.09,257.04,35722956,-1.48,0,20.81,腾讯财经
2026-08-23 06:20:04,258.63,260.74,261.09,257.04,35722956,-1.48,0,20.81,腾讯财经
2026-08-23 06:30:04,258.63,260.74,261.09,257.04,35722956,-1.48,0,20.81,腾讯财经
2026-08-23 06:40:04,258.63,260.74,261.09,257.04,35722956,-1.48,0,20.81,腾讯财经
2026-08-23 06:50:04,258.63,260.74,261.09,257.04,35722956,-1.48,0,20.81,腾讯财经
2026-08-23 07:00:04,258.63,260.74,261.09,257.04,35722956,-1.48,0,20.81,腾讯财经
2026-08-23 07:10:05,258.63,260.74,261.09,257.04,35722956,-1.48,0,20.81,腾讯财经
2026-08-23 07:20:04,258.63,260.74,261.09,257.04,35722956,-1.48,0,20.81,腾讯财经
2026-08-23 07:30:04,258.63,260.74,261.09,257.04,35722956,-1.48,0,20.81,腾讯财经
2026-08-23 07:40:05,258.63,260.74,261.09,257.04,35722956,-1.48,0,20.81,腾讯财经
2026-08-23 07:50:04,258.63,260.74,261.09,257.04,35722956,-1.48,0,20.81,腾讯财经
2026-08-23 08:00:05,258.63,260.74,261.09,257.04,35722956,-1.48,0,20.81,腾讯财经
2026-08-23 08:10:05,258.63,260.74,261.09,257.04,35722956,-1.48,0,20.81,腾讯财经
2026-08-23 08:20:04,258.63,260.74,261.09,257.04,35722956,-1.48,0,20.81,腾讯财经
2026-08-23 08:30:04,258.63,260.74,261.09,257.04,35722956,-1.48,0,20.81,腾讯财经
2026-08-23 08:40:04,258.63,260.74,261.09,257.04,35722956,-1.48,0,20.81,腾讯财经
2026-08-23 08:50:04,258.63,260.74,261.09,257.04,35722956,-1.48,0,20.81,腾讯财经
2026-08-23 09:00:04,258.63,260.74,261.09,257.04,35722956,-1.48,0,20.81,腾讯财经
2026-08-23 09:10:05,258.63,260.74,261.09,257.04,35722956,-1.48,0,20.81,腾讯财经
2026-08-23 09:20:04,258.63,260.74,261.09,257.04,35722956,-1.48,0,20.81,腾讯财经
2026-08-23 09:30:04,258.63,260.74,261.09,257.04,35722956,-1.48,0,20.81,腾讯财经
2026-08-23 09:40:05,258.63,260.74,261.09,257.04,35722956,-1.48,0,20.81,腾讯财经
2026-08-23 09:50:04,258.63,260.74,261.09,257.04,35722956,-1.48,0,20.81,腾讯财经
2026-08-23 10:00:04,258.63,260.74,261.09,257.04,35722956,-1.48,0,20.81,腾讯财经
2026-08-23 10:10:04,258.63,260.74,261.09,257.04,35722956,-1.48,0,20.81,腾讯财经
2026-08-23 10:20:04,258.63,260.74,261.09,257.04,35722956,-1.48,0,20.81,腾讯财经
2026-08-23 10:30:04,258.63,260.74,261.09,257.04,35722956,-1.48,0,20.81,腾讯财经
2026-08-23 10:40:04,258.63,260.74,261.09,257.04,35722956,-1.48,0,20.81,腾讯财经
2026-08-23 10:50:00,258.63,260.74,261.09,257.04,35722956,-1.48,0,20.81,腾讯财经
2026-08-23 11:00:04,258.63,260.74,261.09,257.04,35722956,-1.48,0,20.81,腾讯财经
2026-08-23 11:10:05,258.63,260.74,261.09,257.04,35722956,-1.48,0,20.81,腾讯财经
2026-08-23 11:20:04,258.63,260.74,261.09,257.04,35722956,-1.48,0,20.81,腾讯财经
2026-08-23 11:30:04,258.63,260.74,261.09,257.04,35722956,-1.48,0,20.81,腾讯财经
2026-08-23 11:40:04,258.63,260.74,261.09,257.04,35722956,-1.48,0,20.81,腾讯财经
2026-08-23 11:50:04,258.63,260.74,261.09,257.04,35722956,-1.48,0,20.81,腾讯财经
2026-08-23 12:00:04,258.63,260.74,261.09,257.04,35722956,-1.48,0,20.81,腾讯财经
2026-08-23 12:10:04,258.63,260.74,261.09,257.04,35722956,-1.48,0,20.81,腾讯财经
2026-08-23 12:20:04,258.63,260.74,261.09,257.04,35722956,-1.48,0,20.81,腾讯财经
2026-08-23 12:30:04,258.63,260.74,261.09,257.04,35722956,-1.48,0,20.81,腾讯财经
2026-08-23 12:40:04,258.63,260.74,261.09,257.04,35722956,-1.48,0,20.81,腾讯财经
2026-08-23 12:50:04,258.63,260.74,261.09,257.04,35722956,-1.48,0,20.81,腾讯财经
2026-08-23 13:00:04,258.63,260.74,261.09,257.04,35722956,-1.48,0,20.81,腾讯财经
2026-08-23 13:10:05,258.63,260.74,261.09,257.04,35722956,-1.48,0,20.81,腾讯财经
2026-08-23 13:20:04,258.63,260.74,261.09,257.04,35722956,-1.48,0,20.81,腾讯财经
2026-08-23 13:30:05,258.63,260.74,261.09,257.04,35722956,-1.48,0,20.81,腾讯财经
2026-08-23 13:40:05,258.63,260.74,261.09,257.04,35722956,-1.48,0,20.81,腾讯财经
2026-08-23 13:50:04,258.63,260.74,261.09,257.04,35722956,-1.48,0,20.81,腾讯财经
2026-08-23 14:00:04,258.63,260.74,261.09,257.04,35722956,-1.48,0,20.81,腾讯财经
2026-08-23 14:10:04,258.63,260.74,261.09,257.04,35722956,-1.48,0,20.81,腾讯财经
2026-08-23 14:20:04,258.63,260.74,261.09,257.04,35722956,-1.48,0,20.81,腾讯财经
2026-08-23 14:30:04,258.63,260.74,261.09,257.04,35722956,-1.48,0,20.81,腾讯财经
2026-08-23 14:40:04,258.63,260.74,261.09,257.04,35722956,-1.48,0,20.81,腾讯财经
2026-08-23 14:50:04,258.63,260.74,261.09,257.04,35722956,-1.48,0,20.81,腾讯财经
2026-08-23 15:00:04,258.63,260.74,261.09,257.04,35722956,-1.48,0,20.81,腾讯财经
2026-08-23 15:10:04,258.63,260.74,261.09,257.04,35722956,-1.48,0,20.81,腾讯财经
2026-08-23 15:20:04,258.63,260.74,261.09,257.04,35722956,-1.48,0,20.81,腾讯财经
2026-08-23 15:30:04,258.63,260.74,261.09,257.04,35722956,-1.48,0,20.81,腾讯财经
2026-08-23 15:40:03,258.63,260.74,261.09,257.04,35722956,-1.48,0,20.81,腾讯财经
2026-08-23 15:50:03,258.63,260.74,261.09,257.04,35722956,-1.48,0,20.81,腾讯财经
2026-08-23 16:00:04,258.63,260.74,261.09,257.04,35722956,-1.48,0,20.81,腾讯财经
2026-08-23 16:10:03,258.63,260.74,261.09,257.04,35722956,-1.48,0,20.81,腾讯财经
2026-08-23 16:20:03,258.63,260.74,261.09,257.04,35722956,-1.48,0,20.81,腾讯财经
2026-08-23 16:30:04,258.63,260.74,261.09,257.04,35722956,-1.48,0,20.81,腾讯财经
2026-08-23 16:40:04,258.63,260.74,261.09,257.04,35722956,-1.48,0,20.81,腾讯财经
2026-08-23 16:50:03,258.63,260.74,261.09,257.04,35722956,-1.48,0,20.81,腾讯财经
2026-08-23 17:00:05,258.63,260.74,261.09,257.04,35722956,-1.48,0,20.81,腾讯财经
2026-08-23 17:10:00,258.63,260.74,261.09,257.04,35722956,-1.48,0,20.81,腾讯财经
2026-08-23 17:20:04,258.63,260.74,261.09,257.04,35722956,-1.48,0,20.81,腾讯财经
2026-08-23 17:30:04,258.63,260.74,261.09,257.04,35722956,-1.48,0,20.81,腾讯财经
2026-08-23 17:40:04,258.63,260.74,261.09,257.04,35722956,-1.48,0,20.81,腾讯财经
2026-08-23 17:50:04,258.63,260.74,261.09,257.04,35722956,-1.48,0,20.81,腾讯财经
2026-08-23 18:00:05,258.63,260.74,261.09,257.04,35722956,-1.48,0,20.81,腾讯财经
2026-08-23 18:10:04,258.63,260.74,261.09,257.04,35722956,-1.48,0,20.81,腾讯财经
2026-08-23 18:20:04,258.63,260.74,261.09,257.04,35722956,-1.48,0,20.81,腾讯财经
2026-08-23 18:30:06,258.63,260.74,261.09,257.04,35722956,-1.48,0,20.81,腾讯财经
2026-08-23 18:40:03,258.63,260.74,261.09,257.04,35722956,-1.48,0,20.81,腾讯财经
2026-08-23 18:50:05,258.63,260.74,261.09,257.04,35722956,-1.48,0,20.81,腾讯财经
2026-08-23 19:00:04,258.63,260.74,261.09,257.04,35722956,-1.48,0,20.81,腾讯财经
2026-08-23 19:10:04,258.63,260.74,261.09,257.04,35722956,-1.48,0,20.81,腾讯财经
2026-08-23 19:20:05,258.63,260.74,261.09,257.04,35722956,-1.48,0,20.81,腾讯财经
2026-08-23 19:30:04,258.63,260.74,261.09,257.04,35722956,-1.48,0,20.81,腾讯财经
2026-08-23 19:40:05,258.63,260.74,261.09,257.04,35722956,-1.48,0,20.81,腾讯财经
2026-08-23 19:50:04,258.63,260.74,261.09,257.04,35722956,-1.48,0,20.81,腾讯财经
2026-08-23 20:00:06,258.63,260.74,261.09,257.04,35722956,-1.48,0,20.81,腾讯财经
2026-08-23 20:10:04,258.63,260.74,261.09,257.04,35722956,-1.48,0,20.81,腾讯财经
2026-08-23 20:20:04,258.63,260.74,261.09,257.04,35722956,-1.48,0,20.81,腾讯财经
2026-08-23 20:30:04,258.63,260.74,261.09,257.04,35722956,-1.48,0,20.81,腾讯财经
2026-08-23 20:40:05,258.63,260.74,261.09,257.04,35722956,-1.48,0,20.81,腾讯财经
2026-08-23 20:50:05,258.63,260.74,261.09,257.04,35722956,-1.48,0,20.81,腾讯财经
2026-08-23 21:00:04,258.63,260.74,261.09,257.04,35722956,-1.48,0,20.81,腾讯财经
2026-08-23 21:10:03,258.63,260.74,261.09,257.04,35722956,-1.48,0,20.81,腾讯财经
2026-08-23 21:20:04,258.63,260.74,261.09,257.04,35722956,-1.48,0,20.81,腾讯财经
2026-08-23 21:30:04,258.63,260.74,261.09,257.04,35722956,-1.48,0,20.81,腾讯财经
2026-08-23 21:40:04,258.63,260.74,261.09,257.04,35722956,-1.48,0,20.81,腾讯财经
2026-08-23 21:50:04,258.63,260.74,261.09,257.04,35722956,-1.48,0,20.81,腾讯财经
2026-08-23 22:00:04,258.63,260.74,261.09,257.04,35722956,-1.48,0,20.81,腾讯财经
2026-08-23 22:10:04,258.63,260.74,261.09,257.04,35722956,-1.48,0,20.81,腾讯财经
2026-08-23 22:20:04,258.63,260.74,261.09,257.04,35722956,-1.48,0,20.81,腾讯财经
2026-08-23 22:30:00,258.63,260.74,261.09,257.04,35722956,-1.48,0,20.81,腾讯财经
2026-08-23 22:40:04,258.63,260.74,261.09,257.04,35722956,-1.48,0,20.81,腾讯财经
2026-08-23 22:50:05,258.63,260.74,261.09,257.04,35722956,-1.48,0,20.81,腾讯财经
2026-08-23 23:00:04,258.63,260.74,261.09,257.04,35722956,-1.48,0,20.81,腾讯财经
2026-08-23 23:10:03,258.63,260.74,261.09,257.04,35722956,-1.48,0,20.81,腾讯财经
2026-08-23 23:20:05,258.63,260.74,261.09,257.04,35722956,-1.48,0,20.81,腾讯财经
2026-08-23 23:30:04,258.63,260.74,261.09,257.04,35722956,-1.48,0,20.81,腾讯财经
2026-08-23 23:40:04,258.63,260.74,261.09,257.04,35722956,-1.48,0,20.81,腾讯财经
2026-08-23 23:50:04,258.63,260.74,261.09,257.04,35722956,-1.48,0,20.81,腾讯财经
2026-08-24 00:00:02,258.63,260.74,261.09,257.04,35722956,-1.48,0,20.81,腾讯财经
2026-08-24 00:10:05,258.63,260.74,261.09,257.04,35722956,-1.48,0,20.81,腾讯财经
2026-08-24 00:20:04,258.63,260.74,261.09,257.04,35722956,-1.48,0,20.81,腾讯财经
2026-08-24 00:30:04,258.63,260.74,261.09,257.04,35722956,-1.48,0,20.81,腾讯财经
2026-08-24 00:40:04,258.63,260.74,261.09,257.04,35722956,-1.48,0,20.81,腾讯财经
2026-08-24 00:50:04,258.63,260.74,261.09,257.04,35722956,-1.48,0,20.81,腾讯财经
2026-08-24 01:00:04,258.63,260.74,261.09,257.04,35722956,-1.48,0,20.81,腾讯财经
2026-08-24 01:10:04,258.63,260.74,261.09,257.04,35722956,-1.48,0,20.81,腾讯财经
2026-08-24 01:20:05,258.63,260.74,261.09,257.04,35722956,-1.48,0,20.81,腾讯财经
2026-08-24 01:30:04,258.63,260.74,261.09,257.04,35722956,-1.48,0,20.81,腾讯财经
2026-08-24 01:40:04,258.63,260.74,261.09,257.04,35722956,-1.48,0,20.81,腾讯财经
2026-08-24 01:50:02,258.63,260.74,261.09,257.04,35722956,-1.48,0,20.81,腾讯财经
2026-08-24 02:00:04,258.63,260.74,261.09,257.04,35722956,-1.48,0,20.81,腾讯财经
2026-08-24 02:10:04,258.63,260.74,261.09,257.04,35722956,-1.48,0,20.81,腾讯财经
2026-08-24 02:20:04,258.63,260.74,261.09,257.04,35722956,-1.48,0,20.81,腾讯财经
2026-08-24 02:30:04,258.63,260.74,261.09,257.04,35722956,-1.48,0,20.81,腾讯财经
2026-08-24 02:40:04,258.63,260.74,261.09,257.04,35722956,-1.48,0,20.81,腾讯财经
2026-08-24 02:50:04,258.63,260.74,261.09,257.04,35722956,-1.48,0,20.81,腾讯财经
2026-08-24 03:00:04,258.63,260.74,261.09,257.04,35722956,-1.48,0,20.81,腾讯财经
2026-08-24 03:10:04,258.63,260.74,261.09,257.04,35722956,-1.48,0,20.81,腾讯财经
2026-08-24 03:20:04,258.63,260.74,261.09,257.04,35722956,-1.48,0,20.81,腾讯财经
2026-08-24 03:30:05,258.63,260.74,261.09,257.04,35722956,-1.48,0,20.81,腾讯财经
2026-08-24 03:40:04,258.63,260.74,261.09,257.04,35722956,-1.48,0,20.81,腾讯财经
2026-08-24 03:50:04,258.63,260.74,261.09,257.04,35722956,-1.48,0,20.81,腾讯财经
2026-08-24 04:00:04,258.63,260.74,261.09,257.04,35722956,-1.48,0,20.81,腾讯财经
2026-08-24 04:10:04,258.63,260.74,261.09,257.04,35722956,-1.48,0,20.81,腾讯财经
2026-08-24 04:20:04,258.63,260.74,261.09,257.04,35722956,-1.48,0,20.81,腾讯财经
2026-08-24 04:30:04,258.63,260.74,261.09,257.04,35722956,-1.48,0,20.81,腾讯财经
2026-08-24 04:40:04,258.63,260.74,261.09,257.04,35722956,-1.48,0,20.81,腾讯财经
2026-08-24 04:50:04,258.63,260.74,261.09,257.04,35722956,-1.48,0,20.81,腾讯财经
2026-08-24 05:00:04,258.63,260.74,261.09,257.04,35722956,-1.48,0,20.81,腾讯财经
2026-08-24 05:10:04,258.63,260.74,261.09,257.04,35722956,-1.48,0,20.81,腾讯财经
2026-08-24 05:20:04,258.63,260.74,261.09,257.04,35722956,-1.48,0,20.81,腾讯财经
2026-08-24 05:30:04,258.63,260.74,261.09,257.04,35722956,-1.48,0,20.81,腾讯财经
2026-08-24 05:40:04,258.63,260.74,261.09,257.04,35722956,-1.48,0,20.81,腾讯财经
2026-08-24 05:50:04,258.63,260.74,261.09,257.04,35722956,-1.48,0,20.81,腾讯财经
2026-08-24 06:00:04,258.63,260.74,261.09,257.04,35722956,-1.48,0,20.81,腾讯财经
2026-08-24 06:10:04,258.63,260.74,261.09,257.04,35722956,-1.48,0,20.81,腾讯财经
2026-08-24 06:20:04,258.63,260.74,261.09,257.04,35722956,-1.48,0,20.81,腾讯财经
2026-08-24 06:30:04,258.63,260.74,261.09,257.04,35722956,-1.48,0,20.81,腾讯财经
2026-08-24 06:40:04,258.63,260.74,261.09,257.04,35722956,-1.48,0,20.81,腾讯财经
2026-08-24 06:50:04,258.63,260.74,261.09,257.04,35722956,-1.48,0,20.81,腾讯财经
2026-08-24 07:00:05,258.63,260.74,261.09,257.04,35722956,-1.48,0,20.81,腾讯财经
2026-08-24 07:10:05,258.63,260.74,261.09,257.04,35722956,-1.48,0,20.81,腾讯财经
2026-08-24 07:20:05,258.63,260.74,261.09,257.04,35722956,-1.48,0,20.81,腾讯财经
2026-08-24 07:30:04,258.63,260.74,261.09,257.04,35722956,-1.48,0,20.81,腾讯财经
2026-08-24 07:40:04,258.63,260.74,261.09,257.04,35722956,-1.48,0,20.81,腾讯财经
2026-08-24 07:50:04,258.63,260.74,261.09,257.04,35722956,-1.48,0,20.81,腾讯财经
2026-08-24 08:00:04,258.63,260.74,261.09,257.04,35722956,-1.48,0,20.81,腾讯财经
2026-08-24 08:10:04,258.63,260.74,261.09,257.04,35722956,-1.48,0,20.81,腾讯财经
2026-08-24 08:20:04,258.63,260.74,261.09,257.04,35722956,-1.48,0,20.81,腾讯财经
2026-08-24 08:30:05,258.63,260.74,261.09,257.04,35722956,-1.48,0,20.81,腾讯财经
2026-08-24 08:40:01,258.63,260.74,261.09,257.04,35722956,-1.48,0,20.81,腾讯财经
2026-08-24 08:50:04,258.63,260.74,261.09,257.04,35722956,-1.48,0,20.81,腾讯财经
2026-08-24 09:00:04,258.63,260.74,261.09,257.04,35722956,-1.48,0,20.81,腾讯财经
2026-08-24 09:10:05,258.63,260.74,261.09,257.04,35722956,-1.48,0,20.81,腾讯财经
2026-08-24 09:20:04,258.63,260.74,261.09,257.04,35722956,-1.48,0,20.81,腾讯财经
2026-08-24 09:30:04,258.63,260.74,261.09,257.04,35722956,-1.48,0,20.81,腾讯财经
2026-08-24 09:40:04,258.63,260.74,261.09,257.04,35722956,-1.48,0,20.81,腾讯财经
2026-08-24 09:50:04,258.63,260.74,261.09,257.04,35722956,-1.48,0,20.81,腾讯财经
2026-08-24 10:00:05,258.63,260.74,261.09,257.04,35722956,-1.48,0,20.81,腾讯财经
2026-08-24 10:10:04,258.63,260.74,261.09,257.04,35722956,-1.48,0,20.81,腾讯财经
2026-08-24 10:20:04,258.63,260.74,261.09,257.04,35722956,-1.48,0,20.81,腾讯财经
2026-08-24 10:30:05,258.63,260.74,261.09,257.04,35722956,-1.48,0,20.81,腾讯财经
2026-08-24 10:40:04,258.63,260.74,261.09,257.04,35722956,-1.48,0,20.81,腾讯财经
2026-08-24 10:50:02,258.63,260.74,261.09,257.04,35722956,-1.48,0,20.81,腾讯财经
2026-08-24 11:00:04,258.63,260.74,261.09,257.04,35722956,-1.48,0,20.81,腾讯财经
2026-08-24 11:10:04,258.63,260.74,261.09,257.04,35722956,-1.48,0,20.81,腾讯财经
2026-08-24 11:20:05,258.63,260.74,261.09,257.04,35722956,-1.48,0,20.81,腾讯财经
2026-08-24 11:30:04,258.63,260.74,261.09,257.04,35722956,-1.48,0,20.81,腾讯财经
2026-08-24 11:40:04,258.63,260.74,261.09,257.04,35722956,-1.48,0,20.81,腾讯财经
2026-08-24 11:50:04,258.63,260.74,261.09,257.04,35722956,-1.48,0,20.81,腾讯财经
2026-08-24 12:00:04,258.63,260.74,261.09,257.04,35722956,-1.48,0,20.81,腾讯财经
2026-08-24 12:10:05,258.63,260.74,261.09,257.04,35722956,-1.48,0,20.81,腾讯财经
2026-08-24 12:20:04,258.63,260.74,261.09,257.04,35722956,-1.48,0,20.81,腾讯财经
2026-08-24 12:30:04,258.63,260.74,261.09,257.04,35722956,-1.48,0,20.81,腾讯财经
2026-08-24 12:40:04,258.63,260.74,261.09,257.04,35722956,-1.48,0,20.81,腾讯财经
2026-08-24 12:50:04,258.63,260.74,261.09,257.04,35722956,-1.48,0,20.81,腾讯财经
2026-08-24 13:00:04,258.63,260.74,261.09,257.04,35722956,-1.48,0,20.81,腾讯财经
2026-08-24 13:10:04,258.63,260.74,261.09,257.04,35722956,-1.48,0,20.81,腾讯财经
2026-08-24 13:20:04,258.63,260.74,261.09,257.04,35722956,-1.48,0,20.81,腾讯财经
2026-08-24 13:30:04,258.63,260.74,261.09,257.04,35722956,-1.48,0,20.81,腾讯财经
2026-08-24 13:40:04,258.63,260.74,261.09,257.04,35722956,-1.48,0,20.81,腾讯财经
2026-08-24 13:50:05,258.63,260.74,261.09,257.04,35722956,-1.48,0,20.81,腾讯财经
2026-08-24 14:00:04,258.63,260.74,261.09,257.04,35722956,-1.48,0,20.81,腾讯财经
2026-08-24 14:10:04,258.63,260.74,261.09,257.04,35722956,-1.48,0,20.81,腾讯财经
2026-08-24 14:20:04,258.63,260.74,261.09,257.04,35722956,-1.48,0,20.81,腾讯财经
2026-08-24 14:30:04,258.63,260.74,261.09,257.04,35722956,-1.48,0,20.81,腾讯财经
2026-08-24 14:40:04,258.63,260.74,261.09,257.04,35722956,-1.48,0,20.81,腾讯财经
2026-08-24 14:50:04,258.63,260.74,261.09,257.04,35722956,-1.48,0,20.81,腾讯财经
2026-08-24 15:00:04,258.63,260.74,261.09,257.04,35722956,-1.48,0,20.81,腾讯财经
2026-08-24 15:10:04,258.63,260.74,261.09,257.04,35722956,-1.48,0,20.81,腾讯财经
2026-08-24 15:20:04,258.63,260.74,261.09,257.04,35722956,-1.48,0,20.81,腾讯财经
2026-08-24 15:30:04,258.63,260.74,261.09,257.04,35722956,-1.48,0,20.81,腾讯财经
2026-08-24 15:40:04,258.63,260.74,261.09,257.04,35722956,-1.48,0,20.81,腾讯财经
2026-08-24 15:50:04,258.63,260.74,261.09,257.04,35722956,-1.48,0,20.81,腾讯财经
2026-08-24 16:00:05,258.63,260.74,261.09,257.04,35722956,-1.48,0,20.81,腾讯财经
2026-08-24 16:10:04,258.63,260.74,261.09,257.04,35722956,-1.48,0,20.81,腾讯财经
2026-08-24 16:20:04,258.63,260.74,261.09,257.04,35722956,-1.48,0,20.81,腾讯财经
2026-08-24 16:30:04,258.63,260.74,261.09,257.04,35722956,-1.48,0,20.81,腾讯财经
2026-08-24 16:40:04,258.63,260.74,261.09,257.04,35722956,-1.48,0,20.81,腾讯财经
2026-08-24 16:50:04,258.63,260.74,261.09,257.04,35722956,-1.48,0,20.81,腾讯财经
2026-08-24 17:00:04,258.63,260.74,261.09,257.04,35722956,-1.48,0,20.81,腾讯财经
2026-08-24 17:10:04,258.63,260.74,261.09,257.04,35722956,-1.48,0,20.81,腾讯财经
2026-08-24 17:20:05,258.63,260.74,261.09,257.04,35722956,-1.48,0,20.81,腾讯财经
2026-08-24 17:30:05,258.63,260.74,261.09,257.04,35722956,-1.48,0,20.81,腾讯财经
2026-08-24 17:40:05,258.63,260.74,261.09,257.04,35722956,-1.48,0,20.81,腾讯财经
2026-08-24 17:50:04,258.63,260.74,261.09,257.04,35722956,-1.48,0,20.81,腾讯财经
2026-08-24 18:00:03,258.63,260.74,261.09,257.04,35722956,-1.48,0,20.81,腾讯财经
2026-08-24 18:10:04,258.63,260.74,261.09,257.04,35722956,-1.48,0,20.81,腾讯财经
2026-08-24 18:20:04,258.63,260.74,261.09,257.04,35722956,-1.48,0,20.81,腾讯财经
2026-08-24 18:30:04,258.63,260.74,261.09,257.04,35722956,-1.48,0,20.81,腾讯财经
2026-08-24 18:40:04,258.63,260.74,261.09,257.04,35722956,-1.48,0,20.81,腾讯财经
2026-08-24 18:50:05,258.63,260.74,261.09,257.04,35722956,-1.48,0,20.81,腾讯财经
2026-08-24 19:00:04,258.63,260.74,261.09,257.04,35722956,-1.48,0,20.81,腾讯财经
2026-08-24 19:10:04,258.63,260.74,261.09,257.04,35722956,-1.48,0,20.81,腾讯财经
2026-08-24 19:20:03,258.63,260.74,261.09,257.04,35722956,-1.48,0,20.81,腾讯财经
2026-08-24 19:30:05,258.63,260.74,261.09,257.04,35722956,-1.48,0,20.81,腾讯财经
2026-08-24 19:40:04,258.63,260.74,261.09,257.04,35722956,-1.48,0,20.81,腾讯财经
2026-08-24 19:50:04,258.63,260.74,261.09,257.04,35722956,-1.48,0,20.81,腾讯财经
2026-08-24 20:00:04,258.63,260.74,261.09,257.04,35722956,-1.48,0,20.81,腾讯财经
2026-08-24 20:10:04,258.63,260.74,261.09,257.04,35722956,-1.48,0,20.81,腾讯财经
2026-08-24 20:20:03,258.63,260.74,261.09,257.04,35722956,-1.48,0,20.81,腾讯财经
2026-08-24 20:30:05,258.63,260.74,261.09,257.04,35722956,-1.48,0,20.81,腾讯财经
2026-08-24 20:40:04,258.63,260.74,261.09,257.04,35722956,-1.48,0,20.81,腾讯财经
2026-08-24 20:50:05,258.63,260.74,261.09,257.04,35722956,-1.48,0,20.81,腾讯财经
2026-08-24 21:00:05,258.63,260.74,261.09,257.04,35722956,-1.48,0,20.81,腾讯财经
2026-08-24 21:10:04,258.63,260.74,261.09,257.04,35722956,-1.48,0,20.81,腾讯财经
2026-08-24 21:20:04,258.63,260.74,261.09,257.04,35722956,-1.48,0,20.81,腾讯财经
2026-08-24 21:30:04,259.52,259.52,259.52,259.52,468003,.89,0,20.88,腾讯财经
2026-08-24 21:40:04,261.43,259.52,262.17,259.05,2628833,2.80,1.00,21.03,腾讯财经
2026-08-24 21:50:03,262.20,259.60,262.85,259.05,4619852,3.57,1.00,21.09,腾讯财经
2026-08-24 22:00:04,261.46,259.60,262.85,259.05,5815004,2.83,1.00,21.03,腾讯财经
2026-08-24 22:10:04,260.78,259.60,263.09,259.05,7055305,2.15,0,20.98,腾讯财经
2026-08-24 22:20:04,260.72,259.60,263.09,259.05,7886045,2.09,0,20.98,腾讯财经
2026-08-24 22:30:04,261.43,259.60,263.09,259.05,8452807,2.80,1.00,21.03,腾讯财经
2026-08-24 22:40:04,262.31,259.60,263.09,259.05,8901536,3.68,1.00,21.10,腾讯财经
2026-08-24 22:50:04,262.36,259.60,263.09,259.05,9637378,3.73,1.00,21.11,腾讯财经
2026-08-24 23:00:05,261.85,259.60,263.09,259.05,10042302,3.22,1.00,21.07,腾讯财经
2026-08-24 23:10:04,261.90,259.60,263.09,259.05,10442951,3.27,1.00,21.07,腾讯财经
2026-08-24 23:20:04,261.66,259.60,263.09,259.05,10736211,3.03,1.00,21.05,腾讯财经
2026-08-24 23:30:04,262.64,259.60,263.09,259.05,11344875,4.01,1.00,21.13,腾讯财经
2026-08-24 23:40:04,262.46,259.60,263.09,259.05,11871315,3.83,1.00,21.12,腾讯财经
2026-08-24 23:50:04,262.79,259.60,263.09,259.05,12341285,4.16,1.00,21.14,腾讯财经
2026-08-25 00:00:04,262.58,259.60,263.09,259.05,12779282,3.95,1.00,21.12,腾讯财经
2026-08-25 00:10:04,262.85,259.60,263.32,259.05,13235286,4.22,1.00,21.15,腾讯财经
2026-08-25 00:20:04,262.85,259.60,263.32,259.05,13515873,4.22,1.00,21.15,腾讯财经
2026-08-25 00:30:04,262.75,259.60,263.32,259.05,13825313,4.12,1.00,21.14,腾讯财经
2026-08-25 00:40:04,263.04,259.60,263.32,259.05,14135372,4.41,1.00,21.16,腾讯财经
2026-08-25 00:50:04,263.13,259.60,263.32,259.05,14438723,4.50,1.00,21.17,腾讯财经
2026-08-25 01:00:05,263.02,259.60,263.32,259.05,14756484,4.39,1.00,21.16,腾讯财经
2026-08-25 01:10:04,262.80,259.60,263.32,259.05,15073395,4.17,1.00,21.14,腾讯财经
2026-08-25 01:20:04,262.30,259.60,263.32,259.05,15374259,3.67,1.00,21.10,腾讯财经
2026-08-25 01:30:03,261.90,259.60,263.32,259.05,15719423,3.27,1.00,21.07,腾讯财经
2026-08-25 01:40:04,261.95,259.60,263.32,259.05,16054567,3.32,1.00,21.07,腾讯财经
2026-08-25 01:50:04,261.98,259.60,263.32,259.05,16342707,3.35,1.00,21.08,腾讯财经
2026-08-25 02:00:04,262.07,259.60,263.32,259.05,16689190,3.44,1.00,21.08,腾讯财经
2026-08-25 02:10:04,262.62,259.60,263.32,259.05,16979168,3.99,1.00,21.13,腾讯财经
2026-08-25 02:20:04,262.75,259.60,263.32,259.05,17241545,4.12,1.00,21.14,腾讯财经
2026-08-25 02:30:04,262.79,259.60,263.32,259.05,17514918,4.16,1.00,21.14,腾讯财经
2026-08-25 02:40:04,262.62,259.60,263.32,259.05,17803709,3.99,1.00,21.13,腾讯财经
2026-08-25 02:50:05,262.15,259.60,263.32,259.05,18172602,3.52,1.00,21.09,腾讯财经
2026-08-25 03:00:04,261.82,259.60,263.32,259.05,18486087,3.19,1.00,21.06,腾讯财经
2026-08-25 03:10:04,261.98,259.60,263.32,259.05,18768747,3.35,1.00,21.08,腾讯财经
2026-08-25 03:20:04,261.85,259.60,263.32,259.05,19120810,3.22,1.00,21.07,腾讯财经
2026-08-25 03:30:04,262.07,259.60,263.32,259.05,19454276,3.44,1.00,21.08,腾讯财经
2026-08-25 03:40:04,262.02,259.60,263.32,259.05,19814989,3.39,1.00,21.08,腾讯财经
2026-08-25 03:50:00,262.32,259.60,263.32,259.05,20283425,3.69,1.00,21.10,腾讯财经
2026-08-25 04:00:03,262.04,259.60,263.32,259.05,21884442,3.41,1.00,21.08,腾讯财经
2026-08-25 04:10:05,262.07,259.60,263.32,259.05,27748083,3.44,1.00,21.08,腾讯财经
2026-08-25 04:20:04,262.07,259.60,263.32,259.05,27757582,3.44,1.00,21.08,腾讯财经
2026-08-25 04:30:05,262.07,259.60,263.32,259.05,27760863,3.44,1.00,21.08,腾讯财经
2026-08-25 04:40:05,262.07,259.60,263.32,259.05,27768486,3.44,1.00,21.08,腾讯财经
2026-08-25 04:50:04,262.07,259.60,263.32,259.05,27770410,3.44,1.00,21.08,腾讯财经
2026-08-25 05:00:05,262.07,259.60,263.32,259.05,27973939,3.44,1.00,21.08,腾讯财经
2026-08-25 05:10:04,262.07,259.60,263.32,259.05,27987196,3.44,1.00,21.08,腾讯财经
2026-08-25 05:20:04,262.07,259.60,263.32,259.05,27991277,3.44,1.00,21.08,腾讯财经
2026-08-25 05:30:04,262.07,259.60,263.32,259.05,27994009,3.44,1.00,21.08,腾讯财经
2026-08-25 05:40:03,262.07,259.60,263.32,259.05,27998520,3.44,1.00,21.08,腾讯财经
2026-08-25 05:50:04,262.07,259.60,263.32,259.05,27999119,3.44,1.00,21.08,腾讯财经
2026-08-25 06:00:03,262.07,259.60,263.32,259.05,28002360,3.44,1.00,21.08,腾讯财经
2026-08-25 06:10:04,262.07,259.60,263.32,259.05,28020392,3.44,1.00,21.08,腾讯财经
2026-08-25 06:20:05,262.07,259.60,263.32,259.05,28029913,3.44,1.00,21.08,腾讯财经
2026-08-25 06:30:04,262.07,259.60,263.32,259.05,28038177,3.44,1.00,21.08,腾讯财经
2026-08-25 06:40:04,262.07,259.60,263.32,259.05,28041015,3.44,1.00,21.08,腾讯财经
2026-08-25 06:50:05,262.07,259.60,263.32,259.05,28044294,3.44,1.00,21.08,腾讯财经
2026-08-25 07:00:04,262.07,259.60,263.32,259.05,28048583,3.44,1.00,21.08,腾讯财经
2026-08-25 07:10:04,262.07,259.60,263.32,259.05,28051479,3.44,1.00,21.08,腾讯财经
2026-08-25 07:20:04,262.07,259.60,263.32,259.05,28055428,3.44,1.00,21.08,腾讯财经
2026-08-25 07:30:04,262.07,259.60,263.32,259.05,28059251,3.44,1.00,21.08,腾讯财经
2026-08-25 07:40:05,262.07,259.60,263.32,259.05,28063027,3.44,1.00,21.08,腾讯财经
2026-08-25 07:50:05,262.07,259.60,263.32,259.05,28066598,3.44,1.00,21.08,腾讯财经
2026-08-25 08:00:04,262.07,259.60,263.32,259.05,28070483,3.44,1.00,21.08,腾讯财经
2026-08-25 08:10:04,262.07,259.60,263.32,259.05,28070483,3.44,1.00,21.08,腾讯财经
2026-08-25 08:20:04,262.07,259.60,263.32,259.05,28070483,3.44,1.00,21.08,腾讯财经
2026-08-25 08:30:04,262.07,259.60,263.32,259.05,28070483,3.44,1.00,21.08,腾讯财经
2026-08-25 08:40:04,262.07,259.60,263.32,259.05,28070483,3.44,1.00,21.08,腾讯财经
2026-08-25 08:50:05,262.07,259.60,263.32,259.05,28070483,3.44,1.00,21.08,腾讯财经
2026-08-25 09:00:04,262.07,259.60,263.32,259.05,28070483,3.44,1.00,21.08,腾讯财经
2026-08-25 09:10:04,262.07,259.60,263.32,259.05,28070483,3.44,1.00,21.08,腾讯财经
2026-08-25 09:20:04,262.07,259.60,263.32,259.05,28070483,3.44,1.00,21.08,腾讯财经
2026-08-25 09:30:04,262.07,259.60,263.32,259.05,28070483,3.44,1.00,21.08,腾讯财经
2026-08-25 09:40:04,262.07,259.60,263.32,259.05,28070483,3.44,1.00,21.08,腾讯财经
2026-08-25 09:50:04,262.07,259.60,263.32,259.05,28070483,3.44,1.00,21.08,腾讯财经
2026-08-25 10:00:04,262.07,259.60,263.32,259.05,28070483,3.44,1.00,21.08,腾讯财经
2026-08-25 10:10:04,262.07,259.60,263.32,259.05,28070483,3.44,1.00,21.08,腾讯财经
2026-08-25 10:20:05,262.07,259.60,263.32,259.05,28070483,3.44,1.00,21.08,腾讯财经
2026-08-25 10:30:05,262.07,259.60,263.32,259.05,28070483,3.44,1.00,21.08,腾讯财经
2026-08-25 10:40:05,262.07,259.60,263.32,259.05,28070483,3.44,1.00,21.08,腾讯财经
2026-08-25 10:50:05,262.07,259.60,263.32,259.05,28070483,3.44,1.00,21.08,腾讯财经
2026-08-25 11:00:04,262.07,259.60,263.32,259.05,28070483,3.44,1.00,21.08,腾讯财经
2026-08-25 11:10:04,262.07,259.60,263.32,259.05,28070483,3.44,1.00,21.08,腾讯财经
2026-08-25 11:20:04,262.07,259.60,263.32,259.05,28070483,3.44,1.00,21.08,腾讯财经
2026-08-25 11:30:04,262.07,259.60,263.32,259.05,28070483,3.44,1.00,21.08,腾讯财经
2026-08-25 11:40:04,262.07,259.60,263.32,259.05,28070483,3.44,1.00,21.08,腾讯财经
2026-08-25 11:50:04,262.07,259.60,263.32,259.05,28070483,3.44,1.00,21.08,腾讯财经
2026-08-25 12:00:04,262.07,259.60,263.32,259.05,28070483,3.44,1.00,21.08,腾讯财经
2026-08-25 12:10:04,262.07,259.60,263.32,259.05,28070483,3.44,1.00,21.08,腾讯财经
2026-08-25 12:20:04,262.07,259.60,263.32,259.05,28070483,3.44,1.00,21.08,腾讯财经
2026-08-25 12:30:05,262.07,259.60,263.32,259.05,28070483,3.44,1.00,21.08,腾讯财经
2026-08-25 12:40:04,262.07,259.60,263.32,259.05,28070483,3.44,1.00,21.08,腾讯财经
2026-08-25 12:50:03,262.07,259.60,263.32,259.05,28070483,3.44,1.00,21.08,腾讯财经
2026-08-25 13:00:04,262.07,259.60,263.32,259.05,28070483,3.44,1.00,21.08,腾讯财经
2026-08-25 13:10:04,262.07,259.60,263.32,259.05,28070483,3.44,1.00,21.08,腾讯财经
2026-08-25 13:20:04,262.07,259.60,263.32,259.05,28070483,3.44,1.00,21.08,腾讯财经
2026-08-25 13:30:05,262.07,259.60,263.32,259.05,28070483,3.44,1.00,21.08,腾讯财经
2026-08-25 13:40:04,262.07,259.60,263.32,259.05,28070483,3.44,1.00,21.08,腾讯财经
2026-08-25 13:50:04,262.07,259.60,263.32,259.05,28070483,3.44,1.00,21.08,腾讯财经
2026-08-25 14:00:04,262.07,259.60,263.32,259.05,28070483,3.44,1.00,21.08,腾讯财经
2026-08-25 14:10:04,262.07,259.60,263.32,259.05,28070483,3.44,1.00,21.08,腾讯财经
2026-08-25 14:20:04,262.07,259.60,263.32,259.05,28070483,3.44,1.00,21.08,腾讯财经
2026-08-25 14:30:04,262.07,259.60,263.32,259.05,28070483,3.44,1.00,21.08,腾讯财经
2026-08-25 14:40:04,262.07,259.60,263.32,259.05,28070483,3.44,1.00,21.08,腾讯财经
2026-08-25 14:50:04,262.07,259.60,263.32,259.05,28070483,3.44,1.00,21.08,腾讯财经
2026-08-25 15:00:04,262.07,259.60,263.32,259.05,28070483,3.44,1.00,21.08,腾讯财经
2026-08-25 15:10:04,262.07,259.60,263.32,259.05,28070483,3.44,1.00,21.08,腾讯财经
2026-08-25 15:20:04,262.07,259.60,263.32,259.05,28070483,3.44,1.00,21.08,腾讯财经
2026-08-25 15:30:04,262.07,259.60,263.32,259.05,28070483,3.44,1.00,21.08,腾讯财经
2026-08-25 15:40:04,262.07,259.60,263.32,259.05,28070483,3.44,1.00,21.08,腾讯财经
2026-08-25 15:50:04,262.07,259.60,263.32,259.05,28070483,3.44,1.00,21.08,腾讯财经
2026-08-25 16:00:04,262.07,259.60,263.32,259.05,28070483,3.44,1.00,21.08,腾讯财经
2026-08-25 16:10:04,262.07,259.60,263.32,259.05,28070483,3.44,1.00,21.08,腾讯财经
2026-08-25 16:20:04,262.07,259.60,263.32,259.05,28070483,3.44,1.00,21.08,腾讯财经
2026-08-25 16:30:04,262.07,259.60,263.32,259.05,28070483,3.44,1.00,21.08,腾讯财经
2026-08-25 16:40:00,262.07,259.60,263.32,259.05,28070483,3.44,1.00,21.08,腾讯财经
2026-08-25 16:50:04,262.07,259.60,263.32,259.05,28070483,3.44,1.00,21.08,腾讯财经
2026-08-25 17:00:04,262.07,259.60,263.32,259.05,28070483,3.44,1.00,21.08,腾讯财经
2026-08-25 17:10:05,262.07,259.60,263.32,259.05,28070483,3.44,1.00,21.08,腾讯财经
2026-08-25 17:20:04,262.07,259.60,263.32,259.05,28070483,3.44,1.00,21.08,腾讯财经
2026-08-25 17:30:03,262.07,259.60,263.32,259.05,28070483,3.44,1.00,21.08,腾讯财经
2026-08-25 17:40:00,262.07,259.60,263.32,259.05,28070483,3.44,1.00,21.08,腾讯财经
2026-08-25 17:50:04,262.07,259.60,263.32,259.05,28070483,3.44,1.00,21.08,腾讯财经
2026-08-25 18:00:04,262.07,259.60,263.32,259.05,28070483,3.44,1.00,21.08,腾讯财经
2026-08-25 18:10:04,262.07,259.60,263.32,259.05,28070483,3.44,1.00,21.08,腾讯财经
2026-08-25 18:20:04,262.07,259.60,263.32,259.05,28070483,3.44,1.00,21.08,腾讯财经
2026-08-25 18:30:04,262.07,259.60,263.32,259.05,28070483,3.44,1.00,21.08,腾讯财经
2026-08-25 18:40:04,262.07,259.60,263.32,259.05,28070483,3.44,1.00,21.08,腾讯财经
2026-08-25 18:50:05,262.07,259.60,263.32,259.05,28070483,3.44,1.00,21.08,腾讯财经
2026-08-25 19:00:05,262.07,259.60,263.32,259.05,28070483,3.44,1.00,21.08,腾讯财经
2026-08-25 19:10:05,262.07,259.60,263.32,259.05,28070483,3.44,1.00,21.08,腾讯财经
2026-08-25 19:20:04,262.07,259.60,263.32,259.05,28070483,3.44,1.00,21.08,腾讯财经
2026-08-25 19:30:04,262.07,259.60,263.32,259.05,28070483,3.44,1.00,21.08,腾讯财经
2026-08-25 19:40:04,262.07,259.60,263.32,259.05,28070483,3.44,1.00,21.08,腾讯财经
2026-08-25 19:50:04,262.07,259.60,263.32,259.05,28070483,3.44,1.00,21.08,腾讯财经
2026-08-25 20:00:05,262.07,259.60,263.32,259.05,28070483,3.44,1.00,21.08,腾讯财经
2026-08-25 20:10:04,262.07,259.60,263.32,259.05,28070483,3.44,1.00,21.08,腾讯财经
2026-08-25 20:20:04,262.07,259.60,263.32,259.05,28070483,3.44,1.00,21.08,腾讯财经
2026-08-25 20:30:00,262.07,259.60,263.32,259.05,28070483,3.44,1.00,21.08,腾讯财经
2026-08-25 20:40:05,262.07,259.60,263.32,259.05,28070483,3.44,1.00,21.08,腾讯财经
2026-08-25 20:50:04,262.07,259.60,263.32,259.05,28070483,3.44,1.00,21.08,腾讯财经
2026-08-25 21:00:04,262.07,259.60,263.32,259.05,28070483,3.44,1.00,21.08,腾讯财经
2026-08-25 21:10:04,262.07,259.60,263.32,259.05,28070483,3.44,1.00,21.08,腾讯财经
2026-08-25 21:20:04,262.07,259.60,263.32,259.05,28070483,3.44,1.00,21.08,腾讯财经
2026-08-25 21:30:01,262.07,0.00,0.00,0.00,298759,0,0,21.08,腾讯财经
2026-08-25 21:40:05,262.77,262.60,263.87,261.76,1692109,.70,0,21.14,腾讯财经
2026-08-25 21:50:04,262.34,262.51,263.87,261.76,2365575,.27,0,21.11,腾讯财经
2026-08-25 22:00:03,261.97,262.51,263.87,261.62,3097034,-.10,0,21.08,腾讯财经
2026-08-25 22:10:04,261.50,262.51,263.87,261.21,3695584,-.57,0,21.04,腾讯财经
2026-08-25 22:20:05,260.86,262.51,263.87,260.70,4347514,-1.21,0,20.99,腾讯财经
2026-08-25 22:30:04,260.96,262.51,263.87,260.28,5167293,-1.11,0,20.99,腾讯财经
2026-08-25 22:40:04,261.32,262.51,263.87,260.28,5733010,-.75,0,21.02,腾讯财经
2026-08-25 22:50:04,260.77,262.51,263.87,260.28,6142957,-1.30,0,20.98,腾讯财经
2026-08-25 23:00:04,260.88,262.51,263.87,260.28,6429113,-1.19,0,20.99,腾讯财经
2026-08-25 23:10:04,260.88,262.51,263.87,260.28,6768167,-1.19,0,20.99,腾讯财经
2026-08-25 23:20:04,260.75,262.51,263.87,260.28,7111346,-1.32,0,20.98,腾讯财经
2026-08-25 23:30:04,260.54,262.51,263.87,260.28,7542950,-1.53,0,20.96,腾讯财经
2026-08-25 23:40:04,260.82,262.51,263.87,260.28,7959350,-1.25,0,20.98,腾讯财经
2026-08-25 23:50:04,260.46,262.51,263.87,260.28,8322624,-1.61,0,20.95,腾讯财经
2026-08-26 00:00:00,261.03,262.51,263.87,260.28,8694001,-1.04,0,21.00,腾讯财经
2026-08-26 00:10:04,260.83,262.51,263.87,260.28,8958790,-1.24,0,20.98,腾讯财经
2026-08-26 00:20:04,260.79,262.51,263.87,260.28,9218874,-1.28,0,20.98,腾讯财经
2026-08-26 00:30:04,260.89,262.51,263.87,260.28,9429678,-1.18,0,20.99,腾讯财经
2026-08-26 00:40:04,261.27,262.51,263.87,260.28,9624444,-.80,0,21.02,腾讯财经
2026-08-26 00:50:04,260.62,262.51,263.87,260.28,9911941,-1.45,0,20.97,腾讯财经
2026-08-26 01:00:04,261.02,262.51,263.87,260.28,10171928,-1.05,0,21.00,腾讯财经
2026-08-26 01:10:04,260.67,262.51,263.87,260.28,10379820,-1.40,0,20.97,腾讯财经
2026-08-26 01:20:04,260.83,262.51,263.87,260.28,10547551,-1.24,0,20.98,腾讯财经
2026-08-26 01:30:04,260.24,262.51,263.87,260.12,10833673,-1.83,0,20.94,腾讯财经
2026-08-26 01:40:04,260.20,262.51,263.87,260.08,11094521,-1.87,0,20.93,腾讯财经
2026-08-26 01:50:04,260.29,262.51,263.87,260.08,11318894,-1.78,0,20.94,腾讯财经
2026-08-26 02:00:04,260.49,262.51,263.87,260.08,11499130,-1.58,0,20.96,腾讯财经
2026-08-26 02:10:04,260.50,262.51,263.87,260.08,11753411,-1.57,0,20.96,腾讯财经
2026-08-26 02:20:05,260.44,262.51,263.87,260.08,12668577,-1.63,0,20.95,腾讯财经
2026-08-26 02:30:05,260.10,262.51,263.87,259.83,13097179,-1.97,0,20.93,腾讯财经
2026-08-26 02:40:04,260.35,262.51,263.87,259.83,13364143,-1.72,0,20.95,腾讯财经
2026-08-26 02:50:04,260.63,262.51,263.87,259.83,13660047,-1.44,0,20.97,腾讯财经
2026-08-26 03:00:04,260.68,262.51,263.87,259.83,13916259,-1.39,0,20.97,腾讯财经
2026-08-26 03:10:04,260.21,262.51,263.87,259.83,14253948,-1.86,0,20.93,腾讯财经
2026-08-26 03:20:04,260.07,262.51,263.87,259.83,14566360,-2.00,0,20.92,腾讯财经
2026-08-26 03:30:04,260.12,262.51,263.87,259.83,14950379,-1.95,0,20.93,腾讯财经
2026-08-26 03:40:04,260.61,262.51,263.87,259.83,15416246,-1.46,0,20.97,腾讯财经
2026-08-26 03:50:04,260.71,262.51,263.87,259.83,15886463,-1.36,0,20.97,腾讯财经
2026-08-26 04:00:04,261.02,262.51,263.87,259.83,17570446,-1.05,0,21.00,腾讯财经
2026-08-26 04:10:04,261.06,262.51,263.87,259.83,25210690,-1.01,0,21.00,腾讯财经
2026-08-26 04:20:04,261.06,262.51,263.89,259.83,25409677,-1.01,0,21.00,腾讯财经
2026-08-26 04:30:04,261.06,262.51,263.89,259.83,25424403,-1.01,0,21.00,腾讯财经
2026-08-26 04:40:04,261.06,262.51,263.89,259.83,25430270,-1.01,0,21.00,腾讯财经
2026-08-26 04:50:04,261.06,262.51,263.89,259.83,25446137,-1.01,0,21.00,腾讯财经
2026-08-26 05:00:04,261.06,262.51,263.89,259.83,25452240,-1.01,0,21.00,腾讯财经
2026-08-26 05:10:04,261.06,262.51,263.89,259.83,25456429,-1.01,0,21.00,腾讯财经
2026-08-26 05:20:05,261.06,262.51,263.89,259.83,25459685,-1.01,0,21.00,腾讯财经
2026-08-26 05:30:05,261.06,262.51,263.89,259.83,25475009,-1.01,0,21.00,腾讯财经
2026-08-26 05:40:04,261.06,262.51,263.89,259.83,25477784,-1.01,0,21.00,腾讯财经
2026-08-26 05:50:04,261.06,262.51,263.89,259.83,25483792,-1.01,0,21.00,腾讯财经
2026-08-26 06:00:04,261.06,262.51,263.89,259.83,25484855,-1.01,0,21.00,腾讯财经
2026-08-26 06:10:04,261.06,262.51,263.89,259.83,25499380,-1.01,0,21.00,腾讯财经
2026-08-26 06:20:04,261.06,262.51,263.89,259.83,25501352,-1.01,0,21.00,腾讯财经
2026-08-26 06:30:04,261.06,262.51,263.89,259.83,25504276,-1.01,0,21.00,腾讯财经
2026-08-26 06:40:04,261.06,262.51,263.89,259.83,25506958,-1.01,0,21.00,腾讯财经
2026-08-26 06:50:05,261.06,262.51,263.89,259.83,25509931,-1.01,0,21.00,腾讯财经
2026-08-26 07:00:04,261.06,262.51,263.89,259.83,25519955,-1.01,0,21.00,腾讯财经
2026-08-26 07:10:04,261.06,262.51,263.89,259.83,25528144,-1.01,0,21.00,腾讯财经
2026-08-26 07:20:04,261.06,262.51,263.89,259.83,25529432,-1.01,0,21.00,腾讯财经
2026-08-26 07:30:04,261.06,262.51,263.89,259.83,25531197,-1.01,0,21.00,腾讯财经
2026-08-26 07:40:04,261.06,262.51,263.89,259.83,25533391,-1.01,0,21.00,腾讯财经
2026-08-26 07:50:04,261.06,262.51,263.89,259.83,25536562,-1.01,0,21.00,腾讯财经
2026-08-26 08:00:04,261.06,262.51,263.89,259.83,25550214,-1.01,0,21.00,腾讯财经
2026-08-26 08:10:04,261.06,262.51,263.89,259.83,25550214,-1.01,0,21.00,腾讯财经
2026-08-26 08:20:05,261.06,262.51,263.89,259.83,25550214,-1.01,0,21.00,腾讯财经
2026-08-26 08:30:04,261.06,262.51,263.89,259.83,25550214,-1.01,0,21.00,腾讯财经
2026-08-26 08:40:04,261.06,262.51,263.89,259.83,25550214,-1.01,0,21.00,腾讯财经
2026-08-26 08:50:04,261.06,262.51,263.89,259.83,25550214,-1.01,0,21.00,腾讯财经
2026-08-26 09:00:04,261.06,262.51,263.89,259.83,25550214,-1.01,0,21.00,腾讯财经
2026-08-26 09:10:04,261.06,262.51,263.89,259.83,25550214,-1.01,0,21.00,腾讯财经
2026-08-26 09:20:05,261.06,262.51,263.89,259.83,25550214,-1.01,0,21.00,腾讯财经
2026-08-26 09:30:04,261.06,262.51,263.89,259.83,25550214,-1.01,0,21.00,腾讯财经
2026-08-26 09:40:04,261.06,262.51,263.89,259.83,25550214,-1.01,0,21.00,腾讯财经
2026-08-26 09:50:04,261.06,262.51,263.89,259.83,25550214,-1.01,0,21.00,腾讯财经
2026-08-26 10:00:04,261.06,262.51,263.89,259.83,25550214,-1.01,0,21.00,腾讯财经
2026-08-26 10:10:04,261.06,262.51,263.89,259.83,25550214,-1.01,0,21.00,腾讯财经
2026-08-26 10:20:04,261.06,262.51,263.89,259.83,25550214,-1.01,0,21.00,腾讯财经
2026-08-26 10:30:04,261.06,262.51,263.89,259.83,25550214,-1.01,0,21.00,腾讯财经
2026-08-26 10:40:04,261.06,262.51,263.89,259.83,25550214,-1.01,0,21.00,腾讯财经
2026-08-26 10:50:04,261.06,262.51,263.89,259.83,25550214,-1.01,0,21.00,腾讯财经
2026-08-26 11:00:05,261.06,262.51,263.89,259.83,25550214,-1.01,0,21.00,腾讯财经
2026-08-26 11:10:04,261.06,262.51,263.89,259.83,25550214,-1.01,0,21.00,腾讯财经
2026-08-26 11:20:04,261.06,262.51,263.89,259.83,25550214,-1.01,0,21.00,腾讯财经
2026-08-26 11:30:04,261.06,262.51,263.89,259.83,25550214,-1.01,0,21.00,腾讯财经
2026-08-26 11:40:04,261.06,262.51,263.89,259.83,25550214,-1.01,0,21.00,腾讯财经
2026-08-26 11:50:04,261.06,262.51,263.89,259.83,25550214,-1.01,0,21.00,腾讯财经
2026-08-26 12:00:05,261.06,262.51,263.89,259.83,25550214,-1.01,0,21.00,腾讯财经
2026-08-26 12:10:03,261.06,262.51,263.89,259.83,25550214,-1.01,0,21.00,腾讯财经
2026-08-26 12:20:04,261.06,262.51,263.89,259.83,25550214,-1.01,0,21.00,腾讯财经
2026-08-26 12:30:06,261.06,262.51,263.89,259.83,25550214,-1.01,0,21.00,腾讯财经
2026-08-26 12:40:03,261.06,262.51,263.89,259.83,25550214,-1.01,0,21.00,腾讯财经
2026-08-26 12:50:03,261.06,262.51,263.89,259.83,25550214,-1.01,0,21.00,腾讯财经
2026-08-26 13:00:04,261.06,262.51,263.89,259.83,25550214,-1.01,0,21.00,腾讯财经
2026-08-26 13:10:05,261.06,262.51,263.89,259.83,25550214,-1.01,0,21.00,腾讯财经
2026-08-26 13:20:04,261.06,262.51,263.89,259.83,25550214,-1.01,0,21.00,腾讯财经
2026-08-26 13:30:03,261.06,262.51,263.89,259.83,25550214,-1.01,0,21.00,腾讯财经
2026-08-26 13:40:03,261.06,262.51,263.89,259.83,25550214,-1.01,0,21.00,腾讯财经
2026-08-26 13:50:04,261.06,262.51,263.89,259.83,25550214,-1.01,0,21.00,腾讯财经
2026-08-26 14:00:04,261.06,262.51,263.89,259.83,25550214,-1.01,0,21.00,腾讯财经
2026-08-26 14:10:04,261.06,262.51,263.89,259.83,25550214,-1.01,0,21.00,腾讯财经
2026-08-26 14:20:04,261.06,262.51,263.89,259.83,25550214,-1.01,0,21.00,腾讯财经
2026-08-26 14:30:03,261.06,262.51,263.89,259.83,25550214,-1.01,0,21.00,腾讯财经
2026-08-26 14:40:03,261.06,262.51,263.89,259.83,25550214,-1.01,0,21.00,腾讯财经
2026-08-26 14:50:04,261.06,262.51,263.89,259.83,25550214,-1.01,0,21.00,腾讯财经
2026-08-26 15:00:00,261.06,262.51,263.89,259.83,25550214,-1.01,0,21.00,腾讯财经
2026-08-26 15:10:05,261.06,262.51,263.89,259.83,25550214,-1.01,0,21.00,腾讯财经
2026-08-26 15:20:04,261.06,262.51,263.89,259.83,25550214,-1.01,0,21.00,腾讯财经
2026-08-26 15:30:04,261.06,262.51,263.89,259.83,25550214,-1.01,0,21.00,腾讯财经
2026-08-26 15:40:05,261.06,262.51,263.89,259.83,25550214,-1.01,0,21.00,腾讯财经
2026-08-26 15:50:00,261.06,262.51,263.89,259.83,25550214,-1.01,0,21.00,腾讯财经
2026-08-26 16:00:00,261.06,262.51,263.89,259.83,25550214,-1.01,0,21.00,腾讯财经
2026-08-26 16:10:03,261.06,262.51,263.89,259.83,25550214,-1.01,0,21.00,腾讯财经
2026-08-26 16:20:03,261.06,262.51,263.89,259.83,25550214,-1.01,0,21.00,腾讯财经
2026-08-26 16:40:04,261.06,262.51,263.89,259.83,25550214,-1.01,0,21.00,腾讯财经
2026-08-26 16:50:00,261.06,262.51,263.89,259.83,25550214,-1.01,0,21.00,腾讯财经
2026-08-26 17:00:00,261.06,262.51,263.89,259.83,25550214,-1.01,0,21.00,腾讯财经
2026-08-26 17:10:02,261.06,262.51,263.89,259.83,25550214,-1.01,0,21.00,腾讯财经
2026-08-26 17:20:03,261.06,262.51,263.89,259.83,25550214,-1.01,0,21.00,腾讯财经
2026-08-26 17:30:00,261.06,262.51,263.89,259.83,25550214,-1.01,0,21.00,腾讯财经
2026-08-26 17:40:00,261.06,262.51,263.89,259.83,25550214,-1.01,0,21.00,腾讯财经
2026-08-26 17:50:03,261.06,262.51,263.89,259.83,25550214,-1.01,0,21.00,腾讯财经
2026-08-26 18:00:02,261.06,262.51,263.89,259.83,25550214,-1.01,0,21.00,腾讯财经
2026-08-26 18:10:04,261.06,262.51,263.89,259.83,25550214,-1.01,0,21.00,腾讯财经
2026-08-26 18:20:02,261.06,262.51,263.89,259.83,25550214,-1.01,0,21.00,腾讯财经
2026-08-26 18:30:01,261.06,262.51,263.89,259.83,25550214,-1.01,0,21.00,腾讯财经
2026-08-26 18:40:02,261.06,262.51,263.89,259.83,25550214,-1.01,0,21.00,腾讯财经
2026-08-26 18:50:00,261.06,262.51,263.89,259.83,25550214,-1.01,0,21.00,腾讯财经
2026-08-26 19:00:04,261.06,262.51,263.89,259.83,25550214,-1.01,0,21.00,腾讯财经
2026-08-26 19:10:02,261.06,262.51,263.89,259.83,25550214,-1.01,0,21.00,腾讯财经
2026-08-26 19:20:00,261.06,262.51,263.89,259.83,25550214,-1.01,0,21.00,腾讯财经
2026-08-26 19:30:00,261.06,262.51,263.89,259.83,25550214,-1.01,0,21.00,腾讯财经
2026-08-26 19:40:01,261.06,262.51,263.89,259.83,25550214,-1.01,0,21.00,腾讯财经
2026-08-26 19:50:00,261.06,262.51,263.89,259.83,25550214,-1.01,0,21.00,腾讯财经
2026-08-26 20:00:00,261.06,262.51,263.89,259.83,25550214,-1.01,0,21.00,腾讯财经
2026-08-26 20:10:02,261.06,262.51,263.89,259.83,25550214,-1.01,0,21.00,腾讯财经
2026-08-26 20:20:05,261.06,262.51,263.89,259.83,25550214,-1.01,0,21.00,腾讯财经
2026-08-26 20:30:04,261.06,262.51,263.89,259.83,25550214,-1.01,0,21.00,腾讯财经
2026-08-26 20:40:05,261.06,262.51,263.89,259.83,25550214,-1.01,0,21.00,腾讯财经
2026-08-26 20:50:00,261.06,262.51,263.89,259.83,25550214,-1.01,0,21.00,腾讯财经
2026-08-26 21:00:02,261.06,262.51,263.89,259.83,25550214,-1.01,0,21.00,腾讯财经
2026-08-26 21:10:01,261.06,262.51,263.89,259.83,25550214,-1.01,0,21.00,腾讯财经
2026-08-26 21:20:05,261.06,262.51,263.89,259.83,25550214,-1.01,0,21.00,腾讯财经
2026-08-26 21:30:00,261.06,0.00,0.00,0.00,269874,0,0,21.00,腾讯财经
2026-08-26 21:40:02,259.69,261.28,262.05,259.51,1418325,-1.37,0,20.89,腾讯财经
2026-08-26 21:50:02,260.27,261.28,262.05,259.38,2279219,-.79,0,20.94,腾讯财经
2026-08-26 22:00:01,260.65,261.28,262.05,259.38,2694738,-.41,0,20.97,腾讯财经
2026-08-26 22:10:02,260.96,261.28,262.05,259.38,3161649,-.10,0,20.99,腾讯财经
2026-08-26 22:20:00,260.21,261.28,262.05,259.38,3568087,-.85,0,20.93,腾讯财经
2026-08-26 22:30:03,259.06,261.28,262.05,258.88,4279706,-2.00,0,20.84,腾讯财经
2026-08-26 22:40:00,259.36,261.28,262.05,258.78,4941062,-1.70,0,20.87,腾讯财经
2026-08-26 22:50:01,259.61,261.28,262.05,258.78,5228712,-1.45,0,20.89,腾讯财经
2026-08-26 23:00:01,260.30,261.28,262.05,258.78,5596972,-.76,0,20.94,腾讯财经
2026-08-26 23:10:02,260.34,261.28,262.05,258.78,5867321,-.72,0,20.94,腾讯财经
2026-08-26 23:20:00,260.06,261.28,262.05,258.78,6324215,-1.00,0,20.92,腾讯财经
2026-08-26 23:30:05,260.17,261.28,262.05,258.78,6908635,-.89,0,20.93,腾讯财经
2026-08-26 23:40:03,259.45,261.28,262.05,258.78,7382129,-1.61,0,20.87,腾讯财经
2026-08-26 23:50:04,259.44,261.28,262.05,258.78,7651031,-1.62,0,20.87,腾讯财经
2026-08-27 00:00:02,258.67,261.28,262.05,258.64,8029684,-2.39,0,20.81,腾讯财经
2026-08-27 00:10:02,258.72,261.28,262.05,258.35,8426507,-2.34,0,20.81,腾讯财经
2026-08-27 00:20:01,258.51,261.28,262.05,258.35,8673662,-2.55,0,20.80,腾讯财经
2026-08-27 00:30:05,258.51,261.28,262.05,258.35,8987356,-2.55,0,20.80,腾讯财经
2026-08-27 00:40:05,258.39,261.28,262.05,258.35,9192535,-2.67,-1.00,20.79,腾讯财经
2026-08-27 00:50:03,258.43,261.28,262.05,258.24,9491492,-2.63,-1.00,20.79,腾讯财经
2026-08-27 01:00:04,258.74,261.28,262.05,258.24,9964163,-2.32,0,20.82,腾讯财经
2026-08-27 01:10:03,258.89,261.28,262.05,258.24,10190361,-2.17,0,20.83,腾讯财经
2026-08-27 01:20:01,259.03,261.28,262.05,258.24,10405574,-2.03,0,20.84,腾讯财经
2026-08-27 01:30:04,259.34,261.28,262.05,258.24,10710092,-1.72,0,20.86,腾讯财经
2026-08-27 01:40:03,258.58,261.28,262.05,258.24,10961735,-2.48,0,20.80,腾讯财经
2026-08-27 01:50:02,258.50,261.28,262.05,258.24,11270788,-2.56,0,20.80,腾讯财经
2026-08-27 02:00:00,258.63,261.28,262.05,258.24,11573353,-2.43,0,20.81,腾讯财经
2026-08-27 02:10:01,259.08,261.28,262.05,258.24,11908964,-1.98,0,20.84,腾讯财经
2026-08-27 02:20:01,259.00,261.28,262.05,258.24,12153892,-2.06,0,20.84,腾讯财经
2026-08-27 02:30:00,258.85,261.28,262.05,258.24,12411647,-2.21,0,20.82,腾讯财经
2026-08-27 02:40:03,259.00,261.28,262.05,258.24,12645013,-2.06,0,20.84,腾讯财经
2026-08-27 02:50:03,258.98,261.28,262.05,258.24,12945614,-2.08,0,20.84,腾讯财经
2026-08-27 03:00:05,259.30,261.28,262.05,258.24,13337028,-1.76,0,20.86,腾讯财经
2026-08-27 03:10:03,260.22,261.28,262.05,258.24,13821945,-.84,0,20.93,腾讯财经
2026-08-27 03:20:03,260.21,261.28,262.05,258.24,14280289,-.85,0,20.93,腾讯财经
2026-08-27 03:30:04,259.84,261.28,262.05,258.24,14604492,-1.22,0,20.90,腾讯财经
2026-08-27 03:40:04,260.27,261.28,262.05,258.24,14972244,-.79,0,20.94,腾讯财经
2026-08-27 03:50:04,260.26,261.28,262.05,258.24,15431560,-.80,0,20.94,腾讯财经
2026-08-27 04:00:05,260.28,261.28,262.05,258.24,17076997,-.78,0,20.94,腾讯财经
2026-08-27 04:10:00,260.28,261.28,262.05,258.24,20578570,-.78,0,20.94,腾讯财经
2026-08-27 04:20:03,260.28,261.28,262.05,258.24,20607884,-.78,0,20.94,腾讯财经
2026-08-27 04:30:00,260.28,261.28,262.05,258.24,20631561,-.78,0,20.94,腾讯财经
2026-08-27 04:40:00,260.28,261.28,262.05,258.24,20638599,-.78,0,20.94,腾讯财经
2026-08-27 04:50:00,260.28,261.28,262.05,258.24,20647416,-.78,0,20.94,腾讯财经
2026-08-27 05:00:04,260.28,261.28,262.05,258.24,20669513,-.78,0,20.94,腾讯财经
2026-08-27 05:10:05,260.28,261.28,262.05,258.24,20892865,-.78,0,20.94,腾讯财经
2026-08-27 05:20:05,260.28,261.28,262.05,258.24,21068654,-.78,0,20.94,腾讯财经
2026-08-27 05:30:00,260.28,261.28,262.05,258.24,21159681,-.78,0,20.94,腾讯财经
2026-08-27 05:40:01,260.28,261.28,262.05,258.24,21218470,-.78,0,20.94,腾讯财经
2026-08-27 05:50:02,260.28,261.28,262.05,258.24,21321630,-.78,0,20.94,腾讯财经
2026-08-27 06:00:00,260.28,261.28,262.05,258.24,21370565,-.78,0,20.94,腾讯财经
2026-08-27 06:10:02,260.28,261.28,262.05,258.24,21400245,-.78,0,20.94,腾讯财经
2026-08-27 06:20:00,260.28,261.28,262.05,258.24,21423905,-.78,0,20.94,腾讯财经
2026-08-27 06:30:00,260.28,261.28,262.05,258.24,21435759,-.78,0,20.94,腾讯财经
2026-08-27 06:40:01,260.28,261.28,262.05,258.24,21443547,-.78,0,20.94,腾讯财经
2026-08-27 06:50:01,260.28,261.28,262.05,258.24,21456379,-.78,0,20.94,腾讯财经
2026-08-27 07:00:04,260.28,261.28,262.05,258.24,21470520,-.78,0,20.94,腾讯财经
2026-08-27 07:10:01,260.28,261.28,262.05,258.24,21480267,-.78,0,20.94,腾讯财经
2026-08-27 07:20:01,260.28,261.28,262.05,258.24,21484617,-.78,0,20.94,腾讯财经
2026-08-27 07:30:01,260.28,261.28,262.05,258.24,21492362,-.78,0,20.94,腾讯财经
2026-08-27 07:40:00,260.28,261.28,262.05,258.24,21506424,-.78,0,20.94,腾讯财经
2026-08-27 07:50:00,260.28,261.28,262.05,258.24,21515844,-.78,0,20.94,腾讯财经
2026-08-27 08:00:00,260.28,261.28,262.05,258.24,21527177,-.78,0,20.94,腾讯财经
2026-08-27 08:10:01,260.28,261.28,262.05,258.24,21528373,-.78,0,20.94,腾讯财经
2026-08-27 08:20:04,260.28,261.28,262.05,258.24,21528373,-.78,0,20.94,腾讯财经
2026-08-27 08:30:01,260.28,261.28,262.05,258.24,21528373,-.78,0,20.94,腾讯财经
2026-08-27 08:40:05,260.28,261.28,262.05,258.24,21528373,-.78,0,20.94,腾讯财经
2026-08-27 08:50:04,260.28,261.28,262.05,258.24,21528373,-.78,0,20.94,腾讯财经
2026-08-27 09:00:04,260.28,261.28,262.05,258.24,21528373,-.78,0,20.94,腾讯财经
2026-08-27 09:10:04,260.28,261.28,262.05,258.24,21528373,-.78,0,20.94,腾讯财经
2026-08-27 09:20:05,260.28,261.28,262.05,258.24,21528373,-.78,0,20.94,腾讯财经
2026-08-27 09:30:04,260.28,261.28,262.05,258.24,21528373,-.78,0,20.94,腾讯财经
2026-08-27 09:40:05,260.28,261.28,262.05,258.24,21528373,-.78,0,20.94,腾讯财经
2026-08-27 09:50:00,260.28,261.28,262.05,258.24,21528373,-.78,0,20.94,腾讯财经
2026-08-27 10:00:04,260.28,261.28,262.05,258.24,21528373,-.78,0,20.94,腾讯财经
2026-08-27 10:10:01,260.28,261.28,262.05,258.24,21528373,-.78,0,20.94,腾讯财经
2026-08-27 10:20:00,260.28,261.28,262.05,258.24,21528373,-.78,0,20.94,腾讯财经
2026-08-27 10:30:01,260.28,261.28,262.05,258.24,21528373,-.78,0,20.94,腾讯财经
2026-08-27 10:40:04,260.28,261.28,262.05,258.24,21528373,-.78,0,20.94,腾讯财经
2026-08-27 10:50:01,260.28,261.28,262.05,258.24,21528373,-.78,0,20.94,腾讯财经
2026-08-27 11:00:00,260.28,261.28,262.05,258.24,21528373,-.78,0,20.94,腾讯财经
2026-08-27 11:10:04,260.28,261.28,262.05,258.24,21528373,-.78,0,20.94,腾讯财经
2026-08-27 11:20:00,260.28,261.28,262.05,258.24,21528373,-.78,0,20.94,腾讯财经
2026-08-27 11:30:05,260.28,261.28,262.05,258.24,21528373,-.78,0,20.94,腾讯财经
2026-08-27 11:40:00,260.28,261.28,262.05,258.24,21528373,-.78,0,20.94,腾讯财经
2026-08-27 11:50:00,260.28,261.28,262.05,258.24,21528373,-.78,0,20.94,腾讯财经
2026-08-27 12:00:01,260.28,261.28,262.05,258.24,21528373,-.78,0,20.94,腾讯财经
2026-08-27 12:10:04,260.28,261.28,262.05,258.24,21528373,-.78,0,20.94,腾讯财经
2026-08-27 12:20:01,260.28,261.28,262.05,258.24,21528373,-.78,0,20.94,腾讯财经
2026-08-27 12:30:04,260.28,261.28,262.05,258.24,21528373,-.78,0,20.94,腾讯财经
2026-08-27 12:40:01,260.28,261.28,262.05,258.24,21528373,-.78,0,20.94,腾讯财经
2026-08-27 12:50:00,260.28,261.28,262.05,258.24,21528373,-.78,0,20.94,腾讯财经
2026-08-27 13:00:00,260.28,261.28,262.05,258.24,21528373,-.78,0,20.94,腾讯财经
2026-08-27 13:10:01,260.28,261.28,262.05,258.24,21528373,-.78,0,20.94,腾讯财经
2026-08-27 13:20:00,260.28,261.28,262.05,258.24,21528373,-.78,0,20.94,腾讯财经
2026-08-27 13:30:02,260.28,261.28,262.05,258.24,21528373,-.78,0,20.94,腾讯财经
2026-08-27 13:40:04,260.28,261.28,262.05,258.24,21528373,-.78,0,20.94,腾讯财经
2026-08-27 13:50:04,260.28,261.28,262.05,258.24,21528373,-.78,0,20.94,腾讯财经
2026-08-27 14:00:05,260.28,261.28,262.05,258.24,21528373,-.78,0,20.94,腾讯财经
2026-08-27 14:10:00,260.28,261.28,262.05,258.24,21528373,-.78,0,20.94,腾讯财经
2026-08-27 14:20:02,260.28,261.28,262.05,258.24,21528373,-.78,0,20.94,腾讯财经
2026-08-27 14:30:00,260.28,261.28,262.05,258.24,21528373,-.78,0,20.94,腾讯财经
2026-08-27 14:40:04,260.28,261.28,262.05,258.24,21528373,-.78,0,20.94,腾讯财经
2026-08-27 14:50:04,260.28,261.28,262.05,258.24,21528373,-.78,0,20.94,腾讯财经
2026-08-27 15:00:00,260.28,261.28,262.05,258.24,21528373,-.78,0,20.94,腾讯财经
2026-08-27 15:10:04,260.28,261.28,262.05,258.24,21528373,-.78,0,20.94,腾讯财经
2026-08-27 15:20:01,260.28,261.28,262.05,258.24,21528373,-.78,0,20.94,腾讯财经
2026-08-27 15:30:05,260.28,261.28,262.05,258.24,21528373,-.78,0,20.94,腾讯财经
2026-08-27 15:40:01,260.28,261.28,262.05,258.24,21528373,-.78,0,20.94,腾讯财经
2026-08-27 15:50:00,260.28,261.28,262.05,258.24,21528373,-.78,0,20.94,腾讯财经
2026-08-27 16:00:00,260.28,261.28,262.05,258.24,21528373,-.78,0,20.94,腾讯财经
2026-08-27 16:10:00,260.28,261.28,262.05,258.24,21528373,-.78,0,20.94,腾讯财经
2026-08-27 16:20:00,260.28,261.28,262.05,258.24,21528373,-.78,0,20.94,腾讯财经
2026-08-27 16:30:01,260.28,261.28,262.05,258.24,21528373,-.78,0,20.94,腾讯财经
2026-08-27 16:40:04,260.28,261.28,262.05,258.24,21528373,-.78,0,20.94,腾讯财经
2026-08-27 16:50:04,260.28,261.28,262.05,258.24,21528373,-.78,0,20.94,腾讯财经
2026-08-27 17:00:00,260.28,261.28,262.05,258.24,21528373,-.78,0,20.94,腾讯财经
2026-08-27 17:10:03,260.28,261.28,262.05,258.24,21528373,-.78,0,20.94,腾讯财经
2026-08-27 17:20:00,260.28,261.28,262.05,258.24,21528373,-.78,0,20.94,腾讯财经
2026-08-27 17:30:00,260.28,261.28,262.05,258.24,21528373,-.78,0,20.94,腾讯财经
2026-08-27 17:40:04,260.28,261.28,262.05,258.24,21528373,-.78,0,20.94,腾讯财经
2026-08-27 17:50:01,260.28,261.28,262.05,258.24,21528373,-.78,0,20.94,腾讯财经
2026-08-27 18:00:00,260.28,261.28,262.05,258.24,21528373,-.78,0,20.94,腾讯财经
2026-08-27 18:10:04,260.28,261.28,262.05,258.24,21528373,-.78,0,20.94,腾讯财经
2026-08-27 18:20:05,260.28,261.28,262.05,258.24,21528373,-.78,0,20.94,腾讯财经
2026-08-27 18:30:00,260.28,261.28,262.05,258.24,21528373,-.78,0,20.94,腾讯财经
2026-08-27 18:40:00,260.28,261.28,262.05,258.24,21528373,-.78,0,20.94,腾讯财经
2026-08-27 18:50:00,260.28,261.28,262.05,258.24,21528373,-.78,0,20.94,腾讯财经
2026-08-27 19:00:01,260.28,261.28,262.05,258.24,21528373,-.78,0,20.94,腾讯财经
2026-08-27 19:10:03,260.28,261.28,262.05,258.24,21528373,-.78,0,20.94,腾讯财经
2026-08-27 19:20:00,260.28,261.28,262.05,258.24,21528373,-.78,0,20.94,腾讯财经
2026-08-27 19:30:01,260.28,261.28,262.05,258.24,21528373,-.78,0,20.94,腾讯财经
2026-08-27 19:40:01,260.28,261.28,262.05,258.24,21528373,-.78,0,20.94,腾讯财经
2026-08-27 19:50:02,260.28,261.28,262.05,258.24,21528373,-.78,0,20.94,腾讯财经
2026-08-27 20:00:03,260.28,261.28,262.05,258.24,21528373,-.78,0,20.94,腾讯财经
2026-08-27 20:10:01,260.28,261.28,262.05,258.24,21528373,-.78,0,20.94,腾讯财经
2026-08-27 20:20:01,260.28,261.28,262.05,258.24,21528373,-.78,0,20.94,腾讯财经
2026-08-27 20:30:00,260.28,261.28,262.05,258.24,21528373,-.78,0,20.94,腾讯财经
2026-08-27 20:40:01,260.28,261.28,262.05,258.24,21528373,-.78,0,20.94,腾讯财经
2026-08-27 20:50:00,260.28,261.28,262.05,258.24,21528373,-.78,0,20.94,腾讯财经
2026-08-27 21:00:01,260.28,261.28,262.05,258.24,21528373,-.78,0,20.94,腾讯财经
2026-08-27 21:10:04,260.28,261.28,262.05,258.24,21528373,-.78,0,20.94,腾讯财经
2026-08-27 21:20:04,260.28,261.28,262.05,258.24,21528373,-.78,0,20.94,腾讯财经
2026-08-27 21:30:03,260.28,0.00,0.00,0.00,570804,0,0,20.94,腾讯财经
2026-08-27 21:40:01,256.01,259.23,259.66,255.58,2906262,-4.27,-1.00,20.60,腾讯财经
2026-08-27 21:50:00,257.36,259.23,259.66,255.58,4663626,-2.92,-1.00,20.70,腾讯财经
2026-08-27 22:00:00,257.37,259.23,259.66,255.58,5477142,-2.91,-1.00,20.71,腾讯财经
2026-08-27 22:10:00,257.27,259.23,259.66,255.58,6281112,-3.01,-1.00,20.70,腾讯财经
2026-08-27 22:20:04,257.21,259.23,259.66,255.58,7358510,-3.07,-1.00,20.69,腾讯财经
2026-08-27 22:30:05,257.13,259.23,259.66,255.58,8118018,-3.15,-1.00,20.69,腾讯财经
2026-08-27 22:40:00,257.22,259.23,259.66,255.58,9182486,-3.06,-1.00,20.69,腾讯财经
2026-08-27 22:50:05,257.05,259.23,259.66,255.58,9856260,-3.23,-1.00,20.68,腾讯财经
2026-08-27 23:00:01,256.75,259.23,259.66,255.58,10561008,-3.53,-1.00,20.66,腾讯财经
2026-08-27 23:10:00,256.98,259.23,259.66,255.58,11488896,-3.30,-1.00,20.67,腾讯财经
2026-08-27 23:20:01,257.55,259.23,259.66,255.58,12042685,-2.73,-1.00,20.72,腾讯财经
2026-08-27 23:30:00,256.45,259.23,259.66,255.58,12564313,-3.83,-1.00,20.63,腾讯财经
2026-08-27 23:40:01,256.11,259.23,259.66,255.58,12999927,-4.17,-1.00,20.60,腾讯财经
2026-08-27 23:50:00,256.18,259.23,259.66,255.58,13607177,-4.10,-1.00,20.61,腾讯财经
2026-08-28 00:00:01,256.32,259.23,259.66,255.58,13934575,-3.96,-1.00,20.62,腾讯财经
2026-08-28 00:10:00,256.50,259.23,259.66,255.58,14304592,-3.78,-1.00,20.64,腾讯财经
2026-08-28 00:20:00,256.51,259.23,259.66,255.58,14695360,-3.77,-1.00,20.64,腾讯财经
2026-08-28 00:30:00,256.48,259.23,259.66,255.58,15095856,-3.80,-1.00,20.63,腾讯财经
2026-08-28 00:40:04,256.53,259.23,259.66,255.58,15506431,-3.75,-1.00,20.64,腾讯财经
2026-08-28 00:50:02,256.32,259.23,259.66,255.58,16172919,-3.96,-1.00,20.62,腾讯财经
2026-08-28 01:00:00,256.27,259.23,259.66,255.58,16639242,-4.01,-1.00,20.62,腾讯财经
2026-08-28 01:10:01,255.87,259.23,259.66,255.58,17223977,-4.41,-1.00,20.58,腾讯财经
2026-08-28 01:20:01,255.59,259.23,259.66,255.58,17750270,-4.69,-1.00,20.56,腾讯财经
2026-08-28 01:30:02,255.84,259.23,259.66,255.44,19145676,-4.44,-1.00,20.58,腾讯财经
2026-08-28 01:40:02,255.95,259.23,259.66,255.44,19548747,-4.33,-1.00,20.59,腾讯财经
2026-08-28 01:50:00,255.92,259.23,259.66,255.44,20586929,-4.36,-1.00,20.59,腾讯财经
2026-08-28 02:00:02,255.79,259.23,259.66,255.44,21465468,-4.49,-1.00,20.58,腾讯财经
2026-08-28 02:10:00,255.82,259.23,259.66,255.26,22016553,-4.46,-1.00,20.58,腾讯财经
2026-08-28 02:20:01,255.24,259.23,259.66,255.12,22528900,-5.04,-1.00,20.53,腾讯财经
2026-08-28 02:30:00,255.05,259.23,259.66,255.02,23010647,-5.23,-2.00,20.52,腾讯财经
2026-08-28 02:40:04,255.43,259.23,259.66,255.02,23369049,-4.85,-1.00,20.55,腾讯财经
2026-08-28 02:50:02,255.21,259.23,259.66,255.02,23718368,-5.07,-1.00,20.53,腾讯财经
2026-08-28 03:00:00,255.59,259.23,259.66,255.02,24064735,-4.69,-1.00,20.56,腾讯财经
2026-08-28 03:10:04,255.69,259.23,259.66,255.02,24436462,-4.59,-1.00,20.57,腾讯财经
2026-08-28 03:20:00,255.81,259.23,259.66,255.02,24798043,-4.47,-1.00,20.58,腾讯财经
2026-08-28 03:30:00,255.81,259.23,259.66,255.02,25295081,-4.47,-1.00,20.58,腾讯财经
2026-08-28 03:40:02,256.21,259.23,259.66,255.02,25969309,-4.07,-1.00,20.61,腾讯财经
2026-08-28 03:50:03,257.01,259.23,259.66,255.02,27092570,-3.27,-1.00,20.68,腾讯财经
2026-08-28 04:00:01,256.27,259.23,259.66,255.02,28877344,-4.01,-1.00,20.62,腾讯财经
2026-08-28 04:10:00,256.26,259.23,259.66,255.02,35574192,-4.02,-1.00,20.62,腾讯财经
2026-08-28 04:20:01,256.26,259.23,259.66,255.02,35642780,-4.02,-1.00,20.62,腾讯财经
2026-08-28 04:30:04,256.26,259.23,259.66,255.02,35656446,-4.02,-1.00,20.62,腾讯财经
2026-08-28 04:40:00,256.26,259.23,259.66,255.02,35661970,-4.02,-1.00,20.62,腾讯财经
2026-08-28 04:50:00,256.26,259.23,259.66,255.02,35715621,-4.02,-1.00,20.62,腾讯财经
2026-08-28 05:00:02,256.26,259.23,259.66,255.02,35779829,-4.02,-1.00,20.62,腾讯财经
2026-08-28 05:10:02,256.26,259.23,259.66,255.02,35796624,-4.02,-1.00,20.62,腾讯财经
2026-08-28 05:20:01,256.26,259.23,259.66,255.02,35808608,-4.02,-1.00,20.62,腾讯财经
2026-08-28 05:30:01,256.26,259.23,259.66,255.02,35814792,-4.02,-1.00,20.62,腾讯财经
2026-08-28 05:40:00,256.26,259.23,259.66,255.02,35829104,-4.02,-1.00,20.62,腾讯财经
2026-08-28 05:50:01,256.26,259.23,259.66,255.02,35845251,-4.02,-1.00,20.62,腾讯财经
2026-08-28 06:00:00,256.26,259.23,259.66,255.02,35848291,-4.02,-1.00,20.62,腾讯财经
2026-08-28 06:10:01,256.26,259.23,259.66,255.02,35851113,-4.02,-1.00,20.62,腾讯财经
2026-08-28 06:20:01,256.26,259.23,259.66,255.02,35854681,-4.02,-1.00,20.62,腾讯财经
2026-08-28 06:30:01,256.26,259.23,259.66,255.02,35857944,-4.02,-1.00,20.62,腾讯财经
2026-08-28 06:40:03,256.26,259.23,259.66,255.02,35860628,-4.02,-1.00,20.62,腾讯财经
2026-08-28 06:50:02,256.26,259.23,259.66,255.02,35863364,-4.02,-1.00,20.62,腾讯财经
2026-08-28 07:00:04,256.26,259.23,259.66,255.02,35882448,-4.02,-1.00,20.62,腾讯财经
2026-08-28 07:10:01,256.26,259.23,259.66,255.02,35889154,-4.02,-1.00,20.62,腾讯财经
2026-08-28 07:20:03,256.26,259.23,259.66,255.02,35903110,-4.02,-1.00,20.62,腾讯财经
2026-08-28 07:30:05,256.26,259.23,259.66,255.02,35907364,-4.02,-1.00,20.62,腾讯财经
2026-08-28 07:40:01,256.26,259.23,259.66,255.02,35909768,-4.02,-1.00,20.62,腾讯财经
2026-08-28 07:50:05,256.26,259.23,259.66,255.02,35917702,-4.02,-1.00,20.62,腾讯财经
2026-08-28 08:00:04,256.26,259.23,259.66,255.02,35927807,-4.02,-1.00,20.62,腾讯财经
2026-08-28 08:10:00,256.26,259.23,259.66,255.02,35927807,-4.02,-1.00,20.62,腾讯财经
2026-08-28 08:20:00,256.26,259.23,259.66,255.02,35927807,-4.02,-1.00,20.62,腾讯财经
2026-08-28 08:30:00,256.26,259.23,259.66,255.02,35927807,-4.02,-1.00,20.62,腾讯财经
2026-08-28 08:40:01,256.26,259.23,259.66,255.02,35927807,-4.02,-1.00,20.62,腾讯财经
2026-08-28 08:50:00,256.26,259.23,259.66,255.02,35927807,-4.02,-1.00,20.62,腾讯财经
2026-08-28 09:00:02,256.26,259.23,259.66,255.02,35927807,-4.02,-1.00,20.62,腾讯财经
2026-08-28 09:10:02,256.26,259.23,259.66,255.02,35927807,-4.02,-1.00,20.62,腾讯财经
2026-08-28 09:20:03,256.26,259.23,259.66,255.02,35927807,-4.02,-1.00,20.62,腾讯财经
2026-08-28 09:30:00,256.26,259.23,259.66,255.02,35927807,-4.02,-1.00,20.62,腾讯财经
2026-08-28 09:40:05,256.26,259.23,259.66,255.02,35927807,-4.02,-1.00,20.62,腾讯财经
2026-08-28 09:50:00,256.26,259.23,259.66,255.02,35927807,-4.02,-1.00,20.62,腾讯财经
2026-08-28 10:00:01,256.26,259.23,259.66,255.02,35927807,-4.02,-1.00,20.62,腾讯财经
2026-08-28 10:10:03,256.26,259.23,259.66,255.02,35927807,-4.02,-1.00,20.62,腾讯财经
2026-08-28 10:20:01,256.26,259.23,259.66,255.02,35927807,-4.02,-1.00,20.62,腾讯财经
2026-08-28 10:30:01,256.26,259.23,259.66,255.02,35927807,-4.02,-1.00,20.62,腾讯财经
2026-08-28 10:40:01,256.26,259.23,259.66,255.02,35927807,-4.02,-1.00,20.62,腾讯财经
2026-08-28 10:50:03,256.26,259.23,259.66,255.02,35927807,-4.02,-1.00,20.62,腾讯财经
2026-08-28 11:00:00,256.26,259.23,259.66,255.02,35927807,-4.02,-1.00,20.62,腾讯财经
2026-08-28 11:10:00,256.26,259.23,259.66,255.02,35927807,-4.02,-1.00,20.62,腾讯财经
2026-08-28 11:20:02,256.26,259.23,259.66,255.02,35927807,-4.02,-1.00,20.62,腾讯财经
2026-08-28 11:30:01,256.26,259.23,259.66,255.02,35927807,-4.02,-1.00,20.62,腾讯财经
2026-08-28 11:40:00,256.26,259.23,259.66,255.02,35927807,-4.02,-1.00,20.62,腾讯财经
2026-08-28 11:50:03,256.26,259.23,259.66,255.02,35927807,-4.02,-1.00,20.62,腾讯财经
2026-08-28 12:00:00,256.26,259.23,259.66,255.02,35927807,-4.02,-1.00,20.62,腾讯财经
2026-08-28 12:10:03,256.26,259.23,259.66,255.02,35927807,-4.02,-1.00,20.62,腾讯财经
2026-08-28 12:20:00,256.26,259.23,259.66,255.02,35927807,-4.02,-1.00,20.62,腾讯财经
2026-08-28 12:30:04,256.26,259.23,259.66,255.02,35927807,-4.02,-1.00,20.62,腾讯财经
2026-08-28 12:40:00,256.26,259.23,259.66,255.02,35927807,-4.02,-1.00,20.62,腾讯财经
2026-08-28 12:50:00,256.26,259.23,259.66,255.02,35927807,-4.02,-1.00,20.62,腾讯财经
2026-08-28 13:00:05,256.26,259.23,259.66,255.02,35927807,-4.02,-1.00,20.62,腾讯财经
2026-08-28 13:10:00,256.26,259.23,259.66,255.02,35927807,-4.02,-1.00,20.62,腾讯财经
2026-08-28 13:20:00,256.26,259.23,259.66,255.02,35927807,-4.02,-1.00,20.62,腾讯财经
2026-08-28 13:30:01,256.26,259.23,259.66,255.02,35927807,-4.02,-1.00,20.62,腾讯财经
2026-08-28 13:40:02,256.26,259.23,259.66,255.02,35927807,-4.02,-1.00,20.62,腾讯财经
2026-08-28 13:50:04,256.26,259.23,259.66,255.02,35927807,-4.02,-1.00,20.62,腾讯财经
2026-08-28 14:00:02,256.26,259.23,259.66,255.02,35927807,-4.02,-1.00,20.62,腾讯财经
2026-08-28 14:10:00,256.26,259.23,259.66,255.02,35927807,-4.02,-1.00,20.62,腾讯财经
2026-08-28 14:20:00,256.26,259.23,259.66,255.02,35927807,-4.02,-1.00,20.62,腾讯财经
2026-08-28 14:30:00,256.26,259.23,259.66,255.02,35927807,-4.02,-1.00,20.62,腾讯财经
2026-08-28 14:40:00,256.26,259.23,259.66,255.02,35927807,-4.02,-1.00,20.62,腾讯财经
2026-08-28 14:50:02,256.26,259.23,259.66,255.02,35927807,-4.02,-1.00,20.62,腾讯财经
2026-08-28 15:00:00,256.26,259.23,259.66,255.02,35927807,-4.02,-1.00,20.62,腾讯财经
2026-08-28 15:10:00,256.26,259.23,259.66,255.02,35927807,-4.02,-1.00,20.62,腾讯财经
2026-08-28 15:20:04,256.26,259.23,259.66,255.02,35927807,-4.02,-1.00,20.62,腾讯财经
2026-08-28 15:30:03,256.26,259.23,259.66,255.02,35927807,-4.02,-1.00,20.62,腾讯财经
2026-08-28 15:40:02,256.26,259.23,259.66,255.02,35927807,-4.02,-1.00,20.62,腾讯财经
2026-08-28 15:50:00,256.26,259.23,259.66,255.02,35927807,-4.02,-1.00,20.62,腾讯财经
2026-08-28 16:00:02,256.26,259.23,259.66,255.02,35927807,-4.02,-1.00,20.62,腾讯财经
2026-08-28 16:10:01,256.26,259.23,259.66,255.02,35927807,-4.02,-1.00,20.62,腾讯财经
2026-08-28 16:20:00,256.26,259.23,259.66,255.02,35927807,-4.02,-1.00,20.62,腾讯财经
2026-08-28 16:30:03,256.26,259.23,259.66,255.02,35927807,-4.02,-1.00,20.62,腾讯财经
2026-08-28 16:40:00,256.26,259.23,259.66,255.02,35927807,-4.02,-1.00,20.62,腾讯财经
2026-08-28 16:50:02,256.26,259.23,259.66,255.02,35927807,-4.02,-1.00,20.62,腾讯财经
2026-08-28 17:00:04,256.26,259.23,259.66,255.02,35927807,-4.02,-1.00,20.62,腾讯财经
2026-08-28 17:10:04,256.26,259.23,259.66,255.02,35927807,-4.02,-1.00,20.62,腾讯财经
2026-08-28 17:20:01,256.26,259.23,259.66,255.02,35927807,-4.02,-1.00,20.62,腾讯财经
2026-08-28 17:30:00,256.26,259.23,259.66,255.02,35927807,-4.02,-1.00,20.62,腾讯财经
2026-08-28 17:40:00,256.26,259.23,259.66,255.02,35927807,-4.02,-1.00,20.62,腾讯财经
2026-08-28 17:50:02,256.26,259.23,259.66,255.02,35927807,-4.02,-1.00,20.62,腾讯财经
2026-08-28 18:00:01,256.26,259.23,259.66,255.02,35927807,-4.02,-1.00,20.62,腾讯财经
2026-08-28 18:10:02,256.26,259.23,259.66,255.02,35927807,-4.02,-1.00,20.62,腾讯财经
2026-08-28 18:20:02,256.26,259.23,259.66,255.02,35927807,-4.02,-1.00,20.62,腾讯财经
2026-08-28 18:30:02,256.26,259.23,259.66,255.02,35927807,-4.02,-1.00,20.62,腾讯财经
2026-08-28 18:40:01,256.26,259.23,259.66,255.02,35927807,-4.02,-1.00,20.62,腾讯财经
2026-08-28 18:50:00,256.26,259.23,259.66,255.02,35927807,-4.02,-1.00,20.62,腾讯财经
2026-08-28 19:00:02,256.26,259.23,259.66,255.02,35927807,-4.02,-1.00,20.62,腾讯财经
2026-08-28 19:10:03,256.26,259.23,259.66,255.02,35927807,-4.02,-1.00,20.62,腾讯财经
2026-08-28 19:20:00,256.26,259.23,259.66,255.02,35927807,-4.02,-1.00,20.62,腾讯财经
2026-08-28 19:30:02,256.26,259.23,259.66,255.02,35927807,-4.02,-1.00,20.62,腾讯财经
2026-08-28 19:40:03,256.26,259.23,259.66,255.02,35927807,-4.02,-1.00,20.62,腾讯财经
2026-08-28 19:50:02,256.26,259.23,259.66,255.02,35927807,-4.02,-1.00,20.62,腾讯财经
2026-08-28 20:00:01,256.26,259.23,259.66,255.02,35927807,-4.02,-1.00,20.62,腾讯财经
2026-08-28 20:10:00,256.26,259.23,259.66,255.02,35927807,-4.02,-1.00,20.62,腾讯财经
2026-08-28 20:20:02,256.26,259.23,259.66,255.02,35927807,-4.02,-1.00,20.62,腾讯财经
2026-08-28 20:30:03,256.26,259.23,259.66,255.02,35927807,-4.02,-1.00,20.62,腾讯财经
2026-08-28 20:40:02,256.26,259.23,259.66,255.02,35927807,-4.02,-1.00,20.62,腾讯财经
2026-08-28 20:50:00,256.26,259.23,259.66,255.02,35927807,-4.02,-1.00,20.62,腾讯财经
2026-08-28 21:00:00,256.26,259.23,259.66,255.02,35927807,-4.02,-1.00,20.62,腾讯财经
2026-08-28 21:10:03,256.26,259.23,259.66,255.02,35927807,-4.02,-1.00,20.62,腾讯财经
2026-08-28 21:20:00,256.26,259.23,259.66,255.02,35927807,-4.02,-1.00,20.62,腾讯财经
2026-08-28 21:30:00,256.26,0.00,0.00,0.00,372854,0,0,20.62,腾讯财经
2026-08-28 21:40:04,258.36,258.32,259.55,257.78,2286723,2.10,0,20.78,腾讯财经
2026-08-28 21:50:02,259.51,258.32,259.75,257.78,3246200,3.25,1.00,20.88,腾讯财经
2026-08-28 22:00:00,259.10,258.32,259.77,257.78,4085459,2.84,1.00,20.84,腾讯财经
2026-08-28 22:10:03,259.76,258.32,260.26,257.78,5388888,3.50,1.00,20.90,腾讯财经
2026-08-28 22:20:00,260.44,258.32,260.49,257.78,6311395,4.18,1.00,20.95,腾讯财经
2026-08-28 22:30:00,260.59,258.32,261.90,257.78,7770037,4.33,1.00,20.96,腾讯财经
2026-08-28 22:40:00,262.03,258.32,262.08,257.78,8978243,5.77,2.00,21.08,腾讯财经
2026-08-28 22:50:00,264.44,258.32,264.66,257.78,11315814,8.18,3.00,21.27,腾讯财经
2026-08-28 23:00:02,265.28,258.32,265.43,257.78,13453307,9.02,3.00,21.34,腾讯财经
2026-08-28 23:10:01,265.97,258.32,267.10,257.78,16044539,9.71,3.00,21.40,腾讯财经
2026-08-28 23:20:02,265.79,258.32,267.10,257.78,17654398,9.53,3.00,21.38,腾讯财经
2026-08-28 23:30:03,266.81,258.32,267.25,257.78,18974962,10.55,4.00,21.46,腾讯财经
2026-08-28 23:40:04,267.31,258.32,267.36,257.78,19994148,11.05,4.00,21.51,腾讯财经
2026-08-28 23:50:00,265.95,258.32,267.56,257.78,21615574,9.69,3.00,21.40,腾讯财经
2026-08-29 00:00:02,265.40,258.32,267.56,257.78,22948717,9.14,3.00,21.35,腾讯财经
2026-08-29 00:10:03,266.08,258.32,267.56,257.78,23940933,9.82,3.00,21.41,腾讯财经
2026-08-29 00:20:03,266.15,258.32,267.56,257.78,24816982,9.89,3.00,21.41,腾讯财经
2026-08-29 00:30:00,265.82,258.32,267.56,257.78,25761840,9.56,3.00,21.39,腾讯财经
2026-08-29 00:40:01,265.89,258.32,267.56,257.78,26365876,9.63,3.00,21.39,腾讯财经
2026-08-29 00:50:03,265.92,258.32,267.56,257.78,27068611,9.66,3.00,21.39,腾讯财经
2026-08-29 01:00:04,265.17,258.32,267.56,257.78,27617905,8.91,3.00,21.33,腾讯财经
2026-08-29 01:10:05,264.54,258.32,267.56,257.78,29399224,8.28,3.00,21.28,腾讯财经
2026-08-29 01:20:02,265.44,258.32,267.56,257.78,30058162,9.18,3.00,21.35,腾讯财经
2026-08-29 01:30:00,265.29,258.32,267.56,257.78,30715018,9.03,3.00,21.34,腾讯财经
2026-08-29 01:40:03,264.92,258.32,267.56,257.78,31215517,8.66,3.00,21.31,腾讯财经
2026-08-29 01:50:00,265.44,258.32,267.56,257.78,31643359,9.18,3.00,21.35,腾讯财经
2026-08-29 02:00:00,265.42,258.32,267.56,257.78,32185173,9.16,3.00,21.35,腾讯财经
2026-08-29 02:10:03,265.08,258.32,267.56,257.78,32516539,8.82,3.00,21.33,腾讯财经
2026-08-29 02:20:00,264.99,258.32,267.56,257.78,32822960,8.73,3.00,21.32,腾讯财经
2026-08-29 02:30:02,265.31,258.32,267.56,257.78,33344553,9.05,3.00,21.34,腾讯财经
2026-08-29 02:40:04,265.20,258.32,267.56,257.78,33804453,8.94,3.00,21.34,腾讯财经
2026-08-29 02:50:04,265.27,258.32,267.56,257.78,35121243,9.01,3.00,21.34,腾讯财经
2026-08-29 03:00:04,265.15,258.32,267.56,257.78,35699411,8.89,3.00,21.33,腾讯财经
2026-08-29 03:10:02,265.36,258.32,267.56,257.78,36101732,9.10,3.00,21.35,腾讯财经
2026-08-29 03:20:03,265.11,258.32,267.56,257.78,36612886,8.85,3.00,21.33,腾讯财经
2026-08-29 03:30:00,265.86,258.32,267.56,257.78,37200615,9.60,3.00,21.39,腾讯财经
2026-08-29 03:40:03,266.08,258.32,267.56,257.78,38000298,9.82,3.00,21.41,腾讯财经
2026-08-29 03:50:01,265.95,258.32,267.56,257.78,38993620,9.69,3.00,21.40,腾讯财经
2026-08-29 04:00:02,266.48,258.32,267.56,257.78,41344008,10.22,3.00,21.44,腾讯财经
2026-08-29 04:10:03,266.43,258.32,267.56,257.78,47910819,10.17,3.00,21.43,腾讯财经
2026-08-29 04:20:00,266.43,258.32,267.56,257.78,47949379,10.17,3.00,21.43,腾讯财经
2026-08-29 04:30:04,266.43,258.32,267.56,257.78,47973383,10.17,3.00,21.43,腾讯财经
2026-08-29 04:40:02,266.43,258.32,267.56,257.78,47988055,10.17,3.00,21.43,腾讯财经
2026-08-29 04:50:02,266.43,258.32,267.56,257.78,48004339,10.17,3.00,21.43,腾讯财经
2026-08-29 05:00:04,266.43,258.32,267.56,257.78,49322804,10.17,3.00,21.43,腾讯财经
2026-08-29 05:10:00,266.43,258.32,267.56,257.78,49349446,10.17,3.00,21.43,腾讯财经
2026-08-29 05:20:00,266.43,258.32,267.56,257.78,49359281,10.17,3.00,21.43,腾讯财经
2026-08-29 05:30:00,266.43,258.32,267.56,257.78,49364576,10.17,3.00,21.43,腾讯财经
2026-08-29 05:40:01,266.43,258.32,267.56,257.78,49370174,10.17,3.00,21.43,腾讯财经
2026-08-29 05:50:03,266.43,258.32,267.56,257.78,49379389,10.17,3.00,21.43,腾讯财经
2026-08-29 06:00:02,266.43,258.32,267.56,257.78,49468485,10.17,3.00,21.43,腾讯财经
2026-08-29 06:10:00,266.43,258.32,267.56,257.78,49473030,10.17,3.00,21.43,腾讯财经
2026-08-29 06:20:04,266.43,258.32,267.56,257.78,49477308,10.17,3.00,21.43,腾讯财经
2026-08-29 06:30:05,266.43,258.32,267.56,257.78,49482057,10.17,3.00,21.43,腾讯财经
2026-08-29 06:40:00,266.43,258.32,267.56,257.78,49498108,10.17,3.00,21.43,腾讯财经
2026-08-29 06:50:04,266.43,258.32,267.56,257.78,49502503,10.17,3.00,21.43,腾讯财经
2026-08-29 07:00:00,266.43,258.32,267.56,257.78,49518260,10.17,3.00,21.43,腾讯财经
2026-08-29 07:10:02,266.43,258.32,267.56,257.78,49521099,10.17,3.00,21.43,腾讯财经
2026-08-29 07:20:00,266.43,258.32,267.56,257.78,49526172,10.17,3.00,21.43,腾讯财经
2026-08-29 07:30:00,266.43,258.32,267.56,257.78,49532403,10.17,3.00,21.43,腾讯财经
2026-08-29 07:40:04,266.43,258.32,267.56,257.78,49536261,10.17,3.00,21.43,腾讯财经
2026-08-29 07:50:04,266.43,258.32,267.56,257.78,49540845,10.17,3.00,21.43,腾讯财经
2026-08-29 08:00:00,266.43,258.32,267.56,257.78,49546056,10.17,3.00,21.43,腾讯财经
2026-08-29 08:10:01,266.43,258.32,267.56,257.78,49547422,10.17,3.00,21.43,腾讯财经
2026-08-29 08:20:02,266.43,258.32,267.56,257.78,49547427,10.17,3.00,21.43,腾讯财经
2026-08-29 08:30:00,266.43,258.32,267.56,257.78,49547427,10.17,3.00,21.43,腾讯财经
2026-08-29 08:40:03,266.43,258.32,267.56,257.78,49547427,10.17,3.00,21.43,腾讯财经
2026-08-29 08:50:00,266.43,258.32,267.56,257.78,49547427,10.17,3.00,21.43,腾讯财经
2026-08-29 09:00:00,266.43,258.32,267.56,257.78,49547427,10.17,3.00,21.43,腾讯财经
2026-08-29 09:10:00,266.43,258.32,267.56,257.78,49547427,10.17,3.00,21.43,腾讯财经
2026-08-29 09:20:00,266.43,258.32,267.56,257.78,49547427,10.17,3.00,21.43,腾讯财经
2026-08-29 09:30:05,266.43,258.32,267.56,257.78,49547427,10.17,3.00,21.43,腾讯财经
2026-08-29 09:40:00,266.43,258.32,267.56,257.78,49547427,10.17,3.00,21.43,腾讯财经
2026-08-29 09:50:00,266.43,258.32,267.56,257.78,49547427,10.17,3.00,21.43,腾讯财经
2026-08-29 10:00:04,266.43,258.32,267.56,257.78,49547427,10.17,3.00,21.43,腾讯财经
2026-08-29 10:10:00,266.43,258.32,267.56,257.78,49547427,10.17,3.00,21.43,腾讯财经
2026-08-29 10:20:01,266.43,258.32,267.56,257.78,49547427,10.17,3.00,21.43,腾讯财经
2026-08-29 10:30:03,266.43,258.32,267.56,257.78,49547427,10.17,3.00,21.43,腾讯财经
2026-08-29 10:40:02,266.43,258.32,267.56,257.78,49547427,10.17,3.00,21.43,腾讯财经
2026-08-29 10:50:01,266.43,258.32,267.56,257.78,49547427,10.17,3.00,21.43,腾讯财经
2026-08-29 11:00:00,266.43,258.32,267.56,257.78,49547427,10.17,3.00,21.43,腾讯财经
2026-08-29 11:10:02,266.43,258.32,267.56,257.78,49547427,10.17,3.00,21.43,腾讯财经
2026-08-29 11:20:04,266.43,258.32,267.56,257.78,49547427,10.17,3.00,21.43,腾讯财经
2026-08-29 11:30:01,266.43,258.32,267.56,257.78,49547427,10.17,3.00,21.43,腾讯财经
2026-08-29 11:40:00,266.43,258.32,267.56,257.78,49547427,10.17,3.00,21.43,腾讯财经
2026-08-29 11:50:05,266.43,258.32,267.56,257.78,49547427,10.17,3.00,21.43,腾讯财经
2026-08-29 12:00:01,266.43,258.32,267.56,257.78,49547427,10.17,3.00,21.43,腾讯财经
2026-08-29 12:10:01,266.43,258.32,267.56,257.78,49547427,10.17,3.00,21.43,腾讯财经
2026-08-29 12:20:00,266.43,258.32,267.56,257.78,49547427,10.17,3.00,21.43,腾讯财经
2026-08-29 12:30:05,266.43,258.32,267.56,257.78,49547427,10.17,3.00,21.43,腾讯财经
2026-08-29 12:40:01,266.43,258.32,267.56,257.78,49547427,10.17,3.00,21.43,腾讯财经
2026-08-29 12:50:01,266.43,258.32,267.56,257.78,49547427,10.17,3.00,21.43,腾讯财经
2026-08-29 13:00:03,266.43,258.32,267.56,257.78,49547427,10.17,3.00,21.43,腾讯财经
2026-08-29 13:10:00,266.43,258.32,267.56,257.78,49547427,10.17,3.00,21.43,腾讯财经
2026-08-29 13:20:01,266.43,258.32,267.56,257.78,49547427,10.17,3.00,21.43,腾讯财经
2026-08-29 13:30:00,266.43,258.32,267.56,257.78,49547427,10.17,3.00,21.43,腾讯财经
2026-08-29 13:40:02,266.43,258.32,267.56,257.78,49547427,10.17,3.00,21.43,腾讯财经
2026-08-29 13:50:05,266.43,258.32,267.56,257.78,49547427,10.17,3.00,21.43,腾讯财经
2026-08-29 14:00:02,266.43,258.32,267.56,257.78,49547427,10.17,3.00,21.43,腾讯财经
2026-08-29 14:10:02,266.43,258.32,267.56,257.78,49547427,10.17,3.00,21.43,腾讯财经
2026-08-29 14:20:03,266.43,258.32,267.56,257.78,49547427,10.17,3.00,21.43,腾讯财经
2026-08-29 14:30:04,266.43,258.32,267.56,257.78,49547427,10.17,3.00,21.43,腾讯财经
2026-08-29 14:40:04,266.43,258.32,267.56,257.78,49547427,10.17,3.00,21.43,腾讯财经
2026-08-29 14:50:00,266.43,258.32,267.56,257.78,49547427,10.17,3.00,21.43,腾讯财经
2026-08-29 15:00:04,266.43,258.32,267.56,257.78,49547427,10.17,3.00,21.43,腾讯财经
2026-08-29 15:10:01,266.43,258.32,267.56,257.78,49547427,10.17,3.00,21.43,腾讯财经
2026-08-29 15:20:02,266.43,258.32,267.56,257.78,49547427,10.17,3.00,21.43,腾讯财经
2026-08-29 15:30:00,266.43,258.32,267.56,257.78,49547427,10.17,3.00,21.43,腾讯财经
2026-08-29 15:40:01,266.43,258.32,267.56,257.78,49547427,10.17,3.00,21.43,腾讯财经
2026-08-29 15:50:00,266.43,258.32,267.56,257.78,49547427,10.17,3.00,21.43,腾讯财经
2026-08-29 16:00:00,266.43,258.32,267.56,257.78,49547427,10.17,3.00,21.43,腾讯财经
2026-08-29 16:10:00,266.43,258.32,267.56,257.78,49547427,10.17,3.00,21.43,腾讯财经
2026-08-29 16:20:01,266.43,258.32,267.56,257.78,49547427,10.17,3.00,21.43,腾讯财经
2026-08-29 16:30:02,266.43,258.32,267.56,257.78,49547427,10.17,3.00,21.43,腾讯财经
2026-08-29 16:40:03,266.43,258.32,267.56,257.78,49547427,10.17,3.00,21.43,腾讯财经
2026-08-29 16:50:00,266.43,258.32,267.56,257.78,49547427,10.17,3.00,21.43,腾讯财经
2026-08-29 17:00:00,266.43,258.32,267.56,257.78,49547427,10.17,3.00,21.43,腾讯财经
2026-08-29 17:10:00,266.43,258.32,267.56,257.78,49547427,10.17,3.00,21.43,腾讯财经
2026-08-29 17:20:05,266.43,258.32,267.56,257.78,49547427,10.17,3.00,21.43,腾讯财经
2026-08-29 17:30:01,266.43,258.32,267.56,257.78,49547427,10.17,3.00,21.43,腾讯财经
2026-08-29 17:40:02,266.43,258.32,267.56,257.78,49547427,10.17,3.00,21.43,腾讯财经
2026-08-29 17:50:04,266.43,258.32,267.56,257.78,49547427,10.17,3.00,21.43,腾讯财经
2026-08-29 18:00:05,266.43,258.32,267.56,257.78,49547427,10.17,3.00,21.43,腾讯财经
2026-08-29 18:10:01,266.43,258.32,267.56,257.78,49547427,10.17,3.00,21.43,腾讯财经
2026-08-29 18:20:02,266.43,258.32,267.56,257.78,49547427,10.17,3.00,21.43,腾讯财经
2026-08-29 18:30:01,266.43,258.32,267.56,257.78,49547427,10.17,3.00,21.43,腾讯财经
2026-08-29 18:40:00,266.43,258.32,267.56,257.78,49547427,10.17,3.00,21.43,腾讯财经
2026-08-29 18:50:03,266.43,258.32,267.56,257.78,49547427,10.17,3.00,21.43,腾讯财经
2026-08-29 19:00:01,266.43,258.32,267.56,257.78,49547427,10.17,3.00,21.43,腾讯财经
2026-08-29 19:10:00,266.43,258.32,267.56,257.78,49547427,10.17,3.00,21.43,腾讯财经
2026-08-29 19:20:05,266.43,258.32,267.56,257.78,49547427,10.17,3.00,21.43,腾讯财经
2026-08-29 19:30:02,266.43,258.32,267.56,257.78,49547427,10.17,3.00,21.43,腾讯财经
2026-08-29 19:40:04,266.43,258.32,267.56,257.78,49547427,10.17,3.00,21.43,腾讯财经
2026-08-29 19:50:00,266.43,258.32,267.56,257.78,49547427,10.17,3.00,21.43,腾讯财经
2026-08-29 20:00:04,266.43,258.32,267.56,257.78,49547427,10.17,3.00,21.43,腾讯财经
2026-08-29 20:10:05,266.43,258.32,267.56,257.78,49547427,10.17,3.00,21.43,腾讯财经
2026-08-29 20:20:00,266.43,258.32,267.56,257.78,49547427,10.17,3.00,21.43,腾讯财经
2026-08-29 20:30:01,266.43,258.32,267.56,257.78,49547427,10.17,3.00,21.43,腾讯财经
2026-08-29 20:40:00,266.43,258.32,267.56,257.78,49547427,10.17,3.00,21.43,腾讯财经
2026-08-29 20:50:04,266.43,258.32,267.56,257.78,49547427,10.17,3.00,21.43,腾讯财经
2026-08-29 21:00:00,266.43,258.32,267.56,257.78,49547427,10.17,3.00,21.43,腾讯财经
2026-08-29 21:10:03,266.43,258.32,267.56,257.78,49547427,10.17,3.00,21.43,腾讯财经
2026-08-29 21:20:05,266.43,258.32,267.56,257.78,49547427,10.17,3.00,21.43,腾讯财经
2026-08-29 21:30:00,266.43,258.32,267.56,257.78,49547427,10.17,3.00,21.43,腾讯财经
2026-08-29 21:40:00,266.43,258.32,267.56,257.78,49547427,10.17,3.00,21.43,腾讯财经
2026-08-29 21:50:01,266.43,258.32,267.56,257.78,49547427,10.17,3.00,21.43,腾讯财经
2026-08-29 22:00:00,266.43,258.32,267.56,257.78,49547427,10.17,3.00,21.43,腾讯财经
2026-08-29 22:10:00,266.43,258.32,267.56,257.78,49547427,10.17,3.00,21.43,腾讯财经
2026-08-29 22:20:04,266.43,258.32,267.56,257.78,49547427,10.17,3.00,21.43,腾讯财经
2026-08-29 22:30:00,266.43,258.32,267.56,257.78,49547427,10.17,3.00,21.43,腾讯财经
2026-08-29 22:40:02,266.43,258.32,267.56,257.78,49547427,10.17,3.00,21.43,腾讯财经
2026-08-29 22:50:00,266.43,258.32,267.56,257.78,49547427,10.17,3.00,21.43,腾讯财经
2026-08-29 23:00:00,266.43,258.32,267.56,257.78,49547427,10.17,3.00,21.43,腾讯财经
2026-08-29 23:10:00,266.43,258.32,267.56,257.78,49547427,10.17,3.00,21.43,腾讯财经
2026-08-29 23:20:00,266.43,258.32,267.56,257.78,49547427,10.17,3.00,21.43,腾讯财经
2026-08-29 23:30:03,266.43,258.32,267.56,257.78,49547427,10.17,3.00,21.43,腾讯财经
2026-08-29 23:40:00,266.43,258.32,267.56,257.78,49547427,10.17,3.00,21.43,腾讯财经
2026-08-29 23:50:01,266.43,258.32,267.56,257.78,49547427,10.17,3.00,21.43,腾讯财经
2026-08-30 00:00:00,266.43,258.32,267.56,257.78,49547427,10.17,3.00,21.43,腾讯财经
2026-08-30 00:10:04,266.43,258.32,267.56,257.78,49547427,10.17,3.00,21.43,腾讯财经
2026-08-30 00:20:01,266.43,258.32,267.56,257.78,49547427,10.17,3.00,21.43,腾讯财经
2026-08-30 00:30:00,266.43,258.32,267.56,257.78,49547427,10.17,3.00,21.43,腾讯财经
2026-08-30 00:40:05,266.43,258.32,267.56,257.78,49547427,10.17,3.00,21.43,腾讯财经
2026-08-30 00:50:00,266.43,258.32,267.56,257.78,49547427,10.17,3.00,21.43,腾讯财经
2026-08-30 01:00:01,266.43,258.32,267.56,257.78,49547427,10.17,3.00,21.43,腾讯财经
2026-08-30 01:10:03,266.43,258.32,267.56,257.78,49547427,10.17,3.00,21.43,腾讯财经
2026-08-30 01:20:00,266.43,258.32,267.56,257.78,49547427,10.17,3.00,21.43,腾讯财经
2026-08-30 01:30:00,266.43,258.32,267.56,257.78,49547427,10.17,3.00,21.43,腾讯财经
2026-08-30 01:40:00,266.43,258.32,267.56,257.78,49547427,10.17,3.00,21.43,腾讯财经
2026-08-30 01:50:03,266.43,258.32,267.56,257.78,49547427,10.17,3.00,21.43,腾讯财经
2026-08-30 02:00:05,266.43,258.32,267.56,257.78,49547427,10.17,3.00,21.43,腾讯财经
2026-08-30 02:10:03,266.43,258.32,267.56,257.78,49547427,10.17,3.00,21.43,腾讯财经
2026-08-30 02:20:00,266.43,258.32,267.56,257.78,49547427,10.17,3.00,21.43,腾讯财经
2026-08-30 02:30:00,266.43,258.32,267.56,257.78,49547427,10.17,3.00,21.43,腾讯财经
2026-08-30 02:40:00,266.43,258.32,267.56,257.78,49547427,10.17,3.00,21.43,腾讯财经
2026-08-30 02:50:02,266.43,258.32,267.56,257.78,49547427,10.17,3.00,21.43,腾讯财经
2026-08-30 03:00:03,266.43,258.32,267.56,257.78,49547427,10.17,3.00,21.43,腾讯财经
2026-08-30 03:10:00,266.43,258.32,267.56,257.78,49547427,10.17,3.00,21.43,腾讯财经
2026-08-30 03:20:03,266.43,258.32,267.56,257.78,49547427,10.17,3.00,21.43,腾讯财经
2026-08-30 03:30:04,266.43,258.32,267.56,257.78,49547427,10.17,3.00,21.43,腾讯财经
2026-08-30 03:40:00,266.43,258.32,267.56,257.78,49547427,10.17,3.00,21.43,腾讯财经
2026-08-30 03:50:00,266.43,258.32,267.56,257.78,49547427,10.17,3.00,21.43,腾讯财经
2026-08-30 04:00:04,266.43,258.32,267.56,257.78,49547427,10.17,3.00,21.43,腾讯财经
2026-08-30 04:10:03,266.43,258.32,267.56,257.78,49547427,10.17,3.00,21.43,腾讯财经
2026-08-30 04:20:01,266.43,258.32,267.56,257.78,49547427,10.17,3.00,21.43,腾讯财经
2026-08-30 04:30:00,266.43,258.32,267.56,257.78,49547427,10.17,3.00,21.43,腾讯财经
2026-08-30 04:40:00,266.43,258.32,267.56,257.78,49547427,10.17,3.00,21.43,腾讯财经
2026-08-30 04:50:04,266.43,258.32,267.56,257.78,49547427,10.17,3.00,21.43,腾讯财经
2026-08-30 05:00:03,266.43,258.32,267.56,257.78,49547427,10.17,3.00,21.43,腾讯财经
2026-08-30 05:10:00,266.43,258.32,267.56,257.78,49547427,10.17,3.00,21.43,腾讯财经
2026-08-30 05:20:04,266.43,258.32,267.56,257.78,49547427,10.17,3.00,21.43,腾讯财经
2026-08-30 05:30:00,266.43,258.32,267.56,257.78,49547427,10.17,3.00,21.43,腾讯财经
2026-08-30 05:40:01,266.43,258.32,267.56,257.78,49547427,10.17,3.00,21.43,腾讯财经
2026-08-30 05:50:04,266.43,258.32,267.56,257.78,49547427,10.17,3.00,21.43,腾讯财经
2026-08-30 06:00:04,266.43,258.32,267.56,257.78,49547427,10.17,3.00,21.43,腾讯财经
2026-08-30 06:10:00,266.43,258.32,267.56,257.78,49547427,10.17,3.00,21.43,腾讯财经
2026-08-30 06:20:00,266.43,258.32,267.56,257.78,49547427,10.17,3.00,21.43,腾讯财经
2026-08-30 06:30:04,266.43,258.32,267.56,257.78,49547427,10.17,3.00,21.43,腾讯财经
2026-08-30 06:40:00,266.43,258.32,267.56,257.78,49547427,10.17,3.00,21.43,腾讯财经
2026-08-30 06:50:00,266.43,258.32,267.56,257.78,49547427,10.17,3.00,21.43,腾讯财经
2026-08-30 07:00:04,266.43,258.32,267.56,257.78,49547427,10.17,3.00,21.43,腾讯财经
2026-08-30 07:10:00,266.43,258.32,267.56,257.78,49547427,10.17,3.00,21.43,腾讯财经
2026-08-30 07:20:04,266.43,258.32,267.56,257.78,49547427,10.17,3.00,21.43,腾讯财经
2026-08-30 07:30:05,266.43,258.32,267.56,257.78,49547427,10.17,3.00,21.43,腾讯财经
2026-08-30 07:40:04,266.43,258.32,267.56,257.78,49547427,10.17,3.00,21.43,腾讯财经
2026-08-30 07:50:00,266.43,258.32,267.56,257.78,49547427,10.17,3.00,21.43,腾讯财经
2026-08-30 08:00:00,266.43,258.32,267.56,257.78,49547427,10.17,3.00,21.43,腾讯财经
2026-08-30 08:10:01,266.43,258.32,267.56,257.78,49547427,10.17,3.00,21.43,腾讯财经
2026-08-30 08:20:04,266.43,258.32,267.56,257.78,49547427,10.17,3.00,21.43,腾讯财经
2026-08-30 08:30:01,266.43,258.32,267.56,257.78,49547427,10.17,3.00,21.43,腾讯财经
2026-08-30 08:40:01,266.43,258.32,267.56,257.78,49547427,10.17,3.00,21.43,腾讯财经
2026-08-30 08:50:03,266.43,258.32,267.56,257.78,49547427,10.17,3.00,21.43,腾讯财经
2026-08-30 09:00:01,266.43,258.32,267.56,257.78,49547427,10.17,3.00,21.43,腾讯财经
2026-08-30 09:10:04,266.43,258.32,267.56,257.78,49547427,10.17,3.00,21.43,腾讯财经
2026-08-30 09:20:00,266.43,258.32,267.56,257.78,49547427,10.17,3.00,21.43,腾讯财经
2026-08-30 09:30:00,266.43,258.32,267.56,257.78,49547427,10.17,3.00,21.43,腾讯财经
2026-08-30 09:40:03,266.43,258.32,267.56,257.78,49547427,10.17,3.00,21.43,腾讯财经
2026-08-30 09:50:02,266.43,258.32,267.56,257.78,49547427,10.17,3.00,21.43,腾讯财经
2026-08-30 10:00:05,266.43,258.32,267.56,257.78,49547427,10.17,3.00,21.43,腾讯财经
2026-08-30 10:10:00,266.43,258.32,267.56,257.78,49547427,10.17,3.00,21.43,腾讯财经
2026-08-30 10:20:00,266.43,258.32,267.56,257.78,49547427,10.17,3.00,21.43,腾讯财经
2026-08-30 10:30:04,266.43,258.32,267.56,257.78,49547427,10.17,3.00,21.43,腾讯财经
2026-08-30 10:40:05,266.43,258.32,267.56,257.78,49547427,10.17,3.00,21.43,腾讯财经
2026-08-30 10:50:02,266.43,258.32,267.56,257.78,49547427,10.17,3.00,21.43,腾讯财经
2026-08-30 11:00:03,266.43,258.32,267.56,257.78,49547427,10.17,3.00,21.43,腾讯财经
2026-08-30 11:10:03,266.43,258.32,267.56,257.78,49547427,10.17,3.00,21.43,腾讯财经
2026-08-30 11:20:00,266.43,258.32,267.56,257.78,49547427,10.17,3.00,21.43,腾讯财经
2026-08-30 11:30:00,266.43,258.32,267.56,257.78,49547427,10.17,3.00,21.43,腾讯财经
2026-08-30 11:40:04,266.43,258.32,267.56,257.78,49547427,10.17,3.00,21.43,腾讯财经
2026-08-30 11:50:01,266.43,258.32,267.56,257.78,49547427,10.17,3.00,21.43,腾讯财经
2026-08-30 12:00:02,266.43,258.32,267.56,257.78,49547427,10.17,3.00,21.43,腾讯财经
2026-08-30 12:10:00,266.43,258.32,267.56,257.78,49547427,10.17,3.00,21.43,腾讯财经
2026-08-30 12:20:03,266.43,258.32,267.56,257.78,49547427,10.17,3.00,21.43,腾讯财经
2026-08-30 12:30:01,266.43,258.32,267.56,257.78,49547427,10.17,3.00,21.43,腾讯财经
2026-08-30 12:40:00,266.43,258.32,267.56,257.78,49547427,10.17,3.00,21.43,腾讯财经
2026-08-30 12:50:02,266.43,258.32,267.56,257.78,49547427,10.17,3.00,21.43,腾讯财经
2026-08-30 13:00:03,266.43,258.32,267.56,257.78,49547427,10.17,3.00,21.43,腾讯财经
2026-08-30 13:10:01,266.43,258.32,267.56,257.78,49547427,10.17,3.00,21.43,腾讯财经
2026-08-30 13:20:00,266.43,258.32,267.56,257.78,49547427,10.17,3.00,21.43,腾讯财经
2026-08-30 13:30:00,266.43,258.32,267.56,257.78,49547427,10.17,3.00,21.43,腾讯财经
2026-08-30 13:40:01,266.43,258.32,267.56,257.78,49547427,10.17,3.00,21.43,腾讯财经
2026-08-30 13:50:01,266.43,258.32,267.56,257.78,49547427,10.17,3.00,21.43,腾讯财经
2026-08-30 14:00:01,266.43,258.32,267.56,257.78,49547427,10.17,3.00,21.43,腾讯财经
2026-08-30 14:10:01,266.43,258.32,267.56,257.78,49547427,10.17,3.00,21.43,腾讯财经
2026-08-30 14:20:02,266.43,258.32,267.56,257.78,49547427,10.17,3.00,21.43,腾讯财经
2026-08-30 14:30:05,266.43,258.32,267.56,257.78,49547427,10.17,3.00,21.43,腾讯财经
2026-08-30 14:40:04,266.43,258.32,267.56,257.78,49547427,10.17,3.00,21.43,腾讯财经
2026-08-30 14:50:00,266.43,258.32,267.56,257.78,49547427,10.17,3.00,21.43,腾讯财经
2026-08-30 15:00:00,266.43,258.32,267.56,257.78,49547427,10.17,3.00,21.43,腾讯财经
2026-08-30 15:10:03,266.43,258.32,267.56,257.78,49547427,10.17,3.00,21.43,腾讯财经
2026-08-30 15:20:01,266.43,258.32,267.56,257.78,49547427,10.17,3.00,21.43,腾讯财经
2026-08-30 15:30:00,266.43,258.32,267.56,257.78,49547427,10.17,3.00,21.43,腾讯财经
2026-08-30 15:40:05,266.43,258.32,267.56,257.78,49547427,10.17,3.00,21.43,腾讯财经
2026-08-30 15:50:03,266.43,258.32,267.56,257.78,49547427,10.17,3.00,21.43,腾讯财经
2026-08-30 16:00:03,266.43,258.32,267.56,257.78,49547427,10.17,3.00,21.43,腾讯财经
2026-08-30 16:10:04,266.43,258.32,267.56,257.78,49547427,10.17,3.00,21.43,腾讯财经
2026-08-30 16:20:05,266.43,258.32,267.56,257.78,49547427,10.17,3.00,21.43,腾讯财经
2026-08-30 16:30:00,266.43,258.32,267.56,257.78,49547427,10.17,3.00,21.43,腾讯财经
2026-08-30 16:40:03,266.43,258.32,267.56,257.78,49547427,10.17,3.00,21.43,腾讯财经
2026-08-30 16:50:04,266.43,258.32,267.56,257.78,49547427,10.17,3.00,21.43,腾讯财经
2026-08-30 17:00:03,266.43,258.32,267.56,257.78,49547427,10.17,3.00,21.43,腾讯财经
2026-08-30 17:10:01,266.43,258.32,267.56,257.78,49547427,10.17,3.00,21.43,腾讯财经
2026-08-30 17:20:00,266.43,258.32,267.56,257.78,49547427,10.17,3.00,21.43,腾讯财经
2026-08-30 17:30:05,266.43,258.32,267.56,257.78,49547427,10.17,3.00,21.43,腾讯财经
2026-08-30 17:40:01,266.43,258.32,267.56,257.78,49547427,10.17,3.00,21.43,腾讯财经
2026-08-30 17:50:00,266.43,258.32,267.56,257.78,49547427,10.17,3.00,21.43,腾讯财经
2026-08-30 18:00:04,266.43,258.32,267.56,257.78,49547427,10.17,3.00,21.43,腾讯财经
2026-08-30 18:10:04,266.43,258.32,267.56,257.78,49547427,10.17,3.00,21.43,腾讯财经
2026-08-30 18:20:00,266.43,258.32,267.56,257.78,49547427,10.17,3.00,21.43,腾讯财经
2026-08-30 18:30:03,266.43,258.32,267.56,257.78,49547427,10.17,3.00,21.43,腾讯财经
2026-08-30 18:40:00,266.43,258.32,267.56,257.78,49547427,10.17,3.00,21.43,腾讯财经
2026-08-30 18:50:01,266.43,258.32,267.56,257.78,49547427,10.17,3.00,21.43,腾讯财经
2026-08-30 19:00:00,266.43,258.32,267.56,257.78,49547427,10.17,3.00,21.43,腾讯财经
2026-08-30 19:10:01,266.43,258.32,267.56,257.78,49547427,10.17,3.00,21.43,腾讯财经
2026-08-30 19:20:03,266.43,258.32,267.56,257.78,49547427,10.17,3.00,21.43,腾讯财经
2026-08-30 19:30:01,266.43,258.32,267.56,257.78,49547427,10.17,3.00,21.43,腾讯财经
2026-08-30 19:40:05,266.43,258.32,267.56,257.78,49547427,10.17,3.00,21.43,腾讯财经
2026-08-30 19:50:01,266.43,258.32,267.56,257.78,49547427,10.17,3.00,21.43,腾讯财经
2026-08-30 20:00:02,266.43,258.32,267.56,257.78,49547427,10.17,3.00,21.43,腾讯财经
2026-08-30 20:10:05,266.43,258.32,267.56,257.78,49547427,10.17,3.00,21.43,腾讯财经
2026-08-30 20:20:00,266.43,258.32,267.56,257.78,49547427,10.17,3.00,21.43,腾讯财经
2026-08-30 20:30:04,266.43,258.32,267.56,257.78,49547427,10.17,3.00,21.43,腾讯财经
2026-08-30 20:40:00,266.43,258.32,267.56,257.78,49547427,10.17,3.00,21.43,腾讯财经
2026-08-30 20:50:05,266.43,258.32,267.56,257.78,49547427,10.17,3.00,21.43,腾讯财经
2026-08-30 21:00:01,266.43,258.32,267.56,257.78,49547427,10.17,3.00,21.43,腾讯财经
2026-08-30 21:10:00,266.43,258.32,267.56,257.78,49547427,10.17,3.00,21.43,腾讯财经
2026-08-30 21:20:01,266.43,258.32,267.56,257.78,49547427,10.17,3.00,21.43,腾讯财经
2026-08-30 21:30:00,266.43,258.32,267.56,257.78,49547427,10.17,3.00,21.43,腾讯财经
2026-08-30 21:40:04,266.43,258.32,267.56,257.78,49547427,10.17,3.00,21.43,腾讯财经
2026-08-30 21:50:00,266.43,258.32,267.56,257.78,49547427,10.17,3.00,21.43,腾讯财经
2026-08-30 22:00:00,266.43,258.32,267.56,257.78,49547427,10.17,3.00,21.43,腾讯财经
2026-08-30 22:10:01,266.43,258.32,267.56,257.78,49547427,10.17,3.00,21.43,腾讯财经
2026-08-30 22:20:01,266.43,258.32,267.56,257.78,49547427,10.17,3.00,21.43,腾讯财经
2026-08-30 22:30:00,266.43,258.32,267.56,257.78,49547427,10.17,3.00,21.43,腾讯财经
2026-08-30 22:40:00,266.43,258.32,267.56,257.78,49547427,10.17,3.00,21.43,腾讯财经
2026-08-30 22:50:03,266.43,258.32,267.56,257.78,49547427,10.17,3.00,21.43,腾讯财经
2026-08-30 23:00:00,266.43,258.32,267.56,257.78,49547427,10.17,3.00,21.43,腾讯财经
2026-08-30 23:10:03,266.43,258.32,267.56,257.78,49547427,10.17,3.00,21.43,腾讯财经
2026-08-30 23:20:00,266.43,258.32,267.56,257.78,49547427,10.17,3.00,21.43,腾讯财经
2026-08-30 23:30:00,266.43,258.32,267.56,257.78,49547427,10.17,3.00,21.43,腾讯财经
2026-08-30 23:40:00,266.43,258.32,267.56,257.78,49547427,10.17,3.00,21.43,腾讯财经
2026-08-30 23:50:00,266.43,258.32,267.56,257.78,49547427,10.17,3.00,21.43,腾讯财经
2026-08-31 00:00:00,266.43,258.32,267.56,257.78,49547427,10.17,3.00,21.43,腾讯财经
2026-08-31 00:10:00,266.43,258.32,267.56,257.78,49547427,10.17,3.00,21.43,腾讯财经
2026-08-31 00:20:01,266.43,258.32,267.56,257.78,49547427,10.17,3.00,21.43,腾讯财经
2026-08-31 00:30:00,266.43,258.32,267.56,257.78,49547427,10.17,3.00,21.43,腾讯财经
2026-08-31 00:40:01,266.43,258.32,267.56,257.78,49547427,10.17,3.00,21.43,腾讯财经
2026-08-31 00:50:00,266.43,258.32,267.56,257.78,49547427,10.17,3.00,21.43,腾讯财经
2026-08-31 01:00:01,266.43,258.32,267.56,257.78,49547427,10.17,3.00,21.43,腾讯财经
2026-08-31 01:10:04,266.43,258.32,267.56,257.78,49547427,10.17,3.00,21.43,腾讯财经
2026-08-31 01:20:00,266.43,258.32,267.56,257.78,49547427,10.17,3.00,21.43,腾讯财经
2026-08-31 01:30:00,266.43,258.32,267.56,257.78,49547427,10.17,3.00,21.43,腾讯财经
2026-08-31 01:40:00,266.43,258.32,267.56,257.78,49547427,10.17,3.00,21.43,腾讯财经
2026-08-31 01:50:04,266.43,258.32,267.56,257.78,49547427,10.17,3.00,21.43,腾讯财经
2026-08-31 02:00:00,266.43,258.32,267.56,257.78,49547427,10.17,3.00,21.43,腾讯财经
2026-08-31 02:10:00,266.43,258.32,267.56,257.78,49547427,10.17,3.00,21.43,腾讯财经
2026-08-31 02:20:03,266.43,258.32,267.56,257.78,49547427,10.17,3.00,21.43,腾讯财经
2026-08-31 02:30:04,266.43,258.32,267.56,257.78,49547427,10.17,3.00,21.43,腾讯财经
2026-08-31 02:40:00,266.43,258.32,267.56,257.78,49547427,10.17,3.00,21.43,腾讯财经
2026-08-31 02:50:01,266.43,258.32,267.56,257.78,49547427,10.17,3.00,21.43,腾讯财经
2026-08-31 03:00:04,266.43,258.32,267.56,257.78,49547427,10.17,3.00,21.43,腾讯财经
2026-08-31 03:10:02,266.43,258.32,267.56,257.78,49547427,10.17,3.00,21.43,腾讯财经
2026-08-31 03:20:05,266.43,258.32,267.56,257.78,49547427,10.17,3.00,21.43,腾讯财经
2026-08-31 03:30:03,266.43,258.32,267.56,257.78,49547427,10.17,3.00,21.43,腾讯财经
2026-08-31 03:40:02,266.43,258.32,267.56,257.78,49547427,10.17,3.00,21.43,腾讯财经
2026-08-31 03:50:04,266.43,258.32,267.56,257.78,49547427,10.17,3.00,21.43,腾讯财经
2026-08-31 04:00:00,266.43,258.32,267.56,257.78,49547427,10.17,3.00,21.43,腾讯财经
2026-08-31 04:10:01,266.43,258.32,267.56,257.78,49547427,10.17,3.00,21.43,腾讯财经
2026-08-31 04:20:00,266.43,258.32,267.56,257.78,49547427,10.17,3.00,21.43,腾讯财经
2026-08-31 04:30:04,266.43,258.32,267.56,257.78,49547427,10.17,3.00,21.43,腾讯财经
2026-08-31 04:40:04,266.43,258.32,267.56,257.78,49547427,10.17,3.00,21.43,腾讯财经
2026-08-31 04:50:01,266.43,258.32,267.56,257.78,49547427,10.17,3.00,21.43,腾讯财经
2026-08-31 05:00:01,266.43,258.32,267.56,257.78,49547427,10.17,3.00,21.43,腾讯财经
2026-08-31 05:10:01,266.43,258.32,267.56,257.78,49547427,10.17,3.00,21.43,腾讯财经
2026-08-31 05:20:02,266.43,258.32,267.56,257.78,49547427,10.17,3.00,21.43,腾讯财经
2026-08-31 05:30:03,266.43,258.32,267.56,257.78,49547427,10.17,3.00,21.43,腾讯财经
2026-08-31 05:40:01,266.43,258.32,267.56,257.78,49547427,10.17,3.00,21.43,腾讯财经
2026-08-31 05:50:05,266.43,258.32,267.56,257.78,49547427,10.17,3.00,21.43,腾讯财经
2026-08-31 06:00:04,266.43,258.32,267.56,257.78,49547427,10.17,3.00,21.43,腾讯财经
2026-08-31 06:10:03,266.43,258.32,267.56,257.78,49547427,10.17,3.00,21.43,腾讯财经
2026-08-31 06:20:01,266.43,258.32,267.56,257.78,49547427,10.17,3.00,21.43,腾讯财经
2026-08-31 06:30:00,266.43,258.32,267.56,257.78,49547427,10.17,3.00,21.43,腾讯财经
2026-08-31 06:40:04,266.43,258.32,267.56,257.78,49547427,10.17,3.00,21.43,腾讯财经
2026-08-31 06:50:00,266.43,258.32,267.56,257.78,49547427,10.17,3.00,21.43,腾讯财经
2026-08-31 07:00:04,266.43,258.32,267.56,257.78,49547427,10.17,3.00,21.43,腾讯财经
2026-08-31 07:10:05,266.43,258.32,267.56,257.78,49547427,10.17,3.00,21.43,腾讯财经
2026-08-31 07:20:00,266.43,258.32,267.56,257.78,49547427,10.17,3.00,21.43,腾讯财经
2026-08-31 07:30:04,266.43,258.32,267.56,257.78,49547427,10.17,3.00,21.43,腾讯财经
2026-08-31 07:40:03,266.43,258.32,267.56,257.78,49547427,10.17,3.00,21.43,腾讯财经
2026-08-31 07:50:01,266.43,258.32,267.56,257.78,49547427,10.17,3.00,21.43,腾讯财经
2026-08-31 08:00:00,266.43,258.32,267.56,257.78,49547427,10.17,3.00,21.43,腾讯财经
2026-08-31 08:10:03,266.43,258.32,267.56,257.78,49547427,10.17,3.00,21.43,腾讯财经
2026-08-31 08:20:00,266.43,258.32,267.56,257.78,49547427,10.17,3.00,21.43,腾讯财经
2026-08-31 08:30:04,266.43,258.32,267.56,257.78,49547427,10.17,3.00,21.43,腾讯财经
2026-08-31 08:40:01,266.43,258.32,267.56,257.78,49547427,10.17,3.00,21.43,腾讯财经
2026-08-31 08:50:00,266.43,258.32,267.56,257.78,49547427,10.17,3.00,21.43,腾讯财经
2026-08-31 09:00:01,266.43,258.32,267.56,257.78,49547427,10.17,3.00,21.43,腾讯财经
2026-08-31 09:10:00,266.43,258.32,267.56,257.78,49547427,10.17,3.00,21.43,腾讯财经
2026-08-31 09:20:04,266.43,258.32,267.56,257.78,49547427,10.17,3.00,21.43,腾讯财经
2026-08-31 09:30:00,266.43,258.32,267.56,257.78,49547427,10.17,3.00,21.43,腾讯财经
2026-08-31 09:40:03,266.43,258.32,267.56,257.78,49547427,10.17,3.00,21.43,腾讯财经
2026-08-31 09:50:03,266.43,258.32,267.56,257.78,49547427,10.17,3.00,21.43,腾讯财经
2026-08-31 10:00:03,266.43,258.32,267.56,257.78,49547427,10.17,3.00,21.43,腾讯财经
2026-08-31 10:10:03,266.43,258.32,267.56,257.78,49547427,10.17,3.00,21.43,腾讯财经
2026-08-31 10:20:00,266.43,258.32,267.56,257.78,49547427,10.17,3.00,21.43,腾讯财经
2026-08-31 10:30:04,266.43,258.32,267.56,257.78,49547427,10.17,3.00,21.43,腾讯财经
2026-08-31 10:40:01,266.43,258.32,267.56,257.78,49547427,10.17,3.00,21.43,腾讯财经
2026-08-31 10:50:06,266.43,258.32,267.56,257.78,49547427,10.17,3.00,21.43,腾讯财经
2026-08-31 11:00:05,266.43,258.32,267.56,257.78,49547427,10.17,3.00,21.43,腾讯财经
2026-08-31 11:10:01,266.43,258.32,267.56,257.78,49547427,10.17,3.00,21.43,腾讯财经
2026-08-31 11:20:01,266.43,258.32,267.56,257.78,49547427,10.17,3.00,21.43,腾讯财经
2026-08-31 11:30:00,266.43,258.32,267.56,257.78,49547427,10.17,3.00,21.43,腾讯财经
2026-08-31 11:40:04,266.43,258.32,267.56,257.78,49547427,10.17,3.00,21.43,腾讯财经
2026-08-31 11:50:01,266.43,258.32,267.56,257.78,49547427,10.17,3.00,21.43,腾讯财经
2026-08-31 12:00:01,266.43,258.32,267.56,257.78,49547427,10.17,3.00,21.43,腾讯财经
2026-08-31 12:10:01,266.43,258.32,267.56,257.78,49547427,10.17,3.00,21.43,腾讯财经
2026-08-31 12:20:02,266.43,258.32,267.56,257.78,49547427,10.17,3.00,21.43,腾讯财经
2026-08-31 12:30:03,266.43,258.32,267.56,257.78,49547427,10.17,3.00,21.43,腾讯财经
2026-08-31 12:40:00,266.43,258.32,267.56,257.78,49547427,10.17,3.00,21.43,腾讯财经
2026-08-31 12:50:04,266.43,258.32,267.56,257.78,49547427,10.17,3.00,21.43,腾讯财经
2026-08-31 13:00:04,266.43,258.32,267.56,257.78,49547427,10.17,3.00,21.43,腾讯财经
2026-08-31 13:10:05,266.43,258.32,267.56,257.78,49547427,10.17,3.00,21.43,腾讯财经
2026-08-31 13:20:04,266.43,258.32,267.56,257.78,49547427,10.17,3.00,21.43,腾讯财经
2026-08-31 13:30:03,266.43,258.32,267.56,257.78,49547427,10.17,3.00,21.43,腾讯财经
2026-08-31 13:40:00,266.43,258.32,267.56,257.78,49547427,10.17,3.00,21.43,腾讯财经
2026-08-31 13:50:04,266.43,258.32,267.56,257.78,49547427,10.17,3.00,21.43,腾讯财经
2026-08-31 14:00:04,266.43,258.32,267.56,257.78,49547427,10.17,3.00,21.43,腾讯财经
2026-08-31 14:10:00,266.43,258.32,267.56,257.78,49547427,10.17,3.00,21.43,腾讯财经
2026-08-31 14:20:03,266.43,258.32,267.56,257.78,49547427,10.17,3.00,21.43,腾讯财经
2026-08-31 14:30:00,266.43,258.32,267.56,257.78,49547427,10.17,3.00,21.43,腾讯财经
2026-08-31 14:40:00,266.43,258.32,267.56,257.78,49547427,10.17,3.00,21.43,腾讯财经
2026-08-31 14:50:04,266.43,258.32,267.56,257.78,49547427,10.17,3.00,21.43,腾讯财经
2026-08-31 15:00:00,266.43,258.32,267.56,257.78,49547427,10.17,3.00,21.43,腾讯财经
2026-08-31 15:10:04,266.43,258.32,267.56,257.78,49547427,10.17,3.00,21.43,腾讯财经
2026-08-31 15:20:05,266.43,258.32,267.56,257.78,49547427,10.17,3.00,21.43,腾讯财经
2026-08-31 15:30:00,266.43,258.32,267.56,257.78,49547427,10.17,3.00,21.43,腾讯财经
2026-08-31 15:40:00,266.43,258.32,267.56,257.78,49547427,10.17,3.00,21.43,腾讯财经
2026-08-31 15:50:02,266.43,258.32,267.56,257.78,49547427,10.17,3.00,21.43,腾讯财经
2026-08-31 16:00:01,266.43,258.32,267.56,257.78,49547427,10.17,3.00,21.43,腾讯财经
2026-08-31 16:10:00,266.43,258.32,267.56,257.78,49547427,10.17,3.00,21.43,腾讯财经
2026-08-31 16:20:05,266.43,258.32,267.56,257.78,49547427,10.17,3.00,21.43,腾讯财经
2026-08-31 16:30:02,266.43,258.32,267.56,257.78,49547427,10.17,3.00,21.43,腾讯财经
2026-08-31 16:40:05,266.43,258.32,267.56,257.78,49547427,10.17,3.00,21.43,腾讯财经
2026-08-31 16:50:03,266.43,258.32,267.56,257.78,49547427,10.17,3.00,21.43,腾讯财经
2026-08-31 17:00:00,266.43,258.32,267.56,257.78,49547427,10.17,3.00,21.43,腾讯财经
2026-08-31 17:10:03,266.43,258.32,267.56,257.78,49547427,10.17,3.00,21.43,腾讯财经
2026-08-31 17:20:00,266.43,258.32,267.56,257.78,49547427,10.17,3.00,21.43,腾讯财经
2026-08-31 17:30:04,266.43,258.32,267.56,257.78,49547427,10.17,3.00,21.43,腾讯财经
2026-08-31 17:40:03,266.43,258.32,267.56,257.78,49547427,10.17,3.00,21.43,腾讯财经
2026-08-31 17:50:03,266.43,258.32,267.56,257.78,49547427,10.17,3.00,21.43,腾讯财经
2026-08-31 18:00:00,266.43,258.32,267.56,257.78,49547427,10.17,3.00,21.43,腾讯财经
2026-08-31 18:10:00,266.43,258.32,267.56,257.78,49547427,10.17,3.00,21.43,腾讯财经
2026-08-31 18:20:00,266.43,258.32,267.56,257.78,49547427,10.17,3.00,21.43,腾讯财经
2026-08-31 18:30:02,266.43,258.32,267.56,257.78,49547427,10.17,3.00,21.43,腾讯财经
2026-08-31 18:40:04,266.43,258.32,267.56,257.78,49547427,10.17,3.00,21.43,腾讯财经
2026-08-31 18:50:00,266.43,258.32,267.56,257.78,49547427,10.17,3.00,21.43,腾讯财经
2026-08-31 19:00:00,266.43,258.32,267.56,257.78,49547427,10.17,3.00,21.43,腾讯财经
2026-08-31 19:10:05,266.43,258.32,267.56,257.78,49547427,10.17,3.00,21.43,腾讯财经
2026-08-31 19:20:04,266.43,258.32,267.56,257.78,49547427,10.17,3.00,21.43,腾讯财经
2026-08-31 19:30:00,266.43,258.32,267.56,257.78,49547427,10.17,3.00,21.43,腾讯财经
2026-08-31 19:40:02,266.43,258.32,267.56,257.78,49547427,10.17,3.00,21.43,腾讯财经
2026-08-31 19:50:04,266.43,258.32,267.56,257.78,49547427,10.17,3.00,21.43,腾讯财经
2026-08-31 20:00:01,266.43,258.32,267.56,257.78,49547427,10.17,3.00,21.43,腾讯财经
2026-08-31 20:10:00,266.43,258.32,267.56,257.78,49547427,10.17,3.00,21.43,腾讯财经
2026-08-31 20:20:00,266.43,258.32,267.56,257.78,49547427,10.17,3.00,21.43,腾讯财经
2026-08-31 20:30:04,266.43,258.32,267.56,257.78,49547427,10.17,3.00,21.43,腾讯财经
2026-08-31 20:50:05,266.43,258.32,267.56,257.78,49547427,10.17,3.00,21.43,腾讯财经
2026-08-31 21:00:04,266.43,258.32,267.56,257.78,49547427,10.17,3.00,21.43,腾讯财经
2026-08-31 21:10:01,266.43,258.32,267.56,257.78,49547427,10.17,3.00,21.43,腾讯财经
2026-08-31 21:20:00,266.43,258.32,267.56,257.78,49547427,10.17,3.00,21.43,腾讯财经
2026-08-31 21:30:00,266.43,0.00,0.00,0.00,530128,0,0,21.43,腾讯财经
2026-08-31 21:40:01,261.89,263.83,264.36,261.57,2677470,-4.54,-1.00,21.07,腾讯财经
2026-08-31 21:50:05,261.84,263.83,264.36,261.23,3794062,-4.59,-1.00,21.07,腾讯财经
2026-08-31 22:00:01,261.07,263.83,264.36,261.07,4716812,-5.36,-2.00,21.00,腾讯财经
2026-08-31 22:10:04,260.60,263.83,264.36,260.35,5934435,-5.83,-2.00,20.97,腾讯财经
2026-08-31 22:20:00,260.33,263.83,264.36,259.95,7072949,-6.10,-2.00,20.94,腾讯财经
2026-08-31 22:30:04,260.08,263.83,264.36,259.72,7994020,-6.35,-2.00,20.92,腾讯财经
2026-08-31 22:40:03,260.32,263.83,264.36,259.72,8501522,-6.11,-2.00,20.94,腾讯财经
2026-08-31 22:50:02,260.00,263.83,264.36,259.72,8913518,-6.43,-2.00,20.92,腾讯财经
2026-08-31 23:00:05,260.86,263.83,264.36,259.72,9771824,-5.57,-2.00,20.99,腾讯财经
2026-08-31 23:10:00,261.36,263.83,264.36,259.72,10306439,-5.07,-1.00,21.03,腾讯财经
2026-08-31 23:20:04,261.55,263.83,264.36,259.72,10840572,-4.88,-1.00,21.04,腾讯财经
2026-08-31 23:30:04,261.57,263.83,264.36,259.72,11258335,-4.86,-1.00,21.04,腾讯财经
2026-08-31 23:40:03,261.02,263.83,264.36,259.72,11648435,-5.41,-2.00,21.00,腾讯财经
2026-08-31 23:50:02,260.98,263.83,264.36,259.72,11866346,-5.45,-2.00,21.00,腾讯财经
2026-09-01 00:00:00,260.87,263.83,264.36,259.72,12248803,-5.56,-2.00,20.99,腾讯财经
2026-09-01 00:10:03,261.08,263.83,264.36,259.72,12638239,-5.35,-2.00,21.00,腾讯财经
2026-09-01 00:20:00,261.01,263.83,264.36,259.72,12907015,-5.42,-2.00,21.00,腾讯财经
2026-09-01 00:30:04,260.95,263.83,264.36,259.72,13170737,-5.48,-2.00,20.99,腾讯财经
2026-09-01 00:40:00,260.76,263.83,264.36,259.72,13436533,-5.67,-2.00,20.98,腾讯财经
2026-09-01 00:50:00,261.43,263.83,264.36,259.72,13864771,-5.00,-1.00,21.03,腾讯财经
2026-09-01 01:00:05,261.35,263.83,264.36,259.72,14180807,-5.08,-1.00,21.03,腾讯财经
2026-09-01 01:10:00,261.08,263.83,264.36,259.72,14537859,-5.35,-2.00,21.00,腾讯财经
2026-09-01 01:20:00,261.19,263.83,264.36,259.72,14831819,-5.24,-1.00,21.01,腾讯财经
2026-09-01 01:30:03,260.80,263.83,264.36,259.72,15093994,-5.63,-2.00,20.98,腾讯财经
2026-09-01 01:40:04,260.89,263.83,264.36,259.72,15398260,-5.54,-2.00,20.99,腾讯财经
2026-09-01 01:50:01,261.15,263.83,264.36,259.72,15613153,-5.28,-1.00,21.01,腾讯财经
2026-09-01 02:00:04,260.98,263.83,264.36,259.72,15899670,-5.45,-2.00,21.00,腾讯财经
2026-09-01 02:10:01,259.19,263.83,264.36,257.15,19329928,-7.24,-2.00,20.85,腾讯财经
2026-09-01 02:20:00,258.51,263.83,264.36,257.15,20602770,-7.92,-2.00,20.80,腾讯财经
2026-09-01 02:30:02,257.73,263.83,264.36,257.15,21703654,-8.70,-3.00,20.73,腾讯财经
2026-09-01 02:40:02,257.85,263.83,264.36,257.15,22658545,-8.58,-3.00,20.74,腾讯财经
2026-09-01 02:50:04,258.43,263.83,264.36,257.15,23612507,-8.00,-3.00,20.79,腾讯财经
2026-09-01 03:00:03,258.47,263.83,264.36,257.15,24281326,-7.96,-2.00,20.79,腾讯财经
2026-09-01 03:10:00,258.64,263.83,264.36,257.15,24946734,-7.79,-2.00,20.81,腾讯财经
2026-09-01 03:20:00,259.13,263.83,264.36,257.15,25628543,-7.30,-2.00,20.85,腾讯财经
2026-09-01 03:30:05,258.98,263.83,264.36,257.15,26407006,-7.45,-2.00,20.83,腾讯财经
2026-09-01 03:40:04,259.32,263.83,264.36,257.15,27194073,-7.11,-2.00,20.86,腾讯财经
2026-09-01 03:50:00,259.35,263.83,264.36,257.15,28325430,-7.08,-2.00,20.86,腾讯财经
2026-09-01 04:00:05,259.77,263.83,264.36,257.15,42527780,-6.66,-2.00,20.90,腾讯财经
2026-09-01 04:10:02,259.77,263.83,264.36,257.15,44713856,-6.66,-2.00,20.90,腾讯财经
2026-09-01 04:20:02,259.77,263.83,264.36,257.12,44909044,-6.66,-2.00,20.90,腾讯财经
2026-09-01 04:30:05,259.77,263.83,264.36,257.12,45074245,-6.66,-2.00,20.90,腾讯财经
2026-09-01 04:40:00,259.77,263.83,264.36,257.12,45091580,-6.66,-2.00,20.90,腾讯财经
2026-09-01 04:50:00,259.77,263.83,264.36,257.12,45174668,-6.66,-2.00,20.90,腾讯财经
2026-09-01 05:00:04,259.77,263.83,264.36,257.12,45421655,-6.66,-2.00,20.90,腾讯财经
2026-09-01 05:10:05,259.77,263.83,264.36,257.12,45794679,-6.66,-2.00,20.90,腾讯财经
2026-09-01 05:20:02,259.77,263.83,264.36,257.12,45817060,-6.66,-2.00,20.90,腾讯财经
2026-09-01 05:30:00,259.77,263.83,264.36,257.12,45822350,-6.66,-2.00,20.90,腾讯财经
2026-09-01 05:40:02,259.77,263.83,264.36,257.12,45987461,-6.66,-2.00,20.90,腾讯财经
2026-09-01 05:50:00,259.77,263.83,264.36,257.12,45992562,-6.66,-2.00,20.90,腾讯财经
2026-09-01 06:00:00,259.77,263.83,264.36,257.12,45998450,-6.66,-2.00,20.90,腾讯财经
2026-09-01 06:10:00,259.77,263.83,264.36,257.12,46003812,-6.66,-2.00,20.90,腾讯财经
2026-09-01 06:20:04,259.77,263.83,264.36,257.12,46012111,-6.66,-2.00,20.90,腾讯财经
2026-09-01 06:30:05,259.77,263.83,264.36,257.12,46020311,-6.66,-2.00,20.90,腾讯财经
2026-09-01 06:40:03,259.77,263.83,264.36,257.12,46027888,-6.66,-2.00,20.90,腾讯财经
2026-09-01 06:50:00,259.77,263.83,264.36,257.12,46054581,-6.66,-2.00,20.90,腾讯财经
2026-09-01 07:00:00,259.77,263.83,264.36,257.12,46064265,-6.66,-2.00,20.90,腾讯财经
2026-09-01 07:10:05,259.77,263.83,264.36,257.12,46069982,-6.66,-2.00,20.90,腾讯财经
2026-09-01 07:20:05,259.77,263.83,264.36,257.12,46072538,-6.66,-2.00,20.90,腾讯财经
2026-09-01 07:30:05,259.77,263.83,264.36,257.12,46075022,-6.66,-2.00,20.90,腾讯财经
2026-09-01 07:40:00,259.77,263.83,264.36,257.12,46077826,-6.66,-2.00,20.90,腾讯财经
2026-09-01 07:50:03,259.77,263.83,264.36,257.12,46082674,-6.66,-2.00,20.90,腾讯财经
2026-09-01 08:00:00,259.77,263.83,264.36,257.12,46089019,-6.66,-2.00,20.90,腾讯财经
2026-09-01 08:10:00,259.77,263.83,264.36,257.12,46089422,-6.66,-2.00,20.90,腾讯财经
2026-09-01 08:20:04,259.77,263.83,264.36,257.12,46089422,-6.66,-2.00,20.90,腾讯财经
2026-09-01 08:30:00,259.77,263.83,264.36,257.12,46089422,-6.66,-2.00,20.90,腾讯财经
2026-09-01 08:40:04,259.77,263.83,264.36,257.12,46089422,-6.66,-2.00,20.90,腾讯财经
2026-09-01 08:50:01,259.77,263.83,264.36,257.12,46089422,-6.66,-2.00,20.90,腾讯财经
2026-09-01 09:00:00,259.77,263.83,264.36,257.12,46089422,-6.66,-2.00,20.90,腾讯财经
2026-09-01 09:10:05,259.77,263.83,264.36,257.12,46089422,-6.66,-2.00,20.90,腾讯财经
2026-09-01 09:20:00,259.77,263.83,264.36,257.12,46089422,-6.66,-2.00,20.90,腾讯财经
2026-09-01 09:30:00,259.77,263.83,264.36,257.12,46089422,-6.66,-2.00,20.90,腾讯财经
2026-09-01 09:40:00,259.77,263.83,264.36,257.12,46089422,-6.66,-2.00,20.90,腾讯财经
2026-09-01 09:50:04,259.77,263.83,264.36,257.12,46089422,-6.66,-2.00,20.90,腾讯财经
2026-09-01 10:00:00,259.77,263.83,264.36,257.12,46089422,-6.66,-2.00,20.90,腾讯财经
2026-09-01 10:10:00,259.77,263.83,264.36,257.12,46089422,-6.66,-2.00,20.90,腾讯财经
2026-09-01 10:20:00,259.77,263.83,264.36,257.12,46089422,-6.66,-2.00,20.90,腾讯财经
2026-09-01 10:30:01,259.77,263.83,264.36,257.12,46089422,-6.66,-2.00,20.90,腾讯财经
2026-09-01 10:40:04,259.77,263.83,264.36,257.12,46089422,-6.66,-2.00,20.90,腾讯财经
2026-09-01 10:50:00,259.77,263.83,264.36,257.12,46089422,-6.66,-2.00,20.90,腾讯财经
2026-09-01 11:00:04,259.77,263.83,264.36,257.12,46089422,-6.66,-2.00,20.90,腾讯财经
2026-09-01 11:10:01,259.77,263.83,264.36,257.12,46089422,-6.66,-2.00,20.90,腾讯财经
2026-09-01 11:20:00,259.77,263.83,264.36,257.12,46089422,-6.66,-2.00,20.90,腾讯财经
2026-09-01 11:30:00,259.77,263.83,264.36,257.12,46089422,-6.66,-2.00,20.90,腾讯财经
2026-09-01 11:40:04,259.77,263.83,264.36,257.12,46089422,-6.66,-2.00,20.90,腾讯财经
2026-09-01 11:50:02,259.77,263.83,264.36,257.12,46089422,-6.66,-2.00,20.90,腾讯财经
2026-09-01 12:00:03,259.77,263.83,264.36,257.12,46089422,-6.66,-2.00,20.90,腾讯财经
2026-09-01 12:10:04,259.77,263.83,264.36,257.12,46089422,-6.66,-2.00,20.90,腾讯财经
2026-09-01 12:20:00,259.77,263.83,264.36,257.12,46089422,-6.66,-2.00,20.90,腾讯财经
2026-09-01 12:30:01,259.77,263.83,264.36,257.12,46089422,-6.66,-2.00,20.90,腾讯财经
2026-09-01 12:40:00,259.77,263.83,264.36,257.12,46089422,-6.66,-2.00,20.90,腾讯财经
2026-09-01 12:50:02,259.77,263.83,264.36,257.12,46089422,-6.66,-2.00,20.90,腾讯财经
2026-09-01 13:00:00,259.77,263.83,264.36,257.12,46089422,-6.66,-2.00,20.90,腾讯财经
2026-09-01 13:10:03,259.77,263.83,264.36,257.12,46089422,-6.66,-2.00,20.90,腾讯财经
2026-09-01 13:20:04,259.77,263.83,264.36,257.12,46089422,-6.66,-2.00,20.90,腾讯财经
2026-09-01 13:30:00,259.77,263.83,264.36,257.12,46089422,-6.66,-2.00,20.90,腾讯财经
2026-09-01 13:40:00,259.77,263.83,264.36,257.12,46089422,-6.66,-2.00,20.90,腾讯财经
2026-09-01 13:50:02,259.77,263.83,264.36,257.12,46089422,-6.66,-2.00,20.90,腾讯财经
2026-09-01 14:00:00,259.77,263.83,264.36,257.12,46089422,-6.66,-2.00,20.90,腾讯财经
2026-09-01 14:10:05,259.77,263.83,264.36,257.12,46089422,-6.66,-2.00,20.90,腾讯财经
2026-09-01 14:20:00,259.77,263.83,264.36,257.12,46089422,-6.66,-2.00,20.90,腾讯财经
2026-09-01 14:30:04,259.77,263.83,264.36,257.12,46089422,-6.66,-2.00,20.90,腾讯财经
2026-09-01 14:40:03,259.77,263.83,264.36,257.12,46089422,-6.66,-2.00,20.90,腾讯财经
2026-09-01 14:50:00,259.77,263.83,264.36,257.12,46089422,-6.66,-2.00,20.90,腾讯财经
2026-09-01 15:00:01,259.77,263.83,264.36,257.12,46089422,-6.66,-2.00,20.90,腾讯财经
2026-09-01 15:10:02,259.77,263.83,264.36,257.12,46089422,-6.66,-2.00,20.90,腾讯财经
2026-09-01 15:20:02,259.77,263.83,264.36,257.12,46089422,-6.66,-2.00,20.90,腾讯财经
2026-09-01 15:30:01,259.77,263.83,264.36,257.12,46089422,-6.66,-2.00,20.90,腾讯财经
2026-09-01 15:40:04,259.77,263.83,264.36,257.12,46089422,-6.66,-2.00,20.90,腾讯财经
2026-09-01 15:50:00,259.77,263.83,264.36,257.12,46089422,-6.66,-2.00,20.90,腾讯财经
2026-09-01 16:00:00,259.77,263.83,264.36,257.12,46089422,-6.66,-2.00,20.90,腾讯财经
2026-09-01 16:10:05,259.77,263.83,264.36,257.12,46089422,-6.66,-2.00,20.90,腾讯财经
2026-09-01 16:20:00,259.77,263.83,264.36,257.12,46089422,-6.66,-2.00,20.90,腾讯财经
2026-09-01 16:30:02,259.77,263.83,264.36,257.12,46089422,-6.66,-2.00,20.90,腾讯财经
2026-09-01 16:40:02,259.77,263.83,264.36,257.12,46089422,-6.66,-2.00,20.90,腾讯财经
2026-09-01 16:50:04,259.77,263.83,264.36,257.12,46089422,-6.66,-2.00,20.90,腾讯财经
2026-09-01 17:00:02,259.77,263.83,264.36,257.12,46089422,-6.66,-2.00,20.90,腾讯财经
2026-09-01 17:10:00,259.77,263.83,264.36,257.12,46089422,-6.66,-2.00,20.90,腾讯财经
2026-09-01 17:20:01,259.77,263.83,264.36,257.12,46089422,-6.66,-2.00,20.90,腾讯财经
2026-09-01 17:30:03,259.77,263.83,264.36,257.12,46089422,-6.66,-2.00,20.90,腾讯财经
2026-09-01 17:40:00,259.77,263.83,264.36,257.12,46089422,-6.66,-2.00,20.90,腾讯财经
2026-09-01 17:50:03,259.77,263.83,264.36,257.12,46089422,-6.66,-2.00,20.90,腾讯财经
2026-09-01 18:00:04,259.77,263.83,264.36,257.12,46089422,-6.66,-2.00,20.90,腾讯财经
2026-09-01 18:10:03,259.77,263.83,264.36,257.12,46089422,-6.66,-2.00,20.90,腾讯财经
2026-09-01 18:20:04,259.77,263.83,264.36,257.12,46089422,-6.66,-2.00,20.90,腾讯财经
2026-09-01 18:30:01,259.77,263.83,264.36,257.12,46089422,-6.66,-2.00,20.90,腾讯财经
2026-09-01 18:40:04,259.77,263.83,264.36,257.12,46089422,-6.66,-2.00,20.90,腾讯财经
2026-09-01 18:50:05,259.77,263.83,264.36,257.12,46089422,-6.66,-2.00,20.90,腾讯财经
2026-09-01 19:00:00,259.77,263.83,264.36,257.12,46089422,-6.66,-2.00,20.90,腾讯财经
2026-09-01 19:10:00,259.77,263.83,264.36,257.12,46089422,-6.66,-2.00,20.90,腾讯财经
2026-09-01 19:20:00,259.77,263.83,264.36,257.12,46089422,-6.66,-2.00,20.90,腾讯财经
2026-09-01 19:30:01,259.77,263.83,264.36,257.12,46089422,-6.66,-2.00,20.90,腾讯财经
2026-09-01 19:40:00,259.77,263.83,264.36,257.12,46089422,-6.66,-2.00,20.90,腾讯财经
2026-09-01 19:50:00,259.77,263.83,264.36,257.12,46089422,-6.66,-2.00,20.90,腾讯财经
2026-09-01 20:00:01,259.77,263.83,264.36,257.12,46089422,-6.66,-2.00,20.90,腾讯财经
2026-09-01 20:10:00,259.77,263.83,264.36,257.12,46089422,-6.66,-2.00,20.90,腾讯财经
2026-09-01 20:20:05,259.77,263.83,264.36,257.12,46089422,-6.66,-2.00,20.90,腾讯财经
2026-09-01 20:30:01,259.77,263.83,264.36,257.12,46089422,-6.66,-2.00,20.90,腾讯财经
2026-09-01 20:40:03,259.77,263.83,264.36,257.12,46089422,-6.66,-2.00,20.90,腾讯财经
2026-09-01 20:50:01,259.77,263.83,264.36,257.12,46089422,-6.66,-2.00,20.90,腾讯财经
2026-09-01 21:00:01,259.77,263.83,264.36,257.12,46089422,-6.66,-2.00,20.90,腾讯财经
2026-09-01 21:10:02,259.77,263.83,264.36,257.12,46089422,-6.66,-2.00,20.90,腾讯财经
2026-09-01 21:20:04,259.77,263.83,264.36,257.12,46089422,-6.66,-2.00,20.90,腾讯财经
2026-09-01 21:30:00,259.77,0.00,0.00,0.00,1006954,0,0,20.90,腾讯财经
2026-09-01 21:40:00,254.85,254.83,255.55,251.93,4313057,-4.92,-1.00,20.50,腾讯财经
2026-09-01 21:50:03,255.38,254.83,255.66,251.93,5395570,-4.39,-1.00,20.55,腾讯财经
2026-09-01 22:00:04,254.11,254.83,255.82,251.93,6564658,-5.66,-2.00,20.44,腾讯财经
2026-09-01 22:10:01,253.97,254.83,255.82,251.93,7653195,-5.80,-2.00,20.43,腾讯财经
2026-09-01 22:20:03,254.10,254.83,255.82,251.93,8371197,-5.67,-2.00,20.44,腾讯财经
2026-09-01 22:30:03,254.41,254.83,255.82,251.93,8971934,-5.36,-2.00,20.47,腾讯财经
2026-09-01 22:40:05,255.06,254.83,255.82,251.93,9731963,-4.71,-1.00,20.52,腾讯财经
2026-09-01 22:50:00,254.50,254.83,255.82,251.93,10259954,-5.27,-2.00,20.47,腾讯财经
2026-09-01 23:00:00,254.36,254.83,255.82,251.93,10843736,-5.41,-2.00,20.46,腾讯财经
2026-09-01 23:10:00,254.05,254.83,255.82,251.93,11418717,-5.72,-2.00,20.44,腾讯财经
2026-09-01 23:20:00,255.08,254.83,255.82,251.93,12097431,-4.69,-1.00,20.52,腾讯财经
2026-09-01 23:30:01,255.14,254.83,255.82,251.93,12563324,-4.63,-1.00,20.53,腾讯财经
2026-09-01 23:40:00,255.25,254.83,255.82,251.93,13096632,-4.52,-1.00,20.53,腾讯财经
2026-09-01 23:50:00,255.21,254.83,255.82,251.93,13431650,-4.56,-1.00,20.53,腾讯财经
2026-09-02 00:00:00,255.46,254.83,255.82,251.93,13908107,-4.31,-1.00,20.55,腾讯财经
2026-09-02 00:10:00,254.82,254.83,255.82,251.93,14286116,-4.95,-1.00,20.50,腾讯财经
2026-09-02 00:20:02,254.29,254.83,255.82,251.93,14707523,-5.48,-2.00,20.46,腾讯财经
2026-09-02 00:30:05,254.40,254.83,255.82,251.93,15168621,-5.37,-2.00,20.47,腾讯财经
2026-09-02 00:40:01,254.76,254.83,255.82,251.93,15581445,-5.01,-1.00,20.50,腾讯财经
2026-09-02 00:50:00,254.51,254.83,255.82,251.93,15996201,-5.26,-2.00,20.48,腾讯财经
2026-09-02 01:00:00,254.66,254.83,255.82,251.93,16244145,-5.11,-1.00,20.49,腾讯财经
2026-09-02 01:10:00,254.46,254.83,255.82,251.93,16617028,-5.31,-2.00,20.47,腾讯财经
2026-09-02 01:20:01,254.43,254.83,255.82,251.93,16945033,-5.34,-2.00,20.47,腾讯财经
2026-09-02 01:30:00,254.32,254.83,255.82,251.93,17279911,-5.45,-2.00,20.46,腾讯财经
2026-09-02 01:40:03,254.41,254.83,255.82,251.93,17542949,-5.36,-2.00,20.47,腾讯财经
2026-09-02 01:50:03,254.28,254.83,255.82,251.93,17749084,-5.49,-2.00,20.46,腾讯财经
2026-09-02 02:00:04,254.67,254.83,255.82,251.93,18087402,-5.10,-1.00,20.49,腾讯财经
2026-09-02 02:10:00,254.50,254.83,255.82,251.93,18447591,-5.27,-2.00,20.47,腾讯财经
2026-09-02 02:20:03,255.10,254.83,255.82,251.93,18852794,-4.67,-1.00,20.52,腾讯财经
2026-09-02 02:30:01,254.87,254.83,255.82,251.93,19193310,-4.90,-1.00,20.50,腾讯财经
2026-09-02 02:40:03,254.68,254.83,255.82,251.93,19590079,-5.09,-1.00,20.49,腾讯财经
2026-09-02 02:50:01,254.06,254.83,255.82,251.93,20047216,-5.71,-2.00,20.44,腾讯财经
2026-09-02 03:00:02,254.17,254.83,255.82,251.93,20397884,-5.60,-2.00,20.45,腾讯财经
2026-09-02 03:10:00,254.10,254.83,255.82,251.93,20732760,-5.67,-2.00,20.44,腾讯财经
2026-09-02 03:20:04,254.45,254.83,255.82,251.93,21203337,-5.32,-2.00,20.47,腾讯财经
2026-09-02 03:30:01,254.15,254.83,255.82,251.93,21544835,-5.62,-2.00,20.45,腾讯财经
2026-09-02 03:40:03,254.12,254.83,255.82,251.93,22178406,-5.65,-2.00,20.44,腾讯财经
2026-09-02 03:50:02,254.47,254.83,255.82,251.93,22714641,-5.30,-2.00,20.47,腾讯财经
2026-09-02 04:00:00,254.86,254.83,255.82,251.93,24630039,-4.91,-1.00,20.50,腾讯财经
2026-09-02 04:10:03,254.92,254.83,255.82,251.93,31354511,-4.85,-1.00,20.51,腾讯财经
2026-09-02 04:20:04,254.92,254.83,255.82,251.93,31375743,-4.85,-1.00,20.51,腾讯财经
2026-09-02 04:30:04,254.92,254.83,255.82,251.93,31391096,-4.85,-1.00,20.51,腾讯财经
2026-09-02 04:40:01,254.92,254.83,255.82,251.93,31397901,-4.85,-1.00,20.51,腾讯财经
2026-09-02 04:50:02,254.92,254.83,255.82,251.93,31407610,-4.85,-1.00,20.51,腾讯财经
2026-09-02 05:00:01,254.92,254.83,255.82,251.93,31415634,-4.85,-1.00,20.51,腾讯财经
2026-09-02 05:10:02,254.92,254.83,255.82,251.93,31542066,-4.85,-1.00,20.51,腾讯财经
2026-09-02 05:20:00,254.92,254.83,255.82,251.93,31585791,-4.85,-1.00,20.51,腾讯财经
2026-09-02 05:30:00,254.92,254.83,255.82,251.93,31591607,-4.85,-1.00,20.51,腾讯财经
2026-09-02 05:40:00,254.92,254.83,255.82,251.93,31596822,-4.85,-1.00,20.51,腾讯财经
2026-09-02 05:50:00,254.92,254.83,255.82,251.93,31613861,-4.85,-1.00,20.51,腾讯财经
2026-09-02 06:00:00,254.92,254.83,255.82,251.93,31627227,-4.85,-1.00,20.51,腾讯财经
2026-09-02 06:10:03,254.92,254.83,255.82,251.93,31646732,-4.85,-1.00,20.51,腾讯财经
2026-09-02 06:20:00,254.92,254.83,255.82,251.93,31652857,-4.85,-1.00,20.51,腾讯财经
2026-09-02 06:30:01,254.92,254.83,255.82,251.93,31657699,-4.85,-1.00,20.51,腾讯财经
2026-09-02 06:40:01,254.92,254.83,255.82,251.93,31666613,-4.85,-1.00,20.51,腾讯财经
2026-09-02 06:50:03,254.92,254.83,255.82,251.93,31674329,-4.85,-1.00,20.51,腾讯财经
2026-09-02 07:00:00,254.92,254.83,255.82,251.93,31680465,-4.85,-1.00,20.51,腾讯财经
2026-09-02 07:10:02,254.92,254.83,255.82,251.93,31682510,-4.85,-1.00,20.51,腾讯财经
2026-09-02 07:20:01,254.92,254.83,255.82,251.93,31685682,-4.85,-1.00,20.51,腾讯财经
2026-09-02 07:30:05,254.92,254.83,255.82,251.93,31691076,-4.85,-1.00,20.51,腾讯财经
2026-09-02 07:40:00,254.92,254.83,255.82,251.93,31694433,-4.85,-1.00,20.51,腾讯财经
2026-09-02 07:50:02,254.92,254.83,255.82,251.93,31698073,-4.85,-1.00,20.51,腾讯财经
2026-09-02 08:00:00,254.92,254.83,255.82,251.93,31699929,-4.85,-1.00,20.51,腾讯财经
2026-09-02 08:10:00,254.92,254.83,255.82,251.93,31700056,-4.85,-1.00,20.51,腾讯财经
2026-09-02 08:20:00,254.92,254.83,255.82,251.93,31700056,-4.85,-1.00,20.51,腾讯财经
2026-09-02 08:30:01,254.92,254.83,255.82,251.93,31700056,-4.85,-1.00,20.51,腾讯财经
2026-09-02 08:40:01,254.92,254.83,255.82,251.93,31700056,-4.85,-1.00,20.51,腾讯财经
2026-09-02 08:50:00,254.92,254.83,255.82,251.93,31700056,-4.85,-1.00,20.51,腾讯财经
2026-09-02 09:00:00,254.92,254.83,255.82,251.93,31700056,-4.85,-1.00,20.51,腾讯财经
2026-09-02 09:10:03,254.92,254.83,255.82,251.93,31700056,-4.85,-1.00,20.51,腾讯财经
2026-09-02 09:20:01,254.92,254.83,255.82,251.93,31700056,-4.85,-1.00,20.51,腾讯财经
2026-09-02 09:30:01,254.92,254.83,255.82,251.93,31700056,-4.85,-1.00,20.51,腾讯财经
2026-09-02 09:40:01,254.92,254.83,255.82,251.93,31700056,-4.85,-1.00,20.51,腾讯财经
2026-09-02 09:50:01,254.92,254.83,255.82,251.93,31700056,-4.85,-1.00,20.51,腾讯财经
2026-09-02 10:00:00,254.92,254.83,255.82,251.93,31700056,-4.85,-1.00,20.51,腾讯财经
2026-09-02 10:10:02,254.92,254.83,255.82,251.93,31700056,-4.85,-1.00,20.51,腾讯财经
2026-09-02 10:20:00,254.92,254.83,255.82,251.93,31700056,-4.85,-1.00,20.51,腾讯财经
2026-09-02 10:30:00,254.92,254.83,255.82,251.93,31700056,-4.85,-1.00,20.51,腾讯财经
2026-09-02 10:40:02,254.92,254.83,255.82,251.93,31700056,-4.85,-1.00,20.51,腾讯财经
2026-09-02 10:50:00,254.92,254.83,255.82,251.93,31700056,-4.85,-1.00,20.51,腾讯财经
2026-09-02 11:00:05,254.92,254.83,255.82,251.93,31700056,-4.85,-1.00,20.51,腾讯财经
2026-09-02 11:10:04,254.92,254.83,255.82,251.93,31700056,-4.85,-1.00,20.51,腾讯财经
2026-09-02 11:20:00,254.92,254.83,255.82,251.93,31700056,-4.85,-1.00,20.51,腾讯财经
2026-09-02 11:30:01,254.92,254.83,255.82,251.93,31700056,-4.85,-1.00,20.51,腾讯财经
2026-09-02 11:40:02,254.92,254.83,255.82,251.93,31700056,-4.85,-1.00,20.51,腾讯财经
2026-09-02 11:50:05,254.92,254.83,255.82,251.93,31700056,-4.85,-1.00,20.51,腾讯财经
2026-09-02 12:00:03,254.92,254.83,255.82,251.93,31700056,-4.85,-1.00,20.51,腾讯财经
2026-09-02 12:10:04,254.92,254.83,255.82,251.93,31700056,-4.85,-1.00,20.51,腾讯财经
2026-09-02 12:20:00,254.92,254.83,255.82,251.93,31700056,-4.85,-1.00,20.51,腾讯财经
2026-09-02 12:30:00,254.92,254.83,255.82,251.93,31700056,-4.85,-1.00,20.51,腾讯财经
2026-09-02 12:40:01,254.92,254.83,255.82,251.93,31700056,-4.85,-1.00,20.51,腾讯财经
2026-09-02 12:50:00,254.92,254.83,255.82,251.93,31700056,-4.85,-1.00,20.51,腾讯财经
2026-09-02 13:00:01,254.92,254.83,255.82,251.93,31700056,-4.85,-1.00,20.51,腾讯财经
2026-09-02 13:10:01,254.92,254.83,255.82,251.93,31700056,-4.85,-1.00,20.51,腾讯财经
2026-09-02 13:20:00,254.92,254.83,255.82,251.93,31700056,-4.85,-1.00,20.51,腾讯财经
2026-09-02 13:30:01,254.92,254.83,255.82,251.93,31700056,-4.85,-1.00,20.51,腾讯财经
2026-09-02 13:40:00,254.92,254.83,255.82,251.93,31700056,-4.85,-1.00,20.51,腾讯财经
2026-09-02 13:50:00,254.92,254.83,255.82,251.93,31700056,-4.85,-1.00,20.51,腾讯财经
2026-09-02 14:00:00,254.92,254.83,255.82,251.93,31700056,-4.85,-1.00,20.51,腾讯财经
2026-09-02 14:10:00,254.92,254.83,255.82,251.93,31700056,-4.85,-1.00,20.51,腾讯财经
2026-09-02 14:20:00,254.92,254.83,255.82,251.93,31700056,-4.85,-1.00,20.51,腾讯财经
2026-09-02 14:30:00,254.92,254.83,255.82,251.93,31700056,-4.85,-1.00,20.51,腾讯财经
2026-09-02 14:40:02,254.92,254.83,255.82,251.93,31700056,-4.85,-1.00,20.51,腾讯财经
2026-09-02 14:50:00,254.92,254.83,255.82,251.93,31700056,-4.85,-1.00,20.51,腾讯财经
2026-09-02 15:00:00,254.92,254.83,255.82,251.93,31700056,-4.85,-1.00,20.51,腾讯财经
2026-09-02 15:10:00,254.92,254.83,255.82,251.93,31700056,-4.85,-1.00,20.51,腾讯财经
2026-09-02 15:20:00,254.92,254.83,255.82,251.93,31700056,-4.85,-1.00,20.51,腾讯财经
2026-09-02 15:30:01,254.92,254.83,255.82,251.93,31700056,-4.85,-1.00,20.51,腾讯财经
2026-09-02 15:40:00,254.92,254.83,255.82,251.93,31700056,-4.85,-1.00,20.51,腾讯财经
2026-09-02 15:50:02,254.92,254.83,255.82,251.93,31700056,-4.85,-1.00,20.51,腾讯财经
2026-09-02 16:00:00,254.92,254.83,255.82,251.93,31700056,-4.85,-1.00,20.51,腾讯财经
2026-09-02 16:10:03,254.92,254.83,255.82,251.93,31700056,-4.85,-1.00,20.51,腾讯财经
2026-09-02 16:20:01,254.92,254.83,255.82,251.93,31700056,-4.85,-1.00,20.51,腾讯财经
2026-09-02 16:30:00,254.92,254.83,255.82,251.93,31700056,-4.85,-1.00,20.51,腾讯财经
2026-09-02 16:40:00,254.92,254.83,255.82,251.93,31700056,-4.85,-1.00,20.51,腾讯财经
2026-09-02 16:50:02,254.92,254.83,255.82,251.93,31700056,-4.85,-1.00,20.51,腾讯财经
2026-09-02 17:00:04,254.92,254.83,255.82,251.93,31700056,-4.85,-1.00,20.51,腾讯财经
2026-09-02 17:10:00,254.92,254.83,255.82,251.93,31700056,-4.85,-1.00,20.51,腾讯财经
2026-09-02 17:20:00,254.92,254.83,255.82,251.93,31700056,-4.85,-1.00,20.51,腾讯财经
2026-09-02 17:30:00,254.92,254.83,255.82,251.93,31700056,-4.85,-1.00,20.51,腾讯财经
2026-09-02 17:40:00,254.92,254.83,255.82,251.93,31700056,-4.85,-1.00,20.51,腾讯财经
2026-09-02 17:50:05,254.92,254.83,255.82,251.93,31700056,-4.85,-1.00,20.51,腾讯财经
2026-09-02 18:00:05,254.92,254.83,255.82,251.93,31700056,-4.85,-1.00,20.51,腾讯财经
2026-09-02 18:10:01,254.92,254.83,255.82,251.93,31700056,-4.85,-1.00,20.51,腾讯财经
2026-09-02 18:20:05,254.92,254.83,255.82,251.93,31700056,-4.85,-1.00,20.51,腾讯财经
2026-09-02 18:30:00,254.92,254.83,255.82,251.93,31700056,-4.85,-1.00,20.51,腾讯财经
2026-09-02 18:40:00,254.92,254.83,255.82,251.93,31700056,-4.85,-1.00,20.51,腾讯财经
2026-09-02 18:50:04,254.92,254.83,255.82,251.93,31700056,-4.85,-1.00,20.51,腾讯财经
2026-09-02 19:00:00,254.92,254.83,255.82,251.93,31700056,-4.85,-1.00,20.51,腾讯财经
2026-09-02 19:10:00,254.92,254.83,255.82,251.93,31700056,-4.85,-1.00,20.51,腾讯财经
2026-09-02 19:20:03,254.92,254.83,255.82,251.93,31700056,-4.85,-1.00,20.51,腾讯财经
2026-09-02 19:30:00,254.92,254.83,255.82,251.93,31700056,-4.85,-1.00,20.51,腾讯财经
2026-09-02 19:40:02,254.92,254.83,255.82,251.93,31700056,-4.85,-1.00,20.51,腾讯财经
2026-09-02 19:50:00,254.92,254.83,255.82,251.93,31700056,-4.85,-1.00,20.51,腾讯财经
2026-09-02 20:00:00,254.92,254.83,255.82,251.93,31700056,-4.85,-1.00,20.51,腾讯财经
2026-09-02 20:10:01,254.92,254.83,255.82,251.93,31700056,-4.85,-1.00,20.51,腾讯财经
2026-09-02 20:20:00,254.92,254.83,255.82,251.93,31700056,-4.85,-1.00,20.51,腾讯财经
2026-09-02 20:30:00,254.92,254.83,255.82,251.93,31700056,-4.85,-1.00,20.51,腾讯财经
2026-09-02 20:40:05,254.92,254.83,255.82,251.93,31700056,-4.85,-1.00,20.51,腾讯财经
2026-09-02 20:50:04,254.92,254.83,255.82,251.93,31700056,-4.85,-1.00,20.51,腾讯财经
2026-09-02 21:00:01,254.92,254.83,255.82,251.93,31700056,-4.85,-1.00,20.51,腾讯财经
2026-09-02 21:10:04,254.92,254.83,255.82,251.93,31700056,-4.85,-1.00,20.51,腾讯财经
2026-09-02 21:20:01,254.92,254.83,255.82,251.93,31700056,-4.85,-1.00,20.51,腾讯财经
2026-09-02 21:30:00,254.92,0.00,0.00,0.00,307977,0,0,20.51,腾讯财经
2026-09-02 21:40:00,254.16,254.26,254.81,253.40,1350229,-.76,0,20.45,腾讯财经
2026-09-02 21:50:02,254.86,254.26,255.29,253.40,2155903,-.06,0,20.50,腾讯财经
2026-09-02 22:00:00,255.20,254.26,255.64,253.40,3125551,.28,0,20.53,腾讯财经
2026-09-02 22:10:01,255.80,254.26,255.85,253.40,4057310,.88,0,20.58,腾讯财经
2026-09-02 22:20:03,255.34,254.26,255.98,253.40,5030109,.42,0,20.54,腾讯财经
2026-09-02 22:30:00,256.13,254.26,256.24,253.40,5677066,1.21,0,20.61,腾讯财经
2026-09-02 22:40:03,255.01,254.26,256.24,253.40,6546675,.09,0,20.52,腾讯财经
2026-09-02 22:50:01,255.72,254.26,256.24,253.40,7105151,.80,0,20.57,腾讯财经
2026-09-02 23:00:05,255.33,254.26,256.24,253.40,7559795,.41,0,20.54,腾讯财经
2026-09-02 23:10:05,255.23,254.26,256.24,253.40,8088591,.31,0,20.53,腾讯财经
2026-09-02 23:20:00,255.20,254.26,256.24,253.40,8581756,.28,0,20.53,腾讯财经
2026-09-02 23:30:04,255.28,254.26,256.24,253.40,8962469,.36,0,20.54,腾讯财经
2026-09-02 23:40:04,254.98,254.26,256.24,253.40,9359234,.06,0,20.51,腾讯财经
2026-09-02 23:50:01,254.56,254.26,256.24,253.40,9730960,-.36,0,20.48,腾讯财经
2026-09-03 00:00:00,255.02,254.26,256.24,253.40,10012735,.10,0,20.52,腾讯财经
2026-09-03 00:10:00,254.73,254.26,256.24,253.40,10326841,-.19,0,20.49,腾讯财经
2026-09-03 00:20:00,254.82,254.26,256.24,253.40,10652509,-.10,0,20.50,腾讯财经
2026-09-03 00:30:05,254.87,254.26,256.24,253.40,11136763,-.05,0,20.50,腾讯财经
2026-09-03 00:40:02,255.02,254.26,256.24,253.40,11358104,.10,0,20.52,腾讯财经
2026-09-03 00:50:00,255.05,254.26,256.24,253.40,11615479,.13,0,20.52,腾讯财经
2026-09-03 01:00:00,255.08,254.26,256.24,253.40,11941088,.16,0,20.52,腾讯财经
2026-09-03 01:10:04,254.54,254.26,256.24,253.40,12609036,-.38,0,20.48,腾讯财经
2026-09-03 01:20:00,254.67,254.26,256.24,253.40,12841958,-.25,0,20.49,腾讯财经
2026-09-03 01:30:00,254.82,254.26,256.24,253.40,13054900,-.10,0,20.50,腾讯财经
2026-09-03 01:40:03,254.58,254.26,256.24,253.40,13274483,-.34,0,20.48,腾讯财经
2026-09-03 01:50:04,254.86,254.26,256.24,253.40,13508101,-.06,0,20.50,腾讯财经
2026-09-03 02:00:00,255.08,254.26,256.24,253.40,13744473,.16,0,20.52,腾讯财经
2026-09-03 02:10:04,254.88,254.26,256.24,253.40,13988814,-.04,0,20.51,腾讯财经
2026-09-03 02:20:04,254.97,254.26,256.24,253.40,14300298,.05,0,20.51,腾讯财经
2026-09-03 02:30:04,254.79,254.26,256.24,253.40,14541690,-.13,0,20.50,腾讯财经
2026-09-03 02:40:05,254.75,254.26,256.24,253.40,14804584,-.17,0,20.49,腾讯财经
2026-09-03 02:50:01,254.99,254.26,256.24,253.40,15317970,.07,0,20.51,腾讯财经
2026-09-03 03:00:00,255.21,254.26,256.24,253.40,15632631,.29,0,20.53,腾讯财经
2026-09-03 03:10:02,255.32,254.26,256.24,253.40,15941853,.40,0,20.54,腾讯财经
2026-09-03 03:20:05,255.43,254.26,256.24,253.40,16335563,.51,0,20.55,腾讯财经
2026-09-03 03:30:00,255.15,254.26,256.24,253.40,16736851,.23,0,20.53,腾讯财经
2026-09-03 03:40:03,254.94,254.26,256.24,253.40,17200282,.02,0,20.51,腾讯财经
2026-09-03 03:50:01,255.09,254.26,256.24,253.40,17774078,.17,0,20.52,腾讯财经
2026-09-03 04:00:02,254.88,254.26,256.24,253.40,19284980,-.04,0,20.51,腾讯财经
2026-09-03 04:10:00,254.98,254.26,256.24,253.40,23415873,.06,0,20.51,腾讯财经
2026-09-03 04:20:03,254.98,254.26,256.24,253.40,23442370,.06,0,20.51,腾讯财经
2026-09-03 04:30:01,254.98,254.26,256.24,253.40,23454266,.06,0,20.51,腾讯财经
2026-09-03 04:40:03,254.98,254.26,256.24,253.40,23460930,.06,0,20.51,腾讯财经
2026-09-03 04:50:00,254.98,254.26,256.24,253.40,23611019,.06,0,20.51,腾讯财经
2026-09-03 05:00:02,254.98,254.26,256.24,253.40,23784581,.06,0,20.51,腾讯财经
2026-09-03 05:10:01,254.98,254.26,256.24,253.40,23791758,.06,0,20.51,腾讯财经
2026-09-03 05:20:00,254.98,254.26,256.24,253.40,23806811,.06,0,20.51,腾讯财经
2026-09-03 05:30:04,254.98,254.26,256.24,253.40,23825998,.06,0,20.51,腾讯财经
2026-09-03 05:40:02,254.98,254.26,256.24,253.40,23830614,.06,0,20.51,腾讯财经
2026-09-03 05:50:00,254.98,254.26,256.24,253.40,23845477,.06,0,20.51,腾讯财经
2026-09-03 06:00:00,254.98,254.26,256.24,253.40,23848818,.06,0,20.51,腾讯财经
2026-09-03 06:10:05,254.98,254.26,256.24,253.40,23854772,.06,0,20.51,腾讯财经
2026-09-03 06:20:00,254.98,254.26,256.24,253.40,23859160,.06,0,20.51,腾讯财经
2026-09-03 06:30:05,254.98,254.26,256.24,253.40,23882230,.06,0,20.51,腾讯财经
2026-09-03 06:40:00,254.98,254.26,256.24,253.40,23892841,.06,0,20.51,腾讯财经
2026-09-03 06:50:01,254.98,254.26,256.24,253.40,23907379,.06,0,20.51,腾讯财经
2026-09-03 07:00:01,254.98,254.26,256.24,253.40,23926057,.06,0,20.51,腾讯财经
2026-09-03 07:10:01,254.98,254.26,256.24,253.40,23964883,.06,0,20.51,腾讯财经
2026-09-03 07:20:04,254.98,254.26,256.24,253.40,23970674,.06,0,20.51,腾讯财经
2026-09-03 07:30:00,254.98,254.26,256.24,253.40,23977428,.06,0,20.51,腾讯财经
2026-09-03 07:40:00,254.98,254.26,256.24,253.40,23983953,.06,0,20.51,腾讯财经
2026-09-03 07:50:01,254.98,254.26,256.24,253.40,23991290,.06,0,20.51,腾讯财经
2026-09-03 08:00:02,254.98,254.26,256.24,253.40,24013142,.06,0,20.51,腾讯财经
2026-09-03 08:10:03,254.98,254.26,256.24,253.40,24013334,.06,0,20.51,腾讯财经
2026-09-03 08:20:05,254.98,254.26,256.24,253.40,24013334,.06,0,20.51,腾讯财经
2026-09-03 08:30:03,254.98,254.26,256.24,253.40,24013334,.06,0,20.51,腾讯财经
2026-09-03 08:40:01,254.98,254.26,256.24,253.40,24013334,.06,0,20.51,腾讯财经
2026-09-03 08:50:02,254.98,254.26,256.24,253.40,24013334,.06,0,20.51,腾讯财经
2026-09-03 09:00:00,254.98,254.26,256.24,253.40,24013334,.06,0,20.51,腾讯财经
2026-09-03 09:10:00,254.98,254.26,256.24,253.40,24013334,.06,0,20.51,腾讯财经
2026-09-03 09:20:05,254.98,254.26,256.24,253.40,24013334,.06,0,20.51,腾讯财经
2026-09-03 09:30:01,254.98,254.26,256.24,253.40,24013334,.06,0,20.51,腾讯财经
2026-09-03 09:40:02,254.98,254.26,256.24,253.40,24013334,.06,0,20.51,腾讯财经
2026-09-03 09:50:02,254.98,254.26,256.24,253.40,24013334,.06,0,20.51,腾讯财经
2026-09-03 10:00:03,254.98,254.26,256.24,253.40,24013334,.06,0,20.51,腾讯财经
2026-09-03 10:10:03,254.98,254.26,256.24,253.40,24013334,.06,0,20.51,腾讯财经
2026-09-03 10:20:01,254.98,254.26,256.24,253.40,24013334,.06,0,20.51,腾讯财经
2026-09-03 10:30:02,254.98,254.26,256.24,253.40,24013334,.06,0,20.51,腾讯财经
2026-09-03 10:40:01,254.98,254.26,256.24,253.40,24013334,.06,0,20.51,腾讯财经
2026-09-03 10:50:01,254.98,254.26,256.24,253.40,24013334,.06,0,20.51,腾讯财经
2026-09-03 11:00:03,254.98,254.26,256.24,253.40,24013334,.06,0,20.51,腾讯财经
2026-09-03 11:10:00,254.98,254.26,256.24,253.40,24013334,.06,0,20.51,腾讯财经
2026-09-03 11:20:01,254.98,254.26,256.24,253.40,24013334,.06,0,20.51,腾讯财经
2026-09-03 11:30:02,254.98,254.26,256.24,253.40,24013334,.06,0,20.51,腾讯财经
2026-09-03 11:40:00,254.98,254.26,256.24,253.40,24013334,.06,0,20.51,腾讯财经
2026-09-03 11:50:00,254.98,254.26,256.24,253.40,24013334,.06,0,20.51,腾讯财经
2026-09-03 12:00:02,254.98,254.26,256.24,253.40,24013334,.06,0,20.51,腾讯财经
2026-09-03 12:10:03,254.98,254.26,256.24,253.40,24013334,.06,0,20.51,腾讯财经
2026-09-03 12:20:00,254.98,254.26,256.24,253.40,24013334,.06,0,20.51,腾讯财经
2026-09-03 12:30:00,254.98,254.26,256.24,253.40,24013334,.06,0,20.51,腾讯财经
2026-09-03 12:40:04,254.98,254.26,256.24,253.40,24013334,.06,0,20.51,腾讯财经
2026-09-03 12:50:00,254.98,254.26,256.24,253.40,24013334,.06,0,20.51,腾讯财经
2026-09-03 13:00:00,254.98,254.26,256.24,253.40,24013334,.06,0,20.51,腾讯财经
2026-09-03 13:10:03,254.98,254.26,256.24,253.40,24013334,.06,0,20.51,腾讯财经
2026-09-03 13:20:03,254.98,254.26,256.24,253.40,24013334,.06,0,20.51,腾讯财经
2026-09-03 13:30:00,254.98,254.26,256.24,253.40,24013334,.06,0,20.51,腾讯财经
2026-09-03 13:40:04,254.98,254.26,256.24,253.40,24013334,.06,0,20.51,腾讯财经
2026-09-03 13:50:00,254.98,254.26,256.24,253.40,24013334,.06,0,20.51,腾讯财经
2026-09-03 14:00:01,254.98,254.26,256.24,253.40,24013334,.06,0,20.51,腾讯财经
2026-09-03 14:10:00,254.98,254.26,256.24,253.40,24013334,.06,0,20.51,腾讯财经
2026-09-03 14:20:03,254.98,254.26,256.24,253.40,24013334,.06,0,20.51,腾讯财经
2026-09-03 14:30:00,254.98,254.26,256.24,253.40,24013334,.06,0,20.51,腾讯财经
2026-09-03 14:40:01,254.98,254.26,256.24,253.40,24013334,.06,0,20.51,腾讯财经
2026-09-03 14:50:05,254.98,254.26,256.24,253.40,24013334,.06,0,20.51,腾讯财经
2026-09-03 15:00:00,254.98,254.26,256.24,253.40,24013334,.06,0,20.51,腾讯财经
2026-09-03 15:10:04,254.98,254.26,256.24,253.40,24013334,.06,0,20.51,腾讯财经
2026-09-03 15:20:05,254.98,254.26,256.24,253.40,24013334,.06,0,20.51,腾讯财经
2026-09-03 15:30:00,254.98,254.26,256.24,253.40,24013334,.06,0,20.51,腾讯财经
2026-09-03 15:40:03,254.98,254.26,256.24,253.40,24013334,.06,0,20.51,腾讯财经
2026-09-03 15:50:00,254.98,254.26,256.24,253.40,24013334,.06,0,20.51,腾讯财经
2026-09-03 16:00:00,254.98,254.26,256.24,253.40,24013334,.06,0,20.51,腾讯财经
2026-09-03 16:10:04,254.98,254.26,256.24,253.40,24013334,.06,0,20.51,腾讯财经
2026-09-03 16:20:01,254.98,254.26,256.24,253.40,24013334,.06,0,20.51,腾讯财经
2026-09-03 16:30:00,254.98,254.26,256.24,253.40,24013334,.06,0,20.51,腾讯财经
2026-09-03 16:40:05,254.98,254.26,256.24,253.40,24013334,.06,0,20.51,腾讯财经
2026-09-03 16:50:01,254.98,254.26,256.24,253.40,24013334,.06,0,20.51,腾讯财经
2026-09-03 17:00:02,254.98,254.26,256.24,253.40,24013334,.06,0,20.51,腾讯财经
2026-09-03 17:10:04,254.98,254.26,256.24,253.40,24013334,.06,0,20.51,腾讯财经
2026-09-03 17:20:00,254.98,254.26,256.24,253.40,24013334,.06,0,20.51,腾讯财经
2026-09-03 17:30:03,254.98,254.26,256.24,253.40,24013334,.06,0,20.51,腾讯财经
2026-09-03 17:40:00,254.98,254.26,256.24,253.40,24013334,.06,0,20.51,腾讯财经
2026-09-03 17:50:00,254.98,254.26,256.24,253.40,24013334,.06,0,20.51,腾讯财经
2026-09-03 18:00:03,254.98,254.26,256.24,253.40,24013334,.06,0,20.51,腾讯财经
2026-09-03 18:10:00,254.98,254.26,256.24,253.40,24013334,.06,0,20.51,腾讯财经
2026-09-03 18:20:00,254.98,254.26,256.24,253.40,24013334,.06,0,20.51,腾讯财经
2026-09-03 18:30:03,254.98,254.26,256.24,253.40,24013334,.06,0,20.51,腾讯财经
2026-09-03 18:40:03,254.98,254.26,256.24,253.40,24013334,.06,0,20.51,腾讯财经
2026-09-03 18:50:03,254.98,254.26,256.24,253.40,24013334,.06,0,20.51,腾讯财经
2026-09-03 19:00:00,254.98,254.26,256.24,253.40,24013334,.06,0,20.51,腾讯财经
2026-09-03 19:10:00,254.98,254.26,256.24,253.40,24013334,.06,0,20.51,腾讯财经
2026-09-03 19:20:04,254.98,254.26,256.24,253.40,24013334,.06,0,20.51,腾讯财经
2026-09-03 19:30:00,254.98,254.26,256.24,253.40,24013334,.06,0,20.51,腾讯财经
2026-09-03 19:40:00,254.98,254.26,256.24,253.40,24013334,.06,0,20.51,腾讯财经
2026-09-03 19:50:00,254.98,254.26,256.24,253.40,24013334,.06,0,20.51,腾讯财经
2026-09-03 20:00:05,254.98,254.26,256.24,253.40,24013334,.06,0,20.51,腾讯财经
2026-09-03 20:10:00,254.98,254.26,256.24,253.40,24013334,.06,0,20.51,腾讯财经
2026-09-03 20:20:00,254.98,254.26,256.24,253.40,24013334,.06,0,20.51,腾讯财经
2026-09-03 20:30:05,254.98,254.26,256.24,253.40,24013334,.06,0,20.51,腾讯财经
2026-09-03 20:40:00,254.98,254.26,256.24,253.40,24013334,.06,0,20.51,腾讯财经
2026-09-03 20:50:00,254.98,254.26,256.24,253.40,24013334,.06,0,20.51,腾讯财经
2026-09-03 21:00:01,254.98,254.26,256.24,253.40,24013334,.06,0,20.51,腾讯财经
2026-09-03 21:10:01,254.98,254.26,256.24,253.40,24013334,.06,0,20.51,腾讯财经
2026-09-03 21:20:05,254.98,254.26,256.24,253.40,24013334,.06,0,20.51,腾讯财经
2026-09-03 21:30:05,256.33,256.32,256.33,256.32,999835,1.35,0,20.62,腾讯财经
2026-09-03 21:40:00,258.50,256.32,259.04,256.00,3208987,3.52,1.00,20.80,腾讯财经
2026-09-03 21:50:00,258.50,256.20,259.43,256.00,4247260,3.52,1.00,20.80,腾讯财经
2026-09-03 22:00:02,257.79,256.20,259.43,256.00,5114186,2.81,1.00,20.74,腾讯财经
2026-09-03 22:10:00,257.41,256.20,259.43,256.00,5855226,2.43,0,20.71,腾讯财经
2026-09-03 22:20:00,257.48,256.20,259.43,256.00,6517931,2.50,0,20.71,腾讯财经
2026-09-03 22:30:02,257.75,256.20,259.43,256.00,7203539,2.77,1.00,20.74,腾讯财经
2026-09-03 22:40:04,257.36,256.20,259.43,256.00,7810373,2.38,0,20.70,腾讯财经
2026-09-03 22:50:03,257.48,256.20,259.43,256.00,8127970,2.50,0,20.71,腾讯财经
2026-09-03 23:00:01,256.48,256.20,259.43,256.00,8845249,1.50,0,20.63,腾讯财经
2026-09-03 23:10:02,257.95,256.20,259.43,256.00,9450207,2.97,1.00,20.75,腾讯财经
2026-09-03 23:20:04,258.27,256.20,259.43,256.00,10021736,3.29,1.00,20.78,腾讯财经
2026-09-03 23:30:00,258.67,256.20,259.43,256.00,10524287,3.69,1.00,20.81,腾讯财经
2026-09-03 23:40:00,259.09,256.20,259.43,256.00,11128520,4.11,1.00,20.84,腾讯财经
2026-09-03 23:50:03,258.94,256.20,259.43,256.00,11495044,3.96,1.00,20.83,腾讯财经
2026-09-04 00:00:00,259.05,256.20,259.43,256.00,11864476,4.07,1.00,20.84,腾讯财经
2026-09-04 00:10:00,259.14,256.20,259.43,256.00,12273711,4.16,1.00,20.85,腾讯财经
2026-09-04 00:20:04,258.83,256.20,259.43,256.00,12560357,3.85,1.00,20.82,腾讯财经
2026-09-04 00:30:00,258.55,256.20,259.43,256.00,12931651,3.57,1.00,20.80,腾讯财经
2026-09-04 00:40:01,258.84,256.20,259.43,256.00,13215690,3.86,1.00,20.82,腾讯财经
2026-09-04 00:50:00,258.54,256.20,259.43,256.00,13434804,3.56,1.00,20.80,腾讯财经
2026-09-04 01:00:00,258.36,256.20,259.43,256.00,13827039,3.38,1.00,20.79,腾讯财经
2026-09-04 01:10:01,258.39,256.20,259.43,256.00,14092639,3.41,1.00,20.79,腾讯财经
2026-09-04 01:20:00,258.45,256.20,259.43,256.00,14261464,3.47,1.00,20.79,腾讯财经
2026-09-04 01:30:00,258.62,256.20,259.43,256.00,14544142,3.64,1.00,20.81,腾讯财经
2026-09-04 01:40:00,258.47,256.20,259.43,256.00,14794974,3.49,1.00,20.79,腾讯财经
2026-09-04 01:50:03,258.28,256.20,259.43,256.00,15005758,3.30,1.00,20.78,腾讯财经
2026-09-04 02:00:00,258.17,256.20,259.43,256.00,15233131,3.19,1.00,20.77,腾讯财经
2026-09-04 02:10:01,259.25,256.20,259.43,256.00,15635186,4.27,1.00,20.86,腾讯财经
2026-09-04 02:20:01,258.91,256.20,259.46,256.00,16058031,3.93,1.00,20.83,腾讯财经
2026-09-04 02:30:00,259.42,256.20,259.46,256.00,16361031,4.44,1.00,20.87,腾讯财经
2026-09-04 02:40:00,258.86,256.20,259.50,256.00,16685858,3.88,1.00,20.83,腾讯财经
2026-09-04 02:50:00,258.72,256.20,259.50,256.00,16976304,3.74,1.00,20.81,腾讯财经
2026-09-04 03:00:04,259.01,256.20,259.50,256.00,17291110,4.03,1.00,20.84,腾讯财经
2026-09-04 03:10:05,258.82,256.20,259.50,256.00,17680562,3.84,1.00,20.82,腾讯财经
2026-09-04 03:20:02,258.82,256.20,259.50,256.00,18016495,3.84,1.00,20.82,腾讯财经
2026-09-04 03:30:00,258.69,256.20,259.50,256.00,18349591,3.71,1.00,20.81,腾讯财经
2026-09-04 03:40:02,258.73,256.20,259.50,256.00,18710291,3.75,1.00,20.81,腾讯财经
2026-09-04 03:50:00,258.65,256.20,259.50,256.00,19293625,3.67,1.00,20.81,腾讯财经
2026-09-04 04:00:03,258.90,256.20,259.50,256.00,21116435,3.92,1.00,20.83,腾讯财经
2026-09-04 04:10:05,258.90,256.20,259.50,256.00,25819528,3.92,1.00,20.83,腾讯财经
2026-09-04 04:20:01,258.90,256.20,259.50,256.00,25938301,3.92,1.00,20.83,腾讯财经
2026-09-04 04:30:01,258.90,256.20,259.50,256.00,25961247,3.92,1.00,20.83,腾讯财经
2026-09-04 04:40:00,258.90,256.20,259.50,256.00,25968114,3.92,1.00,20.83,腾讯财经
2026-09-04 04:50:01,258.90,256.20,259.50,256.00,25975458,3.92,1.00,20.83,腾讯财经
2026-09-04 05:00:03,258.90,256.20,259.50,256.00,25982021,3.92,1.00,20.83,腾讯财经
2026-09-04 05:10:02,258.90,256.20,259.50,256.00,26722589,3.92,1.00,20.83,腾讯财经
2026-09-04 05:20:00,258.90,256.20,259.50,256.00,26726081,3.92,1.00,20.83,腾讯财经
2026-09-04 05:30:00,258.90,256.20,259.50,256.00,26729127,3.92,1.00,20.83,腾讯财经
2026-09-04 05:40:00,258.90,256.20,259.50,256.00,26743659,3.92,1.00,20.83,腾讯财经
2026-09-04 05:50:01,258.90,256.20,259.50,256.00,26809034,3.92,1.00,20.83,腾讯财经
2026-09-04 06:00:00,258.90,256.20,259.50,256.00,26811075,3.92,1.00,20.83,腾讯财经
2026-09-04 06:10:00,258.90,256.20,259.50,256.00,26839366,3.92,1.00,20.83,腾讯财经
2026-09-04 06:20:01,258.90,256.20,259.50,256.00,26846567,3.92,1.00,20.83,腾讯财经
2026-09-04 06:30:04,258.90,256.20,259.50,256.00,26853765,3.92,1.00,20.83,腾讯财经
2026-09-04 06:40:02,258.90,256.20,259.50,256.00,26859414,3.92,1.00,20.83,腾讯财经
2026-09-04 06:50:00,258.90,256.20,259.50,256.00,26864767,3.92,1.00,20.83,腾讯财经
2026-09-04 07:00:04,258.90,256.20,259.50,256.00,26867524,3.92,1.00,20.83,腾讯财经
2026-09-04 07:10:04,258.90,256.20,259.50,256.00,26870103,3.92,1.00,20.83,腾讯财经
2026-09-04 07:20:02,258.90,256.20,259.50,256.00,26872775,3.92,1.00,20.83,腾讯财经
2026-09-04 07:30:02,258.90,256.20,259.50,256.00,26879140,3.92,1.00,20.83,腾讯财经
2026-09-04 07:40:00,258.90,256.20,259.50,256.00,26882326,3.92,1.00,20.83,腾讯财经
2026-09-04 07:50:00,258.90,256.20,259.50,256.00,26885825,3.92,1.00,20.83,腾讯财经
2026-09-04 08:00:02,258.90,256.20,259.50,256.00,26891518,3.92,1.00,20.83,腾讯财经
2026-09-04 08:10:00,258.90,256.20,259.50,256.00,26891531,3.92,1.00,20.83,腾讯财经
2026-09-04 08:20:00,258.90,256.20,259.50,256.00,26891531,3.92,1.00,20.83,腾讯财经
2026-09-04 08:30:04,258.90,256.20,259.50,256.00,26891531,3.92,1.00,20.83,腾讯财经
2026-09-04 08:40:00,258.90,256.20,259.50,256.00,26891531,3.92,1.00,20.83,腾讯财经
2026-09-04 08:50:01,258.90,256.20,259.50,256.00,26891531,3.92,1.00,20.83,腾讯财经
2026-09-04 09:00:05,258.90,256.20,259.50,256.00,26891531,3.92,1.00,20.83,腾讯财经
2026-09-04 09:10:00,258.90,256.20,259.50,256.00,26891531,3.92,1.00,20.83,腾讯财经
2026-09-04 09:20:00,258.90,256.20,259.50,256.00,26891531,3.92,1.00,20.83,腾讯财经
2026-09-04 09:30:00,258.90,256.20,259.50,256.00,26891531,3.92,1.00,20.83,腾讯财经
2026-09-04 09:40:02,258.90,256.20,259.50,256.00,26891531,3.92,1.00,20.83,腾讯财经
2026-09-04 09:50:02,258.90,256.20,259.50,256.00,26891531,3.92,1.00,20.83,腾讯财经
2026-09-04 10:00:00,258.90,256.20,259.50,256.00,26891531,3.92,1.00,20.83,腾讯财经
2026-09-04 10:10:03,258.90,256.20,259.50,256.00,26891531,3.92,1.00,20.83,腾讯财经
2026-09-04 10:20:03,258.90,256.20,259.50,256.00,26891531,3.92,1.00,20.83,腾讯财经
2026-09-04 10:30:01,258.90,256.20,259.50,256.00,26891531,3.92,1.00,20.83,腾讯财经
2026-09-04 10:40:02,258.90,256.20,259.50,256.00,26891531,3.92,1.00,20.83,腾讯财经
2026-09-04 10:50:00,258.90,256.20,259.50,256.00,26891531,3.92,1.00,20.83,腾讯财经
2026-09-04 11:00:00,258.90,256.20,259.50,256.00,26891531,3.92,1.00,20.83,腾讯财经
2026-09-04 11:10:04,258.90,256.20,259.50,256.00,26891531,3.92,1.00,20.83,腾讯财经
2026-09-04 11:20:00,258.90,256.20,259.50,256.00,26891531,3.92,1.00,20.83,腾讯财经
2026-09-04 11:30:04,258.90,256.20,259.50,256.00,26891531,3.92,1.00,20.83,腾讯财经
2026-09-04 11:40:00,258.90,256.20,259.50,256.00,26891531,3.92,1.00,20.83,腾讯财经
2026-09-04 11:50:02,258.90,256.20,259.50,256.00,26891531,3.92,1.00,20.83,腾讯财经
2026-09-04 12:00:00,258.90,256.20,259.50,256.00,26891531,3.92,1.00,20.83,腾讯财经
2026-09-04 12:10:00,258.90,256.20,259.50,256.00,26891531,3.92,1.00,20.83,腾讯财经
2026-09-04 12:20:00,258.90,256.20,259.50,256.00,26891531,3.92,1.00,20.83,腾讯财经
2026-09-04 12:30:00,258.90,256.20,259.50,256.00,26891531,3.92,1.00,20.83,腾讯财经
2026-09-04 12:40:01,258.90,256.20,259.50,256.00,26891531,3.92,1.00,20.83,腾讯财经
2026-09-04 12:50:00,258.90,256.20,259.50,256.00,26891531,3.92,1.00,20.83,腾讯财经
2026-09-04 13:00:01,258.90,256.20,259.50,256.00,26891531,3.92,1.00,20.83,腾讯财经
2026-09-04 13:10:03,258.90,256.20,259.50,256.00,26891531,3.92,1.00,20.83,腾讯财经
2026-09-04 13:20:00,258.90,256.20,259.50,256.00,26891531,3.92,1.00,20.83,腾讯财经
2026-09-04 13:30:00,258.90,256.20,259.50,256.00,26891531,3.92,1.00,20.83,腾讯财经
2026-09-04 13:40:04,258.90,256.20,259.50,256.00,26891531,3.92,1.00,20.83,腾讯财经
2026-09-04 13:50:02,258.90,256.20,259.50,256.00,26891531,3.92,1.00,20.83,腾讯财经
2026-09-04 14:00:05,258.90,256.20,259.50,256.00,26891531,3.92,1.00,20.83,腾讯财经
2026-09-04 14:10:03,258.90,256.20,259.50,256.00,26891531,3.92,1.00,20.83,腾讯财经
2026-09-04 14:20:01,258.90,256.20,259.50,256.00,26891531,3.92,1.00,20.83,腾讯财经
2026-09-04 14:30:00,258.90,256.20,259.50,256.00,26891531,3.92,1.00,20.83,腾讯财经
2026-09-04 14:40:01,258.90,256.20,259.50,256.00,26891531,3.92,1.00,20.83,腾讯财经
2026-09-04 14:50:00,258.90,256.20,259.50,256.00,26891531,3.92,1.00,20.83,腾讯财经
2026-09-04 15:00:00,258.90,256.20,259.50,256.00,26891531,3.92,1.00,20.83,腾讯财经
2026-09-04 15:10:00,258.90,256.20,259.50,256.00,26891531,3.92,1.00,20.83,腾讯财经
2026-09-04 15:20:02,258.90,256.20,259.50,256.00,26891531,3.92,1.00,20.83,腾讯财经
2026-09-04 15:30:05,258.90,256.20,259.50,256.00,26891531,3.92,1.00,20.83,腾讯财经
2026-09-04 15:40:00,258.90,256.20,259.50,256.00,26891531,3.92,1.00,20.83,腾讯财经
2026-09-04 15:50:02,258.90,256.20,259.50,256.00,26891531,3.92,1.00,20.83,腾讯财经
2026-09-04 16:00:03,258.90,256.20,259.50,256.00,26891531,3.92,1.00,20.83,腾讯财经
2026-09-04 16:10:00,258.90,256.20,259.50,256.00,26891531,3.92,1.00,20.83,腾讯财经
2026-09-04 16:20:02,258.90,256.20,259.50,256.00,26891531,3.92,1.00,20.83,腾讯财经
2026-09-04 16:30:02,258.90,256.20,259.50,256.00,26891531,3.92,1.00,20.83,腾讯财经
2026-09-04 16:40:05,258.90,256.20,259.50,256.00,26891531,3.92,1.00,20.83,腾讯财经
2026-09-04 16:50:00,258.90,256.20,259.50,256.00,26891531,3.92,1.00,20.83,腾讯财经
2026-09-04 17:00:02,258.90,256.20,259.50,256.00,26891531,3.92,1.00,20.83,腾讯财经
2026-09-04 17:10:00,258.90,256.20,259.50,256.00,26891531,3.92,1.00,20.83,腾讯财经
2026-09-04 17:20:00,258.90,256.20,259.50,256.00,26891531,3.92,1.00,20.83,腾讯财经
2026-09-04 17:30:00,258.90,256.20,259.50,256.00,26891531,3.92,1.00,20.83,腾讯财经
2026-09-04 17:40:01,258.90,256.20,259.50,256.00,26891531,3.92,1.00,20.83,腾讯财经
2026-09-04 17:50:00,258.90,256.20,259.50,256.00,26891531,3.92,1.00,20.83,腾讯财经
2026-09-04 18:00:04,258.90,256.20,259.50,256.00,26891531,3.92,1.00,20.83,腾讯财经
2026-09-04 18:10:00,258.90,256.20,259.50,256.00,26891531,3.92,1.00,20.83,腾讯财经
2026-09-04 18:20:00,258.90,256.20,259.50,256.00,26891531,3.92,1.00,20.83,腾讯财经
2026-09-04 18:30:00,258.90,256.20,259.50,256.00,26891531,3.92,1.00,20.83,腾讯财经
2026-09-04 18:40:00,258.90,256.20,259.50,256.00,26891531,3.92,1.00,20.83,腾讯财经
2026-09-04 18:50:00,258.90,256.20,259.50,256.00,26891531,3.92,1.00,20.83,腾讯财经
2026-09-04 19:00:01,258.90,256.20,259.50,256.00,26891531,3.92,1.00,20.83,腾讯财经
2026-09-04 19:10:01,258.90,256.20,259.50,256.00,26891531,3.92,1.00,20.83,腾讯财经
2026-09-04 19:20:03,258.90,256.20,259.50,256.00,26891531,3.92,1.00,20.83,腾讯财经
2026-09-04 19:30:02,258.90,256.20,259.50,256.00,26891531,3.92,1.00,20.83,腾讯财经
2026-09-04 19:40:02,258.90,256.20,259.50,256.00,26891531,3.92,1.00,20.83,腾讯财经
2026-09-04 19:50:01,258.90,256.20,259.50,256.00,26891531,3.92,1.00,20.83,腾讯财经
2026-09-04 20:00:00,258.90,256.20,259.50,256.00,26891531,3.92,1.00,20.83,腾讯财经
2026-09-04 20:10:02,258.90,256.20,259.50,256.00,26891531,3.92,1.00,20.83,腾讯财经
2026-09-04 20:20:00,258.90,256.20,259.50,256.00,26891531,3.92,1.00,20.83,腾讯财经
2026-09-04 20:30:05,258.90,256.20,259.50,256.00,26891531,3.92,1.00,20.83,腾讯财经
2026-09-04 20:40:00,258.90,256.20,259.50,256.00,26891531,3.92,1.00,20.83,腾讯财经
2026-09-04 20:50:01,258.90,256.20,259.50,256.00,26891531,3.92,1.00,20.83,腾讯财经
2026-09-04 21:00:00,258.90,256.20,259.50,256.00,26891531,3.92,1.00,20.83,腾讯财经
2026-09-04 21:10:01,258.90,256.20,259.50,256.00,26891531,3.92,1.00,20.83,腾讯财经
2026-09-04 21:20:01,258.90,256.20,259.50,256.00,26891531,3.92,1.00,20.83,腾讯财经
2026-09-04 21:30:00,258.90,0.00,0.00,0.00,652664,0,0,20.83,腾讯财经
2026-09-04 21:40:00,259.39,259.22,261.12,258.39,2561068,.49,0,20.87,腾讯财经
2026-09-04 21:50:00,257.44,259.07,261.12,257.23,3523890,-1.46,0,20.71,腾讯财经
2026-09-04 22:00:00,257.68,259.07,261.12,256.81,4452093,-1.22,0,20.73,腾讯财经
2026-09-04 22:10:00,258.07,259.07,261.12,256.81,5410460,-.83,0,20.76,腾讯财经
2026-09-04 22:20:01,257.67,259.07,261.12,256.81,6057620,-1.23,0,20.73,腾讯财经
2026-09-04 22:30:04,257.63,259.07,261.12,256.81,6633488,-1.27,0,20.73,腾讯财经
2026-09-04 22:40:04,257.24,259.07,261.12,256.81,7320016,-1.66,0,20.69,腾讯财经
2026-09-04 22:50:04,256.68,259.07,261.12,256.65,7925008,-2.22,0,20.65,腾讯财经
2026-09-04 23:00:00,256.31,259.07,261.12,256.17,8543557,-2.59,-1.00,20.62,腾讯财经
2026-09-04 23:10:00,255.54,259.07,261.12,255.29,9366837,-3.36,-1.00,20.56,腾讯财经
2026-09-04 23:20:01,255.46,259.07,261.12,255.29,9906782,-3.44,-1.00,20.55,腾讯财经
2026-09-04 23:30:00,255.96,259.07,261.12,255.29,10396465,-2.94,-1.00,20.59,腾讯财经
2026-09-04 23:40:00,255.89,259.07,261.12,255.29,11034229,-3.01,-1.00,20.59,腾讯财经
2026-09-04 23:50:01,255.93,259.07,261.12,255.29,11327242,-2.97,-1.00,20.59,腾讯财经
2026-09-05 00:00:01,256.03,259.07,261.12,255.29,11689723,-2.87,-1.00,20.60,腾讯财经
2026-09-05 00:10:02,256.23,259.07,261.12,255.29,12048253,-2.67,-1.00,20.61,腾讯财经
2026-09-05 00:20:04,256.75,259.07,261.12,255.29,12473046,-2.15,0,20.66,腾讯财经
2026-09-05 00:30:00,257.02,259.07,261.12,255.29,12845265,-1.88,0,20.68,腾讯财经
2026-09-05 00:40:00,257.17,259.07,261.12,255.29,13266585,-1.73,0,20.69,腾讯财经
2026-09-05 00:50:04,257.11,259.07,261.12,255.29,13577177,-1.79,0,20.68,腾讯财经
2026-09-05 01:00:04,257.25,259.07,261.12,255.29,13805607,-1.65,0,20.70,腾讯财经
2026-09-05 01:10:03,257.16,259.07,261.12,255.29,14105859,-1.74,0,20.69,腾讯财经
2026-09-05 01:20:00,257.07,259.07,261.12,255.29,14331794,-1.83,0,20.68,腾讯财经
2026-09-05 01:30:00,256.85,259.07,261.12,255.29,14606523,-2.05,0,20.66,腾讯财经
2026-09-05 01:40:02,256.85,259.07,261.12,255.29,14876567,-2.05,0,20.66,腾讯财经
2026-09-05 01:50:00,257.08,259.07,261.12,255.29,15118684,-1.82,0,20.68,腾讯财经
2026-09-05 02:00:00,257.17,259.07,261.12,255.29,15345507,-1.73,0,20.69,腾讯财经
2026-09-05 02:10:00,257.27,259.07,261.12,255.29,15635979,-1.63,0,20.70,腾讯财经
2026-09-05 02:20:03,257.32,259.07,261.12,255.29,16005737,-1.58,0,20.70,腾讯财经
2026-09-05 02:30:00,257.33,259.07,261.12,255.29,16520534,-1.57,0,20.70,腾讯财经
2026-09-05 02:40:00,257.62,259.07,261.12,255.29,16846026,-1.28,0,20.73,腾讯财经
2026-09-05 02:50:00,257.69,259.07,261.12,255.29,17287186,-1.21,0,20.73,腾讯财经
2026-09-05 03:00:00,258.22,259.07,261.12,255.29,17626961,-.68,0,20.77,腾讯财经
2026-09-05 03:10:05,258.08,259.07,261.12,255.29,18263850,-.82,0,20.76,腾讯财经
2026-09-05 03:20:00,258.10,259.07,261.12,255.29,18884100,-.80,0,20.76,腾讯财经
2026-09-05 03:30:00,258.40,259.07,261.12,255.29,19372196,-.50,0,20.79,腾讯财经
2026-09-05 03:40:00,258.48,259.07,261.12,255.29,19861314,-.42,0,20.79,腾讯财经
2026-09-05 03:50:00,258.96,259.07,261.12,255.29,20773899,.06,0,20.83,腾讯财经
2026-09-05 04:00:05,258.48,259.07,261.12,255.29,22912632,-.42,0,20.79,腾讯财经
2026-09-05 04:10:03,258.51,259.07,261.12,255.29,29901548,-.39,0,20.80,腾讯财经
2026-09-05 04:20:01,258.51,259.07,261.12,255.29,29935453,-.39,0,20.80,腾讯财经
2026-09-05 04:30:03,258.51,259.07,261.12,255.29,29938576,-.39,0,20.80,腾讯财经
2026-09-05 04:40:00,258.51,259.07,261.12,255.29,29947783,-.39,0,20.80,腾讯财经
2026-09-05 04:50:01,258.51,259.07,261.12,255.29,29956493,-.39,0,20.80,腾讯财经
2026-09-05 05:00:01,258.51,259.07,261.12,255.29,29968647,-.39,0,20.80,腾讯财经
2026-09-05 05:10:04,258.51,259.07,261.12,255.29,29986262,-.39,0,20.80,腾讯财经
2026-09-05 05:20:00,258.51,259.07,261.12,255.29,30356024,-.39,0,20.80,腾讯财经
2026-09-05 05:30:05,258.51,259.07,261.12,255.29,30520995,-.39,0,20.80,腾讯财经
2026-09-05 05:40:00,258.51,259.07,261.12,255.29,30536561,-.39,0,20.80,腾讯财经
2026-09-05 05:50:00,258.51,259.07,261.12,255.29,30543066,-.39,0,20.80,腾讯财经
2026-09-05 06:00:00,258.51,259.07,261.12,255.29,30682332,-.39,0,20.80,腾讯财经
2026-09-05 06:10:00,258.51,259.07,261.12,255.29,30692606,-.39,0,20.80,腾讯财经
2026-09-05 06:20:03,258.51,259.07,261.12,255.29,30703991,-.39,0,20.80,腾讯财经
2026-09-05 06:30:02,258.51,259.07,261.12,255.29,30707891,-.39,0,20.80,腾讯财经
2026-09-05 06:40:03,258.51,259.07,261.12,255.29,30710425,-.39,0,20.80,腾讯财经
2026-09-05 06:50:00,258.51,259.07,261.12,255.29,30725450,-.39,0,20.80,腾讯财经
2026-09-05 07:00:00,258.51,259.07,261.12,255.29,30727177,-.39,0,20.80,腾讯财经
2026-09-05 07:10:03,258.51,259.07,261.12,255.29,30728862,-.39,0,20.80,腾讯财经
2026-09-05 07:20:00,258.51,259.07,261.12,255.29,30735451,-.39,0,20.80,腾讯财经
2026-09-05 07:30:01,258.51,259.07,261.12,255.29,30738229,-.39,0,20.80,腾讯财经
2026-09-05 07:40:03,258.51,259.07,261.12,255.29,30739675,-.39,0,20.80,腾讯财经
2026-09-05 07:50:00,258.51,259.07,261.12,255.29,30745597,-.39,0,20.80,腾讯财经
2026-09-05 08:00:02,258.51,259.07,261.12,255.29,30749912,-.39,0,20.80,腾讯财经
2026-09-05 08:10:03,258.51,259.07,261.12,255.29,30749912,-.39,0,20.80,腾讯财经
2026-09-05 08:20:01,258.51,259.07,261.12,255.29,30749912,-.39,0,20.80,腾讯财经
2026-09-05 08:30:04,258.51,259.07,261.12,255.29,30749912,-.39,0,20.80,腾讯财经
2026-09-05 08:40:01,258.51,259.07,261.12,255.29,30749912,-.39,0,20.80,腾讯财经
2026-09-05 08:50:02,258.51,259.07,261.12,255.29,30749912,-.39,0,20.80,腾讯财经
2026-09-05 09:00:03,258.51,259.07,261.12,255.29,30749912,-.39,0,20.80,腾讯财经
2026-09-05 09:10:01,258.51,259.07,261.12,255.29,30749912,-.39,0,20.80,腾讯财经
2026-09-05 09:20:03,258.51,259.07,261.12,255.29,30749912,-.39,0,20.80,腾讯财经
2026-09-05 09:30:00,258.51,259.07,261.12,255.29,30749912,-.39,0,20.80,腾讯财经
2026-09-05 09:40:00,258.51,259.07,261.12,255.29,30749912,-.39,0,20.80,腾讯财经
2026-09-05 09:50:01,258.51,259.07,261.12,255.29,30749912,-.39,0,20.80,腾讯财经
2026-09-05 10:00:00,258.51,259.07,261.12,255.29,30749912,-.39,0,20.80,腾讯财经
2026-09-05 10:10:04,258.51,259.07,261.12,255.29,30749912,-.39,0,20.80,腾讯财经
2026-09-05 10:20:00,258.51,259.07,261.12,255.29,30749912,-.39,0,20.80,腾讯财经
2026-09-05 10:30:00,258.51,259.07,261.12,255.29,30749912,-.39,0,20.80,腾讯财经
2026-09-05 10:40:00,258.51,259.07,261.12,255.29,30749912,-.39,0,20.80,腾讯财经
2026-09-05 10:50:01,258.51,259.07,261.12,255.29,30749912,-.39,0,20.80,腾讯财经
2026-09-05 11:00:00,258.51,259.07,261.12,255.29,30749912,-.39,0,20.80,腾讯财经
2026-09-05 11:10:00,258.51,259.07,261.12,255.29,30749912,-.39,0,20.80,腾讯财经
2026-09-05 11:20:00,258.51,259.07,261.12,255.29,30749912,-.39,0,20.80,腾讯财经
2026-09-05 11:30:05,258.51,259.07,261.12,255.29,30749912,-.39,0,20.80,腾讯财经
2026-09-05 11:40:02,258.51,259.07,261.12,255.29,30749912,-.39,0,20.80,腾讯财经
2026-09-05 11:50:02,258.51,259.07,261.12,255.29,30749912,-.39,0,20.80,腾讯财经
2026-09-05 12:00:00,258.51,259.07,261.12,255.29,30749912,-.39,0,20.80,腾讯财经
2026-09-05 12:10:04,258.51,259.07,261.12,255.29,30749912,-.39,0,20.80,腾讯财经
2026-09-05 12:20:04,258.51,259.07,261.12,255.29,30749912,-.39,0,20.80,腾讯财经
2026-09-05 12:30:00,258.51,259.07,261.12,255.29,30749912,-.39,0,20.80,腾讯财经
2026-09-05 12:40:03,258.51,259.07,261.12,255.29,30749912,-.39,0,20.80,腾讯财经
2026-09-05 12:50:00,258.51,259.07,261.12,255.29,30749912,-.39,0,20.80,腾讯财经
2026-09-05 13:00:00,258.51,259.07,261.12,255.29,30749912,-.39,0,20.80,腾讯财经
2026-09-05 13:10:04,258.51,259.07,261.12,255.29,30749912,-.39,0,20.80,腾讯财经
2026-09-05 13:20:00,258.51,259.07,261.12,255.29,30749912,-.39,0,20.80,腾讯财经
2026-09-05 13:30:01,258.51,259.07,261.12,255.29,30749912,-.39,0,20.80,腾讯财经
2026-09-05 13:40:00,258.51,259.07,261.12,255.29,30749912,-.39,0,20.80,腾讯财经
2026-09-05 13:50:00,258.51,259.07,261.12,255.29,30749912,-.39,0,20.80,腾讯财经
2026-09-05 14:00:00,258.51,259.07,261.12,255.29,30749912,-.39,0,20.80,腾讯财经
2026-09-05 14:10:01,258.51,259.07,261.12,255.29,30749912,-.39,0,20.80,腾讯财经
2026-09-05 14:20:05,258.51,259.07,261.12,255.29,30749912,-.39,0,20.80,腾讯财经
2026-09-05 14:30:00,258.51,259.07,261.12,255.29,30749912,-.39,0,20.80,腾讯财经
2026-09-05 14:40:01,258.51,259.07,261.12,255.29,30749912,-.39,0,20.80,腾讯财经
2026-09-05 14:50:04,258.51,259.07,261.12,255.29,30749912,-.39,0,20.80,腾讯财经
2026-09-05 15:00:02,258.51,259.07,261.12,255.29,30749912,-.39,0,20.80,腾讯财经
2026-09-05 15:10:00,258.51,259.07,261.12,255.29,30749912,-.39,0,20.80,腾讯财经
2026-09-05 15:20:00,258.51,259.07,261.12,255.29,30749912,-.39,0,20.80,腾讯财经
2026-09-05 15:30:00,258.51,259.07,261.12,255.29,30749912,-.39,0,20.80,腾讯财经
2026-09-05 15:40:00,258.51,259.07,261.12,255.29,30749912,-.39,0,20.80,腾讯财经
2026-09-05 15:50:00,258.51,259.07,261.12,255.29,30749912,-.39,0,20.80,腾讯财经
2026-09-05 16:00:01,258.51,259.07,261.12,255.29,30749912,-.39,0,20.80,腾讯财经
2026-09-05 16:10:04,258.51,259.07,261.12,255.29,30749912,-.39,0,20.80,腾讯财经
2026-09-05 16:20:00,258.51,259.07,261.12,255.29,30749912,-.39,0,20.80,腾讯财经
2026-09-05 16:30:00,258.51,259.07,261.12,255.29,30749912,-.39,0,20.80,腾讯财经
2026-09-05 16:40:00,258.51,259.07,261.12,255.29,30749912,-.39,0,20.80,腾讯财经
2026-09-05 16:50:00,258.51,259.07,261.12,255.29,30749912,-.39,0,20.80,腾讯财经
2026-09-05 17:00:00,258.51,259.07,261.12,255.29,30749912,-.39,0,20.80,腾讯财经
2026-09-05 17:10:00,258.51,259.07,261.12,255.29,30749912,-.39,0,20.80,腾讯财经
2026-09-05 17:20:01,258.51,259.07,261.12,255.29,30749912,-.39,0,20.80,腾讯财经
2026-09-05 17:30:02,258.51,259.07,261.12,255.29,30749912,-.39,0,20.80,腾讯财经
2026-09-05 17:40:03,258.51,259.07,261.12,255.29,30749912,-.39,0,20.80,腾讯财经
2026-09-05 17:50:01,258.51,259.07,261.12,255.29,30749912,-.39,0,20.80,腾讯财经
2026-09-05 18:00:00,258.51,259.07,261.12,255.29,30749912,-.39,0,20.80,腾讯财经
2026-09-05 18:10:00,258.51,259.07,261.12,255.29,30749912,-.39,0,20.80,腾讯财经
2026-09-05 18:20:00,258.51,259.07,261.12,255.29,30749912,-.39,0,20.80,腾讯财经
2026-09-05 18:30:02,258.51,259.07,261.12,255.29,30749912,-.39,0,20.80,腾讯财经
2026-09-05 18:40:05,258.51,259.07,261.12,255.29,30749912,-.39,0,20.80,腾讯财经
2026-09-05 18:50:04,258.51,259.07,261.12,255.29,30749912,-.39,0,20.80,腾讯财经
2026-09-05 19:00:02,258.51,259.07,261.12,255.29,30749912,-.39,0,20.80,腾讯财经
2026-09-05 19:10:01,258.51,259.07,261.12,255.29,30749912,-.39,0,20.80,腾讯财经
2026-09-05 19:20:02,258.51,259.07,261.12,255.29,30749912,-.39,0,20.80,腾讯财经
2026-09-05 19:30:04,258.51,259.07,261.12,255.29,30749912,-.39,0,20.80,腾讯财经
2026-09-05 19:40:05,258.51,259.07,261.12,255.29,30749912,-.39,0,20.80,腾讯财经
2026-09-05 19:50:00,258.51,259.07,261.12,255.29,30749912,-.39,0,20.80,腾讯财经
2026-09-05 20:00:00,258.51,259.07,261.12,255.29,30749912,-.39,0,20.80,腾讯财经
2026-09-05 20:10:00,258.51,259.07,261.12,255.29,30749912,-.39,0,20.80,腾讯财经
2026-09-05 20:20:02,258.51,259.07,261.12,255.29,30749912,-.39,0,20.80,腾讯财经
2026-09-05 20:30:04,258.51,259.07,261.12,255.29,30749912,-.39,0,20.80,腾讯财经
2026-09-05 20:40:03,258.51,259.07,261.12,255.29,30749912,-.39,0,20.80,腾讯财经
2026-09-05 20:50:04,258.51,259.07,261.12,255.29,30749912,-.39,0,20.80,腾讯财经
2026-09-05 21:00:01,258.51,259.07,261.12,255.29,30749912,-.39,0,20.80,腾讯财经
2026-09-05 21:10:00,258.51,259.07,261.12,255.29,30749912,-.39,0,20.80,腾讯财经
2026-09-05 21:20:03,258.51,259.07,261.12,255.29,30749912,-.39,0,20.80,腾讯财经
2026-09-05 21:30:00,258.51,259.07,261.12,255.29,30749912,-.39,0,20.80,腾讯财经
2026-09-05 21:40:00,258.51,259.07,261.12,255.29,30749912,-.39,0,20.80,腾讯财经
2026-09-05 21:50:00,258.51,259.07,261.12,255.29,30749912,-.39,0,20.80,腾讯财经
2026-09-05 22:00:03,258.51,259.07,261.12,255.29,30749912,-.39,0,20.80,腾讯财经
2026-09-05 22:10:00,258.51,259.07,261.12,255.29,30749912,-.39,0,20.80,腾讯财经
2026-09-05 22:20:02,258.51,259.07,261.12,255.29,30749912,-.39,0,20.80,腾讯财经
2026-09-05 22:30:03,258.51,259.07,261.12,255.29,30749912,-.39,0,20.80,腾讯财经
2026-09-05 22:40:02,258.51,259.07,261.12,255.29,30749912,-.39,0,20.80,腾讯财经
2026-09-05 22:50:00,258.51,259.07,261.12,255.29,30749912,-.39,0,20.80,腾讯财经
2026-09-05 23:00:04,258.51,259.07,261.12,255.29,30749912,-.39,0,20.80,腾讯财经
2026-09-05 23:10:00,258.51,259.07,261.12,255.29,30749912,-.39,0,20.80,腾讯财经
2026-09-05 23:20:00,258.51,259.07,261.12,255.29,30749912,-.39,0,20.80,腾讯财经
